Date,Close,High,Low,Open,Volume,headline,TextBlob_Polarity,TextBlob_Subjectivity,TextBlob_Sentiment,VADER_Score,VADER_Sentiment,Close_Change,VADER_Sentiment_Num,Close_lag_1,VADER_Score_lag_1,Close_lag_2,VADER_Score_lag_2,Close_lag_3,VADER_Score_lag_3,SMA_5,EMA_5,RSI_14,MACD,MACD_signal,MACD_hist
2019-01-03,1675.8299560546875,1680.780029296875,1666.219970703125,1675.1600341796875,69484500.0,,0.0,0.0,Neutral,0.0,Neutral,,,,,,,,,,,,,,
2019-01-04,1669.780029296875,1676.550048828125,1668.1500244140625,1672.5799560546875,64869000.0,,0.0,0.0,Neutral,0.0,Neutral,-0.003610107777316185,,1675.8299560546875,0.0,,,,,,,,,,
2019-01-07,1679.1700439453125,1687.1300048828125,1673.030029296875,1674.9200439453125,144668500.0,,0.0,0.0,Neutral,0.0,Neutral,0.005623503984768297,,1669.780029296875,0.0,1675.8299560546875,0.0,,,,,,,,
2019-01-08,1672.760009765625,1686.3699951171875,1670.6700439453125,1685.719970703125,176071900.0,,0.0,0.0,Neutral,0.0,Neutral,-0.003817382404361358,,1679.1700439453125,0.0,1669.780029296875,0.0,1675.8299560546875,0.0,,,,,,
2019-01-09,1667.8299560546875,1684.0799560546875,1667.8299560546875,1679.06005859375,176278400.0,,0.0,0.0,Neutral,0.0,Neutral,-0.002947257037564044,,1672.760009765625,0.0,1679.1700439453125,0.0,1669.780029296875,0.0,1673.0739990234374,1673.0739990234374,,,,
2019-01-10,1678.8800048828125,1681.22998046875,1669.280029296875,1677.3800048828125,156200700.0,,0.0,0.0,Neutral,0.0,Neutral,0.006625404938920942,,1667.8299560546875,0.0,1672.760009765625,0.0,1679.1700439453125,0.0,1673.6840087890625,1675.0093343098958,,,,
2019-01-11,1683.219970703125,1684.989990234375,1676.75,1684.989990234375,139377800.0,,0.0,0.0,Neutral,0.0,Neutral,0.0025850363383268515,,1678.8800048828125,0.0,1667.8299560546875,0.0,1672.760009765625,0.0,1676.3719970703125,1677.7462131076388,,,,
2019-01-14,1676.1600341796875,1684.18994140625,1672.27001953125,1683.050048828125,87794700.0,,0.0,0.0,Neutral,0.0,Neutral,-0.004194304158884443,,1683.219970703125,0.0,1678.8800048828125,0.0,1667.8299560546875,0.0,1675.7699951171876,1677.2174867983217,,,,
2019-01-15,1679.4200439453125,1679.4200439453125,1672.550048828125,1674.8299560546875,136098300.0,,0.0,0.0,Neutral,0.0,Neutral,0.0019449275123781806,,1676.1600341796875,0.0,1683.219970703125,0.0,1678.8800048828125,0.0,1677.102001953125,1677.9516725139854,,,,
2019-01-16,1673.0799560546875,1676.3399658203125,1668.4300537109375,1675.780029296875,111608800.0,,0.0,0.0,Neutral,0.0,Neutral,-0.0037751650717058327,,1679.4200439453125,0.0,1676.1600341796875,0.0,1683.219970703125,0.0,1678.152001953125,1676.3277670275527,,,,
2019-01-17,1682.969970703125,1684.239990234375,1674.3599853515625,1680.2099609375,140150900.0,,0.0,0.0,Neutral,0.0,Neutral,0.005911262407183093,,1673.0799560546875,0.0,1679.4200439453125,0.0,1676.1600341796875,0.0,1678.9699951171874,1678.5418349194101,,,,
2019-01-18,1692.219970703125,1692.219970703125,1681.8900146484375,1682.0799560546875,133706000.0,,0.0,0.0,Neutral,0.0,Neutral,0.005496235916874648,,1682.969970703125,0.0,1673.0799560546875,0.0,1679.4200439453125,0.0,1680.7699951171876,1683.1012135139817,,,,
2019-01-22,1702.1199951171875,1702.1199951171875,1688.18994140625,1698.8800048828125,128811400.0,,0.0,0.0,Neutral,0.0,Neutral,0.005850317680596184,,1692.219970703125,0.0,1682.969970703125,0.0,1673.0799560546875,0.0,1685.9619873046875,1689.440807381717,,,,
2019-01-23,1688.1400146484375,1691.22998046875,1680.8399658203125,1690.760009765625,127894400.0,MFRS Hot Topics - Grant Thornton Malaysia,0.25,0.8500000000000001,Positive,0.3612,Positive,-0.008213275508691442,,1702.1199951171875,0.0,1692.219970703125,0.0,1682.969970703125,0.0,1687.7059814453125,1689.007209803957,,,,
2019-01-24,1693.5899658203125,1694.5899658203125,1686.8699951171875,1689.300048828125,153312500.0,,0.0,0.0,Neutral,0.0,Neutral,0.0032283762748257505,,1688.1400146484375,0.3612,1702.1199951171875,0.0,1692.219970703125,0.0,1691.8079833984375,1690.5347951427423,58.27586285355437,,,
2019-01-25,1701.030029296875,1701.030029296875,1695.3800048828125,1699.5899658203125,130046000.0,,0.0,0.0,Neutral,0.0,Neutral,0.004393072483137139,,1693.5899658203125,0.0,1688.1400146484375,0.3612,1702.1199951171875,0.0,1695.4199951171875,1694.033206527453,61.17502552052424,,,
2019-01-28,1697.5,1705.5,1693.6300048828125,1705.4100341796875,114151100.0,MDV: A year in review - Malaysia Debt Ventures Berhad,0.0,0.0,Neutral,-0.3612,Negative,-0.0020752304404256794,,1701.030029296875,0.0,1693.5899658203125,0.0,1688.1400146484375,0.3612,1696.4760009765625,1695.1888043516353,59.07756330599722,,,
2019-01-29,1690.4100341796875,1694.7099609375,1688.47998046875,1694.7099609375,145706700.0,Buy Downtrend Sell Uptrend - iSaham,0.0,0.0,Neutral,0.0,Neutral,-0.004176710350699553,,1697.5,-0.3612,1701.030029296875,0.0,1693.5899658203125,0.0,1694.1340087890626,1693.595880960986,54.99884186224614,,,
2019-01-30,1684.1099853515625,1691.22998046875,1681.5699462890625,1689.68994140625,111179200.0,,0.0,0.0,Neutral,0.0,Neutral,-0.0037269353001576633,,1690.4100341796875,0.0,1697.5,-0.3612,1701.030029296875,0.0,1693.3280029296875,1690.433915757845,51.59040784964982,,,
2019-01-31,1683.530029296875,1695.4000244140625,1683.530029296875,1694.8599853515625,183261900.0,,0.0,0.0,Neutral,0.0,Neutral,-0.00034436946501825716,,1684.1099853515625,0.0,1690.4100341796875,0.0,1697.5,-0.3612,1691.316015625,1688.1326202708549,51.27538206221094,,,
2019-02-04,1683.6099853515625,1699.6600341796875,1683.6099853515625,1698.969970703125,55504500.0,,0.0,0.0,Neutral,0.0,Neutral,4.749309682394731e-05,,1683.530029296875,0.0,1684.1099853515625,0.0,1690.4100341796875,0.0,1687.8320068359376,1686.6250752977573,51.31951603112266,,,
2019-02-07,1693.3900146484375,1693.47998046875,1685.6600341796875,1688.0,79976000.0,,0.0,0.0,Neutral,0.0,Neutral,0.005808963704163839,,1683.6099853515625,0.0,1683.530029296875,0.0,1684.1099853515625,0.0,1687.010009765625,1688.8800550813173,56.50871437654591,,,
2019-02-08,1686.52001953125,1690.4300537109375,1683.7099609375,1688.510009765625,112074900.0,,0.0,0.0,Neutral,0.0,Neutral,-0.0040569479315216705,,1693.3900146484375,0.0,1683.6099853515625,0.0,1683.530029296875,0.0,1686.2320068359375,1688.0933765646282,52.29193344353001,,,
2019-02-11,1688.56005859375,1689.739990234375,1681.6400146484375,1688.699951171875,85843900.0,,0.0,0.0,Neutral,0.0,Neutral,0.0012096144954549803,,1686.52001953125,0.0,1693.3900146484375,0.0,1683.6099853515625,0.0,1687.122021484375,1688.248937241002,53.40387547821807,,,
2019-02-12,1687.4100341796875,1692.219970703125,1683.72998046875,1692.219970703125,109831900.0,,0.0,0.0,Neutral,0.0,Neutral,-0.0006810681137514596,,1688.56005859375,0.0,1686.52001953125,0.0,1693.3900146484375,0.0,1687.8980224609375,1687.9693028872305,52.65877584305407,,,
2019-02-13,1685.300048828125,1688.4599609375,1683.6099853515625,1687.72998046875,101659700.0,,0.0,0.0,Neutral,0.0,Neutral,-0.0012504283540000216,,1687.4100341796875,0.0,1688.56005859375,0.0,1686.52001953125,0.0,1688.23603515625,1687.0795515341954,51.24604637280476,,,
2019-02-14,1689.06005859375,1689.06005859375,1682.81005859375,1684.489990234375,97867800.0,,0.0,0.0,Neutral,0.0,Neutral,0.002231062515093196,,1685.300048828125,0.0,1687.4100341796875,0.0,1688.56005859375,0.0,1687.3700439453125,1687.739720554047,53.63324818163993,,,
2019-02-15,1688.8299560546875,1693.8499755859375,1687.1199951171875,1692.2900390625,113332100.0,,0.0,0.0,Neutral,0.0,Neutral,-0.00013623111735538984,,1689.06005859375,0.0,1685.300048828125,0.0,1687.4100341796875,0.0,1687.83203125,1688.1031323875939,53.46073141394368,,,
2019-02-18,1692.739990234375,1695.6099853515625,1690.18994140625,1693.9200439453125,91243800.0,,0.0,0.0,Neutral,0.0,Neutral,0.0023152326056685713,,1688.8299560546875,0.0,1689.06005859375,0.0,1685.300048828125,0.0,1688.668017578125,1689.6487516698542,56.04787715752867,,,
2019-02-19,1706.56005859375,1710.1400146484375,1693.3699951171875,1694.030029296875,155030200.0,,0.0,0.0,Neutral,0.0,Neutral,0.008164318465390341,,1692.739990234375,0.0,1688.8299560546875,0.0,1689.06005859375,0.0,1692.4980224609376,1695.2858539778194,63.72389991235621,,,
2019-02-20,1726.1800537109375,1727.25,1711.43994140625,1712.8299560546875,179676200.0,Connect Scheduled Downtime - Hong Leong Bank | Declaration Clerk Jobs - June 2025 - Urgent Hiring - Maukerja,0.0,0.0,Neutral,0.2023,Positive,0.011496809044830636,,1706.56005859375,0.0,1692.739990234375,0.0,1688.8299560546875,0.0,1700.6740234375,1705.5839205555255,71.36876556492271,,,
2019-02-21,1730.6800537109375,1730.6800537109375,1719.6700439453125,1722.3699951171875,163806400.0,,0.0,0.0,Neutral,0.0,Neutral,0.002606912291870156,,1726.1800537109375,0.2023,1706.56005859375,0.0,1692.739990234375,0.0,1708.9980224609376,1713.9492982739962,72.78537435764049,,,
2019-02-22,1721.4200439453125,1732.27001953125,1716.1700439453125,1730.510009765625,130778600.0,,0.0,0.0,Neutral,0.0,Neutral,-0.005350503546724061,,1730.6800537109375,0.0,1726.1800537109375,0.2023,1706.56005859375,0.0,1715.5160400390625,1716.4395468311016,65.59331811300778,,,
2019-02-25,1724.5799560546875,1724.5799560546875,1717.4100341796875,1722.3399658203125,108306900.0,,0.0,0.0,Neutral,0.0,Neutral,0.0018356426837768947,,1721.4200439453125,0.0,1730.6800537109375,0.0,1726.1800537109375,0.2023,1721.884033203125,1719.1530165722968,66.7989347035992,11.139823514694626,6.914022761885336,4.22580075280929
2019-02-26,1719.0,1726.0,1715.1500244140625,1725.5699462890625,119649500.0,,0.0,0.0,Neutral,0.0,Neutral,-0.0032355450004490915,,1724.5799560546875,0.0,1721.4200439453125,0.0,1730.6800537109375,0.0,1724.372021484375,1719.102011048198,62.62582012834087,11.149806670666521,7.761179543641573,3.3886271270249484
2019-02-27,1713.449951171875,1717.5899658203125,1709.300048828125,1717.1400146484375,116938100.0,,0.0,0.0,Neutral,0.0,Neutral,-0.0032286496964077926,,1719.0,0.0,1724.5799560546875,0.0,1721.4200439453125,0.0,1721.8260009765625,1717.2179910894235,58.69788815906484,10.587825969874984,8.326508828888254,2.26131714098673
2019-02-28,1707.72998046875,1717.8800048828125,1706.9200439453125,1715.3800048828125,208301100.0,,0.0,0.0,Neutral,0.0,Neutral,-0.003338277081984753,,1713.449951171875,0.0,1719.0,0.0,1724.5799560546875,0.0,1717.235986328125,1714.0553208825324,54.87767235221508,9.570574755388861,8.575322014188377,0.9952527412004848
2019-03-01,1700.760009765625,1701.050048828125,1696.7099609375,1700.449951171875,128892800.0,,0.0,0.0,Neutral,0.0,Neutral,-0.004081424336891848,,1707.72998046875,0.0,1713.449951171875,0.0,1719.0,0.0,1713.1039794921876,1709.62355051023,50.55959114342047,8.108507625209995,8.4819591363927,-0.37345151118270437
2019-03-04,1693.989990234375,1698.8699951171875,1688.219970703125,1688.219970703125,98568100.0,,0.0,0.0,Neutral,0.0,Neutral,-0.003980584851699942,,1700.760009765625,0.0,1707.72998046875,0.0,1713.449951171875,0.0,1706.985986328125,1704.4123637516116,46.71463217740712,6.330550251491786,8.051677359412517,-1.721127107920731
2019-03-05,1685.6199951171875,1691.280029296875,1682.18994140625,1682.18994140625,106231900.0,,0.0,0.0,Neutral,0.0,Neutral,-0.0049409944364721126,,1693.989990234375,0.0,1700.760009765625,0.0,1707.72998046875,0.0,1700.3099853515625,1698.1482408734703,42.419525735505616,4.197728764142312,7.280887640358476,-3.0831588762161646
2019-03-06,1686.8199462890625,1688.3299560546875,1684.0799560546875,1684.97998046875,120497300.0,,0.0,0.0,Neutral,0.0,Neutral,0.0007118752597565781,,1685.6199951171875,0.0,1693.989990234375,0.0,1700.760009765625,0.0,1694.983984375,1694.3721426786676,43.22545643964668,2.5746000140989054,6.339630115106562,-3.765030101007657
2019-03-07,1686.949951171875,1690.22998046875,1682.3299560546875,1682.3299560546875,107349800.0,,0.0,0.0,Neutral,0.0,Neutral,7.70709897630617e-05,,1686.8199462890625,0.0,1685.6199951171875,0.0,1693.989990234375,0.0,1690.827978515625,1691.8980788430702,43.31802174466136,1.2839485337583483,5.328493798836919,-4.044545265078571
2019-03-08,1679.9000244140625,1688.280029296875,1678.6600341796875,1686.1300048828125,111301300.0,,0.0,0.0,Neutral,0.0,Neutral,-0.004179096571842678,,1686.949951171875,0.0,1686.8199462890625,0.0,1685.6199951171875,0.0,1686.6559814453126,1687.8987273667342,39.55208048033638,-0.30426485782982127,4.2019420675035715,-4.506206925333393
2019-03-11,1664.6300048828125,1680.1800537109375,1664.6300048828125,1680.1400146484375,122405500.0,,0.0,0.0,Neutral,0.0,Neutral,-0.009089838269736417,,1679.9000244140625,0.0,1686.949951171875,0.0,1686.8199462890625,0.0,1680.783984375,1680.1424865387603,32.883637396657846,-2.7632453995117885,2.8089045741004997,-5.572149973612288
2019-03-12,1671.280029296875,1672.93994140625,1666.8399658203125,1667.9599609375,100522600.0,,0.0,0.0,Neutral,0.0,Neutral,0.003994896400134618,,1664.6300048828125,0.0,1679.9000244140625,0.0,1686.949951171875,0.0,1677.9159912109376,1677.1883341247985,37.80178299679714,-4.127820851850174,1.4215594889103649,-5.549380340760539
2019-03-13,1678.239990234375,1678.239990234375,1669.9200439453125,1671.1300048828125,106093600.0,,0.0,0.0,Neutral,0.0,Neutral,0.004164449293651895,,1671.280029296875,0.0,1664.6300048828125,0.0,1679.9000244140625,0.0,1676.2,1677.538886161324,42.546978290010216,-4.594681420897814,0.21831130694872902,-4.812992727846543
2019-03-14,1674.52001953125,1678.8800048828125,1673.469970703125,1675.6600341796875,108432300.0,View of On Malaysian Ringgit Exchange Rate Determination and Recent Depreciation - IIUM Journal Publication | Universiti Teknikal Malaysia Melaka - UTeM - Home - Universiti Teknikal Malaysia Melaka - UTeM | Universiti Teknikal Malaysia Melaka - UTeM - Home - Universiti Teknikal Malaysia Melaka - UTeM | Universiti Teknikal Malaysia Melaka - UTeM - Home - Universiti Teknikal Malaysia Melaka - UTeM,0.0,0.25,Neutral,0.4019,Positive,-0.0022165904309106033,,1678.239990234375,0.0,1671.280029296875,0.0,1664.6300048828125,0.0,1673.714013671875,1676.5325972846326,40.75720528498538,-5.204844128852301,-0.866319780211477,-4.338524348640824
2019-03-15,1680.5400390625,1683.25,1672.5999755859375,1674.5899658203125,235527300.0,,0.0,0.0,Neutral,0.0,Neutral,0.003595071698775598,,1674.52001953125,0.4019,1678.239990234375,0.0,1671.280029296875,0.0,1673.8420166015626,1677.8684112105884,44.80372851438868,-5.143347893231294,-1.7217254028154405,-3.421622490415853
2019-03-18,1690.93994140625,1690.93994140625,1681.3599853515625,1681.8299560546875,87929700.0,,0.0,0.0,Neutral,0.0,Neutral,0.006188428780043553,,1680.5400390625,0.0,1674.52001953125,0.4019,1678.239990234375,0.0,1679.10400390625,1682.2255879424756,51.02700643642597,-4.206931591254943,-2.218766640503341,-1.9881649507516017
2019-03-19,1687.6800537109375,1694.8900146484375,1687.6800537109375,1692.47998046875,70723100.0,Kitchen Cabinet Specialist In KL & Selangor - Ba Li Kitchen Cabinet - Ba Li Kitchen Cabinet,0.0,0.0,Neutral,0.0,Neutral,-0.0019278553989335867,,1690.93994140625,0.0,1680.5400390625,0.0,1674.52001953125,0.4019,1682.3840087890626,1684.0437431986295,49.156129609666436,-3.685377876326811,-2.512088887668035,-1.173288988658776
2019-03-20,1684.2099609375,1687.06005859375,1680.2900390625,1683.780029296875,93870500.0,Chemical Storage Cabinet - method.com.my,0.0,0.0,Neutral,0.0,Neutral,-0.0020561318869695144,,1687.6800537109375,0.0,1690.93994140625,0.0,1680.5400390625,0.0,1683.5780029296875,1684.0991491115863,47.17339157797354,-3.51157108016082,-2.711985326166592,-0.7995857539942284
2019-03-21,1663.6600341796875,1689.6099853515625,1663.6600341796875,1687.6400146484375,118957800.0,Login to your CTOS ID Account - CTOS,0.0,0.0,Neutral,0.0,Neutral,-0.012201523108421486,,1684.2099609375,0.0,1687.6800537109375,0.0,1690.93994140625,0.0,1681.406005859375,1677.2861108009533,37.52133578957098,-4.974690156948327,-3.1645262923229387,-1.8101638646253884
2019-03-22,1666.6600341796875,1673.449951171875,1657.010009765625,1669.5799560546875,96193500.0,,0.0,0.0,Neutral,0.0,Neutral,0.0018032530314879835,,1663.6600341796875,0.0,1684.2099609375,0.0,1687.6800537109375,0.0,1678.6300048828125,1673.7440852605314,39.468488008563526,-5.825000656916245,-3.6966211652416,-2.1283794916746452
2019-03-25,1649.1500244140625,1654.260009765625,1648.06005859375,1652.1400146484375,87635300.0,,0.0,0.0,Neutral,0.0,Neutral,-0.010506047668109586,,1666.6600341796875,0.0,1663.6600341796875,0.0,1684.2099609375,0.0,1670.272021484375,1665.5460649783752,33.00337227995491,-7.821626464041856,-4.521622225001651,-3.300004239040205
2019-03-26,1649.93994140625,1653.5799560546875,1647.1099853515625,1647.8199462890625,103876000.0,,0.0,0.0,Neutral,0.0,Neutral,0.00047898431343029735,,1649.1500244140625,0.0,1666.6600341796875,0.0,1663.6600341796875,0.0,1662.7239990234375,1660.3440237876669,33.53232403108433,-9.233785766953815,-5.464054933392084,-3.7697308335617317
2019-03-27,1642.72998046875,1650.219970703125,1641.8900146484375,1649.1700439453125,97583500.0,,0.0,0.0,Neutral,0.0,Neutral,-0.004369832353627978,,1649.93994140625,0.0,1649.1500244140625,0.0,1666.6600341796875,0.0,1654.4280029296874,1654.4726760146946,31.117404723970893,-10.810103634426696,-6.533264673599006,-4.27683896082769
2019-03-28,1641.3299560546875,1645.2099609375,1638.68994140625,1642.9000244140625,91661100.0,,0.0,0.0,Neutral,0.0,Neutral,-0.0008522547410153569,,1642.72998046875,0.0,1649.93994140625,0.0,1649.1500244140625,0.0,1649.9619873046875,1650.091769361359,30.65572799515911,-12.033601305683305,-7.633332000015866,-4.40026930566744
2019-03-29,1643.6300048828125,1649.5999755859375,1639.260009765625,1648.3599853515625,142055400.0,,0.0,0.0,Neutral,0.0,Neutral,0.0014013323887986928,,1641.3299560546875,0.0,1642.72998046875,0.0,1649.93994140625,0.0,1645.3559814453124,1647.93784786851,32.42942073269516,-12.671567366040335,-8.640979073220759,-4.030588292819576
2019-04-01,1628.6600341796875,1647.5899658203125,1628.43994140625,1646.4300537109375,100896200.0,,0.0,0.0,Neutral,0.0,Neutral,-0.009107871393594036,,1643.6300048828125,0.0,1641.3299560546875,0.0,1642.72998046875,0.0,1641.2579833984375,1641.5119099722358,27.4992956033456,-14.221178696016295,-9.757018997779866,-4.464159698236429
2019-04-02,1632.8299560546875,1639.3199462890625,1630.97998046875,1633.8299560546875,101492100.0,,0.0,0.0,Neutral,0.0,Neutral,0.0025603390440536167,,1628.6600341796875,0.0,1643.6300048828125,0.0,1641.3299560546875,0.0,1637.835986328125,1638.617925333053,30.66146452979968,-14.940553591911794,-10.793725916606252,-4.146827675305541
2019-04-03,1643.2099609375,1645.5400390625,1635.800048828125,1638.27001953125,81246900.0,,0.0,0.0,Neutral,0.0,Neutral,0.006357064214998376,,1632.8299560546875,0.0,1628.6600341796875,0.0,1643.6300048828125,0.0,1637.931982421875,1640.1486038678688,37.91999802820755,-14.50586910554398,-11.536154554393798,-2.9697145511501812
2019-04-04,1645.0699462890625,1645.6099853515625,1637.5699462890625,1644.010009765625,106616000.0,,0.0,0.0,Neutral,0.0,Neutral,0.0011319219063772312,,1643.2099609375,0.0,1632.8299560546875,0.0,1628.6600341796875,0.0,1638.67998046875,1641.7890513416,39.14923860340592,-13.851620387546518,-11.999247721024343,-1.8523726665221751
2019-04-05,1641.81005859375,1645.0899658203125,1640.300048828125,1645.0799560546875,65502900.0,,0.0,0.0,Neutral,0.0,Neutral,-0.0019816103884616743,,1645.0699462890625,0.0,1643.2099609375,0.0,1632.8299560546875,0.0,1638.3159912109375,1641.7960537589834,37.73880981828482,-13.441227158114316,-12.287643608442337,-1.1535835496719784
2019-04-08,1644.3499755859375,1645.719970703125,1640.3800048828125,1643.6700439453125,83680300.0,,0.0,0.0,Neutral,0.0,Neutral,0.0015470224334981353,,1641.81005859375,0.0,1645.0699462890625,0.0,1643.2099609375,0.0,1641.4539794921875,1642.6473610346347,39.56570189995466,-12.763903162366205,-12.38289551922711,-0.3810076431390943
2019-04-09,1641.93994140625,1645.56005859375,1639.2099609375,1645.18994140625,98177100.0,,0.0,0.0,Neutral,0.0,Neutral,-0.0014656455228326815,,1644.3499755859375,0.0,1641.81005859375,0.0,1645.0699462890625,0.0,1643.2759765625,1642.4115544918398,38.413914296714076,-12.280032067070124,-12.362322828795714,0.08229076172558969
2019-04-10,1639.4599609375,1642.1300048828125,1635.8900146484375,1641.8299560546875,86807000.0,,0.0,0.0,Neutral,0.0,Neutral,-0.0015103965779807993,,1641.93994140625,0.0,1644.3499755859375,0.0,1641.81005859375,0.0,1642.5259765625,1641.4276899737265,37.213412634017416,-11.9588205959883,-12.28162238223423,0.3228017862459307
2019-04-11,1624.22998046875,1639.3299560546875,1622.449951171875,1639.3299560546875,105835100.0,,0.0,0.0,Neutral,0.0,Neutral,-0.009289632459240416,,1639.4599609375,0.0,1641.93994140625,0.0,1644.3499755859375,0.0,1638.3579833984375,1635.6951201387344,30.839363851414458,-12.785803548106742,-12.382458615408733,-0.4033449326980083
2019-04-12,1630.1700439453125,1631.0899658203125,1623.43994140625,1624.530029296875,100767200.0,,0.0,0.0,Neutral,0.0,Neutral,0.003657156651454052,,1624.22998046875,0.0,1639.4599609375,0.0,1641.93994140625,0.0,1636.02998046875,1633.8534280742604,35.48108815070293,-12.8141662839937,-12.468800149125727,-0.3453661348679731
2019-04-15,1631.3299560546875,1638.8699951171875,1630.8299560546875,1634.949951171875,73256000.0,,0.0,0.0,Neutral,0.0,Neutral,0.000711528293433572,,1630.1700439453125,0.0,1624.22998046875,0.0,1639.4599609375,0.0,1633.4259765625,1633.0122707344028,36.37901188664633,-12.597828814393779,-12.494605882179338,-0.10322293221444134
2019-04-16,1629.4599609375,1635.469970703125,1626.989990234375,1631.5799560546875,90054600.0,,0.0,0.0,Neutral,0.0,Neutral,-0.0011463009737834318,,1631.3299560546875,0.0,1630.1700439453125,0.0,1624.22998046875,0.0,1630.92998046875,1631.8281674687685,35.520721458120605,-12.433942044831838,-12.482473114709837,0.048531069877999045
2019-04-17,1620.9000244140625,1627.77001953125,1615.530029296875,1627.0699462890625,103910200.0,,0.0,0.0,Neutral,0.0,Neutral,-0.005253235261155176,,1629.4599609375,0.0,1631.3299560546875,0.0,1630.1700439453125,0.0,1627.2179931640626,1628.1854531171998,31.8199091409095,-12.846687323599326,-12.555315956487735,-0.29137136711159073
2019-04-18,1619.72998046875,1620.550048828125,1609.8299560546875,1617.6700439453125,138129600.0,,0.0,0.0,Neutral,0.0,Neutral,-0.0007218483112402252,,1620.9000244140625,0.0,1629.4599609375,0.0,1631.3299560546875,0.0,1626.3179931640625,1625.3669622343832,31.339268542843058,-13.116999098059068,-12.667652584802003,-0.44934651325706554
2019-04-19,1622.0699462890625,1625.219970703125,1618.68994140625,1620.6400146484375,75776100.0,,0.0,0.0,Neutral,0.0,Neutral,0.0014446641406460348,,1619.72998046875,0.0,1620.9000244140625,0.0,1629.4599609375,0.0,1624.6979736328126,1624.2679569192762,33.5025765506592,-12.992636416051937,-12.73264935105199,-0.2599870649999474
2019-04-22,1622.06005859375,1630.9100341796875,1621.1600341796875,1622.56005859375,115059500.0,,0.0,0.0,Neutral,0.0,Neutral,-6.0957268428474265e-06,,1622.0699462890625,0.0,1619.72998046875,0.0,1620.9000244140625,0.0,1622.843994140625,1623.5319908107674,33.497773732746396,-12.747925795688843,-12.73570463997936,-0.0122211557094829
2019-04-23,1627.43994140625,1629.4200439453125,1620.9300537109375,1624.1199951171875,106178700.0,BUSINESS NAME REGISTRATION GUIDELINES 1. INTRODUCTION 1.1 The name of a business is the title that is used as an identification - Suruhanjaya Syarikat Malaysia (SSM),0.0,0.0,Neutral,0.0,Neutral,0.003316697667264057,,1622.06005859375,0.0,1622.0699462890625,0.0,1619.72998046875,0.0,1622.439990234375,1624.8346410092615,38.651094287645364,-11.981761002148687,-12.584915912413226,0.6031549102645393
2019-04-24,1638.010009765625,1640.9599609375,1633.699951171875,1633.699951171875,134534900.0,,0.0,0.0,Neutral,0.0,Neutral,0.006494905335948431,,1627.43994140625,0.0,1622.06005859375,0.0,1622.0699462890625,0.0,1625.8619873046875,1629.226430594716,47.29298993585386,-10.40174881897292,-12.148282493725166,1.7465336747522464
2019-04-25,1635.6800537109375,1640.1300048828125,1632.510009765625,1637.3399658203125,120413200.0,,0.0,0.0,Neutral,0.0,Neutral,-0.0014224309013965986,,1638.010009765625,0.0,1627.43994140625,0.0,1622.06005859375,0.0,1629.052001953125,1631.3776383001232,45.76271796043558,-9.231174528038764,-11.564860900587885,2.3336863725491206
2019-04-26,1638.3800048828125,1639.1800537109375,1632.5799560546875,1638.6600341796875,114937300.0,,0.0,0.0,Neutral,0.0,Neutral,0.0016506597153578273,,1635.6800537109375,0.0,1638.010009765625,0.0,1627.43994140625,0.0,1632.314013671875,1633.711760494353,47.867808123708585,-7.993478627948662,-10.85058444606004,2.8571058181113784
2019-04-29,1637.4000244140625,1637.489990234375,1631.8299560546875,1637.300048828125,63429800.0,,0.0,0.0,Neutral,0.0,Neutral,-0.0005981399100509766,,1638.3800048828125,0.0,1635.6800537109375,0.0,1638.010009765625,0.0,1635.3820068359375,1634.9411818009228,47.152450442537756,-7.010855169511387,-10.08263859075031,3.071783421238923
2019-04-30,1642.2900390625,1643.449951171875,1634.5400390625,1634.6199951171875,139943400.0,,0.0,0.0,Neutral,0.0,Neutral,0.0029864508217454233,,1637.4000244140625,0.0,1638.3800048828125,0.0,1635.6800537109375,0.0,1638.3520263671876,1637.390800888115,51.081020608186925,-5.771011061520994,-9.220313084904447,3.449302023383453
2019-05-02,1632.239990234375,1644.3499755859375,1631.27001953125,1642.4599609375,87894400.0,,0.0,0.0,Neutral,0.0,Neutral,-0.006119533449683523,,1642.2900390625,0.0,1637.4000244140625,0.0,1638.3800048828125,0.0,1637.1980224609374,1635.673864003535,43.86396229830105,-5.535570016632391,-8.483364471250036,2.947794454617645
2019-05-03,1637.300048828125,1637.4100341796875,1625.56005859375,1631.530029296875,82569700.0,,0.0,0.0,Neutral,0.0,Neutral,0.0031000702249817103,,1632.239990234375,0.0,1642.2900390625,0.0,1637.4000244140625,0.0,1637.522021484375,1636.2159256117318,47.858412021248284,-4.884372842740959,-7.7635661455482206,2.879193302807262
2019-05-06,1632.800048828125,1633.6600341796875,1623.6099853515625,1632.0400390625,64595700.0,Safety Can Storage Cabinets - proguardsafety.my,0.0,0.0,Neutral,0.4215,Positive,-0.0027484272068646343,,1637.300048828125,0.0,1632.239990234375,0.0,1642.2900390625,0.0,1636.4060302734374,1635.0773000171962,44.80501365227467,-4.67748761712528,-7.146350439863633,2.4688628227383527
2019-05-07,1639.3699951171875,1641.8599853515625,1626.06005859375,1626.77001953125,165442400.0,Practicall Capitalizing on Convenience: - Pacific West Malaysia,0.0,0.0,Neutral,0.0,Neutral,0.004023729846025947,,1632.800048828125,0.4215,1637.300048828125,0.0,1632.239990234375,0.0,1636.8000244140626,1636.50819838386,49.8370339193754,-3.937995071237765,-6.504679366138459,2.5666842949006945
2019-05-08,1633.550048828125,1635.56005859375,1627.3800048828125,1635.56005859375,147577400.0,Air Selangor to divert main pipes after soil instability detected near WCE - NST Online,0.13333333333333333,0.3666666666666667,Positive,0.0,Neutral,-0.003550111510151499,,1639.3699951171875,0.0,1632.800048828125,0.4215,1637.300048828125,0.0,1635.0520263671874,1635.5221485319482,45.84937493288279,-3.7780123524048577,-5.959345963391739,2.181333610986881
2019-05-09,1618.530029296875,1630.43994140625,1618.3299560546875,1629.6099853515625,133418700.0,,0.0,0.0,Neutral,0.0,Neutral,-0.009194710343907175,,1633.550048828125,0.0,1639.3699951171875,0.0,1632.800048828125,0.4215,1632.3100341796876,1629.8581087869238,37.50818393870702,-4.807793690827566,-5.729035508878904,0.921241818051338
2019-05-10,1610.27001953125,1620.4000244140625,1610.27001953125,1615.9100341796875,98812400.0,,0.0,0.0,Neutral,0.0,Neutral,-0.005103402232959131,,1618.530029296875,0.0,1633.550048828125,0.0,1639.3699951171875,0.0,1626.9040283203126,1623.3287457016993,33.86000288252589,-6.218730918008305,-5.8269745907047845,-0.3917563273035203
2019-05-13,1601.0899658203125,1611.469970703125,1598.5999755859375,1610.550048828125,107076500.0,,0.0,0.0,Neutral,0.0,Neutral,-0.005700940587349379,,1610.27001953125,0.0,1618.530029296875,0.0,1633.550048828125,0.0,1620.56201171875,1615.9158190745704,30.32929340011933,-7.985609316039245,-6.258701535771676,-1.7269077802675685
2019-05-14,1599.18994140625,1603.719970703125,1572.030029296875,1580.8499755859375,173978800.0,,0.0,0.0,Neutral,0.0,Neutral,-0.001186706840105023,,1601.0899658203125,0.0,1610.27001953125,0.0,1618.530029296875,0.0,1612.5260009765625,1610.3405265184635,29.640391207310586,-9.430480557600958,-6.893057340137533,-2.5374232174634255
2019-05-15,1611.4300537109375,1617.4300537109375,1601.0400390625,1601.4300537109375,147144300.0,,0.0,0.0,Neutral,0.0,Neutral,0.007653945280523766,,1599.18994140625,0.0,1601.0899658203125,0.0,1610.27001953125,0.0,1608.102001953125,1610.7037022492882,39.218458604240304,-9.478613106512057,-7.410168493412438,-2.0684446130996195
2019-05-16,1599.18994140625,1610.780029296875,1599.18994140625,1609.219970703125,95600000.0,,0.0,0.0,Neutral,0.0,Neutral,-0.007595807386426734,,1611.4300537109375,0.0,1599.18994140625,0.0,1601.0899658203125,0.0,1604.233984375,1606.8657819682755,34.204080525632506,-10.384724625189392,-8.005079719767828,-2.3796449054215643
2019-05-17,1605.3599853515625,1610.9599609375,1599.3199462890625,1599.3199462890625,85616600.0,,0.0,0.0,Neutral,0.0,Neutral,0.0038582308364738527,,1599.18994140625,0.0,1611.4300537109375,0.0,1599.18994140625,0.0,1603.2519775390624,1606.3638497627046,38.47448812410485,-10.484099379225654,-8.500883651659393,-1.983215727566261
2019-05-21,1603.739990234375,1614.22998046875,1603.6500244140625,1608.739990234375,100448000.0,,0.0,0.0,Neutral,0.0,Neutral,-0.0010091164174823586,,1605.3599853515625,0.0,1599.18994140625,0.0,1611.4300537109375,0.0,1603.781982421875,1605.489229919928,37.78113339411513,-10.571710556218022,-8.915049032571119,-1.6566615236469033
2019-05-23,1601.8699951171875,1605.1300048828125,1589.7900390625,1599.93994140625,149289000.0,,0.0,0.0,Neutral,0.0,Neutral,-0.0011660213803823538,,1603.739990234375,0.0,1605.3599853515625,0.0,1599.18994140625,0.0,1604.3179931640625,1604.2828183190145,36.95329185499674,-10.669049857441223,-9.26584919754514,-1.4032006598960827
2019-05-24,1598.3199462890625,1606.8499755859375,1592.969970703125,1594.1600341796875,99444600.0,,0.0,0.0,Neutral,0.0,Neutral,-0.0022161903518677084,,1601.8699951171875,0.0,1603.739990234375,0.0,1605.3599853515625,0.0,1601.6959716796875,1602.2951943090304,35.368866053861744,-10.906923007281875,-9.594063959492487,-1.312859047789388
2019-05-27,1601.3499755859375,1604.43994140625,1597.25,1604.43994140625,71164500.0,,0.0,0.0,Neutral,0.0,Neutral,0.0018957589210533143,,1598.3199462890625,0.0,1601.8699951171875,0.0,1603.739990234375,0.0,1602.127978515625,1601.9801214013328,37.819455067513715,-10.727283702052773,-9.820707908004545,-0.9065757940482282
2019-05-28,1614.5699462890625,1614.5699462890625,1602.1500244140625,1604.260009765625,384159000.0,,0.0,0.0,Neutral,0.0,Neutral,0.00825551622360865,,1601.3499755859375,0.0,1598.3199462890625,0.0,1601.8699951171875,0.0,1603.969970703125,1606.1767296972428,47.22208391173057,-9.409707851814346,-9.738507896766505,0.32880004495215864
2019-05-29,1623.6700439453125,1626.6400146484375,1611.47998046875,1614.6800537109375,116436500.0,,0.0,0.0,Neutral,0.0,Neutral,0.005636236248027338,,1614.5699462890625,0.0,1601.3499755859375,0.0,1598.3199462890625,0.0,1607.9559814453125,1612.0078344465994,52.541996287156245,-7.544252226179424,-9.29965676264909,1.7554045364696655
2019-05-30,1636.5,1639.4200439453125,1620.280029296875,1620.97998046875,130813400.0,,0.0,0.0,Neutral,0.0,Neutral,0.007901824698023141,,1623.6700439453125,0.0,1614.5699462890625,0.0,1601.3499755859375,0.0,1614.881982421875,1620.1718896310663,58.84111308904373,-4.973266256135048,-8.434378661346281,3.4611124052112334
2019-05-31,1650.760009765625,1650.760009765625,1634.1400146484375,1639.760009765625,159714600.0,UNIVERSITI PUTRA MALAYSIA DEVELOPMENT OF WEED COMPETITIVE RICE VARIETY UNDER WATER DEFICIT CONDITIONS THROUGH MARKER-ASSISTED BA - Universiti Putra Malaysia Institutional Repository | Development of weed competitive rice variety under water deficit conditions through marker-assisted backcross breeding - Universiti Putra Malaysia Institutional Repository,0.0,0.0,Neutral,-0.4588,Negative,0.008713724268637257,,1636.5,0.0,1623.6700439453125,0.0,1614.5699462890625,0.0,1625.3699951171875,1630.3679296759192,64.48368869343183,-1.7647349734447744,-7.10044992376598,5.335714950321206
2019-06-03,1655.31005859375,1656.6800537109375,1642.6600341796875,1649.9300537109375,105242100.0,Prevalence of Geriatric Giants Among Older People in Kelantan Malaysia - Universiti Putra Malaysia,0.16666666666666666,0.3333333333333333,Positive,0.0,Neutral,0.0027563357491140472,,1650.760009765625,-0.4588,1636.5,0.0,1623.6700439453125,0.0,1636.16201171875,1638.6819726485294,66.08152048826469,1.1321493850198294,-5.453930062008818,6.586079447028648
2019-06-04,1644.0899658203125,1655.8900146484375,1644.0899658203125,1654.02001953125,61533700.0,,0.0,0.0,Neutral,0.0,Neutral,-0.006778242369269161,,1655.31005859375,0.0,1650.760009765625,-0.4588,1636.5,0.0,1642.066015625,1640.4846370391238,59.029154510841465,2.49383600434021,-3.8643768487390124,6.358212853079222
2019-06-07,1649.3299560546875,1651.989990234375,1646.800048828125,1650.9300537109375,102539800.0,,0.0,0.0,Neutral,0.0,Neutral,0.0031871675779984177,,1644.0899658203125,0.0,1655.31005859375,0.0,1650.760009765625,-0.4588,1647.197998046875,1643.4330767109784,61.11624703640197,3.9502696307167753,-2.301447552847855,6.25171718356463
2019-06-10,1655.469970703125,1656.0,1651.8499755859375,1651.9300537109375,93023500.0,,0.0,0.0,Neutral,0.0,Neutral,0.003722732753320468,,1649.3299560546875,0.0,1644.0899658203125,0.0,1655.31005859375,0.0,1650.9919921875,1647.4453747083605,63.46480772283121,5.536134527830654,-0.733931136712153,6.270065664542807
2019-06-11,1651.199951171875,1657.3599853515625,1649.81005859375,1655.800048828125,111042200.0,,0.0,0.0,Neutral,0.0,Neutral,-0.002579339768655764,,1655.469970703125,0.0,1649.3299560546875,0.0,1644.0899658203125,0.0,1651.07998046875,1648.6969001961986,60.71819394587708,6.374903079739397,0.6878357065781571,5.68706737316124
2019-06-12,1650.739990234375,1650.739990234375,1642.1099853515625,1646.6700439453125,90831900.0,,0.0,0.0,Neutral,0.0,Neutral,-0.0002785616225179366,,1651.199951171875,0.0,1655.469970703125,0.0,1649.3299560546875,0.0,1650.165966796875,1649.377930208924,60.41488560365984,6.922717419357696,1.9348120491340648,4.987905370223631
2019-06-13,1643.739990234375,1646.219970703125,1640.300048828125,1644.0799560546875,96232000.0,,0.0,0.0,Neutral,0.0,Neutral,-0.004240522457450213,,1650.739990234375,0.0,1651.199951171875,0.0,1655.469970703125,0.0,1650.0959716796874,1647.4986168840744,55.842993484976155,6.714620763282255,2.890773791963703,3.8238469713185523
2019-06-14,1638.6300048828125,1649.5699462890625,1636.3199462890625,1649.4200439453125,83903000.0,,0.0,0.0,Neutral,0.0,Neutral,-0.0031087552666002605,,1643.739990234375,0.0,1650.739990234375,0.0,1651.199951171875,0.0,1647.9559814453125,1644.5424128836537,52.707330797015054,6.067428018787496,3.5261046373284612,2.5413233814590344
2019-06-17,1638.4000244140625,1644.0400390625,1637.4599609375,1638.9300537109375,84794700.0,,0.0,0.0,Neutral,0.0,Neutral,-0.0001403492356814029,,1638.6300048828125,0.0,1643.739990234375,0.0,1650.739990234375,0.0,1644.5419921875,1642.4949500604566,52.56427439294704,5.472877677089173,3.9154592452806036,1.557418431808569
2019-06-18,1652.760009765625,1652.760009765625,1636.1800537109375,1636.6600341796875,100923800.0,,0.0,0.0,Neutral,0.0,Neutral,0.008764639366199978,,1638.4000244140625,0.0,1638.6300048828125,0.0,1643.739990234375,0.0,1644.85400390625,1645.9166366288462,59.885522805858514,6.090218802924937,4.3504111568094705,1.7398076461154668
2019-06-19,1666.5400390625,1666.9000244140625,1652.5799560546875,1654.5699462890625,109775000.0,,0.0,0.0,Neutral,0.0,Neutral,0.00833758634977455,,1652.760009765625,0.0,1638.4000244140625,0.0,1638.6300048828125,0.0,1648.014013671875,1652.7911041067307,65.40363901212554,7.603748018610304,5.001078529169638,2.6026694894406663
2019-06-20,1675.4300537109375,1675.4300537109375,1660.8299560546875,1660.8299560546875,132199500.0,,0.0,0.0,Neutral,0.0,Neutral,0.005334414079507299,,1666.5400390625,0.0,1652.760009765625,0.0,1638.4000244140625,0.0,1654.3520263671876,1660.3374206414662,68.42162045422123,9.412084065320641,5.8832796363998385,3.528804428920803
2019-06-21,1682.22998046875,1682.22998046875,1672.0899658203125,1672.239990234375,219305100.0,,0.0,0.0,Neutral,0.0,Neutral,0.004058615722423831,,1675.4300537109375,0.0,1666.5400390625,0.0,1652.760009765625,0.0,1663.072021484375,1667.6349405838941,70.53864231868032,11.264055648804288,6.959434838880728,4.304620809923559
2019-06-24,1676.1300048828125,1679.280029296875,1674.4000244140625,1679.280029296875,87859800.0,,0.0,0.0,Neutral,0.0,Neutral,-0.0036261246421477322,,1682.22998046875,0.0,1675.4300537109375,0.0,1666.5400390625,0.0,1670.618017578125,1670.4666286835336,66.24805095684867,12.100057490560857,7.987559369216754,4.112498121344103
2019-06-25,1676.6099853515625,1677.760009765625,1672.4100341796875,1675.8199462890625,111387800.0,,0.0,0.0,Neutral,0.0,Neutral,0.00028636231518541777,,1676.1300048828125,0.0,1682.22998046875,0.0,1675.4300537109375,0.0,1675.3880126953125,1672.5144142395432,66.42112674935558,12.655441335705746,8.921135762514552,3.734305573191193
2019-06-26,1674.489990234375,1677.1700439453125,1672.5899658203125,1674.22998046875,82354800.0,,0.0,0.0,Neutral,0.0,Neutral,-0.0012644533527235158,,1676.6099853515625,0.0,1676.1300048828125,0.0,1682.22998046875,0.0,1676.9780029296876,1673.1729395711538,64.83960982609968,12.777233155622298,9.692355241136102,3.0848779144861957
2019-06-27,1672.699951171875,1676.72998046875,1670.72998046875,1670.72998046875,118539600.0,,0.0,0.0,Neutral,0.0,Neutral,-0.0010690055317974512,,1674.489990234375,0.0,1676.6099853515625,0.0,1676.1300048828125,0.0,1676.431982421875,1673.0152767713942,63.46551177871213,12.58424946361265,10.270734085631412,2.313515377981238
2019-06-28,1672.1300048828125,1677.3399658203125,1670.81005859375,1671.4200439453125,120364900.0,,0.0,0.0,Neutral,0.0,Neutral,-0.0003407343251629058,,1672.699951171875,0.0,1674.489990234375,0.0,1676.6099853515625,0.0,1674.4119873046875,1672.7201861418669,63.00765803207209,12.244175363182876,10.665422341141705,1.5787530220411714
2019-07-01,1683.6199951171875,1683.6199951171875,1674.9100341796875,1674.9100341796875,88667200.0,,0.0,0.0,Neutral,0.0,Neutral,0.006871469443657352,,1672.1300048828125,0.0,1672.699951171875,0.0,1674.489990234375,0.0,1675.9099853515625,1676.353455800307,68.0169792207139,12.754781196492331,11.08329411221183,1.6714870842805016
2019-07-02,1691.0,1694.550048828125,1684.06005859375,1685.780029296875,182396400.0,,0.0,0.0,Neutral,0.0,Neutral,0.0043834148467087886,,1683.6199951171875,0.0,1672.1300048828125,0.0,1672.699951171875,0.0,1678.78798828125,1681.2356372002048,70.75617400285684,13.59819320815268,11.5862739314,2.01191927675268
2019-07-03,1690.050048828125,1690.050048828125,1683.239990234375,1689.25,102458400.0,,0.0,0.0,Neutral,0.0,Neutral,-0.0005617688775133578,,1691.0,0.0,1683.6199951171875,0.0,1672.1300048828125,0.0,1681.9,1684.1737744095115,69.92599563764885,14.02824134935372,12.074667414990744,1.9535739343629768
2019-07-04,1687.47998046875,1690.81005859375,1685.6400146484375,1688.6500244140625,84268400.0,,0.0,0.0,Neutral,0.0,Neutral,-0.0015207054732828684,,1690.050048828125,0.0,1691.0,0.0,1683.6199951171875,0.0,1684.856005859375,1685.2758430959243,67.61459310720123,14.000287957246428,12.459791523441881,1.540496433804547
2019-07-05,1682.530029296875,1687.5999755859375,1677.0799560546875,1687.5999755859375,88226700.0,,0.0,0.0,Neutral,0.0,Neutral,-0.0029333391976004153,,1687.47998046875,0.0,1690.050048828125,0.0,1691.0,0.0,1686.9360107421876,1684.3605718295746,63.276299677014755,13.42397181060528,12.652627580874562,0.7713442297307189
2019-07-08,1677.6400146484375,1679.6600341796875,1672.8800048828125,1679.6500244140625,79839500.0,,0.0,0.0,Neutral,0.0,Neutral,-0.0029063461354571496,,1682.530029296875,0.0,1687.47998046875,0.0,1690.050048828125,0.0,1685.7400146484374,1682.120386102529,59.23299816264054,12.429375691730684,12.607977203045786,-0.1786015113151027
2019-07-09,1682.8699951171875,1682.8699951171875,1677.97998046875,1679.1500244140625,88883400.0,,0.0,0.0,Neutral,0.0,Neutral,0.00311746287825998,,1677.6400146484375,0.0,1682.530029296875,0.0,1687.47998046875,0.0,1684.114013671875,1682.370255774082,62.02770639816394,11.925694830384828,12.471520728513594,-0.5458258981287667
2019-07-10,1678.969970703125,1683.68994140625,1674.1300048828125,1682.68994140625,87430200.0,,0.0,0.0,Neutral,0.0,Neutral,-0.002317484075049392,,1682.8699951171875,0.0,1677.6400146484375,0.0,1682.530029296875,0.0,1681.897998046875,1681.2368274170963,58.791090523352075,11.084054660056154,12.194027514822107,-1.109972854765953
2019-07-11,1679.260009765625,1681.780029296875,1674.699951171875,1681.219970703125,85988000.0,,0.0,0.0,Neutral,0.0,Neutral,0.00017274821322654788,,1678.969970703125,0.0,1682.8699951171875,0.0,1677.6400146484375,0.0,1680.25400390625,1680.5778881999393,58.962588596861565,10.321472974213748,11.819516606700436,-1.498043632486688
2019-07-12,1669.449951171875,1682.0400390625,1668.989990234375,1681.030029296875,126112400.0,,0.0,0.0,Neutral,0.0,Neutral,-0.005841893772673856,,1679.260009765625,0.0,1678.969970703125,0.0,1682.8699951171875,0.0,1677.63798828125,1676.8685758572512,51.20106611055907,8.823816290087052,11.220376543377759,-2.3965602532907067
2019-07-15,1672.3699951171875,1672.3699951171875,1664.3800048828125,1670.4000244140625,75675700.0,,0.0,0.0,Neutral,0.0,Neutral,0.001749105412392149,,1669.449951171875,0.0,1679.260009765625,0.0,1678.969970703125,0.0,1676.583984375,1675.3690489438966,53.17682396187382,7.782820213658397,10.532865277433887,-2.75004506377549
2019-07-16,1668.93994140625,1672.469970703125,1666.3699951171875,1671.489990234375,93222700.0,,0.0,0.0,Neutral,0.0,Neutral,-0.002051013663813772,,1672.3699951171875,0.0,1669.449951171875,0.0,1679.260009765625,0.0,1673.7979736328125,1673.2260130980144,50.585931709268905,6.604909370983933,9.747274096143896,-3.142364725159963
2019-07-17,1657.530029296875,1667.7900390625,1656.760009765625,1667.5,88444600.0,,0.0,0.0,Neutral,0.0,Neutral,-0.006836622353085353,,1668.93994140625,0.0,1672.3699951171875,0.0,1669.449951171875,0.0,1669.5099853515626,1667.9940184976347,43.06874649410541,4.69658270921218,8.737135818757553,-4.040553109545373
2019-07-18,1648.9300537109375,1659.93994140625,1648.9300537109375,1657.800048828125,101531000.0,,0.0,0.0,Neutral,0.0,Neutral,-0.00518842822388299,,1657.530029296875,0.0,1668.93994140625,0.0,1672.3699951171875,0.0,1663.443994140625,1661.6393635687357,38.43290753204218,2.4618947341969033,7.482087601845423,-5.02019286764852
2019-07-19,1658.18994140625,1658.93994140625,1649.550048828125,1649.550048828125,86279200.0,,0.0,0.0,Neutral,0.0,Neutral,0.005615694658771542,,1648.9300537109375,0.0,1657.530029296875,0.0,1668.93994140625,0.0,1661.1919921875,1660.4895561812405,45.264589957963125,1.4216955416120527,6.270009189798749,-4.848313648186696
2019-07-22,1655.4000244140625,1658.280029296875,1647.699951171875,1658.280029296875,73533400.0,,0.0,0.0,Neutral,0.0,Neutral,-0.0016825074875448376,,1658.18994140625,0.0,1648.9300537109375,0.0,1657.530029296875,0.0,1657.797998046875,1658.7930455921812,43.6915256361911,0.36796552477858313,5.089600456794716,-4.721634932016133
2019-07-23,1655.6700439453125,1658.3499755859375,1654.02001953125,1654.72998046875,108738200.0,,0.0,0.0,Neutral,0.0,Neutral,0.0001631143694984516,,1655.4000244140625,0.0,1658.18994140625,0.0,1648.9300537109375,0.0,1655.1440185546876,1657.752045043225,43.89475195831871,-0.4402597454586612,3.9836284163440405,-4.423888161802702
2019-07-24,1652.4100341796875,1659.3800048828125,1651.3599853515625,1653.8800048828125,154536400.0,,0.0,0.0,Neutral,0.0,Neutral,-0.0019689972513222687,,1655.6700439453125,0.0,1655.4000244140625,0.0,1658.18994140625,0.0,1654.12001953125,1655.9713747553792,41.927268143497336,-1.328525226287411,2.92119768781775,-4.249722914105162
2019-07-25,1656.5799560546875,1656.5799560546875,1650.3199462890625,1653.739990234375,113375000.0,,0.0,0.0,Neutral,0.0,Neutral,0.002523539429527988,,1652.4100341796875,0.0,1655.6700439453125,0.0,1655.4000244140625,0.0,1655.65,1656.174235188482,45.304375414855926,-1.6766764907397373,2.0016228521062525,-3.67829934284599
2019-07-26,1647.9599609375,1653.77001953125,1647.9599609375,1653.739990234375,141697300.0,,0.0,0.0,Neutral,0.0,Neutral,-0.0052034887212548675,,1656.5799560546875,0.0,1652.4100341796875,0.0,1655.6700439453125,0.0,1653.60400390625,1653.436143771488,40.111527695745465,-2.6179720891518627,1.0777038638546292,-3.695675953006492
2019-07-29,1642.68994140625,1648.7099609375,1637.25,1647.9599609375,78401400.0,,0.0,0.0,Neutral,0.0,Neutral,-0.0031979050803224718,,1647.9599609375,0.0,1656.5799560546875,0.0,1652.4100341796875,0.0,1651.0619873046876,1649.8540763164087,37.29685717009771,-3.746020374285081,0.11295901622668714,-3.858979390511768
2019-07-31,1634.8699951171875,1642.72998046875,1626.3199462890625,1640.9200439453125,196276700.0,"Metal Plate Embossing, dog tag embosser, embossing machine - SLF Technology Sdn Bhd",0.0,0.0,Neutral,0.0,Neutral,-0.004760451800397636,,1642.68994140625,0.0,1647.9599609375,0.0,1656.5799560546875,0.0,1646.9019775390625,1644.859382583335,33.53631914011251,-5.21094257658774,-0.9518213023361985,-4.259121274251542
2019-08-01,1639.0699462890625,1639.1300048828125,1627.949951171875,1628.800048828125,138091900.0,,0.0,0.0,Neutral,0.0,Neutral,0.002568981744370369,,1634.8699951171875,0.0,1642.68994140625,0.0,1647.9599609375,0.0,1644.2339599609375,1642.929570485244,37.19876398866585,-5.964250845859624,-1.9543072110408837,-4.0099436348187405
2019-08-02,1626.760009765625,1631.4200439453125,1623.6600341796875,1631.3900146484375,116380700.0,,0.0,0.0,Neutral,0.0,Neutral,-0.007510318001564098,,1639.0699462890625,0.0,1634.8699951171875,0.0,1642.68994140625,0.0,1638.269970703125,1637.5397169120376,31.68728680113364,-7.4684702000549805,-3.0571398088437034,-4.411330391211277
2019-08-05,1610.4100341796875,1621.6800537109375,1610.4100341796875,1621.1199951171875,123498200.0,,0.0,0.0,Neutral,0.0,Neutral,-0.010050637763275971,,1626.760009765625,0.0,1639.0699462890625,0.0,1634.8699951171875,0.0,1630.7599853515626,1628.4964893345875,26.146209387552833,-9.866150422305054,-4.418941931535974,-5.44720849076908
2019-08-06,1611.7900390625,1617.219970703125,1588.97998046875,1592.8399658203125,183727500.0,,0.0,0.0,Neutral,0.0,Neutral,0.0008569276479424293,,1610.4100341796875,0.0,1626.760009765625,0.0,1639.0699462890625,0.0,1624.5800048828125,1622.927672577225,27.301739795506823,-11.522154190711717,-5.839584383371123,-5.682569807340594
2019-08-07,1604.699951171875,1611.47998046875,1602.800048828125,1611.0999755859375,366237100.0,,0.0,0.0,Neutral,0.0,Neutral,-0.004398890499874852,,1611.7900390625,0.0,1610.4100341796875,0.0,1626.760009765625,0.0,1618.54599609375,1616.8517654421082,25.1265501308791,-13.253877496941186,-7.322443006085136,-5.93143449085605
2019-08-08,1616.02001953125,1620.6500244140625,1605.8399658203125,1607.1800537109375,113077000.0,,0.0,0.0,Neutral,0.0,Neutral,0.007054320872327713,,1604.699951171875,0.0,1611.7900390625,0.0,1610.4100341796875,0.0,1613.9360107421876,1616.5745168051556,34.1476629497201,-13.55657403586656,-8.569269212041421,-4.98730482382514
2019-08-09,1615.050048828125,1620.760009765625,1613.27001953125,1613.300048828125,94084900.0,,0.0,0.0,Neutral,0.0,Neutral,-0.0006002219597541769,,1616.02001953125,0.0,1604.699951171875,0.0,1611.7900390625,0.0,1611.5940185546874,1616.066360812812,33.77218393724503,-13.716615151959331,-9.598738400025002,-4.117876751934329
2019-08-13,1592.8800048828125,1615.239990234375,1591.2900390625,1615.239990234375,149253200.0,,0.0,0.0,Neutral,0.0,Neutral,-0.013727155985908346,,1615.050048828125,0.0,1616.02001953125,0.0,1604.699951171875,0.0,1608.0880126953125,1608.3375755028121,26.578546724975343,-15.454239302347787,-10.769838580489559,-4.684400721858228
2019-08-14,1600.31005859375,1603.0400390625,1596.8199462890625,1598.3599853515625,110009700.0,Malaysia: A New Hope (And Some Legal Issues That Came with It) - Malaysian Bar,0.16818181818181818,0.3272727272727272,Positive,0.5267,Positive,0.004664540761489588,,1592.8800048828125,0.0,1615.050048828125,0.0,1616.02001953125,0.0,1605.7920166015624,1605.6617365331247,31.82005319851254,-16.046798220413848,-11.825230508474416,-4.221567711939432
2019-08-15,1600.2900390625,1600.2900390625,1581.260009765625,1584.9100341796875,129951400.0,,0.0,0.0,Neutral,0.0,Neutral,-1.2509782802760938e-05,,1600.31005859375,0.5267,1592.8800048828125,0.0,1615.050048828125,0.0,1604.9100341796875,1603.871170709583,31.813463117822057,-16.329781287255855,-12.726140664230703,-3.603640623025152
2019-08-16,1599.219970703125,1600.1700439453125,1590.1800537109375,1598.06005859375,110266200.0,,0.0,0.0,Neutral,0.0,Neutral,-0.0006686715115729047,,1600.2900390625,0.0,1600.31005859375,0.5267,1592.8800048828125,0.0,1601.5500244140626,1602.3207707074305,31.43866600015762,-16.450758872141932,-13.471064305812948,-2.979694566328984
2019-08-19,1596.449951171875,1602.030029296875,1594.8399658203125,1595.510009765625,103561700.0,,0.0,0.0,Neutral,0.0,Neutral,-0.001732106640734421,,1599.219970703125,0.0,1600.2900390625,0.0,1600.31005859375,0.5267,1597.8300048828125,1600.3638308622453,30.438962679310684,-16.57903906368074,-14.092659257386506,-2.4863798062942326
2019-08-20,1602.75,1603.4300537109375,1597.1300048828125,1598.3699951171875,106942400.0,,0.0,0.0,Neutral,0.0,Neutral,0.00394628646109485,,1596.449951171875,0.0,1599.219970703125,0.0,1600.2900390625,0.0,1599.80400390625,1601.1592205748302,35.46524048305499,-15.98804057146117,-14.471735520201438,-1.5163050512597316
2019-08-21,1594.5899658203125,1601.9000244140625,1594.5899658203125,1601.239990234375,96427600.0,,0.0,0.0,Neutral,0.0,Neutral,-0.005091270740719023,,1602.75,0.0,1596.449951171875,0.0,1599.219970703125,0.0,1598.6599853515625,1598.969468989991,32.21801827784975,-15.993750569708936,-14.776138530102937,-1.2176120396059993
2019-08-22,1602.469970703125,1605.530029296875,1594.1700439453125,1596.260009765625,113714400.0,,0.0,0.0,Neutral,0.0,Neutral,0.0049417123221133785,,1594.5899658203125,0.0,1602.75,0.0,1596.449951171875,0.0,1599.0959716796874,1600.136302894369,38.11108254499407,-15.187354873186223,-14.858381798719595,-0.32897307446662793
2019-08-23,1609.3299560546875,1609.3299560546875,1594.5899658203125,1595.77001953125,84127400.0,,0.0,0.0,Neutral,0.0,Neutral,0.004280882311044287,,1602.469970703125,0.0,1594.5899658203125,0.0,1602.75,0.0,1601.11796875,1603.2008539478086,42.77542944499492,-13.83525280515164,-14.653756000006004,0.8185031948543635
2019-08-26,1600.530029296875,1600.530029296875,1590.510009765625,1598.280029296875,89033000.0,,0.0,0.0,Neutral,0.0,Neutral,-0.005468068698221251,,1609.3299560546875,0.0,1602.469970703125,0.0,1594.5899658203125,0.0,1601.933984375,1602.3105790641641,38.74178060944721,-13.320235338737348,-14.387051867752273,1.0668165290149254
2019-08-27,1590.8399658203125,1601.4000244140625,1590.8399658203125,1601.4000244140625,210071500.0,Embrace simple and secure mobile banking for your business with the new Hong Leong ConnectFirst Mobile - Hong Leong Bank,0.1787878787878788,0.4705627705627705,Positive,0.5719,Positive,-0.006054284080392658,,1600.530029296875,0.0,1609.3299560546875,0.0,1602.469970703125,0.0,1599.5519775390626,1598.4870413162137,34.84523831169595,-13.537930588665859,-14.217227611934991,0.6792970232691324
2019-08-28,1589.8199462890625,1592.1300048828125,1585.6600341796875,1590.3900146484375,92700600.0,,0.0,0.0,Neutral,0.0,Neutral,-0.0006411829933654634,,1590.8399658203125,0.5719,1600.530029296875,0.0,1609.3299560546875,0.0,1598.5979736328125,1595.5980096404967,34.45242503060812,-13.635580213311641,-14.100898132210322,0.46531791889868046
2019-08-29,1595.1800537109375,1597.3900146484375,1584.8299560546875,1593.3599853515625,92439100.0,,0.0,0.0,Neutral,0.0,Neutral,0.0033715185385529978,,1589.8199462890625,0.0,1590.8399658203125,0.5719,1600.530029296875,0.0,1597.139990234375,1595.4586909973102,38.38331376550627,-13.12910818514024,-13.906540142796306,0.7774319576560664
2019-08-30,1612.1400146484375,1612.1400146484375,1601.5899658203125,1602.239990234375,150191400.0,,0.0,0.0,Neutral,0.0,Neutral,0.010632004141504448,,1595.1800537109375,0.0,1589.8199462890625,0.0,1590.8399658203125,0.5719,1597.702001953125,1601.0191322143526,48.83813331830547,-11.229748792725331,-13.371181872782111,2.14143308005678
2019-09-03,1591.52001953125,1616.3399658203125,1591.52001953125,1612.780029296875,105352900.0,,0.0,0.0,Neutral,0.0,Neutral,-0.012790449297100381,,1612.1400146484375,0.0,1595.1800537109375,0.0,1589.8199462890625,0.0,1595.9,1597.8527613199851,39.960494851620396,-11.258572254822639,-12.948659949190217,1.6900876943675787
2019-09-04,1599.8900146484375,1600.9100341796875,1591.1099853515625,1593.969970703125,95861600.0,,0.0,0.0,Neutral,0.0,Neutral,0.00525912022121644,,1591.52001953125,0.0,1612.1400146484375,0.0,1595.1800537109375,0.0,1597.710009765625,1598.5318457628025,44.38016091603471,-10.485160003472856,-12.455959960046744,1.970799956573888
2019-09-05,1599.75,1603.7900390625,1592.8399658203125,1598.1700439453125,108502500.0,,0.0,0.0,Neutral,0.0,Neutral,-8.751517114025109e-05,,1599.8900146484375,0.0,1591.52001953125,0.0,1612.1400146484375,0.0,1599.6960205078126,1598.9378971752017,44.321385105095736,-9.770890490712645,-11.918946066179924,2.1480555754672785
2019-09-06,1604.469970703125,1606.4000244140625,1599.5799560546875,1601.6600341796875,91206400.0,,0.0,0.0,Neutral,0.0,Neutral,0.0029504426961244334,,1599.75,0.0,1599.8900146484375,0.0,1591.52001953125,0.0,1601.55400390625,1600.7819216845094,46.875582459960306,-8.72340656575716,-11.27983816609537,2.556431600338211
2019-09-10,1595.8499755859375,1597.780029296875,1589.780029296875,1590.8299560546875,174806400.0,,0.0,0.0,Neutral,0.0,Neutral,-0.005372487659217384,,1604.469970703125,0.0,1599.75,0.0,1599.8900146484375,0.0,1598.29599609375,1599.137939651652,42.99631548673145,-8.490951174461998,-10.722060767768696,2.231109593306698
2019-09-11,1602.300048828125,1602.300048828125,1595.280029296875,1597.8800048828125,128033000.0,,0.0,0.0,Neutral,0.0,Neutral,0.004041779202847318,,1595.8499755859375,0.0,1604.469970703125,0.0,1599.75,0.0,1600.452001953125,1600.1919760438097,46.560096169968965,-7.697529271085386,-10.117154468432034,2.4196251973466474
2019-09-12,1601.0,1608.3900146484375,1601.0,1603.2099609375,120542700.0,,0.0,0.0,Neutral,0.0,Neutral,-0.0008113641568417984,,1602.300048828125,0.0,1595.8499755859375,0.0,1604.469970703125,0.0,1600.6739990234375,1600.4613173625398,45.936723499442415,-7.091888891240842,-9.512101352993795,2.4202124617529535
2019-09-13,1601.25,1603.6800537109375,1596.3299560546875,1600.68994140625,87804400.0,,0.0,0.0,Neutral,0.0,Neutral,0.0001561524047470897,,1601.0,0.0,1602.300048828125,0.0,1595.8499755859375,0.0,1600.9739990234375,1600.7242115750266,46.086208903288004,-6.5166220535707,-8.913005493109177,2.396383439538477
2019-09-17,1604.300048828125,1609.969970703125,1597.0899658203125,1609.9200439453125,140900100.0,,0.0,0.0,Neutral,0.0,Neutral,0.0019047923985167081,,1601.25,0.0,1601.0,0.0,1602.300048828125,0.0,1600.9400146484375,1601.9161573260594,47.97615887368509,-5.748342179607562,-8.280072830408853,2.5317306508012916
2019-09-18,1599.489990234375,1599.5699462890625,1594.0899658203125,1599.5699462890625,102870800.0,,0.0,0.0,Neutral,0.0,Neutral,-0.002998228789722668,,1604.300048828125,0.0,1601.25,0.0,1601.0,0.0,1601.668017578125,1601.1074349621647,45.28035368408758,-5.464613708287516,-7.716981005984586,2.25236729769707
2019-09-19,1596.280029296875,1599.1700439453125,1592.6500244140625,1598.6500244140625,82675500.0,,0.0,0.0,Neutral,0.0,Neutral,-0.0020068652864965175,,1599.489990234375,0.0,1604.300048828125,0.0,1601.25,0.0,1600.464013671875,1599.4982997404015,43.52277929321993,-5.43610978180277,-7.260806761148222,1.8246969793454522
2019-09-20,1597.4100341796875,1597.6099853515625,1590.02001953125,1597.6099853515625,246858500.0,,0.0,0.0,Neutral,0.0,Neutral,0.0007078989037470063,,1596.280029296875,0.0,1599.489990234375,0.0,1604.300048828125,0.0,1599.7460205078125,1598.8022112201636,44.34180638715676,-5.261684836990071,-6.860982376316592,1.5992975393265212
2019-09-23,1592.9300537109375,1597.5899658203125,1590.969970703125,1597.5899658203125,83778400.0,,0.0,0.0,Neutral,0.0,Neutral,-0.002804527562048631,,1597.4100341796875,0.0,1596.280029296875,0.0,1599.489990234375,0.0,1598.08203125,1596.8448253837548,41.75640186182413,-5.422442255661281,-6.57327435218553,1.1508320965242493
2019-09-24,1592.3299560546875,1593.5,1585.5799560546875,1593.5,100387100.0,,0.0,0.0,Neutral,0.0,Neutral,-0.000376725679104406,,1592.9300537109375,0.0,1597.4100341796875,0.0,1596.280029296875,0.0,1595.6880126953124,1595.3398689407325,41.40811978333453,-5.534468624569854,-6.365513206662395,0.8310445820925407
2019-09-25,1589.5799560546875,1593.989990234375,1586.1400146484375,1592.52001953125,74123200.0,,0.0,0.0,Neutral,0.0,Neutral,-0.0017270289926678561,,1592.3299560546875,0.0,1592.9300537109375,0.0,1597.4100341796875,0.0,1593.706005859375,1593.4198979787175,39.771037798355046,-5.778540923577111,-6.248118750045338,0.46957782646822643
2019-09-26,1593.0,1593.050048828125,1589.2099609375,1589.47998046875,95044500.0,"Can your Employer demote you? - Donovan & Ho, Advocates & Solicitors",0.0,0.0,Neutral,0.0,Neutral,0.002151539425422122,,1589.5799560546875,0.0,1592.3299560546875,0.0,1592.9300537109375,0.0,1593.05,1593.2799319858116,42.799806391677784,-5.6310893226198,-6.12471286456023,0.4936235419404298
2019-09-27,1584.1400146484375,1592.050048828125,1583.449951171875,1590.239990234375,73331700.0,,0.0,0.0,Neutral,0.0,Neutral,-0.005561823823956424,,1593.0,0.0,1589.5799560546875,0.0,1592.3299560546875,0.0,1590.39599609375,1590.2332928733535,37.53392900851284,-6.158172064186601,-6.1314047044855045,-0.026767359701096893
2019-09-30,1583.9100341796875,1586.68994140625,1578.530029296875,1584.260009765625,92489700.0,,0.0,0.0,Neutral,0.0,Neutral,-0.00014517685723702822,,1584.1400146484375,0.0,1593.0,0.0,1589.5799560546875,0.0,1588.5919921875,1588.1255399754648,37.40528057899336,-6.519296049369359,-6.208982973462275,-0.310313075907084
2019-10-01,1589.43994140625,1589.6400146484375,1583.8399658203125,1584.93994140625,71303900.0,,0.0,0.0,Neutral,0.0,Neutral,0.00349130134113107,,1583.9100341796875,0.0,1584.1400146484375,0.0,1593.0,0.0,1588.0139892578125,1588.5636737857265,42.507975855678445,-6.2868017741100175,-6.224546733591824,-0.06225504051819364
2019-10-02,1574.9000244140625,1589.06005859375,1574.9000244140625,1588.8499755859375,87431300.0,,0.0,0.0,Neutral,0.0,Neutral,-0.009147824094141832,,1589.43994140625,0.0,1583.9100341796875,0.0,1584.1400146484375,0.0,1585.0780029296875,1584.0091239951719,34.53604827638909,-7.192883093165619,-6.418214005506583,-0.7746690876590367
2019-10-03,1564.1199951171875,1572.0400390625,1563.1300048828125,1571.9599609375,90318700.0,,0.0,0.0,Neutral,0.0,Neutral,-0.006844897536201211,,1574.9000244140625,0.0,1589.43994140625,0.0,1583.9100341796875,0.0,1579.302001953125,1577.379414369177,30.038157483657756,-8.680751043821374,-6.870721413169541,-1.810029630651833
2019-10-04,1557.6700439453125,1564.7900390625,1551.9599609375,1563.8900146484375,76431100.0,,0.0,0.0,Neutral,0.0,Neutral,-0.004123693317654831,,1564.1199951171875,0.0,1574.9000244140625,0.0,1589.43994140625,0.0,1574.0080078125,1570.809624227889,27.712562318599883,-10.262059633757417,-7.548989057287116,-2.713070576470301
2019-10-07,1559.0,1560.3699951171875,1555.550048828125,1557.7900390625,44082500.0,,0.0,0.0,Neutral,0.0,Neutral,0.0008538111520197678,,1557.6700439453125,0.0,1564.1199951171875,0.0,1574.9000244140625,0.0,1569.0260009765625,1566.8730828185926,28.934323349756703,-11.27793671115387,-8.294778588060467,-2.9831581230934034
2019-10-08,1558.7900390625,1565.1600341796875,1556.2099609375,1560.4599609375,78376500.0,,0.0,0.0,Neutral,0.0,Neutral,-0.000134676675753731,,1559.0,0.0,1557.6700439453125,0.0,1564.1199951171875,0.0,1562.8960205078124,1564.178734899895,28.851419153364983,-11.962077325653581,-9.02823833557909,-2.9338389900744914
2019-10-09,1551.22998046875,1555.4200439453125,1548.6199951171875,1554.72998046875,87647500.0,,0.0,0.0,Neutral,0.0,Neutral,-0.004849953107409433,,1558.7900390625,0.0,1559.0,0.0,1557.6700439453125,0.0,1558.16201171875,1559.8624834228467,25.966414545184847,-12.964846557305464,-9.815559979924364,-3.1492865773810994
2019-10-10,1551.8699951171875,1553.1800537109375,1548.449951171875,1550.699951171875,69706900.0,Connect Scheduled Maintenance - Hong Leong Bank,0.0,0.0,Neutral,0.0,Neutral,0.0004125852752305814,,1551.22998046875,0.0,1558.7900390625,0.0,1559.0,0.0,1555.71201171875,1557.1983206542936,26.6352453025396,-13.551689128014232,-10.562785809542337,-2.9889033184718947
2019-10-11,1556.8399658203125,1558.260009765625,1550.9599609375,1550.9599609375,78630200.0,,0.0,0.0,Neutral,0.0,Neutral,0.0032025689772741117,,1551.8699951171875,0.0,1551.22998046875,0.0,1558.7900390625,0.0,1555.54599609375,1557.0788690429665,31.78863287462913,-13.460565967744515,-11.142341841182773,-2.3182241265617414
2019-10-14,1567.5899658203125,1568.9599609375,1562.6500244140625,1562.6500244140625,67604000.0,,0.0,0.0,Neutral,0.0,Neutral,0.006905012869666161,,1556.8399658203125,0.0,1551.8699951171875,0.0,1551.22998046875,0.0,1557.2639892578125,1560.5825679687484,41.38018893165389,-12.378226557644439,-11.389518784475106,-0.9887077731693328
2019-10-15,1566.22998046875,1568.239990234375,1563.1300048828125,1567.030029296875,84407300.0,Security - HSBC,0.0,0.0,Neutral,0.34,Positive,-0.0008675644659735804,,1567.5899658203125,0.0,1556.8399658203125,0.0,1551.8699951171875,0.0,1558.7519775390624,1562.4650388020823,40.60234251455722,-11.497666289370045,-11.411148285454093,-0.08651800391595188
2019-10-16,1574.9000244140625,1574.9000244140625,1567.8699951171875,1568.0999755859375,104215600.0,,0.0,0.0,Neutral,0.0,Neutral,0.005535613577463128,,1566.22998046875,0.34,1567.5899658203125,0.0,1556.8399658203125,0.0,1563.485986328125,1566.6100340060757,47.391682408599166,-9.98511366999196,-11.125941362361667,1.1408276923697063
2019-10-17,1574.5,1577.0400390625,1569.2099609375,1573.0400390625,96261500.0,,0.0,0.0,Neutral,0.0,Neutral,-0.00025399987799945567,,1574.9000244140625,0.0,1566.22998046875,0.34,1567.5899658203125,0.0,1568.0119873046874,1569.240022670717,47.124042633565274,-8.71818563177203,-10.644390216243739,1.9262045844717086
2019-10-18,1571.1500244140625,1576.8699951171875,1567.719970703125,1572.719970703125,102591400.0,,0.0,0.0,Neutral,0.0,Neutral,-0.0021276440685534803,,1574.5,0.0,1574.9000244140625,0.0,1566.22998046875,0.34,1570.8739990234376,1569.8766899184989,44.840251427181144,-7.893460171284005,-10.094204207251792,2.2007440359677872
2019-10-21,1570.9300537109375,1572.06005859375,1565.0799560546875,1568.780029296875,48984300.0,,0.0,0.0,Neutral,0.0,Neutral,-0.00014000617363518764,,1571.1500244140625,0.0,1574.5,0.0,1574.9000244140625,0.0,1571.5420166015624,1570.2278111826452,44.68710602213361,-7.174901303386832,-9.5103436264788,2.335442323091968
2019-10-22,1574.0899658203125,1574.0899658203125,1567.699951171875,1570.27001953125,92716700.0,,0.0,0.0,Neutral,0.0,Neutral,0.002011491283084421,,1570.9300537109375,0.0,1571.1500244140625,0.0,1574.5,0.0,1573.114013671875,1571.5151960618675,47.46295853803038,-6.278089813507222,-8.863892863884484,2.5858030503772618
2019-10-23,1568.7900390625,1573.22998046875,1564.0799560546875,1571.6600341796875,81163100.0,,0.0,0.0,Neutral,0.0,Neutral,-0.0033669783004115494,,1574.0899658203125,0.0,1570.9300537109375,0.0,1571.1500244140625,0.0,1571.8920166015625,1570.6068103954117,43.51819955467447,-5.926700725894079,-8.276454436286404,2.3497537103923243
2019-10-24,1571.1099853515625,1571.4300537109375,1565.6400146484375,1569.469970703125,85709400.0,,0.0,0.0,Neutral,0.0,Neutral,0.0014788124805080738,,1568.7900390625,0.0,1574.0899658203125,0.0,1570.9300537109375,0.0,1571.214013671875,1570.7745353807952,45.647693418441825,-5.398788195720499,-7.700921188173223,2.302132992452724
2019-10-25,1570.0,1573.1500244140625,1567.9000244140625,1572.9200439453125,70214800.0,,0.0,0.0,Neutral,0.0,Neutral,-0.000706497547537488,,1571.1099853515625,0.0,1568.7900390625,0.0,1574.0899658203125,0.0,1570.9840087890625,1570.5163569205301,44.77782246043765,-5.012202700743728,-7.163177490687324,2.1509747899435956
2019-10-29,1577.7900390625,1577.97998046875,1570.1800537109375,1573.1600341796875,136240000.0,,0.0,0.0,Neutral,0.0,Neutral,0.004961808320063765,,1570.0,0.0,1571.1099853515625,0.0,1568.7900390625,0.0,1572.356005859375,1572.94091763452,51.729993141793415,-4.0307755905682825,-6.536697110663516,2.5059215200952334
2019-10-30,1580.0,1583.0,1575.3299560546875,1583.0,103994200.0,,0.0,0.0,Neutral,0.0,Neutral,0.001400668582502318,,1577.7900390625,0.0,1570.0,0.0,1571.1099853515625,0.0,1573.5380126953125,1575.29394508968,53.5178103832075,-3.039623271734854,-5.837282342877783,2.797659071142929
2019-10-31,1597.97998046875,1599.77001953125,1579.1400146484375,1579.1400146484375,192718900.0,,0.0,0.0,Neutral,0.0,Neutral,0.0113797344738924,,1580.0,0.0,1577.7900390625,0.0,1570.0,0.0,1579.3760009765624,1582.8559568827034,64.90626221325155,-0.7941394144952483,-4.828653757201276,4.034514342706028
2019-11-01,1593.3399658203125,1596.8399658203125,1583.0,1595.72998046875,88597000.0,,0.0,0.0,Neutral,0.0,Neutral,-0.002903675080507817,,1597.97998046875,0.0,1580.0,0.0,1577.7900390625,0.0,1583.8219970703126,1586.350626528573,60.768447212434104,0.6040492129766335,-3.742113163165694,4.346162376142328
2019-11-04,1603.56005859375,1603.56005859375,1595.199951171875,1598.280029296875,105488800.0,,0.0,0.0,Neutral,0.0,Neutral,0.006414257467128648,,1593.3399658203125,0.0,1597.97998046875,0.0,1580.0,0.0,1590.5340087890625,1592.087103883632,65.92171148876656,2.5078904476179105,-2.492112441008973,5.0000028886268835
2019-11-05,1606.739990234375,1606.739990234375,1597.760009765625,1599.0699462890625,136828000.0,Worried about Depreciation? Here Are the Cars with the Best Resale Value in Malaysia - Carsome,1.0,0.3,Positive,0.6597,Positive,0.001983044927804878,,1603.56005859375,0.0,1593.3399658203125,0.0,1597.97998046875,0.0,1596.3239990234374,1596.9713993338796,67.35841066592498,4.2245937629268155,-1.1487712002218151,5.373364963148631
2019-11-06,1603.25,1609.6400146484375,1597.1800537109375,1609.4300537109375,86576200.0,,0.0,0.0,Neutral,0.0,Neutral,-0.0021720939639188197,,1606.739990234375,0.6597,1603.56005859375,0.0,1593.3399658203125,0.0,1600.9739990234375,1599.0642662225864,64.16133741572581,5.2430419398378945,0.1295914277901269,5.113450512047768
2019-11-07,1609.3299560546875,1609.3299560546875,1601.1800537109375,1604.8499755859375,106440400.0,MySST - MySST,0.0,0.0,Neutral,0.0,Neutral,0.003792269486784683,,1603.25,0.0,1606.739990234375,0.6597,1603.56005859375,0.0,1603.243994140625,1602.4861628332867,67.09173565409763,6.466232396881878,1.3969196216084774,5.069312775273401
2019-11-08,1609.72998046875,1614.18994140625,1606.02001953125,1607.0899658203125,109606800.0,,0.0,0.0,Neutral,0.0,Neutral,0.00024856581620036344,,1609.3299560546875,0.0,1603.25,0.0,1606.739990234375,0.6597,1606.5219970703124,1604.9007687117744,67.28129347924,7.382794019939638,2.59409450127471,4.788699518664928
2019-11-11,1608.1500244140625,1611.4300537109375,1601.989990234375,1610.6600341796875,87810000.0,,0.0,0.0,Neutral,0.0,Neutral,-0.0009815037763212242,,1609.72998046875,0.0,1609.3299560546875,0.0,1603.25,0.0,1607.439990234375,1605.9838539458704,65.67227151927804,7.890727070451931,3.653421015110154,4.237306055341777
2019-11-12,1609.72998046875,1614.2099609375,1605.7099609375,1612.1800537109375,102461500.0,Malaysia Airlines says US codeshare deals may be hit by FAA country downgrade - NST Online | Supra Aluminium Sdn Bhd - Supra Aluminium Sdn Bhd,0.0,0.0,Neutral,0.0,Neutral,0.000982468072444398,,1608.1500244140625,0.0,1609.72998046875,0.0,1609.3299560546875,0.0,1608.03798828125,1607.2325627868302,66.53416575905644,8.324793879968638,4.587695588081851,3.737098291886787
2019-11-13,1597.219970703125,1610.8800048828125,1593.9100341796875,1610.8800048828125,120634300.0,,0.0,0.0,Neutral,0.0,Neutral,-0.007771495789611893,,1609.72998046875,0.0,1608.1500244140625,0.0,1609.72998046875,0.0,1606.831982421875,1603.8950320922618,54.8014558605415,7.572055770737052,5.184567624612891,2.387488146124161
2019-11-14,1593.550048828125,1598.0899658203125,1592.6300048828125,1595.4000244140625,83645300.0,Malaysian Qualifications Register (MQR) - mqa.gov.my,0.0,0.0,Neutral,0.0,Neutral,-0.0022976934563273543,,1597.219970703125,0.0,1609.72998046875,0.0,1608.1500244140625,0.0,1603.6760009765626,1600.4467043375496,51.909546322150426,6.60325515643035,5.468305130976383,1.1349500254539677
2019-11-15,1594.75,1596.8499755859375,1592.219970703125,1593.7900390625,77516500.0,,0.0,0.0,Neutral,0.0,Neutral,0.0007530050108921493,,1593.550048828125,0.0,1597.219970703125,0.0,1609.72998046875,0.0,1600.6800048828125,1598.5478028916998,52.78684419503925,5.86469516569673,5.547583137920452,0.317112027776278
2019-11-18,1604.3599853515625,1604.3599853515625,1592.469970703125,1593.0899658203125,57599800.0,Overflight charge revision will help CAAM tackle downgrade - NST Online,0.0,0.0,Neutral,0.4019,Positive,0.006026013702186805,,1594.75,0.0,1593.550048828125,0.0,1597.219970703125,0.0,1599.9219970703125,1600.4851970449874,59.20536673069069,5.985825683443636,5.635231647025089,0.35059403641854736
2019-11-19,1605.31005859375,1605.31005859375,1595.1500244140625,1601.0899658203125,80138500.0,,0.0,0.0,Neutral,0.0,Neutral,0.0005921820856054083,,1604.3599853515625,0.4019,1594.75,0.0,1593.550048828125,0.0,1599.0380126953125,1602.0934842279082,59.78740717152298,6.088303291500324,5.7258459759201354,0.3624573155801887
2019-11-20,1601.1400146484375,1604.3800048828125,1598.3199462890625,1601.4200439453125,87737000.0,,0.0,0.0,Neutral,0.0,Neutral,-0.0025976563985187218,,1605.31005859375,0.0,1604.3599853515625,0.4019,1594.75,0.0,1599.822021484375,1601.7756610347512,56.010080437979745,5.766556563810354,5.733988093498179,0.03256847031217536
2019-11-21,1592.18994140625,1601.3599853515625,1587.0699462890625,1601.3599853515625,97583900.0,,0.0,0.0,Neutral,0.0,Neutral,-0.00558981298344019,,1601.1400146484375,0.0,1605.31005859375,0.0,1604.3599853515625,0.4019,1599.55,1598.5804211585842,48.87308774892888,4.7347940932938855,5.53414929345732,-0.7993552001634345
2019-11-22,1596.8399658203125,1600.06005859375,1589.25,1589.8699951171875,93254800.0,,0.0,0.0,Neutral,0.0,Neutral,0.002920521159652356,,1592.18994140625,0.0,1601.1400146484375,0.0,1605.31005859375,0.0,1599.9679931640626,1598.0002693791603,52.27562312492766,4.243417534401033,5.2760029416460625,-1.0325854072450298
2019-11-25,1591.3499755859375,1596.300048828125,1588.719970703125,1595.0799560546875,56368900.0,,0.0,0.0,Neutral,0.0,Neutral,-0.003438034087251074,,1596.8399658203125,0.0,1592.18994140625,0.0,1601.1400146484375,0.0,1597.3659912109374,1595.7835047814194,48.19734169181068,3.3721299264364006,4.89522833860413,-1.5230984121677293
2019-11-26,1583.8699951171875,1595.9200439453125,1583.699951171875,1589.6400146484375,255822800.0,,0.0,0.0,Neutral,0.0,Neutral,-0.004700399398941735,,1591.3499755859375,0.0,1596.8399658203125,0.0,1592.18994140625,0.0,1593.077978515625,1591.812334893342,43.24687359481533,2.054374755436129,4.32705762197053,-2.272682866534401
2019-11-27,1587.1800537109375,1590.510009765625,1582.4599609375,1587.6400146484375,72429300.0,,0.0,0.0,Neutral,0.0,Neutral,0.0020898549779682085,,1583.8699951171875,0.0,1591.3499755859375,0.0,1596.8399658203125,0.0,1590.285986328125,1590.2682411658739,45.89524282768516,1.2625840704738494,3.714162911671194,-2.4515788411973447
2019-11-28,1583.77001953125,1588.510009765625,1582.280029296875,1588.0799560546875,68597800.0,,0.0,0.0,Neutral,0.0,Neutral,-0.0021484860345331036,,1587.1800537109375,0.0,1583.8699951171875,0.0,1591.3499755859375,0.0,1588.602001953125,1588.102167287666,43.63610634838547,0.35582130216107544,3.0424945897691704,-2.686673287608095
2019-11-29,1561.739990234375,1585.699951171875,1560.719970703125,1585.699951171875,113618700.0,,0.0,0.0,Neutral,0.0,Neutral,-0.013909866347511235,,1583.77001953125,0.0,1587.1800537109375,0.0,1583.8699951171875,0.0,1581.5820068359376,1579.314774936569,32.504471886219925,-2.116041566235481,2.0107873585682405,-4.126828924803721
2019-12-02,1570.550048828125,1570.550048828125,1561.97998046875,1562.550048828125,75988700.0,,0.0,0.0,Neutral,0.0,Neutral,0.005641181405893203,,1561.739990234375,0.0,1583.77001953125,0.0,1587.1800537109375,0.0,1577.422021484375,1576.3931995670875,39.18584918853292,-3.325775132956551,0.9434748602632823,-4.269249993219833
2019-12-03,1562.27001953125,1568.8499755859375,1556.1700439453125,1568.8499755859375,85943900.0,,0.0,0.0,Neutral,0.0,Neutral,-0.005272056947852932,,1570.550048828125,0.0,1561.739990234375,0.0,1583.77001953125,0.0,1573.1020263671876,1571.685472888475,35.61731445567837,-4.896186673209968,-0.22445744643136778,-4.6717292267786
2019-12-04,1560.9300537109375,1560.9300537109375,1550.9200439453125,1553.989990234375,106194700.0,,0.0,0.0,Neutral,0.0,Neutral,-0.0008577043683617447,,1562.27001953125,0.0,1570.550048828125,0.0,1561.739990234375,0.0,1567.8520263671876,1568.100333162629,35.06085982813254,-6.177660946274273,-1.4150981463999488,-4.762562799874324
2019-12-05,1563.5799560546875,1567.3399658203125,1560.1300048828125,1561.93994140625,102869400.0,,0.0,0.0,Neutral,0.0,Neutral,0.001697643233564694,,1560.9300537109375,0.0,1562.27001953125,0.0,1570.550048828125,0.0,1563.814013671875,1566.5935407933152,37.15198945244646,-6.899876090669295,-2.512053735253818,-4.3878223554154765
2019-12-06,1568.43994140625,1569.010009765625,1561.5799560546875,1561.5799560546875,67750300.0,,0.0,0.0,Neutral,0.0,Neutral,0.0031082422953447875,,1563.5799560546875,0.0,1560.9300537109375,0.0,1562.27001953125,0.0,1565.15400390625,1567.2090076642935,40.91016426496904,-6.999391961045831,-3.4095213804122206,-3.58987058063361
2019-12-09,1562.7099609375,1567.780029296875,1560.02001953125,1566.1800537109375,76676600.0,,0.0,0.0,Neutral,0.0,Neutral,-0.0036532992545526,,1568.43994140625,0.0,1563.5799560546875,0.0,1560.9300537109375,0.0,1563.585986328125,1565.709325422029,38.023227411028024,-7.454687544049648,-4.218554613139706,-3.2361329309099416
2019-12-10,1561.7900390625,1564.8199462890625,1559.22998046875,1561.469970703125,72435300.0,,0.0,0.0,Neutral,0.0,Neutral,-0.0005886708973481536,,1562.7099609375,0.0,1568.43994140625,0.0,1563.5799560546875,0.0,1563.489990234375,1564.4028966355193,37.56490526041758,-7.79983098464777,-4.934809887441319,-2.8650210972064505
2019-12-11,1563.18994140625,1568.030029296875,1558.760009765625,1558.760009765625,94604400.0,,0.0,0.0,Neutral,0.0,Neutral,0.000896344776657898,,1561.7900390625,0.0,1562.7099609375,0.0,1568.43994140625,0.0,1563.9419677734375,1563.998578225763,38.77435197319858,-7.869682427955013,-5.521784395544058,-2.3478980324109546
2019-12-12,1567.3399658203125,1572.510009765625,1559.8299560546875,1559.8299560546875,124138400.0,,0.0,0.0,Neutral,0.0,Neutral,0.0026548433457351805,,1563.18994140625,0.0,1561.7900390625,0.0,1562.7099609375,0.0,1564.6939697265625,1565.1123740906128,42.34024530797821,-7.503670272980344,-5.918161571031315,-1.5855087019490286
2019-12-13,1571.1600341796875,1579.22998046875,1571.1600341796875,1576.510009765625,125142500.0,,0.0,0.0,Neutral,0.0,Neutral,0.0024372940412935584,,1567.3399658203125,0.0,1563.18994140625,0.0,1561.7900390625,0.0,1565.23798828125,1567.128260786971,45.487529693548154,-6.8266619032581275,-6.099861637476677,-0.7268002657814501
2019-12-16,1569.3499755859375,1573.4100341796875,1565.5899658203125,1568.4300537109375,77939800.0,,0.0,0.0,Neutral,0.0,Neutral,-0.0011520523399101146,,1571.1600341796875,0.0,1567.3399658203125,0.0,1563.18994140625,0.0,1566.5659912109375,1567.8688323866265,44.25490519827875,-6.362837662057018,-6.152456842392746,-0.21038081966427225
2019-12-17,1576.949951171875,1576.949951171875,1564.25,1571.8699951171875,105202000.0,,0.0,0.0,Neutral,0.0,Neutral,0.004842753817930312,,1569.3499755859375,0.0,1571.1600341796875,0.0,1567.3399658203125,0.0,1569.5979736328125,1570.8958719817094,50.339776018043224,-5.320665772071834,-5.9860986283285635,0.6654328562567295
2019-12-18,1599.1099853515625,1599.1099853515625,1599.1099853515625,1599.1099853515625,0.0,Malaysian Communications and Multimedia Commission - MCMC - mcmc.gov.my,0.0,0.0,Neutral,0.0,Neutral,0.014052465116739965,,1576.949951171875,0.0,1569.3499755859375,0.0,1571.1600341796875,0.0,1576.781982421875,1580.3005764383272,63.016251995526986,-2.675762951942488,-5.324031493051349,2.6482685411088607
2019-12-19,1596.010009765625,1603.5899658203125,1585.760009765625,1587.1300048828125,84325300.0,Safeguarding Patients and Guiding Doctors - Malaysian Medical Council (MMC),0.0,0.0,Neutral,0.2732,Positive,-0.0019385630846748825,,1599.1099853515625,0.0,1576.949951171875,0.0,1569.3499755859375,0.0,1582.5159912109375,1585.5370542140931,60.6826492480432,-0.8203441173639021,-4.423294017913859,3.602949900549957
2019-12-20,1610.1800537109375,1610.1800537109375,1591.949951171875,1598.27001953125,170098700.0,,0.0,0.0,Neutral,0.0,Neutral,0.008878417966434515,,1596.010009765625,0.2732,1599.1099853515625,0.0,1576.949951171875,0.0,1590.3199951171875,1593.751387379708,66.74485663801953,1.773054134622953,-3.1840243874064966,4.95707852202945
2019-12-23,1614.1800537109375,1615.1099853515625,1601.22998046875,1606.449951171875,65777100.0,,0.0,0.0,Neutral,0.0,Neutral,0.0024841942308138076,,1610.1800537109375,0.0,1596.010009765625,0.2732,1599.1099853515625,0.0,1599.2860107421875,1600.5609428234511,68.23382327929039,4.10380143592738,-1.726459222739721,5.830260658667101
2019-12-24,1604.22998046875,1613.8699951171875,1602.0999755859375,1613.8299560546875,34847100.0,Lawyer or Law Firm - Malaysian Bar | Lawyer or Law Firm - Malaysian Bar | Lawyer or Law Firm - Malaysian Bar,-0.20000000000000004,0.4000000000000001,Negative,0.0,Neutral,-0.006164165651355136,,1614.1800537109375,0.0,1610.1800537109375,0.0,1596.010009765625,0.2732,1604.7420166015625,1601.783955371884,60.92612406135529,5.089380499556228,-0.3632912782805313,5.452671777836759
2019-12-26,1603.550048828125,1607.1199951171875,1602.6600341796875,1604.6800537109375,22687500.0,,0.0,0.0,Neutral,0.0,Neutral,-0.0004238367621245409,,1604.22998046875,0.0,1614.1800537109375,0.0,1610.1800537109375,0.0,1605.630029296875,1602.3726531906311,60.449694473469805,5.749319629363072,0.8592309032481893,4.890088726114882
2019-12-27,1610.6099853515625,1610.9100341796875,1598.47998046875,1599.9300537109375,63765200.0,,0.0,0.0,Neutral,0.0,Neutral,0.00440269172053398,,1603.550048828125,0.0,1604.22998046875,0.0,1614.1800537109375,0.0,1608.5500244140626,1605.1184305776083,63.62993171425684,6.764032463652711,2.0401912153290938,4.723841248323618
2019-12-30,1615.6700439453125,1617.4300537109375,1608.760009765625,1609.449951171875,82149800.0,,0.0,0.0,Neutral,0.0,Neutral,0.0031417032303109327,,1610.6099853515625,0.0,1603.550048828125,0.0,1604.22998046875,0.0,1609.6480224609375,1608.6356350335097,65.75533814940887,7.885603803254071,3.209273732914089,4.676330070339982
2019-12-31,1588.760009765625,1610.68994140625,1588.760009765625,1609.3699951171875,104601300.0,,0.0,0.0,Neutral,0.0,Neutral,-0.016655649636218905,,1615.6700439453125,0.0,1610.6099853515625,0.0,1603.550048828125,0.0,1604.564013671875,1602.0104266108815,49.26641703143089,6.527793963214663,3.872977778974204,2.6548161842404587
2020-01-02,1602.5,1603.719970703125,1590.97998046875,1590.97998046875,69876500.0,,0.0,0.0,Neutral,0.0,Neutral,0.008648247784385,,1588.760009765625,0.0,1615.6700439453125,0.0,1610.6099853515625,0.0,1604.218017578125,1602.1736177405876,55.414151719215695,6.485659617627107,4.395514146704785,2.090145470922322
2020-01-03,1611.3800048828125,1612.6199951171875,1604.3399658203125,1606.31005859375,109697200.0,,0.0,0.0,Neutral,0.0,Neutral,0.00554134470066292,,1602.5,0.0,1588.760009765625,0.0,1615.6700439453125,0.0,1605.7840087890625,1605.2424134546625,58.88202164625098,7.08711418518169,4.933834154400166,2.1532800307815245
2020-01-06,1597.760009765625,1611.1600341796875,1593.0799560546875,1611.1600341796875,57241400.0,,0.0,0.0,Neutral,0.0,Neutral,-0.008452379374148888,,1611.3800048828125,0.0,1602.5,0.0,1588.760009765625,0.0,1603.214013671875,1602.74827889165,52.17846210619205,6.391079102718777,5.225283144063888,1.165795958654889
2020-01-07,1611.0400390625,1612.5999755859375,1596.4200439453125,1596.56005859375,96579400.0,,0.0,0.0,Neutral,0.0,Neutral,0.008311654576223182,,1597.760009765625,0.0,1611.3800048828125,0.0,1602.5,0.0,1602.2880126953125,1605.5121989486,57.28482539389781,6.832295217318006,5.546685558714712,1.2856096586032937
2020-01-08,1589.0999755859375,1604.06005859375,1587.4300537109375,1604.06005859375,93682000.0,,0.0,0.0,Neutral,0.0,Neutral,-0.013618571199093155,,1611.0400390625,0.0,1597.760009765625,0.0,1611.3800048828125,0.0,1602.356005859375,1600.0414578277125,48.13925024748486,5.3499119503715065,5.507330837046071,-0.15741888667456472
2020-01-09,1595.6500244140625,1599.010009765625,1589.97998046875,1593.719970703125,97468500.0,,0.0,0.0,Neutral,0.0,Neutral,0.004121860756878926,,1589.0999755859375,0.0,1611.0400390625,0.0,1597.760009765625,0.0,1600.9860107421875,1598.5776466898292,50.671245683464896,4.65004391896332,5.335873453429521,-0.6858295344662011
2020-01-10,1591.4599609375,1597.8499755859375,1589.0699462890625,1596.6500244140625,77260800.0,,0.0,0.0,Neutral,0.0,Neutral,-0.0026259288769171496,,1595.6500244140625,0.0,1589.0999755859375,0.0,1611.0400390625,0.0,1597.002001953125,1596.205084772386,49.0224020818617,3.7144722333312075,5.011593209409858,-1.2971209760786504
2020-01-13,1584.72998046875,1595.239990234375,1581.5699462890625,1593.0999755859375,76066600.0,,0.0,0.0,Neutral,0.0,Neutral,-0.004228809165130021,,1591.4599609375,0.0,1595.6500244140625,0.0,1589.0999755859375,0.0,1594.39599609375,1592.3800500045074,46.41018612856546,2.402279767214168,4.48973052097072,-2.087450753756552
2020-01-14,1580.5999755859375,1587.469970703125,1571.8900146484375,1584.989990234375,96081600.0,,0.0,0.0,Neutral,0.0,Neutral,-0.00260612529182469,,1584.72998046875,0.0,1591.4599609375,0.0,1595.6500244140625,0.0,1588.3079833984375,1588.4533585316508,44.83141779098069,1.017373260177692,3.795259068812114,-2.777885808634422
2020-01-15,1585.1400146484375,1585.1400146484375,1573.9200439453125,1579.93994140625,84830800.0,,0.0,0.0,Neutral,0.0,Neutral,0.002872351722526645,,1580.5999755859375,0.0,1584.72998046875,0.0,1591.4599609375,0.0,1587.5159912109375,1587.3489105705796,46.967135700604956,0.28290691053166483,3.092788637156024,-2.809881726624359
2020-01-16,1587.8800048828125,1588.22998046875,1575.77001953125,1582.1199951171875,95089400.0,,0.0,0.0,Neutral,0.0,Neutral,0.0017285477680548667,,1585.1400146484375,0.0,1580.5999755859375,0.0,1584.72998046875,0.0,1585.9619873046875,1587.5259420079906,48.26874075222814,-0.07717897901920878,2.4587951139209774,-2.535974092940186
2020-01-17,1595.81005859375,1595.81005859375,1586.760009765625,1586.93994140625,147653500.0,,0.0,0.0,Neutral,0.0,Neutral,0.004994113967398128,,1587.8800048828125,0.0,1585.1400146484375,0.0,1580.5999755859375,0.0,1586.8320068359376,1590.2873142032438,51.944830079549384,0.2741788562966576,2.0218718623961136,-1.747693006099456
2020-01-20,1588.8800048828125,1596.3900146484375,1588.8800048828125,1596.3900146484375,82673100.0,,0.0,0.0,Neutral,0.0,Neutral,-0.00434265574002235,,1595.81005859375,0.0,1587.8800048828125,0.0,1585.1400146484375,0.0,1587.66201171875,1589.8182110964333,48.68866771790129,-0.006490131223472417,1.6161994636721964,-1.6226895948956688
2020-01-21,1587.3299560546875,1592.5899658203125,1587.0999755859375,1589.2900390625,113059900.0,,0.0,0.0,Neutral,0.0,Neutral,-0.0009755606611963064,,1588.8800048828125,0.0,1595.81005859375,0.0,1587.8800048828125,0.0,1589.0080078125,1588.9887927491848,47.96443766740302,-0.34996414327679304,1.2229667422823984,-1.5729308855591915
2020-01-22,1577.97998046875,1595.3800048828125,1576.9000244140625,1584.6400146484375,169768500.0,Monetary Policy Statement - Bank Negara Malaysia,0.0,0.0,Neutral,0.0,Neutral,-0.005890379344428709,,1587.3299560546875,0.0,1588.8800048828125,0.0,1595.81005859375,0.0,1587.5760009765625,1585.3191886557065,43.738151895821304,-1.3609465169172381,0.7061840904424711,-2.0671306073597093
2020-01-23,1574.43994140625,1577.7900390625,1571.5799560546875,1575.27001953125,109508300.0,,0.0,0.0,Neutral,0.0,Neutral,-0.0022433992232577804,,1577.97998046875,0.0,1587.3299560546875,0.0,1588.8800048828125,0.0,1584.88798828125,1581.6927729058878,42.22126565787564,-2.4199136406591606,0.08096454422214472,-2.500878184881305
2020-01-24,1572.81005859375,1575.2099609375,1568.6400146484375,1573.5999755859375,80187200.0,,0.0,0.0,Neutral,0.0,Neutral,-0.001035214344882629,,1574.43994140625,0.0,1577.97998046875,0.0,1587.3299560546875,0.0,1580.28798828125,1578.731868135175,41.507505622784315,-3.352030515919523,-0.6056344678061889,-2.7463960481133345
2020-01-28,1551.6400146484375,1551.6400146484375,1551.6400146484375,1551.6400146484375,0.0,,0.0,0.0,Neutral,0.0,Neutral,-0.013460013070008325,,1572.81005859375,0.0,1574.43994140625,0.0,1577.97998046875,0.0,1572.839990234375,1569.7012503062626,33.569433291015635,-5.732900171479969,-1.631087608540945,-4.101812562939024
2020-01-29,1550.469970703125,1554.4200439453125,1547.93994140625,1551.6300048828125,173163500.0,,0.0,0.0,Neutral,0.0,Neutral,-0.0007540692005018057,,1551.6400146484375,0.0,1572.81005859375,0.0,1574.43994140625,0.0,1565.4679931640626,1563.2908237718834,33.19161592986144,-7.626258533479813,-2.8301217935287184,-4.796136739951095
2020-01-30,1545.5899658203125,1545.5899658203125,1545.5899658203125,1545.5899658203125,0.0,,0.0,0.0,Neutral,0.0,Neutral,-0.0031474359226701942,,1550.469970703125,0.0,1551.6400146484375,0.0,1572.81005859375,0.0,1558.989990234375,1557.3905377880264,31.594444997071864,-9.412038169191419,-4.146505068661258,-5.265533100530161
2020-01-31,1531.06005859375,1552.4599609375,1530.68994140625,1544.25,232272000.0,,0.0,0.0,Neutral,0.0,Neutral,-0.009400880924360089,,1545.5899658203125,0.0,1550.469970703125,0.0,1551.6400146484375,0.0,1550.314013671875,1548.6137113899342,27.37121827082744,-11.862974492518106,-5.689798953432628,-6.173175539085478
2020-02-03,1521.949951171875,1528.06005859375,1517.6099853515625,1522.1400146484375,154060300.0,,0.0,0.0,Neutral,0.0,Neutral,-0.005950195990510276,,1531.06005859375,0.0,1545.5899658203125,0.0,1550.469970703125,0.0,1540.1419921875,1539.7257913172477,25.10529913479641,-14.37476537216844,-7.42679223717979,-6.94797313498865
2020-02-04,1535.800048828125,1542.5899658203125,1527.699951171875,1528.3199462890625,167916100.0,,0.0,0.0,Neutral,0.0,Neutral,0.009100232005386122,,1521.949951171875,0.0,1531.06005859375,0.0,1545.5899658203125,0.0,1536.9739990234375,1538.4172104875402,34.04480128745357,-15.07402661444803,-8.956239112633439,-6.1177875018145915
2020-02-05,1536.7900390625,1539.8900146484375,1529.0999755859375,1539.6400146484375,192358700.0,,0.0,0.0,Neutral,0.0,Neutral,0.0006446088051177412,,1535.800048828125,0.0,1521.949951171875,0.0,1531.06005859375,0.0,1534.2380126953126,1537.8748200125267,34.64528595098652,-15.371123505065043,-10.23921599111976,-5.131907513945283
2020-02-06,1552.77001953125,1555.6300048828125,1540.8800048828125,1540.8800048828125,154660000.0,,0.0,0.0,Neutral,0.0,Neutral,0.010398284777078937,,1536.7900390625,0.0,1535.800048828125,0.0,1521.949951171875,0.0,1535.6740234375,1542.8398865187678,43.57530036060279,-14.153965948866926,-11.022165982669193,-3.1317999661977325
2020-02-07,1554.489990234375,1554.9100341796875,1546.0799560546875,1554.2900390625,124357000.0,,0.0,0.0,Neutral,0.0,Neutral,0.0011076789746651272,,1552.77001953125,0.0,1536.7900390625,0.0,1535.800048828125,0.0,1540.360009765625,1546.7232544239703,44.45503048227548,-12.901848081523667,-11.398102402440088,-1.503745679083579
2020-02-10,1542.800048828125,1557.0699462890625,1540.1099853515625,1557.0699462890625,101850300.0,,0.0,0.0,Neutral,0.0,Neutral,-0.0075201136576553695,,1554.489990234375,0.0,1552.77001953125,0.0,1536.7900390625,0.0,1544.530029296875,1545.4155192253552,39.901526833193415,-12.70634538502668,-11.659750998957406,-1.0465943860692732
2020-02-11,1551.47998046875,1554.6700439453125,1543.22998046875,1544.8900146484375,103140000.0,,0.0,0.0,Neutral,0.0,Neutral,0.005626089814566804,,1542.800048828125,0.0,1554.489990234375,0.0,1552.77001953125,0.0,1547.666015625,1547.4370063064869,44.451276616145734,-11.715955900655445,-11.670991979297014,-0.044963921358430525
2020-02-12,1542.93994140625,1555.6600341796875,1538.6600341796875,1551.02001953125,182740200.0,EXECUTIVE SUMMARY - Malaysian Aviation Commission,0.0,0.0,Neutral,0.0,Neutral,-0.005504446831418264,,1551.47998046875,0.0,1542.800048828125,0.0,1554.489990234375,0.0,1548.89599609375,1545.9379846730747,41.15042054570163,-11.487751233833023,-11.634343830204216,0.14659259637119249
2020-02-13,1539.1600341796875,1545.9200439453125,1536.760009765625,1544.75,98000800.0,,0.0,0.0,Neutral,0.0,Neutral,-0.002449808398321318,,1542.93994140625,0.0,1551.47998046875,0.0,1542.800048828125,0.0,1546.1739990234375,1543.6786678419455,39.743672526320736,-11.47957492053456,-11.603390048270285,0.12381512773572467
2020-02-14,1544.4599609375,1544.4599609375,1534.969970703125,1538.719970703125,95266500.0,,0.0,0.0,Neutral,0.0,Neutral,0.0034433890174632165,,1539.1600341796875,0.0,1542.93994140625,0.0,1551.47998046875,0.0,1544.1679931640624,1543.939098873797,42.70140842150965,-10.919561430340991,-11.466624324684426,0.5470628943434352
2020-02-17,1537.1199951171875,1545.9200439453125,1537.1199951171875,1542.969970703125,75684400.0,Ringgit continues downtrend as Covid-19 fears persist - NST Online,0.0,0.0,Neutral,-0.4215,Negative,-0.004752448108694907,,1544.4599609375,0.0,1539.1600341796875,0.0,1542.93994140625,0.0,1543.031982421875,1541.6660642882605,39.78852298552637,-10.941889314797208,-11.361677322706983,0.41978800790977466
2020-02-18,1537.0799560546875,1537.8699951171875,1532.8900146484375,1536.510009765625,100882100.0,,0.0,0.0,Neutral,0.0,Neutral,-2.6048104654896598e-05,,1537.1199951171875,-0.4215,1544.4599609375,0.0,1539.1600341796875,0.0,1540.1519775390625,1540.1373615437362,39.77258477472359,-10.837882775527305,-11.256918413271048,0.4190356377437432
2020-02-19,1534.1600341796875,1539.9000244140625,1530.8299560546875,1539.219970703125,100665400.0,RM6m bribe to Zahid was political donation for GE14: Datasonic deputy MD - EdgeProp.my,0.0,0.1,Neutral,-0.2023,Negative,-0.0018996551633493342,,1537.0799560546875,0.0,1537.1199951171875,-0.4215,1544.4599609375,0.0,1538.39599609375,1538.1449190890532,38.55951623279093,-10.865815775808414,-11.178697885778522,0.3128821099701078
2020-02-20,1534.97998046875,1540.1800537109375,1531.1500244140625,1537.0999755859375,125662200.0,,0.0,0.0,Neutral,0.0,Neutral,0.000534459424567757,,1534.1600341796875,-0.2023,1537.0799560546875,0.0,1537.1199951171875,-0.4215,1537.5599853515625,1537.089939548952,39.12103931114185,-10.698464823900622,-11.082651273402941,0.3841864495023195
2020-02-21,1531.199951171875,1533.9100341796875,1527.5699462890625,1529.010009765625,106739500.0,,0.0,0.0,Neutral,0.0,Neutral,-0.002462591919746515,,1534.97998046875,0.0,1534.1600341796875,-0.2023,1537.0799560546875,0.0,1534.9079833984374,1535.1266100899263,37.42300640499886,-10.746970377297203,-11.015515094181794,0.26854471688459114
2020-02-24,1490.06005859375,1510.4200439453125,1486.7099609375,1501.469970703125,255636600.0,,0.0,0.0,Neutral,0.0,Neutral,-0.026867746793382108,,1531.199951171875,0.0,1534.97998046875,0.0,1534.1600341796875,-0.2023,1525.49599609375,1520.1044262578675,24.804289820630558,-13.944315499412369,-11.601275175227908,-2.343040324184461
2020-02-25,1500.8800048828125,1503.300048828125,1481.4599609375,1481.4599609375,174202800.0,,0.0,0.0,Neutral,0.0,Neutral,0.007261416227258621,,1490.06005859375,0.0,1531.199951171875,0.0,1534.97998046875,0.0,1518.256005859375,1513.6962857995159,31.359733743996788,-15.427318777162327,-12.366483895614792,-3.0608348815475352
2020-02-26,1495.18994140625,1508.4300537109375,1485.239990234375,1489.3299560546875,199950000.0,,0.0,0.0,Neutral,0.0,Neutral,-0.0037911514964894533,,1500.8800048828125,0.0,1490.06005859375,0.0,1531.199951171875,0.0,1510.4619873046875,1507.527504335094,29.884270516663197,-16.86731422906064,-13.266649962303962,-3.6006642667566773
2020-02-27,1505.5899658203125,1508.27001953125,1494.93994140625,1496.72998046875,133612600.0,,0.0,0.0,Neutral,0.0,Neutral,0.0069556543460165265,,1495.18994140625,0.0,1500.8800048828125,0.0,1490.06005859375,0.0,1504.583984375,1506.8816581635,35.8273047806927,-16.9736641115735,-14.00805279215787,-2.965611319415629
2020-02-28,1482.6400146484375,1494.0899658203125,1473.77001953125,1484.9000244140625,312195000.0,,0.0,0.0,Neutral,0.0,Neutral,-0.015243161612976674,,1505.5899658203125,0.0,1495.18994140625,0.0,1500.8800048828125,0.0,1494.8719970703125,1498.8011103251458,29.82054292847951,-18.69431993509852,-14.945306220746,-3.74901371435252
2020-03-02,1466.93994140625,1478.6800537109375,1456.0799560546875,1471.3399658203125,231463500.0,,0.0,0.0,Neutral,0.0,Neutral,-0.0105892685257859,,1482.6400146484375,0.0,1505.5899658203125,0.0,1495.18994140625,0.0,1490.2479736328125,1488.180720685514,26.54210991095407,-21.08179891660916,-16.17260475991863,-4.909194156690528
2020-03-03,1478.6400146484375,1481.3599853515625,1466.9000244140625,1476.300048828125,179122500.0,,0.0,0.0,Neutral,0.0,Neutral,0.007975836577857054,,1466.93994140625,0.0,1482.6400146484375,0.0,1505.5899658203125,0.0,1485.7999755859375,1485.0004853398218,32.49790321848421,-21.77874328546295,-17.293832465027496,-4.484910820435456
2020-03-04,1489.949951171875,1491.0699462890625,1474.949951171875,1478.3299560546875,185113600.0,,0.0,0.0,Neutral,0.0,Neutral,0.007648877624975237,,1478.6400146484375,0.0,1466.93994140625,0.0,1482.6400146484375,0.0,1484.7519775390624,1486.6503072838395,37.75183011076458,-21.17437435565307,-18.06994084315261,-3.10443351250046
2020-03-05,1491.030029296875,1497.31005859375,1486.3499755859375,1492.3599853515625,140555700.0,,0.0,0.0,Neutral,0.0,Neutral,0.0007249089972118927,,1489.949951171875,0.0,1478.6400146484375,0.0,1466.93994140625,0.0,1481.839990234375,1488.110214621518,38.246152712213046,-20.373402445053898,-18.53063316353287,-1.8427692815210293
2020-03-06,1483.0999755859375,1486.8399658203125,1479.739990234375,1486.8399658203125,169355600.0,,0.0,0.0,Neutral,0.0,Neutral,-0.00531850704219361,,1491.030029296875,0.0,1489.949951171875,0.0,1478.6400146484375,0.0,1481.931982421875,1486.440134942991,35.98656151477934,-20.146281700641566,-18.853762870954608,-1.2925188296869585
2020-03-09,1424.1600341796875,1459.81005859375,1422.6500244140625,1459.81005859375,255462000.0,,0.0,0.0,Neutral,0.0,Neutral,-0.03974104401354617,,1483.0999755859375,0.0,1491.030029296875,0.0,1489.949951171875,0.0,1473.3760009765624,1465.6801013552233,24.432615496121812,-24.44051254924284,-19.971112806612254,-4.469399742630586
2020-03-10,1430.469970703125,1446.72998046875,1414.949951171875,1415.8599853515625,220291600.0,,0.0,0.0,Neutral,0.0,Neutral,0.004430637268284299,,1424.1600341796875,0.0,1483.0999755859375,0.0,1491.030029296875,0.0,1463.7419921875,1453.9433911378571,27.12997524797234,-27.023057308536636,-21.38150170699713,-5.641555601539505
2020-03-11,1443.8299560546875,1454.0,1428.5899658203125,1431.3499755859375,195734000.0,,0.0,0.0,Neutral,0.0,Neutral,0.009339577638945995,,1430.469970703125,0.0,1424.1600341796875,0.0,1483.0999755859375,0.0,1454.5179931640625,1450.5722461101338,32.6144721055302,-27.672709700923633,-22.63974330578243,-5.032966395141202
2020-03-12,1419.4300537109375,1432.699951171875,1419.4300537109375,1431.4100341796875,232856800.0,,0.0,0.0,Neutral,0.0,Neutral,-0.016899429355534012,,1443.8299560546875,0.0,1430.469970703125,0.0,1424.1600341796875,0.0,1440.197998046875,1440.1915153104017,28.409034965661444,-29.812769059122502,-24.074348456450444,-5.738420602672058
2020-03-13,1344.75,1369.0,1320.9599609375,1363.760009765625,442093200.0,,0.0,0.0,Neutral,0.0,Neutral,-0.05261270431445009,,1419.4300537109375,0.0,1443.8299560546875,0.0,1430.469970703125,0.0,1412.5280029296875,1408.377676873601,19.935985822261003,-37.10709028753968,-26.68089682266829,-10.426193464871385
2020-03-16,1280.6300048828125,1319.3699951171875,1278.47998046875,1319.3699951171875,343898600.0,,0.0,0.0,Neutral,0.0,Neutral,-0.047681721596718685,,1344.75,0.0,1419.4300537109375,0.0,1443.8299560546875,0.0,1383.8219970703126,1365.7951195433382,15.62655408471276,-47.514126868582025,-30.847542831851037,-16.66658403673099
2020-03-17,1256.5799560546875,1278.4300537109375,1211.949951171875,1217.280029296875,431606800.0,,0.0,0.0,Neutral,0.0,Neutral,-0.018779857364286667,,1280.6300048828125,0.0,1344.75,0.0,1419.4300537109375,0.0,1349.043994140625,1329.3900650471212,14.371688389405668,-57.044838889949006,-36.08700204347063,-20.957836846478372
2020-03-18,1239.010009765625,1275.22998046875,1226.260009765625,1254.4300537109375,292176800.0,,0.0,0.0,Neutral,0.0,Neutral,-0.013982354409207032,,1256.5799560546875,0.0,1280.6300048828125,0.0,1344.75,0.0,1308.0800048828125,1299.2633799532891,13.517655572948781,-65.26342848086006,-41.92228733094852,-23.341141149911536
2020-03-19,1219.719970703125,1242.8199462890625,1207.800048828125,1227.7099609375,280828500.0,Bank Negara's SSR cut to stem foreign funds outflow? - NST Online,-0.125,0.125,Negative,-0.2732,Negative,-0.0155689130115656,,1239.010009765625,0.0,1256.5799560546875,0.0,1280.6300048828125,0.0,1268.13798828125,1272.7489102032343,12.63024251877696,-72.49755815985486,-48.03734149672979,-24.460216663125074
2020-03-20,1303.280029296875,1304.550048828125,1220.5400390625,1220.5400390625,396283500.0,The End of UMNO? New and Expanded Post-GE14 Edition - Shopee Malaysia,0.13636363636363635,0.4545454545454545,Positive,0.0,Neutral,0.06850757600171176,,1219.719970703125,-0.2732,1239.010009765625,0.0,1256.5799560546875,0.0,1259.843994140625,1282.9259499011146,33.11401255957735,-70.67338091899774,-52.564549381183376,-18.10883153781436
2020-03-23,1259.8800048828125,1259.8800048828125,1259.8800048828125,1259.8800048828125,0.0,,0.0,0.0,Neutral,0.0,Neutral,-0.03330061340499246,,1303.280029296875,0.0,1219.719970703125,-0.2732,1239.010009765625,0.0,1255.693994140625,1275.2439682283473,29.27498395170919,-71.90089778133984,-56.43181906121467,-15.469078720125168
2020-03-24,1291.1400146484375,1311.219970703125,1271.3399658203125,1271.3399658203125,199940700.0,,0.0,0.0,Neutral,0.0,Neutral,0.024811894501439058,,1259.8800048828125,0.0,1303.280029296875,0.0,1219.719970703125,-0.2732,1262.606005859375,1280.5426503683773,35.11035845235245,-69.54956807359395,-59.055368863690525,-10.494199209903421
2020-03-25,1324.5,1341.8599853515625,1304.969970703125,1322.18994140625,208580500.0,Technical- SCOMNET PENTA- 200325 (Kenanga) - Kenanga Investment Bank Berhad,0.0,0.1,Neutral,0.0,Neutral,0.025837620221727864,,1291.1400146484375,0.0,1259.8800048828125,0.0,1303.280029296875,0.0,1279.70400390625,1295.1951002455849,40.730513163493264,-64.2535751055932,-60.09501011207106,-4.158564993522141
2020-03-26,1328.0899658203125,1336.739990234375,1309.2099609375,1333.72998046875,173835400.0,ON THE MALAYSIAN RINGGIT EXCHANGE RATE DETERMINATION AND RECENT DEPRECIATION Yusniliyana Yusofd - IIUM Journal Publication,0.0,0.25,Neutral,0.5319,Positive,0.0027104309704133467,,1324.5,0.0,1291.1400146484375,0.0,1259.8800048828125,0.0,1301.3780029296875,1306.1600554371607,41.319513774650034,-59.08567935177189,-59.89314396001122,0.8074646082393357
2020-03-27,1343.0899658203125,1353.3499755859375,1335.5699462890625,1335.5699462890625,194261000.0,,0.0,0.0,Neutral,0.0,Neutral,0.011294415578793293,,1328.0899658203125,0.5319,1324.5,0.0,1291.1400146484375,0.0,1309.339990234375,1318.470025564878,43.83119982757172,-53.166835905310336,-58.547882349071045,5.3810464437607095
2020-03-30,1328.8800048828125,1336.22998046875,1317.3900146484375,1336.22998046875,144260500.0,,0.0,0.0,Neutral,0.0,Neutral,-0.01058005144787233,,1343.0899658203125,0.0,1328.0899658203125,0.5319,1324.5,0.0,1323.139990234375,1321.940018670856,41.99728495050461,-49.05723366842108,-56.64975261294105,7.5925189445199734
2020-03-31,1350.8900146484375,1352.199951171875,1335.9100341796875,1336.5999755859375,260583600.0,KENANGA LIQUIDITY FUND - eUnittrust,0.0,0.0,Neutral,0.0,Neutral,0.016562827106098243,,1328.8800048828125,0.0,1343.0899658203125,0.0,1328.0899658203125,0.5319,1335.089990234375,1331.59001733005,45.7813333470029,-43.522618787350666,-54.02432584782297,10.501707060472306
2020-04-01,1322.6600341796875,1344.9000244140625,1322.6600341796875,1344.9000244140625,189037100.0,5 Common Questions on Debt Recovery - CHERN & CO.,-0.3,0.5,Negative,-0.3612,Negative,-0.020897319665285075,,1350.8900146484375,0.0,1328.8800048828125,0.0,1343.0899658203125,0.0,1334.7219970703125,1328.6133562799291,41.996901929915346,-40.94236205139964,-51.40793308853831,10.465571037138666
2020-04-02,1330.9000244140625,1332.6099853515625,1316.93994140625,1320.6199951171875,154382300.0,,0.0,0.0,Neutral,0.0,Neutral,0.0062298625659202855,,1322.6600341796875,-0.3612,1350.8900146484375,0.0,1328.8800048828125,0.0,1335.2840087890625,1329.3755789913068,43.46590745875056,-37.79689260081682,-48.68572499099401,10.888832390177193
2020-04-03,1330.6500244140625,1333.8199462890625,1324.4100341796875,1331.56005859375,138072800.0,,0.0,0.0,Neutral,0.0,Neutral,-0.000187842809688199,,1330.9000244140625,0.0,1322.6600341796875,-0.3612,1350.8900146484375,0.0,1332.7960205078125,1329.8003941322254,43.429968974711045,-34.92170265975233,-45.932920524745676,11.011217864993348
2020-04-06,1341.68994140625,1343.050048828125,1324.4300537109375,1332.6099853515625,150403500.0,,0.0,0.0,Neutral,0.0,Neutral,0.008296634569295414,,1330.6500244140625,0.0,1330.9000244140625,0.0,1322.6600341796875,-0.3612,1335.3580078125,1333.7635765569003,45.570188470761536,-31.390415707578768,-43.02441956131229,11.634003853733525
2020-04-07,1369.9200439453125,1369.9200439453125,1352.6300048828125,1355.510009765625,182160000.0,,0.0,0.0,Neutral,0.0,Neutral,0.021040705209039556,,1341.68994140625,0.0,1330.6500244140625,0.0,1330.9000244140625,0.0,1339.164013671875,1345.8157323530377,50.70587376283625,-26.01403836919758,-39.62234332288935,13.608304953691771
2020-04-08,1361.3900146484375,1367.1600341796875,1358.199951171875,1366.4599609375,149272300.0,,0.0,0.0,Neutral,0.0,Neutral,-0.0062266621578211945,,1369.9200439453125,0.0,1341.68994140625,0.0,1330.6500244140625,0.0,1346.910009765625,1351.0071597848375,49.19541473556425,-22.18577882156478,-36.13503042262444,13.949251601059657
2020-04-09,1369.760009765625,1371.3499755859375,1366.530029296875,1368.8900146484375,131792500.0,,0.0,0.0,Neutral,0.0,Neutral,0.00614812436342782,,1361.3900146484375,0.0,1369.9200439453125,0.0,1341.68994140625,0.0,1354.6820068359375,1357.2581097784334,50.74584734996418,-18.26590886667441,-32.56120611143443,14.295297244760022
2020-04-10,1357.5,1362.1600341796875,1354.280029296875,1361.6199951171875,81993900.0,Fiscal Policy and Debt Management Office (FPDMO) - Portal Rasmi Kementerian Kewangan,0.0,0.0,Neutral,-0.3612,Negative,-0.008950480141205697,,1369.760009765625,0.0,1361.3900146484375,0.0,1369.9200439453125,0.0,1360.052001953125,1357.3387398522889,48.41517212267525,-15.964633654070212,-29.241891619961585,13.277257965891373
2020-04-13,1356.030029296875,1359.6800537109375,1352.780029296875,1357.93994140625,73131100.0,,0.0,0.0,Neutral,0.0,Neutral,-0.0010828513466850653,,1357.5,-0.3612,1369.760009765625,0.0,1361.3900146484375,0.0,1362.92001953125,1356.9025030004843,48.12974361552015,-14.096969727019086,-26.212907241373085,12.115937514353998
2020-04-14,1371.6600341796875,1373.800048828125,1357.8299560546875,1361.010009765625,114404000.0,,0.0,0.0,Neutral,0.0,Neutral,0.011526297017859566,,1356.030029296875,0.0,1357.5,-0.3612,1369.760009765625,0.0,1363.268017578125,1361.8216800602188,51.40992990703691,-11.226213044495125,-23.215568401997494,11.989355357502369
2020-04-15,1387.7900390625,1394.6600341796875,1375.1199951171875,1375.6199951171875,166219900.0,,0.0,0.0,Neutral,0.0,Neutral,0.011759477188864054,,1371.6600341796875,0.0,1356.030029296875,0.0,1357.5,-0.3612,1368.5480224609375,1370.4777997276458,54.600657625741434,-7.562386615461492,-20.084932044690294,12.522545429228803
2020-04-16,1386.530029296875,1398.530029296875,1378.300048828125,1381.9599609375,162695500.0,,0.0,0.0,Neutral,0.0,Neutral,-0.0009079253562565004,,1387.7900390625,0.0,1371.6600341796875,0.0,1356.030029296875,0.0,1371.9020263671875,1375.8285429173889,54.30069186988386,-4.706199888941455,-17.009185613540527,12.302985724599072
2020-04-17,1407.3399658203125,1414.6700439453125,1395.550048828125,1395.550048828125,161977100.0,,0.0,0.0,Neutral,0.0,Neutral,0.015008644662380943,,1386.530029296875,0.0,1387.7900390625,0.0,1371.6600341796875,0.0,1381.87001953125,1386.3323505516967,58.36864447580571,-0.7547629316620714,-13.758301077164836,13.003538145502764
2020-04-20,1413.1199951171875,1428.949951171875,1411.68994140625,1411.68994140625,183669900.0,Home - Malaysia Gift Fair - Malaysia Gift Fair | Home - Malaysia Gift Fair - Malaysia Gift Fair | Prominent Hardware Post Latarjet Mimicking Shoulder Instability Symptoms - Universiti Putra Malaysia | 8 must-have items in the house in case of emergencies - iProperty,0.6599999999999999,0.92,Positive,0.9643,Positive,0.00410705972775105,,1407.3399658203125,0.0,1386.530029296875,0.0,1387.7900390625,0.0,1393.2880126953125,1395.2615654068602,59.44838253145325,2.810778479423334,-10.444485165847201,13.255263645270535
2020-04-21,1381.72998046875,1407.22998046875,1381.72998046875,1407.22998046875,166167900.0,,0.0,0.0,Neutral,0.0,Neutral,-0.022213269047852036,,1413.1199951171875,0.9643,1407.3399658203125,0.0,1386.530029296875,0.0,1395.302001953125,1390.7510370941568,51.61859154350974,3.0682154138237365,-7.741945049913014,10.81016046373675
2020-04-22,1381.8900146484375,1383.0899658203125,1359.5400390625,1366.4000244140625,190817200.0,,0.0,0.0,Neutral,0.0,Neutral,0.0001158216018684044,,1381.72998046875,0.0,1413.1199951171875,0.9643,1407.3399658203125,0.0,1394.1219970703125,1387.7973629455837,51.653552282875616,3.247711859225774,-5.544013668085256,8.79172552731103
2020-04-23,1381.6400146484375,1395.3399658203125,1378.780029296875,1388.739990234375,147390800.0,,0.0,0.0,Neutral,0.0,Neutral,-0.00018091164806888216,,1381.8900146484375,0.0,1381.72998046875,0.0,1413.1199951171875,0.9643,1393.143994140625,1385.7449135132017,51.59083509122288,3.3313889961166296,-3.768933135244879,7.100322131361509
2020-04-24,1369.8499755859375,1377.7099609375,1367.489990234375,1376.1700439453125,143980200.0,,0.0,0.0,Neutral,0.0,Neutral,-0.008533365375567814,,1381.6400146484375,0.0,1381.8900146484375,0.0,1381.72998046875,0.0,1385.64599609375,1380.4466008707802,48.59422012155687,2.4184675229271306,-2.531453003610477,4.949920526537608
2020-04-27,1370.1600341796875,1378.4000244140625,1370.1600341796875,1371.5999755859375,74707700.0,,0.0,0.0,Neutral,0.0,Neutral,0.00022634492774820103,,1369.8499755859375,0.0,1381.6400146484375,0.0,1381.8900146484375,0.0,1377.05400390625,1377.0177453070826,48.67864485823161,1.7003887918906457,-1.6850846445102525,3.3854734364008983
2020-04-28,1372.199951171875,1377.3699951171875,1367.43994140625,1371.97998046875,145151500.0,,0.0,0.0,Neutral,0.0,Neutral,0.0014888165917121832,,1370.1600341796875,0.0,1369.8499755859375,0.0,1381.6400146484375,0.0,1375.147998046875,1375.41181392868,49.268961358215094,1.2811422664738075,-1.0918392623134405,2.372981528787248
2020-04-29,1380.300048828125,1386.22998046875,1372.1700439453125,1372.3900146484375,122355200.0,Portal Rasmi Kementerian Kesihatan Malaysia - Portal Rasmi Kementerian Kesihatan Malaysia,0.0,0.0,Neutral,0.0,Neutral,0.005903000979800677,,1372.199951171875,0.0,1370.1600341796875,0.0,1369.8499755859375,0.0,1374.8300048828125,1377.0412255618282,51.64728062237421,1.5842344910306565,-0.5566245116446211,2.1408590026752776
2020-04-30,1407.780029296875,1418.4200439453125,1383.9599609375,1383.9599609375,189319500.0,,0.0,0.0,Neutral,0.0,Neutral,0.019908700642357058,,1380.300048828125,0.0,1372.199951171875,0.0,1370.1600341796875,0.0,1380.0580078125,1387.2874934735105,58.71806082885362,3.99578114890528,0.35385662046535915,3.641924528439921
2020-05-04,1376.5899658203125,1388.8299560546875,1375.3900146484375,1388.8299560546875,116486800.0,What you need to know listing at Bursa Malaysia Listing and the requirements - Hills & Cheryl Corporate Advisory,0.0,0.0,Neutral,0.0,Neutral,-0.022155495054252627,,1407.780029296875,0.0,1380.300048828125,0.0,1372.199951171875,0.0,1381.406005859375,1383.7216509224445,49.81409994295794,3.351537356814333,0.953392767735154,2.398144589079179
2020-05-05,1389.550048828125,1398.0699462890625,1378.75,1378.75,79911100.0,Forgot User ID or Password - CIMB Malaysia,0.0,0.0,Neutral,0.0,Neutral,0.00941462841485241,,1376.5899658203125,0.0,1407.780029296875,0.0,1380.300048828125,0.0,1385.2840087890625,1385.664450224338,53.00311672288846,3.8424465646962744,1.531203527127378,2.3112430375688966
2020-05-06,1376.9300537109375,1393.56005859375,1376.9300537109375,1387.75,105301100.0,,0.0,0.0,Neutral,0.0,Neutral,-0.009082073098288568,,1389.550048828125,0.0,1376.5899658203125,0.0,1407.780029296875,0.0,1386.230029296875,1382.7529847198712,49.69183445216754,3.1765502189057315,1.8602728654830487,1.3162773534226828
2020-05-08,1382.31005859375,1392.22998046875,1382.02001953125,1382.1199951171875,127071100.0,,0.0,0.0,Neutral,0.0,Neutral,0.003907246318222812,,1376.9300537109375,0.0,1389.550048828125,0.0,1376.5899658203125,0.0,1386.63203125,1382.6053426778308,51.09452051978409,3.047810733864935,2.097780439159426,0.9500302947055093
2020-05-12,1379.9300537109375,1388.4100341796875,1377.56005859375,1379.43994140625,139615300.0,,0.0,0.0,Neutral,0.0,Neutral,-0.0017217590713575204,,1382.31005859375,0.0,1376.9300537109375,0.0,1389.550048828125,0.0,1381.0620361328124,1381.7135796888663,50.42472018470442,2.7223556397327684,2.2226954792740945,0.4996601604586739
2020-05-13,1397.1300048828125,1400.6700439453125,1379.0999755859375,1383.219970703125,186890100.0,,0.0,0.0,Neutral,0.0,Neutral,0.012464364498490754,,1379.9300537109375,0.0,1382.31005859375,0.0,1376.9300537109375,0.0,1385.1700439453125,1386.8523880868484,55.01436365210823,3.8084213359354635,2.539840650606368,1.2685806853290953
2020-05-14,1397.25,1411.0799560546875,1388.800048828125,1400.3399658203125,180103600.0,,0.0,0.0,Neutral,0.0,Neutral,8.588686576627147e-05,,1397.1300048828125,0.0,1379.9300537109375,0.0,1382.31005859375,0.0,1386.7100341796875,1390.3182587245656,55.045632128107634,4.625498955289686,2.9569723115430318,1.6685266437466542
2020-05-15,1403.43994140625,1408.18994140625,1398.7099609375,1403.469970703125,114462900.0,Maxis ID - Hotlink,0.0,0.0,Neutral,0.0,Neutral,0.004430088678654576,,1397.25,0.0,1397.1300048828125,0.0,1379.9300537109375,0.0,1392.01201171875,1394.6921529517938,56.71694737917679,5.706731744110812,3.5069241980565877,2.199807546054224
2020-05-18,1410.1600341796875,1416.93994140625,1405.6500244140625,1409.3900146484375,100010700.0,,0.0,0.0,Neutral,0.0,Neutral,0.004788300927721867,,1403.43994140625,0.0,1397.25,0.0,1397.1300048828125,0.0,1397.5820068359376,1399.8481133610917,58.519961173121715,7.024893247260707,4.210518007897411,2.8143752393632955
2020-05-19,1423.969970703125,1428.1199951171875,1418.760009765625,1419.77001953125,171866300.0,Honda Civic - Honda Malaysia | Honda CR-V - Honda Malaysia | Honda Civic - Honda Malaysia,0.0,0.0,Neutral,0.0,Neutral,0.009793169703232296,,1410.1600341796875,0.0,1403.43994140625,0.0,1397.25,0.0,1406.389990234375,1407.8887324751029,62.02121303706735,9.079232458182332,5.184260897954395,3.894971560227937
2020-05-20,1435.1199951171875,1435.1199951171875,1420.1800537109375,1429.260009765625,101428000.0,,0.0,0.0,Neutral,0.0,Neutral,0.00783023844846742,,1423.969970703125,0.0,1410.1600341796875,0.0,1403.43994140625,0.0,1413.98798828125,1416.9658200224644,64.61799484254912,11.474751081442719,6.44235893465206,5.0323921467906585
2020-05-21,1452.1099853515625,1455.1300048828125,1437.1300048828125,1437.489990234375,168060000.0,,0.0,0.0,Neutral,0.0,Neutral,0.011838724491457953,,1435.1199951171875,0.0,1423.969970703125,0.0,1410.1600341796875,0.0,1424.9599853515624,1428.6805417988305,68.18739765439497,14.576142373845414,8.069115622490731,6.507026751354683
2020-05-22,1436.760009765625,1451.43994140625,1435.22998046875,1451.3699951171875,144048200.0,,0.0,0.0,Neutral,0.0,Neutral,-0.010570807818129024,,1452.1099853515625,0.0,1435.1199951171875,0.0,1423.969970703125,0.0,1431.6239990234376,1431.373697787762,62.09269051794827,15.615397984982565,9.578372094989097,6.037025889993467
2020-05-27,1451.72998046875,1458.239990234375,1446.4200439453125,1446.9100341796875,189841100.0,,0.0,0.0,Neutral,0.0,Neutral,0.010419256244170505,,1436.760009765625,0.0,1452.1099853515625,0.0,1435.1199951171875,0.0,1439.93798828125,1438.1591253480913,65.34582648924201,17.445862032875084,11.151870082566294,6.29399195030879
2020-05-28,1457.5,1458.72998046875,1449.25,1453.530029296875,189529500.0,,0.0,0.0,Neutral,0.0,Neutral,0.003974581780963771,,1451.72998046875,0.0,1436.760009765625,0.0,1452.1099853515625,0.0,1446.643994140625,1444.606083565394,66.53782161945456,19.141459502715406,12.749787966596116,6.39167153611929
2020-05-29,1473.25,1473.77001953125,1448.8399658203125,1450.5400390625,595843500.0,,0.0,0.0,Neutral,0.0,Neutral,0.010806174957118442,,1457.5,0.0,1451.72998046875,0.0,1436.760009765625,0.0,1454.2699951171876,1454.1540557102628,69.61058574081555,21.50819302463924,14.501468978204741,7.006724046434499
2020-06-02,1507.68994140625,1509.739990234375,1480.1700439453125,1484.510009765625,225473000.0,,0.0,0.0,Neutral,0.0,Neutral,0.02337684806125906,,1473.25,0.0,1457.5,0.0,1451.72998046875,0.0,1465.385986328125,1471.9993509422586,75.01369325675424,25.864709565395515,16.774117095642897,9.090592469752618
2020-06-03,1538.530029296875,1542.010009765625,1492.3399658203125,1515.6800537109375,292940300.0,,0.0,0.0,Neutral,0.0,Neutral,0.02045519243954086,,1507.68994140625,0.0,1473.25,0.0,1457.5,0.0,1485.739990234375,1494.1762437271307,78.6707719419372,31.443358201816864,19.70796531687769,11.735392884939174
2020-06-04,1561.8399658203125,1561.8399658203125,1541.5,1541.68994140625,261501300.0,,0.0,0.0,Neutral,0.0,Neutral,0.015150784241819704,,1538.530029296875,0.0,1507.68994140625,0.0,1473.25,0.0,1507.7619873046874,1516.7308177581913,80.9413411353666,37.315247560406306,23.229421765583414,14.085825794822892
2020-06-05,1556.3299560546875,1564.1300048828125,1547.5699462890625,1561.1700439453125,189450200.0,,0.0,0.0,Neutral,0.0,Neutral,-0.003527896510658879,,1561.8399658203125,0.0,1538.530029296875,0.0,1507.68994140625,0.0,1527.527978515625,1529.93053052369,78.80577220740133,41.050940751098324,26.793725562686397,14.257215188411926
2020-06-09,1575.1600341796875,1590.8299560546875,1567.969970703125,1572.800048828125,290834700.0,,0.0,0.0,Neutral,0.0,Neutral,0.012099026978015903,,1556.3299560546875,0.0,1561.8399658203125,0.0,1538.530029296875,0.0,1547.9099853515625,1545.0070317423558,80.68162292121987,45.01206340618637,30.437393131386393,14.574670274799978
2020-06-10,1575.27001953125,1578.0999755859375,1570.449951171875,1576.260009765625,165205700.0,,0.0,0.0,Neutral,0.0,Neutral,6.982487441020702e-05,,1575.1600341796875,0.0,1556.3299560546875,0.0,1561.8399658203125,0.0,1561.4260009765626,1555.0946943386539,80.6923721425048,47.61132285452891,33.872179076014895,13.739143778514013
2020-06-11,1557.25,1586.219970703125,1550.9000244140625,1577.6500244140625,212285100.0,Malaysia has sufficient liquidity in the market to execute initiatives - Tengku Zafrul - Portal Rasmi Kementerian Kewangan,0.0,0.0,Neutral,0.0,Neutral,-0.011439321073737019,,1575.27001953125,0.0,1575.1600341796875,0.0,1556.3299560546875,0.0,1565.1699951171875,1555.8131295591027,73.4784500973248,47.667706073905265,36.63128447559297,11.036421598312295
2020-06-12,1546.02001953125,1546.02001953125,1509.1600341796875,1512.3900146484375,186027200.0,,0.0,0.0,Neutral,0.0,Neutral,-0.0072114178640231286,,1557.25,0.0,1575.27001953125,0.0,1575.1600341796875,0.0,1562.006005859375,1552.5487595498184,69.31932742986918,46.272820341449005,38.559591648764176,7.7132286926848295
2020-06-15,1498.8299560546875,1548.050048828125,1490.43994140625,1548.050048828125,218572900.0,Thematic-200615- Should we fear the return of short sellers (Kenanga) - Kenanga Investment Bank Berhad,0.0,0.3,Neutral,-0.4939,Negative,-0.03052357853093679,,1546.02001953125,0.0,1557.25,0.0,1575.27001953125,0.0,1550.506005859375,1534.6424917181082,55.183862918566284,40.88818605331517,39.02531052967437,1.8628755236407954
2020-06-16,1517.7099609375,1528.760009765625,1517.469970703125,1518.9200439453125,143663500.0,,0.0,0.0,Neutral,0.0,Neutral,0.012596495557447795,,1498.8299560546875,-0.4939,1546.02001953125,0.0,1557.25,0.0,1539.0159912109375,1528.9983147912387,58.803402396910975,37.70959050707211,38.762166525153916,-1.0525760180818082
2020-06-17,1526.3199462890625,1528.6300048828125,1510.7099609375,1527.97998046875,154681700.0,,0.0,0.0,Neutral,0.0,Neutral,0.005673011031860131,,1517.7099609375,0.0,1498.8299560546875,-0.4939,1546.02001953125,0.0,1529.2259765625,1528.1055252905132,60.37511072118227,35.47633538627042,38.10500029737722,-2.628664911106796
2020-06-18,1504.9100341796875,1525.68994140625,1503.3499755859375,1524.510009765625,200979200.0,,0.0,0.0,Neutral,0.0,Neutral,-0.014027145593837553,,1526.3199462890625,0.0,1517.7099609375,0.0,1498.8299560546875,-0.4939,1518.7579833984375,1520.373694920238,54.77858424298622,31.614432141746192,36.80688666625101,-5.192454524504818
2020-06-19,1507.260009765625,1512.93994140625,1496.7900390625,1497.9599609375,254830200.0,CelcomDigi l More Device Savings For You! - Celcom Online Shop | CelcomDigi l More Device Savings For You! - Celcom Online Shop,0.625,0.5,Positive,0.7639,Positive,0.0015615389176526495,,1504.9100341796875,0.0,1526.3199462890625,0.0,1517.7099609375,0.0,1511.0059814453125,1516.002466535367,55.268707397562686,28.415908482473014,35.128691029495414,-6.7127825470224
2020-06-22,1511.239990234375,1511.6500244140625,1502.6400146484375,1505.949951171875,98222800.0,Term Deposit Rates - UOB,0.0,0.0,Neutral,0.0,Neutral,0.0026405400813154234,,1507.260009765625,0.7639,1504.9100341796875,0.0,1526.3199462890625,0.0,1513.48798828125,1514.4149744350364,56.13581580221578,25.903605955108333,33.283674014618,-7.380068059509668
2020-06-23,1507.0400390625,1511.5400390625,1492.3199462890625,1511.1500244140625,109465200.0,,0.0,0.0,Neutral,0.0,Neutral,-0.0027791424254354213,,1511.239990234375,0.0,1507.260009765625,0.7639,1504.9100341796875,0.0,1511.35400390625,1511.9566626441908,54.925812865453814,23.3050411355689,31.28794743880818,-7.982906303239282
2020-06-24,1502.6300048828125,1507.3800048828125,1496.989990234375,1507.3800048828125,92440000.0,,0.0,0.0,Neutral,0.0,Neutral,-0.0029262886621319595,,1507.0400390625,0.0,1511.239990234375,0.0,1507.260009765625,0.7639,1506.616015625,1508.8477767237314,53.6188998524465,20.651746414922627,29.160707234031072,-8.508960819108445
2020-06-25,1489.199951171875,1498.6099853515625,1484.4000244140625,1494.43994140625,93460100.0,,0.0,0.0,Neutral,0.0,Neutral,-0.00893769834709568,,1502.6300048828125,0.0,1507.0400390625,0.0,1511.239990234375,0.0,1503.4739990234375,1502.2985015397792,49.73761412285865,17.26626340140797,26.78181846750645,-9.515555066098482
2020-06-26,1488.1400146484375,1495.5699462890625,1483.050048828125,1491.969970703125,94462100.0,,0.0,0.0,Neutral,0.0,Neutral,-0.0007117489646728536,,1489.199951171875,0.0,1502.6300048828125,0.0,1507.0400390625,0.0,1499.65,1497.579005909332,49.433479621851994,14.332499569560696,24.2919546879173,-9.959455118356605
2020-06-29,1494.4300537109375,1494.969970703125,1476.280029296875,1485.18994140625,104824100.0,,0.0,0.0,Neutral,0.0,Neutral,0.0042267790668784055,,1488.1400146484375,0.0,1489.199951171875,0.0,1502.6300048828125,0.0,1496.2880126953125,1496.5293551765337,51.33523030767242,12.372402822306412,21.908044314795124,-9.535641492488711
2020-06-30,1500.969970703125,1509.1199951171875,1492.0699462890625,1493.4100341796875,140817600.0,THE NEXUS BETWEEN FISCAL DEFICIT AND ECONOMIC GROWTH IN MALAYSIA - eJournal UM,0.2,0.2,Positive,-0.0258,Neutral,0.0043761947746887575,,1494.4300537109375,0.0,1488.1400146484375,0.0,1489.199951171875,0.0,1495.0739990234374,1498.0095603520642,53.301734335805584,11.217421224007694,19.769919696637636,-8.552498472629942
2020-07-01,1514.4300537109375,1517.010009765625,1497.5400390625,1503.9300537109375,114831700.0,,0.0,0.0,Neutral,0.0,Neutral,0.008967589805615628,,1500.969970703125,-0.0258,1494.4300537109375,0.0,1488.1400146484375,0.0,1497.4340087890625,1503.4830581383553,57.14046634991341,11.258426066715856,18.06762097065328,-6.809194903937424
2020-07-02,1536.280029296875,1536.3599853515625,1513.2099609375,1514.780029296875,132430200.0,UNIMAS eLEAP EXAM - UNIMAS Official Website,0.0,0.0,Neutral,0.0,Neutral,0.014427853919299016,,1514.4300537109375,0.0,1500.969970703125,-0.0258,1494.4300537109375,0.0,1506.8500244140625,1514.4153818578618,62.525742529774185,12.905269211684754,17.035150618859575,-4.129881407174821
2020-07-03,1552.6500244140625,1552.6500244140625,1538.1600341796875,1543.47998046875,85868800.0,,0.0,0.0,Neutral,0.0,Neutral,0.010655606272952589,,1536.280029296875,0.0,1514.4300537109375,0.0,1500.969970703125,-0.0258,1519.7520263671875,1527.1602627099287,65.97511059935348,15.354330896303054,16.69898667434827,-1.3446557780452153
2020-07-06,1576.9000244140625,1577.8199462890625,1553.7900390625,1553.7900390625,120130400.0,,0.0,0.0,Neutral,0.0,Neutral,0.015618458518461997,,1552.6500244140625,0.0,1536.280029296875,0.0,1514.4300537109375,0.0,1536.2460205078125,1543.7401832779733,70.33170358874145,19.032606223040375,17.16571058408669,1.866895638953686
2020-07-07,1566.719970703125,1587.6400146484375,1562.8800048828125,1582.030029296875,152251200.0,,0.0,0.0,Neutral,0.0,Neutral,-0.0064557381909612355,,1576.9000244140625,0.0,1552.6500244140625,0.0,1536.280029296875,0.0,1549.3960205078124,1551.4001124196905,66.48325616500037,20.885466012368852,17.909661669743123,2.975804342625729
2020-07-08,1583.5,1584.6700439453125,1562.0799560546875,1562.0799560546875,127417600.0,,0.0,0.0,Neutral,0.0,Neutral,0.010710292592583937,,1566.719970703125,0.0,1576.9000244140625,0.0,1552.6500244140625,0.0,1563.210009765625,1562.1000749464604,69.45057859008827,23.43770361444399,19.015270058683296,4.422433555760694
2020-07-09,1583.25,1590.6300048828125,1579.9000244140625,1583.93994140625,164873700.0,,0.0,0.0,Neutral,0.0,Neutral,-0.000157878118092869,,1583.5,0.0,1566.719970703125,0.0,1576.9000244140625,0.0,1572.60400390625,1569.1500499643068,69.3520654197972,25.15028061191674,20.242272169329986,4.908008442586755
2020-07-10,1591.8399658203125,1591.8399658203125,1574.0799560546875,1578.9200439453125,145111600.0,,0.0,0.0,Neutral,0.0,Neutral,0.005425527124782947,,1583.25,0.0,1583.5,0.0,1566.719970703125,0.0,1580.4419921875,1576.713355249642,70.88047190036399,26.89066977096536,21.571951689657062,5.3187180813082975
2020-07-13,1606.4300537109375,1608.3399658203125,1595.75,1596.4000244140625,136029500.0,,0.0,0.0,Neutral,0.0,Neutral,0.009165549429528408,,1591.8399658203125,0.0,1583.25,0.0,1583.5,0.0,1586.347998046875,1586.6189214034073,73.31469811163089,29.111657806839958,23.07989291309364,6.031764893746317
2020-07-14,1598.75,1617.3599853515625,1577.3299560546875,1608.280029296875,144740400.0,,0.0,0.0,Neutral,0.0,Neutral,-0.004780820486516735,,1606.4300537109375,0.0,1591.8399658203125,0.0,1583.25,0.0,1592.75400390625,1590.6626142689381,69.99765493262086,29.907337506930844,24.44538183186108,5.461955675069763
2020-07-15,1585.56005859375,1605.260009765625,1585.56005859375,1601.52001953125,133790000.0,,0.0,0.0,Neutral,0.0,Neutral,-0.008250158815480857,,1598.75,0.0,1606.4300537109375,0.0,1591.8399658203125,0.0,1593.166015625,1588.9617623772087,64.5925308538388,29.13771986625352,25.383849438739567,3.7538704275139523
2020-07-16,1573.47998046875,1599.530029296875,1572.1099853515625,1583.3199462890625,94192100.0,,0.0,0.0,Neutral,0.0,Neutral,-0.007618808293968993,,1585.56005859375,0.0,1598.75,0.0,1606.4300537109375,0.0,1591.21201171875,1583.8011684077226,60.02124150321625,27.239036338756932,25.75488681874304,1.4841495200138937
2020-07-17,1596.3299560546875,1599.5899658203125,1563.010009765625,1563.010009765625,181775800.0,,0.0,0.0,Neutral,0.0,Neutral,0.014521936007810154,,1573.47998046875,0.0,1585.56005859375,0.0,1598.75,0.0,1592.110009765625,1587.9774309567108,65.05854458424444,27.263837481177916,26.056676951230013,1.2071605299479025
2020-07-20,1589.449951171875,1609.02001953125,1580.3900146484375,1607.3499755859375,136294000.0,,0.0,0.0,Neutral,0.0,Neutral,-0.004309888977975684,,1596.3299560546875,0.0,1573.47998046875,0.0,1585.56005859375,0.0,1588.7139892578125,1588.4682710284321,62.50484305203573,26.42373727468862,26.130089015921733,0.29364825876688627
2020-07-21,1595.9300537109375,1601.81005859375,1587.8599853515625,1588.4200439453125,147303200.0,,0.0,0.0,Neutral,0.0,Neutral,0.004076946577830087,,1589.449951171875,0.0,1596.3299560546875,0.0,1573.47998046875,0.0,1588.15,1590.9555319226006,63.94054015937067,25.981345152780932,26.100340243293573,-0.1189950905126409
2020-07-22,1586.97998046875,1599.5699462890625,1586.27001953125,1594.050048828125,118174700.0,TESL Student Darshni Sees Poems Published in Covid-19 Pandemic Poetry Selection - Quest International University,0.0,0.0,Neutral,0.0,Neutral,-0.005608061093514971,,1595.9300537109375,0.0,1589.449951171875,0.0,1596.3299560546875,0.0,1588.433984375,1589.6303481046505,60.49515605609239,24.62469197637938,25.805210589910736,-1.1805186135313548
2020-07-23,1606.4200439453125,1607.800048828125,1585.449951171875,1586.969970703125,104270000.0,Board ethnic diversity and goodwill impairment decisions: longitudinal analysis of energy firms in Malaysia - UUM Repository,0.0,0.0,Neutral,0.2732,Positive,0.012249721934627367,,1586.97998046875,0.0,1595.9300537109375,0.0,1589.449951171875,0.0,1595.0219970703124,1595.226913384871,64.91709430538066,24.831938090133917,25.610556089955374,-0.7786179998214564
2020-07-24,1589.6099853515625,1605.2099609375,1585.1099853515625,1603.300048828125,117983500.0,,0.0,0.0,Neutral,0.0,Neutral,-0.010464298336607558,,1606.4200439453125,0.2732,1586.97998046875,0.0,1595.9300537109375,0.0,1593.6780029296874,1593.3546040404349,58.78913816192839,23.370352016905827,25.162515275345463,-1.7921632584396363
2020-07-27,1591.47998046875,1595.0,1585.239990234375,1594.6800537109375,89988600.0,,0.0,0.0,Neutral,0.0,Neutral,0.001176386116355399,,1589.6099853515625,0.0,1606.4200439453125,0.2732,1586.97998046875,0.0,1594.0840087890624,1592.72972951654,59.24996786093922,22.108079324814298,24.55162808523923,-2.4435487604249317
2020-07-28,1609.93994140625,1609.93994140625,1593.239990234375,1594.6400146484375,138510800.0,,0.0,0.0,Neutral,0.0,Neutral,0.01159924168952653,,1591.47998046875,0.0,1589.6099853515625,0.0,1606.4200439453125,0.2732,1596.885986328125,1598.46646681311,63.57957740700863,22.33976479098419,24.109255426388223,-1.7694906354040327
2020-07-29,1611.4200439453125,1618.010009765625,1589.97998046875,1610.1300048828125,112190000.0,,0.0,0.0,Neutral,0.0,Neutral,0.0009193526422914822,,1609.93994140625,0.0,1591.47998046875,0.0,1589.6099853515625,0.0,1601.7739990234375,1602.7843258571775,63.91066685780223,22.384771386786042,23.76435861846779,-1.3795872316817466
2020-07-30,1603.75,1614.3499755859375,1584.949951171875,1614.02001953125,126475200.0,"Audit, Tax, Accountancy in Johor Bahru. - KTP & Company PLT",0.0,0.0,Neutral,0.0,Neutral,-0.004759804232379761,,1611.4200439453125,0.0,1609.93994140625,0.0,1591.47998046875,0.0,1601.239990234375,1603.1062172381182,60.824836515677504,21.553080497411884,23.322102994256607,-1.7690224968447232
2020-08-03,1572.6099853515625,1599.3399658203125,1570.1800537109375,1595.010009765625,148578200.0,,0.0,0.0,Neutral,0.0,Neutral,-0.01941700056021045,,1603.75,0.0,1611.4200439453125,0.0,1609.93994140625,0.0,1597.839990234375,1592.9408066092662,50.22247817929085,18.17174794264315,22.292031983933917,-4.120284041290766
2020-08-04,1575.93994140625,1580.8699951171875,1549.6199951171875,1578.239990234375,142530200.0,Media Mulia Sdn. Bhd. - Media Mulia Sdn. Bhd.,0.0,0.0,Neutral,0.0,Neutral,0.0021174710104254757,,1572.6099853515625,0.0,1603.75,0.0,1611.4200439453125,0.0,1594.731982421875,1587.2738515415942,51.20203053187037,15.581107843495829,20.9498471558463,-5.3687393123504705
2020-08-05,1568.1300048828125,1579.9100341796875,1566.8699951171875,1578.8199462890625,115800000.0,,0.0,0.0,Neutral,0.0,Neutral,-0.00495573233359925,,1575.93994140625,0.0,1572.6099853515625,0.0,1603.75,0.0,1586.3699951171875,1580.8925693220003,48.77760665191752,12.750826700203106,19.31004306471766,-6.559216364514555
2020-08-06,1588.5699462890625,1588.5699462890625,1575.4000244140625,1577.469970703125,88750000.0,,0.0,0.0,Neutral,0.0,Neutral,0.013034596202230908,,1568.1300048828125,0.0,1575.93994140625,0.0,1572.6099853515625,0.0,1581.7999755859375,1583.4516949776878,54.80866298470293,12.018598034017032,17.851754058577534,-5.833156024560502
2020-08-07,1578.1400146484375,1591.0799560546875,1578.1400146484375,1590.5400390625,78209400.0,,0.0,0.0,Neutral,0.0,Neutral,-0.006565610576348635,,1588.5699462890625,0.0,1568.1300048828125,0.0,1575.93994140625,0.0,1576.677978515625,1581.6811348679378,51.477920822695324,10.4759331870805,16.376589884278125,-5.9006566971976255
2020-08-10,1571.6600341796875,1579.2900390625,1558.0699462890625,1579.2900390625,65970000.0,,0.0,0.0,Neutral,0.0,Neutral,-0.004106087171355077,,1578.1400146484375,0.0,1588.5699462890625,0.0,1568.1300048828125,0.0,1576.48798828125,1578.3407679718543,49.46660250977064,8.630987264627947,14.82746936034809,-6.1964820957201425
2020-08-11,1564.739990234375,1581.9300537109375,1564.739990234375,1580.1700439453125,80677300.0,,0.0,0.0,Neutral,0.0,Neutral,-0.004403015788922993,,1571.6600341796875,0.0,1578.1400146484375,0.0,1588.5699462890625,0.0,1574.247998046875,1573.8071753926945,47.339430179024525,6.5351316857056645,13.169001825419604,-6.63387013971394
2020-08-12,1556.6400146484375,1564.3800048828125,1539.6099853515625,1558.8199462890625,147372000.0,,0.0,0.0,Neutral,0.0,Neutral,-0.005176563286226399,,1564.739990234375,0.0,1571.6600341796875,0.0,1578.1400146484375,0.0,1571.95,1568.084788477942,44.90527908242384,4.1724532601992905,11.369692112375542,-7.197238852176252
2020-08-13,1576.4200439453125,1576.4200439453125,1561.1700439453125,1564.1300048828125,103047400.0,,0.0,0.0,Neutral,0.0,Neutral,0.012706874492971476,,1556.6400146484375,0.0,1564.739990234375,0.0,1571.6600341796875,0.0,1569.52001953125,1570.8632069670655,51.46795559049393,3.8516966797362784,9.86609302584769,-6.014396346111411
2020-08-14,1564.5899658203125,1579.6300048828125,1561.1800537109375,1578.7900390625,113661000.0,,0.0,0.0,Neutral,0.0,Neutral,-0.007504394637988021,,1576.4200439453125,0.0,1556.6400146484375,0.0,1564.739990234375,0.0,1566.810009765625,1568.7721265848145,47.800625867884165,2.61278775139931,8.415431970958014,-5.8026442195587045
2020-08-17,1560.739990234375,1567.550048828125,1543.0400390625,1561.93994140625,102190000.0,,0.0,0.0,Neutral,0.0,Neutral,-0.002460693005863046,,1564.5899658203125,0.0,1576.4200439453125,0.0,1556.6400146484375,0.0,1564.6260009765624,1566.0947478013347,46.63599228595792,1.3052366895631167,6.993392914679035,-5.688156225115918
2020-08-18,1577.8499755859375,1577.8499755859375,1557.25,1559.6400146484375,122344500.0,"Untitled - Malaysian Accounting Standards Board | Arising from this revision, what are the options available to me? - Ask Prudential",0.4,0.4,Positive,0.0,Neutral,0.01096273912286505,,1560.739990234375,0.0,1564.5899658203125,0.0,1576.4200439453125,0.0,1567.247998046875,1570.013157062869,52.20886835960216,1.6308267211315979,5.920879675969547,-4.290052954837949
2020-08-19,1575.3800048828125,1584.3599853515625,1570.699951171875,1576.3800048828125,108285500.0,,0.0,0.0,Neutral,0.0,Neutral,-0.0015654027577670648,,1577.8499755859375,0.0,1560.739990234375,0.0,1564.5899658203125,0.0,1570.99599609375,1571.8021063361834,51.37478810790361,1.670299006343157,5.070763542044269,-3.4004645357011123
2020-08-21,1577.1199951171875,1579.010009765625,1568.97998046875,1574.7900390625,194313500.0,Tax Treatment On Irrecoverable Debts - Cheng & Co Group,0.0,0.0,Neutral,0.0,Neutral,0.0011044892210019253,,1575.3800048828125,0.0,1577.8499755859375,0.0,1560.739990234375,0.0,1571.135986328125,1573.5747359298514,51.95706927446236,1.8209924791931371,4.420809329474043,-2.599816850280906
2020-08-24,1568.5799560546875,1581.27001953125,1567.0999755859375,1578.550048828125,119426200.0,,0.0,0.0,Neutral,0.0,Neutral,-0.0054149583347749,,1577.1199951171875,0.0,1575.3800048828125,0.0,1577.8499755859375,0.0,1571.933984375,1571.9098093047967,48.86421208895868,1.2370484375035176,3.7840571510799377,-2.54700871357642
2020-08-25,1554.9599609375,1569.5799560546875,1552.9200439453125,1563.3499755859375,125072300.0,,0.0,0.0,Neutral,0.0,Neutral,-0.008683009791508933,,1568.5799560546875,0.0,1577.1199951171875,0.0,1575.3800048828125,0.0,1570.777978515625,1566.259859849031,44.33177183382372,-0.321050333139965,2.963035654235957,-3.284085987375922
2020-08-26,1549.5799560546875,1558.949951171875,1538.260009765625,1554.75,129083600.0,,0.0,0.0,Neutral,0.0,Neutral,-0.003459899301567093,,1554.9599609375,0.0,1568.5799560546875,0.0,1577.1199951171875,0.0,1565.123974609375,1560.6998919175833,42.64894331101707,-1.9672984736332637,1.9769688286621128,-3.9442673022953763
2020-08-27,1554.780029296875,1554.780029296875,1544.1199951171875,1548.2099609375,132430100.0,,0.0,0.0,Neutral,0.0,Neutral,0.0033557953701384147,,1549.5799560546875,0.0,1554.9599609375,0.0,1568.5799560546875,0.0,1561.0039794921875,1558.7266043773473,44.828900130595386,-2.819854011980624,1.0176042605335653,-3.8374582725141893
2020-08-28,1525.2099609375,1558.2900390625,1525.2099609375,1555.050048828125,265628700.0,,0.0,0.0,Neutral,0.0,Neutral,-0.01901881153744145,,1554.780029296875,0.0,1549.5799560546875,0.0,1554.9599609375,0.0,1550.62197265625,1547.554389897398,36.3642556756935,-5.814541393918034,-0.3488248703567547,-5.46571652356128
2020-09-01,1521.4300537109375,1541.989990234375,1520.199951171875,1541.550048828125,215671500.0,,0.0,0.0,Neutral,0.0,Neutral,-0.0024782864807931793,,1525.2099609375,0.0,1554.780029296875,0.0,1549.5799560546875,0.0,1541.1919921875,1538.8462778352446,35.442970162853435,-8.396074917567375,-1.958274879798879,-6.437800037768497
2020-09-02,1537.5400390625,1537.5400390625,1523.68994140625,1525.1199951171875,146423000.0,,0.0,0.0,Neutral,0.0,Neutral,0.010588712450019244,,1521.4300537109375,0.0,1525.2099609375,0.0,1554.780029296875,0.0,1537.7080078125,1538.4108649109965,42.167892129681825,-9.037835115543203,-3.374186926947744,-5.6636481885954595
2020-09-03,1515.4000244140625,1544.1800537109375,1507.5799560546875,1540.6400146484375,227392200.0,,0.0,0.0,Neutral,0.0,Neutral,-0.014399634536956252,,1537.5400390625,0.0,1521.4300537109375,0.0,1525.2099609375,0.0,1530.872021484375,1530.7405847453517,36.535125554458695,-11.203798432174153,-4.940109227993026,-6.263689204181127
2020-09-04,1515.8599853515625,1519.280029296875,1498.719970703125,1504.6199951171875,123115500.0,MAPLEHOME - MAPLEHOME,0.0,0.0,Neutral,0.0,Neutral,0.00030352443585179856,,1515.4000244140625,0.0,1537.5400390625,0.0,1521.4300537109375,0.0,1523.0880126953125,1525.780384947422,36.7242314292559,-12.736407583441405,-6.499368899082702,-6.237038684358703
2020-09-07,1516.3800048828125,1520.8900146484375,1507.5699462890625,1514.6300048828125,94876900.0,,0.0,0.0,Neutral,0.0,Neutral,0.000343052482600692,,1515.8599853515625,0.0,1515.4000244140625,0.0,1537.5400390625,0.0,1521.322021484375,1522.6469249258855,36.952959616673446,-13.750542453497701,-7.949603609965702,-5.800938843531999
2020-09-08,1519.3199462890625,1519.3199462890625,1494.18994140625,1518.5,177379900.0,Irreparable Massive Rotator Cuff Tear in a Young Patient With Recurrent Anterior Shoulder Dislocation - Universiti Putra Malaysia,0.05,0.7,Neutral,0.0,Neutral,0.0019387893514708487,,1516.3800048828125,0.0,1515.8599853515625,0.0,1515.4000244140625,0.0,1520.9,1521.5379320469444,38.31063597393429,-14.153865986479104,-9.190456085268382,-4.9634099012107225
2020-09-09,1496.719970703125,1505.739990234375,1490.530029296875,1505.739990234375,233845100.0,,0.0,0.0,Neutral,0.0,Neutral,-0.014875060148547337,,1519.3199462890625,0.0,1516.3800048828125,0.0,1515.8599853515625,0.0,1512.735986328125,1513.2652782656712,32.51422764932035,-16.111409644684727,-10.574646797151651,-5.536762847533076
2020-09-10,1490.1199951171875,1504.030029296875,1474.22998046875,1502.219970703125,280828000.0,,0.0,0.0,Neutral,0.0,Neutral,-0.004409626192691918,,1496.719970703125,0.0,1519.3199462890625,0.0,1516.3800048828125,0.0,1507.67998046875,1505.5501838828434,31.03735399921931,-17.987985667004068,-12.057314571122134,-5.930671095881934
2020-09-11,1504.8499755859375,1505.8900146484375,1477.469970703125,1486.22998046875,323100600.0,Effective Liquidity (Cash Flow) Management - forster.com.my,0.6,0.8,Positive,0.4767,Positive,0.009885096849258534,,1490.1199951171875,0.0,1496.719970703125,0.0,1519.3199462890625,0.0,1505.477978515625,1505.3167811172082,37.825155492189495,-18.07820506969574,-13.261492670836855,-4.816712398858886
2020-09-14,1511.3599853515625,1515.6600341796875,1506.4100341796875,1513.4300537109375,247327400.0,,0.0,0.0,Neutral,0.0,Neutral,0.004326019119009095,,1504.8499755859375,0.4767,1490.1199951171875,0.0,1496.719970703125,0.0,1504.473974609375,1507.3311825286596,40.607500443129815,-17.423553337570183,-14.09390480418352,-3.3296485333866634
2020-09-15,1531.280029296875,1532.0400390625,1503.18994140625,1510.3599853515625,182127100.0,,0.0,0.0,Neutral,0.0,Neutral,0.013180211292069366,,1511.3599853515625,0.0,1504.8499755859375,0.4767,1490.1199951171875,0.0,1506.8659912109374,1515.314131451398,48.24026159717161,-15.123027211776616,-14.299729285702139,-0.8232979260744777
2020-09-17,1513.0699462890625,1541.1400146484375,1508.010009765625,1541.1400146484375,314591800.0,,0.0,0.0,Neutral,0.0,Neutral,-0.011892065892202708,,1531.280029296875,0.0,1511.3599853515625,0.0,1504.8499755859375,0.4767,1510.135986328125,1514.5660697306196,42.82240572016331,-14.60093470687184,-14.359970369936079,-0.24096433693576103
2020-09-18,1506.6300048828125,1524.0699462890625,1503.4300537109375,1511.780029296875,284135400.0,,0.0,0.0,Neutral,0.0,Neutral,-0.004256208658459215,,1513.0699462890625,0.0,1531.280029296875,0.0,1511.3599853515625,0.0,1513.43798828125,1511.9207147813506,41.06588353744507,-14.539222973819506,-14.395820890712764,-0.14340208310674107
2020-09-21,1499.4300537109375,1511.77001953125,1496.969970703125,1510.4200439453125,156236400.0,,0.0,0.0,Neutral,0.0,Neutral,-0.004778844937735727,,1506.6300048828125,0.0,1513.0699462890625,0.0,1531.280029296875,0.0,1512.35400390625,1507.757161091213,39.13320207538487,-14.899539253955936,-14.4965645633614,-0.4029746905945366
2020-09-22,1505.780029296875,1511.9000244140625,1494.9300537109375,1495.280029296875,135822100.0,,0.0,0.0,Neutral,0.0,Neutral,0.00423492617759802,,1499.4300537109375,0.0,1506.6300048828125,0.0,1513.0699462890625,0.0,1511.2380126953126,1507.098117159767,41.737527257684484,-14.505492255709441,-14.498350101831008,-0.0071421538784335326
2020-09-23,1496.47998046875,1509.1500244140625,1491.1700439453125,1507.2900390625,145529900.0,SISTEM i-MAQIS - MAQIS Malaysia,0.0,0.0,Neutral,0.0,Neutral,-0.006176233345628668,,1505.780029296875,0.0,1499.4300537109375,0.0,1506.6300048828125,0.0,1504.2780029296875,1503.5587382627614,39.09890508482964,-14.773345456982497,-14.553349172861306,-0.21999628412119066
2020-09-24,1500.800048828125,1506.5999755859375,1492.97998046875,1494.719970703125,209154000.0,,0.0,0.0,Neutral,0.0,Neutral,0.00288682001480689,,1496.47998046875,0.0,1505.780029296875,0.0,1499.4300537109375,0.0,1501.8240234375,1502.6391751178826,40.96590157106937,-14.470223902736734,-14.536724118836393,0.06650021609965862
2020-09-25,1509.1400146484375,1516.0,1505.050048828125,1507.949951171875,161816600.0,GE14 media monitoring report now available - University of Nottingham Malaysia,0.4,0.4,Positive,0.0,Neutral,0.005557013292226687,,1500.800048828125,0.0,1496.47998046875,0.0,1505.780029296875,0.0,1502.326025390625,1504.8061216280676,44.50299308456112,-13.402536250322783,-14.30988654513367,0.9073502948108878
2020-09-28,1511.6600341796875,1519.050048828125,1507.3499755859375,1510.260009765625,126847900.0,,0.0,0.0,Neutral,0.0,Neutral,0.0016698381242228333,,1509.1400146484375,0.0,1500.800048828125,0.0,1496.47998046875,0.0,1504.772021484375,1507.0907591452742,45.56432516523448,-12.212266175421973,-13.890362471191331,1.6780962957693575
2020-09-29,1503.9000244140625,1517.3299560546875,1503.9000244140625,1512.75,171248200.0,,0.0,0.0,Neutral,0.0,Neutral,-0.005133435819010712,,1511.6600341796875,0.0,1509.1400146484375,0.0,1500.800048828125,0.0,1504.3960205078124,1506.027180901537,42.84697891480962,-11.759579389490682,-13.464205854851201,1.7046264653605192
2020-09-30,1504.8199462890625,1512.949951171875,1497.780029296875,1505.77001953125,110856400.0,,0.0,0.0,Neutral,0.0,Neutral,0.0006116908438500435,,1503.9000244140625,0.0,1511.6600341796875,0.0,1509.1400146484375,0.0,1506.064013671875,1505.6247693640455,43.27883450528728,-11.197513873282332,-13.010867458537428,1.8133535852550953
2020-10-01,1496.77001953125,1503.8599853515625,1491.1300048828125,1501.5799560546875,84881100.0,,0.0,0.0,Neutral,0.0,Neutral,-0.005349428533070633,,1504.8199462890625,0.0,1503.9000244140625,0.0,1511.6600341796875,0.0,1505.2580078125,1502.673186086447,40.40191957542696,-11.27170155638305,-12.663034278106553,1.3913327217235025
2020-10-02,1500.300048828125,1501.8499755859375,1489.6600341796875,1494.8399658203125,122647500.0,,0.0,0.0,Neutral,0.0,Neutral,0.002358431322656118,,1496.77001953125,0.0,1504.8199462890625,0.0,1503.9000244140625,0.0,1503.4900146484374,1501.882140333673,42.21589305387954,-10.919775591467669,-12.314382540778777,1.3946069493111075
2020-10-05,1512.4300537109375,1513.3699951171875,1498.81005859375,1501.0799560546875,147917700.0,,0.0,0.0,Neutral,0.0,Neutral,0.008085052648159952,,1500.300048828125,0.0,1496.77001953125,0.0,1504.8199462890625,0.0,1503.6440185546876,1505.3981114594278,48.06544285957863,-9.551972516150272,-11.761900535853076,2.2099280197028044
2020-10-06,1509.469970703125,1522.3199462890625,1508.1800537109375,1515.699951171875,114933600.0,,0.0,0.0,Neutral,0.0,Neutral,-0.001957170184862189,,1512.4300537109375,0.0,1500.300048828125,0.0,1496.77001953125,0.0,1504.7580078125,1506.7553978739936,46.81986245154093,-8.607609520258166,-11.131042332734093,2.523432812475928
2020-10-07,1489.56005859375,1510.3499755859375,1489.56005859375,1509.239990234375,136587800.0,,0.0,0.0,Neutral,0.0,Neutral,-0.013190002117167476,,1509.469970703125,0.0,1512.4300537109375,0.0,1500.300048828125,0.0,1501.7060302734376,1501.0236181139123,39.420259231964856,-9.357886663025056,-10.776411198792285,1.4185245357672294
2020-10-08,1519.4300537109375,1519.4300537109375,1495.280029296875,1495.52001953125,89887800.0,Attention Deficit Hyperactivity Disorder (ADHD): What is it? How do I get tested? - People Psychological Solutions | The MAE app lets you bank seamlessly and manage all your lifestyle needs. - Maybank2u | The MAE app lets you bank seamlessly and manage all your lifestyle needs. - Maybank2u | Kitchen cabinet 15ft - Shopee Malaysia,0.06666666666666667,0.1,Positive,-0.6199,Negative,0.020052897461138253,,1489.56005859375,0.0,1509.469970703125,0.0,1512.4300537109375,0.0,1506.238037109375,1507.159096646254,51.742588606032704,-7.456276418944071,-10.112384242822642,2.656107823878571
2020-10-09,1530.3499755859375,1532.530029296875,1512.739990234375,1516.93994140625,87613900.0,Tv Cabinet 6.5 ft with hanging Display cabinet and Upper Rack - Shopee Malaysia,0.0,0.0,Neutral,0.0,Neutral,0.0071868539445629764,,1519.4300537109375,-0.6199,1489.56005859375,0.0,1509.469970703125,0.0,1512.2480224609376,1514.8893896261486,55.32060060130459,-5.010334153137592,-9.091974224885632,4.0816400717480406
2020-10-12,1518.4300537109375,1526.02001953125,1512.739990234375,1525.9200439453125,111076300.0,,0.0,0.0,Neutral,0.0,Neutral,-0.007789016934140247,,1530.3499755859375,0.0,1519.4300537109375,-0.6199,1489.56005859375,0.0,1513.4480224609374,1516.069610987745,50.88543516382933,-3.9877767536806914,-8.071134730644644,4.083357976963953
2020-10-13,1525.199951171875,1527.0400390625,1512.4599609375,1514.1800537109375,134541300.0,,0.0,0.0,Neutral,0.0,Neutral,0.004458484896549875,,1518.4300537109375,0.0,1530.3499755859375,0.0,1519.4300537109375,-0.6199,1516.5940185546874,1519.1130577157883,53.1812462671042,-2.601134244359855,-6.977134633387687,4.376000389027832
2020-10-14,1523.25,1524.22998046875,1516.0999755859375,1523.5699462890625,217994300.0,,0.0,0.0,Neutral,0.0,Neutral,-0.0012784888764104663,,1525.199951171875,0.0,1518.4300537109375,0.0,1530.3499755859375,0.0,1523.3320068359376,1520.4920384771922,52.42116703589359,-1.6406425229120032,-5.90983621129255,4.269193688380547
2020-10-15,1513.949951171875,1524.030029296875,1512.9599609375,1521.43994140625,134270100.0,,0.0,0.0,Neutral,0.0,Neutral,-0.006105398869604484,,1523.25,0.0,1525.199951171875,0.0,1518.4300537109375,0.0,1522.235986328125,1518.311342708753,48.83617517650321,-1.6113079750423367,-5.050130564042507,3.4388225890001705
2020-10-16,1503.8399658203125,1520.31005859375,1503.8399658203125,1519.3299560546875,152911800.0,,0.0,0.0,Neutral,0.0,Neutral,-0.006677886110922571,,1513.949951171875,0.0,1523.25,0.0,1525.199951171875,0.0,1516.933984375,1513.4875504126062,45.21604612468535,-2.3764571410804365,-4.515395879450093,2.1389387383696565
2020-10-19,1518.1099853515625,1521.9100341796875,1505.9200439453125,1507.2099609375,132510200.0,,0.0,0.0,Neutral,0.0,Neutral,0.009489054590636536,,1503.8399658203125,0.0,1513.949951171875,0.0,1523.25,0.0,1516.869970703125,1515.028362058925,50.7638973109631,-1.8105017143600435,-3.974417046432083,2.1639153320720395
2020-10-20,1510.969970703125,1520.969970703125,1510.68994140625,1518.5,130512500.0,,0.0,0.0,Neutral,0.0,Neutral,-0.004703226193973009,,1518.1099853515625,0.0,1503.8399658203125,0.0,1513.949951171875,0.0,1514.023974609375,1513.675564940325,48.13719171635027,-1.916030662937601,-3.5627397697331866,1.6467091067955857
2020-10-21,1492.4000244140625,1513.199951171875,1492.18994140625,1512.0400390625,183844000.0,,0.0,0.0,Neutral,0.0,Neutral,-0.012290082959372839,,1510.969970703125,0.0,1518.1099853515625,0.0,1503.8399658203125,0.0,1507.8539794921876,1506.5837180982376,42.043854727810036,-3.458238168068192,-3.5418394494001877,0.08360128133199574
2020-10-22,1498.800048828125,1500.050048828125,1485.77001953125,1492.949951171875,163496000.0,,0.0,0.0,Neutral,0.0,Neutral,0.004288410821070121,,1492.4000244140625,0.0,1510.969970703125,0.0,1518.1099853515625,0.0,1504.8239990234374,1503.9891616748666,44.64455589576832,-4.1165670217571915,-3.6567849638715884,-0.4597820578856031
2020-10-23,1494.6400146484375,1502.6700439453125,1489.8299560546875,1499.760009765625,130007200.0,,0.0,0.0,Neutral,0.0,Neutral,-0.0027755764906334246,,1498.800048828125,0.0,1492.4000244140625,0.0,1510.969970703125,0.0,1502.9840087890625,1500.8727793327237,43.2849050987175,-4.91729386993029,-3.9088867450833287,-1.0084071248469617
2020-10-26,1494.6099853515625,1497.5400390625,1482.1500244140625,1495.56005859375,102464600.0,,0.0,0.0,Neutral,0.0,Neutral,-2.0091324051785264e-05,,1494.6400146484375,0.0,1498.800048828125,0.0,1492.4000244140625,0.0,1498.2840087890625,1498.7851813390032,43.274659779732005,-5.49100192713945,-4.225309781494553,-1.2656921456448975
2020-10-27,1500.3499755859375,1504.550048828125,1489.97998046875,1492.1099853515625,140621900.0,,0.0,0.0,Neutral,0.0,Neutral,0.0038404602475774485,,1494.6099853515625,0.0,1494.6400146484375,0.0,1498.800048828125,0.0,1496.160009765625,1499.3067794213146,45.91011560781778,-5.420021817343013,-4.464252188664245,-0.9557696286787678
2020-10-28,1495.199951171875,1505.6400146484375,1492.1099853515625,1505.47998046875,105403500.0,,0.0,0.0,Neutral,0.0,Neutral,-0.003432548737204666,,1500.3499755859375,0.0,1494.6099853515625,0.0,1494.6400146484375,0.0,1496.7199951171874,1497.9378366715014,43.93769852779561,-5.713472148198662,-4.714096180571128,-0.9993759676275333
2020-10-30,1466.8900146484375,1494.8699951171875,1461.050048828125,1494.31005859375,165737400.0,,0.0,0.0,Neutral,0.0,Neutral,-0.018933880048116247,,1495.199951171875,0.0,1500.3499755859375,0.0,1494.6099853515625,0.0,1490.33798828125,1487.5885626638135,35.028703400366936,-8.136615097055483,-5.398599963868,-2.738015133187483
2020-11-02,1466.4599609375,1468.0899658203125,1452.1300048828125,1465.469970703125,114250300.0,,0.0,0.0,Neutral,0.0,Neutral,-0.00029317379397431065,,1466.8900146484375,0.0,1495.199951171875,0.0,1500.3499755859375,0.0,1484.7019775390625,1480.545695421709,34.91289348413213,-9.976670237949065,-6.314214018684213,-3.662456219264852
2020-11-03,1461.449951171875,1470.68994140625,1460.5999755859375,1469.1099853515625,92265300.0,ESCAPE Penang - ESCAPE Penang | ESCAPE Penang - ESCAPE Penang | ESCAPE Penang - ESCAPE Penang | ESCAPE Penang - ESCAPE Penang | ESCAPE Penang - ESCAPE Penang,0.0,0.0,Neutral,0.9654,Positive,-0.0034163972417099453,,1466.4599609375,0.0,1466.8900146484375,0.0,1495.199951171875,0.0,1478.069970703125,1474.1804473384311,33.522435698914656,-11.704273532055822,-7.392225921358535,-4.312047610697287
2020-11-04,1464.6099853515625,1473.530029296875,1462.3699951171875,1464.489990234375,88912900.0,,0.0,0.0,Neutral,0.0,Neutral,0.002162259595105187,,1461.449951171875,0.9654,1466.4599609375,0.0,1466.8900146484375,0.0,1470.92197265625,1470.9902933428082,35.27346029232154,-12.672344343223358,-8.4482496057315,-4.224094737491859
2020-11-05,1501.489990234375,1501.489990234375,1467.8399658203125,1468.8599853515625,128922500.0,,0.0,0.0,Neutral,0.0,Neutral,0.025180768430962175,,1464.6099853515625,0.0,1461.449951171875,0.9654,1466.4599609375,0.0,1472.17998046875,1481.1568589733304,51.37202632136233,-10.34439550840716,-8.827478786266632,-1.5169167221405289
2020-11-06,1519.6400146484375,1519.6400146484375,1497.3199462890625,1500.800048828125,139420600.0,,0.0,0.0,Neutral,0.0,Neutral,0.012088008932533256,,1501.489990234375,0.0,1464.6099853515625,0.0,1461.449951171875,0.9654,1482.72998046875,1493.9845775316994,57.03553002239612,-6.954753926635476,-8.452933814340401,1.498179887704925
2020-11-09,1524.3199462890625,1533.050048828125,1513.2099609375,1521.6300048828125,109245000.0,,0.0,0.0,Neutral,0.0,Neutral,0.0030796317519368177,,1519.6400146484375,0.0,1501.489990234375,0.0,1464.6099853515625,0.0,1494.3019775390626,1504.096367117487,58.38149113030974,-3.8464674974866284,-7.531640550969646,3.685173053483018
2020-11-10,1575.0699462890625,1575.0699462890625,1516.5400390625,1521.949951171875,592756400.0,,0.0,0.0,Neutral,0.0,Neutral,0.03329353533918544,,1524.3199462890625,0.0,1519.6400146484375,0.0,1501.489990234375,0.0,1517.0259765625,1527.7542268413456,69.52924719439218,2.6810670837267025,-5.489099024030376,8.17016610775708
2020-11-11,1570.0799560546875,1572.68994140625,1550.43994140625,1572.68994140625,242168200.0,Institutional Problems of Spatial Policy during the COVID-19 Pandemic: A Polish Case - International Journal of Real Estate Studies,0.1,0.15,Positive,-0.4019,Negative,-0.0031681070711377934,,1575.0699462890625,0.0,1524.3199462890625,0.0,1519.6400146484375,0.0,1538.119970703125,1541.862803245793,67.61159236822549,7.366616983829999,-2.9179558224583007,10.284572806288299
2020-11-12,1590.780029296875,1592.280029296875,1558.7099609375,1565.989990234375,283572200.0,,0.0,0.0,Neutral,0.0,Neutral,0.013184088595209476,,1570.0799560546875,-0.4019,1575.0699462890625,0.0,1524.3199462890625,0.0,1555.977978515625,1558.1685452628203,71.16452439832905,12.604969705694202,0.18662928317219984,12.418340422522002
2020-11-13,1589.68994140625,1592.18994140625,1572.0,1588.3800048828125,178410200.0,,0.0,0.0,Neutral,0.0,Neutral,-0.0006852536935020304,,1590.780029296875,0.0,1570.0799560546875,-0.4019,1575.0699462890625,0.0,1569.9879638671875,1568.6756773106301,70.7245354955916,16.478487251997194,3.445000876937199,13.033486375059995
2020-11-16,1599.6600341796875,1602.22998046875,1587.06005859375,1593.3499755859375,328920300.0,,0.0,0.0,Neutral,0.0,Neutral,0.006271721619259818,,1589.68994140625,0.0,1590.780029296875,0.0,1570.0799560546875,-0.4019,1585.0559814453125,1579.0037962669826,72.40500581467874,20.12084045393908,6.780168792337575,13.340671661601506
2020-11-17,1610.1500244140625,1613.3399658203125,1593.02001953125,1599.6199951171875,467715300.0,,0.0,0.0,Neutral,0.0,Neutral,0.0065576372543145744,,1599.6600341796875,0.0,1589.68994140625,0.0,1590.780029296875,0.0,1592.0719970703126,1589.3858723160092,74.09020629598491,23.582046993200493,10.140544432510158,13.441502560690335
2020-11-18,1604.75,1611.5799560546875,1595.0899658203125,1611.0799560546875,237706200.0,,0.0,0.0,Neutral,0.0,Neutral,-0.003353739919997545,,1610.1500244140625,0.0,1599.6600341796875,0.0,1589.68994140625,0.0,1599.006005859375,1594.5072482106727,71.66400048567519,25.59430604371414,13.231296754750954,12.363009288963188
2020-11-19,1583.6800537109375,1596.550048828125,1583.6800537109375,1595.7900390625,174677700.0,,0.0,0.0,Neutral,0.0,Neutral,-0.013129737522394436,,1604.75,0.0,1610.1500244140625,0.0,1599.6600341796875,0.0,1597.5860107421875,1590.8981833774276,62.99576717295155,25.198395840360035,15.62471657187277,9.573679268487265
2020-11-20,1593.75,1599.489990234375,1579.489990234375,1584.989990234375,192318500.0,,0.0,0.0,Neutral,0.0,Neutral,0.006358573668630907,,1583.6800537109375,0.0,1604.75,0.0,1610.1500244140625,0.0,1598.3980224609375,1591.848788918285,65.16447155117613,25.404349136114888,17.580643084721196,7.8237060513936925
2020-11-23,1597.47998046875,1600.5799560546875,1592.7099609375,1593.260009765625,139314000.0,,0.0,0.0,Neutral,0.0,Neutral,0.0023403799019607874,,1593.75,0.0,1583.6800537109375,0.0,1604.75,0.0,1597.96201171875,1593.72585276844,65.96026293947132,25.573748603103695,19.179264188397696,6.394484414706
2020-11-24,1578.3900146484375,1599.97998046875,1578.3900146484375,1588.530029296875,186434400.0,,0.0,0.0,Neutral,0.0,Neutral,-0.011950050112497168,,1597.47998046875,0.0,1593.75,0.0,1583.6800537109375,0.0,1591.610009765625,1588.6139067284391,58.583958665191574,23.892183976439128,20.12184814600598,3.7703358304331474
2020-11-25,1597.5799560546875,1600.199951171875,1582.31005859375,1582.31005859375,196393300.0,,0.0,0.0,Neutral,0.0,Neutral,0.012157921190678822,,1578.3900146484375,0.0,1597.47998046875,0.0,1593.75,0.0,1590.1760009765626,1591.6025898371886,63.05643846164208,23.833264748907823,20.86413146658635,2.9691332823214722
2020-11-26,1612.1099853515625,1612.780029296875,1590.6500244140625,1597.68994140625,184343200.0,,0.0,0.0,Neutral,0.0,Neutral,0.00909502478533697,,1597.5799560546875,0.0,1578.3900146484375,0.0,1597.47998046875,0.0,1595.8619873046875,1598.4383883419798,66.04625797022716,24.674589460434163,21.626223065355912,3.0483663950782507
2020-11-27,1607.5899658203125,1618.6800537109375,1605.6800537109375,1615.199951171875,204625000.0,,0.0,0.0,Neutral,0.0,Neutral,-0.0028037910392721965,,1612.1099853515625,0.0,1597.5799560546875,0.0,1578.3900146484375,0.0,1598.62998046875,1601.4889141680908,64.30286598596548,24.69198373665381,22.23937519961549,2.4526085370383193
2020-11-30,1562.7099609375,1614.77001953125,1562.7099609375,1606.77001953125,415540700.0,,0.0,0.0,Neutral,0.0,Neutral,-0.02791756967698622,,1607.5899658203125,0.0,1612.1099853515625,0.0,1597.5799560546875,0.0,1591.6759765625,1588.5625964245605,50.1482045892246,20.84405027310663,21.96031021431372,-1.1162599412070868
2020-12-01,1602.260009765625,1604.5699462890625,1580.1700439453125,1580.1700439453125,218992400.0,,0.0,0.0,Neutral,0.0,Neutral,0.025308630402789634,,1562.7099609375,0.0,1607.5899658203125,0.0,1612.1099853515625,0.0,1596.4499755859374,1593.128400871582,58.76283692559944,20.746738203646828,21.717595812180342,-0.9708576085335139
2020-12-02,1598.719970703125,1605.5999755859375,1592.9300537109375,1604.489990234375,221580800.0,,0.0,0.0,Neutral,0.0,Neutral,-0.002209403617966954,,1602.260009765625,0.0,1562.7099609375,0.0,1607.5899658203125,0.0,1596.677978515625,1594.9922574820964,57.800050683371914,20.151670210296288,21.40441069180353,-1.2527404815072423
2020-12-03,1628.260009765625,1628.260009765625,1599.3599853515625,1601.1300048828125,181778200.0,,0.0,0.0,Neutral,0.0,Neutral,0.018477306597670218,,1598.719970703125,0.0,1602.260009765625,0.0,1562.7099609375,0.0,1599.9079833984374,1606.0815082432725,63.21599106781793,21.812270537183394,21.485982660879504,0.32628787630389056
2020-12-04,1621.8499755859375,1628.8199462890625,1618.5400390625,1627.9100341796875,156357300.0,,0.0,0.0,Neutral,0.0,Neutral,-0.003936738691144415,,1628.260009765625,0.0,1598.719970703125,0.0,1602.260009765625,0.0,1602.7599853515626,1611.3376640241609,61.37526447806773,22.353396037793118,21.659465336262226,0.693930701530892
2020-12-07,1622.8900146484375,1627.5899658203125,1618.97998046875,1624.0699462890625,155252700.0,,0.0,0.0,Neutral,0.0,Neutral,0.0006412671197435493,,1621.8499755859375,0.0,1628.260009765625,0.0,1598.719970703125,0.0,1614.79599609375,1615.1884475655863,61.570787458832655,22.605581286415827,21.848688526292946,0.7568927601228808
2020-12-08,1631.699951171875,1631.719970703125,1624.949951171875,1625.43994140625,202623800.0,,0.0,0.0,Neutral,0.0,Neutral,0.005428548111034992,,1622.8900146484375,0.0,1621.8499755859375,0.0,1628.260009765625,0.0,1620.683984375,1620.692282101016,63.26706059683603,23.248335818842634,22.128617984802883,1.1197178340397507
2020-12-09,1646.530029296875,1654.1500244140625,1638.77001953125,1640.989990234375,246630400.0,,0.0,0.0,Neutral,0.0,Neutral,0.009088728668741552,,1631.699951171875,0.0,1622.8900146484375,0.0,1621.8499755859375,0.0,1630.24599609375,1629.3048644996356,65.98859724287115,24.67000630500206,22.636895648842717,2.0331106561593444
2020-12-10,1654.3900146484375,1658.0699462890625,1647.6500244140625,1651.6700439453125,173122000.0,,0.0,0.0,Neutral,0.0,Neutral,0.004773666566481705,,1646.530029296875,0.0,1631.699951171875,0.0,1622.8900146484375,0.0,1635.4719970703125,1637.6665812159029,67.36853060886341,26.129718408471035,23.33546020076838,2.7942582077026543
2020-12-11,1684.5799560546875,1689.77001953125,1660.489990234375,1660.760009765625,295540900.0,,0.0,0.0,Neutral,0.0,Neutral,0.018248382267143537,,1654.3900146484375,0.0,1646.530029296875,0.0,1631.699951171875,0.0,1648.0179931640625,1653.304372828831,72.05793131268818,29.383907337801702,24.545149628175047,4.838757709626655
2020-12-14,1662.739990234375,1695.9599609375,1662.449951171875,1682.4599609375,361491200.0,Security Tips - bsn.com.my | Security Tips - bsn.com.my | Security Tips - bsn.com.my | Security Tips - bsn.com.my | CONTACT US - bsn.com.my | Security Tips - bsn.com.my | Security Tips - bsn.com.my,0.0,0.0,Neutral,0.9081,Positive,-0.01296463592708419,,1684.5799560546875,0.0,1654.3900146484375,0.0,1646.530029296875,0.0,1655.98798828125,1656.449578630679,64.80274628399248,29.85640672026875,25.607401046593786,4.249005673674965
2020-12-15,1674.02001953125,1679.0999755859375,1655.8800048828125,1661.5400390625,226532100.0,,0.0,0.0,Neutral,0.0,Neutral,0.006784000723579764,,1662.739990234375,0.9081,1684.5799560546875,0.0,1654.3900146484375,0.0,1664.452001953125,1662.3063922642027,66.66935535815597,30.786185989812793,26.643158035237587,4.1430279545752065
2020-12-16,1681.4100341796875,1695.8699951171875,1679.3900146484375,1694.3299560546875,191726100.0,Exchange Rates - Bank Negara Malaysia | Interest Rates & Volumes - Bank Negara Malaysia | Interest Rates & Volumes - Bank Negara Malaysia | Decrease in Statutory Reserve Requirement (SRR) Ratio - Bank Negara Malaysia | Decrease in Statutory Reserve Requirement (SRR) Ratio - Bank Negara Malaysia | Chapter 2 MONETARY AND FINANCIAL CONDITIONS.indd - Bank Negara Malaysia | National Summary Data Page for Malaysia - Bank Negara Malaysia | Exchange Rates - Bank Negara Malaysia | Exchange Rates - Bank Negara Malaysia | List of Approved and Registered Intermediaries - Bank Negara Malaysia | Bank Negara Malaysia Annual Report 2012 - Bank Negara Malaysia | About Money Services Business - Bank Negara Malaysia | Decrease in Statutory Reserve Requirement (SRR) Ratio - Bank Negara Malaysia | Instruments - Bank Negara Malaysia | Statement by Financial Markets Committee - Bank Negara Malaysia | Financial Deepening and Financial Integration East Asia - Bank Negara Malaysia | BSN Internet Banking - myBSN - bsn.com.my,0.0,0.0,Neutral,0.8316,Positive,0.004414531822926948,,1674.02001953125,0.0,1662.739990234375,0.9081,1684.5799560546875,0.0,1671.4280029296874,1668.6742729026976,67.87149486062323,31.753322643150568,27.665190956820183,4.088131686330385
2020-12-17,1674.3499755859375,1684.300048828125,1669.68994140625,1684.27001953125,149955400.0,,0.0,0.0,Neutral,0.0,Neutral,-0.00419889167438825,,1681.4100341796875,0.8316,1674.02001953125,0.0,1662.739990234375,0.9081,1675.4199951171875,1670.5661737971109,65.44308165315783,31.585994006313967,28.44935156671894,3.136642439595029
2020-12-18,1652.489990234375,1678.1099853515625,1644.800048828125,1676.8399658203125,217881000.0,Monetary Policy in 2009 - Bank Negara Malaysia | Monetary Policy Statement - Bank Negara Malaysia | 1997 Bank Negara Malaysia Annual Report - Bank Negara Malaysia | Monetary Policy Statement - Bank Negara Malaysia | MONETARY POLICY IN 2013 - Bank Negara Malaysia | Monetary Policy in 2009 - Bank Negara Malaysia | Monetary Policy Statement - Bank Negara Malaysia | MONETARY POLICY IN 2013 - Bank Negara Malaysia | MONETARY POLICY IN 2014 - Bank Negara Malaysia | Monetary Policy Statement - Bank Negara Malaysia | Monetary Policy Statement - Bank Negara Malaysia | Governor Dato' Dr. Zeti's Responses to Questions from The Edge - Bank Negara Malaysia | The Shariah Advisory Council of Bank Negara Malaysia (the SAC) 194th and 195th Meeting - Bank Negara Malaysia | Item 1. Submission by applicant seeking registration 2. Submission on behalf of the applicant (third party) Descript - Bank Negara Malaysia | Newly published: Guidelines on Data Management and MIS Framework for Development Financial Institutions - Bank Negara Malaysia | Development of the Financial Sector - Bank Negara Malaysia,0.03409090909090909,0.1136363636363636,Neutral,0.4019,Positive,-0.013055804145075789,,1674.3499755859375,0.0,1681.4100341796875,0.8316,1674.02001953125,0.0,1669.002001953125,1664.540779276199,58.467564376500725,29.35112522853865,28.62970629908288,0.7214189294557691
2020-12-21,1647.8900146484375,1657.8199462890625,1641.9200439453125,1651.8599853515625,120517100.0,Banking measures - Bank Negara Malaysia | Consolidation of the Banking Sector - Bank Negara Malaysia,0.0,0.0,Neutral,0.0,Neutral,-0.002783663207112763,,1652.489990234375,0.4019,1674.3499755859375,0.0,1681.4100341796875,0.8316,1666.0320068359374,1658.9905244002784,57.08860196449591,26.898724284924356,28.283509896251175,-1.3847856113268193
2020-12-22,1631.9200439453125,1647.3599853515625,1625.3900146484375,1646.800048828125,170479700.0,,0.0,0.0,Neutral,0.0,Neutral,-0.009691162978818113,,1647.8900146484375,0.0,1652.489990234375,0.4019,1674.3499755859375,0.0,1657.61201171875,1649.9670309152898,52.46245611463357,23.39683158885282,27.306174234771504,-3.9093426459186844
2020-12-23,1647.5,1652.5899658203125,1627.530029296875,1631.550048828125,115592000.0,,0.0,0.0,Neutral,0.0,Neutral,0.009547009433759746,,1631.9200439453125,0.0,1647.8900146484375,0.0,1652.489990234375,0.4019,1650.8300048828125,1649.14468727686,56.19211403975049,21.62939840297281,26.170819068411767,-4.541420665438956
2020-12-24,1641.1700439453125,1649.7099609375,1636.97998046875,1649.0799560546875,70670800.0,,0.0,0.0,Neutral,0.0,Neutral,-0.003842158455045541,,1647.5,0.0,1631.9200439453125,0.0,1647.8900146484375,0.0,1644.1940185546875,1646.4864728330108,54.327158833697595,19.493214672887007,24.835298189306815,-5.342083516419809
2020-12-28,1643.9000244140625,1655.9599609375,1639.9200439453125,1642.22998046875,97323000.0,,0.0,0.0,Neutral,0.0,Neutral,0.0016634354732598666,,1641.1700439453125,0.0,1647.5,0.0,1631.9200439453125,0.0,1642.476025390625,1645.624323360028,55.0205066016924,17.815197774482158,23.431278106341885,-5.616080331859727
2020-12-29,1634.989990234375,1645.760009765625,1630.8299560546875,1644.3699951171875,132040100.0,,0.0,0.0,Neutral,0.0,Neutral,-0.0054200584265233775,,1643.9000244140625,0.0,1641.1700439453125,0.0,1647.5,0.0,1639.8960205078124,1642.079545651477,52.233446772929916,15.586718016104442,21.862366088294397,-6.275648072189956
2020-12-30,1644.4100341796875,1645.31005859375,1631.77001953125,1635.5999755859375,122722900.0,ANALYSIS OF TREND AND SOURCES OF GOVERNMENT BUDGET DEFICIT FINANCING IN BANGLADESH - Universiti Utara Malaysia,0.0,0.0,Neutral,-0.5319,Negative,0.005761530040903962,,1634.989990234375,0.0,1643.9000244140625,0.0,1641.1700439453125,0.0,1642.3940185546876,1642.8563751608806,54.838112715684574,14.41458817237367,20.37281050511025,-5.958222332736582
2020-12-31,1627.2099609375,1644.260009765625,1627.2099609375,1644.260009765625,122930600.0,,0.0,0.0,Neutral,0.0,Neutral,-0.010459722870012622,,1644.4100341796875,-0.5319,1634.989990234375,0.0,1643.9000244140625,0.0,1638.3360107421875,1637.640903753087,49.527588863044755,11.95989839887875,18.69022808386395,-6.7303296849852
2021-01-04,1602.5699462890625,1629.1700439453125,1593.1199951171875,1629.010009765625,519385300.0,Untitled - rism.org.my,0.0,0.0,Neutral,0.0,Neutral,-0.015142492511686312,,1627.2099609375,0.0,1644.4100341796875,-0.5319,1634.989990234375,0.0,1630.6159912109374,1625.9505845984122,43.08995525119705,7.9348280528308806,16.539148077657337,-8.604320024826457
2021-01-05,1608.3499755859375,1608.3499755859375,1589.81005859375,1603.0699462890625,214185500.0,,0.0,0.0,Neutral,0.0,Neutral,0.0036067251293832037,,1602.5699462890625,0.0,1627.2099609375,0.0,1644.4100341796875,-0.5319,1623.5059814453125,1620.0837149275874,44.89925410990344,5.151942477155444,14.261706957556958,-9.109764480401514
2021-01-06,1591.969970703125,1610.780029296875,1586.25,1610.780029296875,177008600.0,,0.0,0.0,Neutral,0.0,Neutral,-0.01018435361174741,,1608.3499755859375,0.0,1602.5699462890625,0.0,1627.2099609375,0.0,1614.9019775390625,1610.7124668527665,40.92814254749082,1.6062403690698375,11.730613639859534,-10.124373270789697
2021-01-07,1602.949951171875,1602.949951171875,1572.6199951171875,1589.530029296875,344222000.0,,0.0,0.0,Neutral,0.0,Neutral,0.006897102753703699,,1591.969970703125,0.0,1608.3499755859375,0.0,1602.5699462890625,0.0,1606.6099609375,1608.1249616258026,44.47338840409801,-0.31414022373587613,9.321662867140452,-9.635803090876328
2021-01-08,1633.18994140625,1633.18994140625,1595.1199951171875,1601.949951171875,419320700.0,,0.0,0.0,Neutral,0.0,Neutral,0.018865211738062992,,1602.949951171875,0.0,1591.969970703125,0.0,1608.3499755859375,0.0,1607.80595703125,1616.4799548859517,52.86382944653347,0.597174945596862,7.576765282831734,-6.979590337234872
2021-01-11,1617.25,1627.219970703125,1607.530029296875,1627.219970703125,312214300.0,,0.0,0.0,Neutral,0.0,Neutral,-0.009760004640075759,,1633.18994140625,0.0,1602.949951171875,0.0,1591.969970703125,0.0,1610.7419677734374,1616.7366365906344,48.6875345418948,0.032800621976321054,6.067972350660652,-6.035171728684331
2021-01-12,1612.0400390625,1621.0999755859375,1590.7099609375,1615.8399658203125,294833700.0,,0.0,0.0,Neutral,0.0,Neutral,-0.003221493855309898,,1617.25,0.0,1633.18994140625,0.0,1602.949951171875,0.0,1611.47998046875,1615.1711040812563,47.370276414115885,-0.8253562091733784,4.689306638693846,-5.514662847867224
2021-01-13,1636.68994140625,1637.31005859375,1617.6800537109375,1617.6800537109375,215713300.0,PAYMENT SYSTEMS IN MALAYSIA - Bank Negara Malaysia,0.0,0.0,Neutral,0.0,Neutral,0.015291122891764708,,1612.0400390625,0.0,1617.25,0.0,1633.18994140625,0.0,1620.423974609375,1622.3440498562543,53.746494671676395,0.47807844010162626,3.847060998975402,-3.3689825588737756
2021-01-14,1635.7099609375,1646.239990234375,1632.199951171875,1638.0,211876200.0,,0.0,0.0,Neutral,0.0,Neutral,-0.0005987575556968272,,1636.68994140625,0.0,1612.0400390625,0.0,1617.25,0.0,1626.9759765625,1626.799353550003,53.46914845019059,1.4156646556718897,3.3607817303146996,-1.94511707464281
2021-01-15,1627.010009765625,1637.8800048828125,1626.25,1637.27001953125,135442000.0,,0.0,0.0,Neutral,0.0,Neutral,-0.005318761503957936,,1635.7099609375,0.0,1636.68994140625,0.0,1612.0400390625,0.0,1625.739990234375,1626.8695722885436,50.95526437902507,1.4400946210471375,2.976644308461187,-1.5365496874140496
2021-01-18,1609.52001953125,1625.3499755859375,1608.6400146484375,1625.3499755859375,108538700.0,,0.0,0.0,Neutral,0.0,Neutral,-0.010749774205073614,,1627.010009765625,0.0,1635.7099609375,0.0,1636.68994140625,0.0,1624.193994140625,1621.0863880361123,46.24776606318168,0.04761067640743022,2.3908375820504357,-2.3432269056430055
2021-01-19,1601.8800048828125,1618.4100341796875,1601.8800048828125,1611.06005859375,137672400.0,"MASB 15 Property, Plant and Equipment - Malaysian Accounting Standards Board | FRS 140 Investment Property-MASB - Malaysian Accounting Standards Board",0.0,0.0,Neutral,0.0,Neutral,-0.004746765840578093,,1609.52001953125,0.0,1627.010009765625,0.0,1635.7099609375,0.0,1622.1619873046875,1614.6842603183457,44.32154846346999,-1.6533692029026952,1.5819962250598096,-3.235365427962505
2021-01-20,1601.5400390625,1616.8399658203125,1601.5400390625,1606.550048828125,163315800.0,"Financial Reporting Standard 116 Property, Plant and Equipment-MASB - Malaysian Accounting Standards Board",0.0,0.0,Neutral,0.0,Neutral,-0.00021222926765818162,,1601.8800048828125,0.0,1609.52001953125,0.0,1627.010009765625,0.0,1615.1320068359375,1610.3028532330638,44.23326297739651,-2.9943237127811244,0.6667322374916229,-3.6610559502727473
2021-01-21,1594.800048828125,1615.219970703125,1594.31005859375,1608.4300537109375,147155800.0,MASB 10 Leases - Malaysian Accounting Standards Board | Example 1 - Depreciable assets-MASB - Malaysian Accounting Standards Board | Example 2 - Deferred tax assets and liabilities-MASB - Malaysian Accounting Standards Board,0.0,0.0,Neutral,0.1779,Positive,-0.004208443167190712,,1601.5400390625,0.0,1601.8800048828125,0.0,1609.52001953125,0.0,1606.9500244140625,1605.1352517647508,42.428816518543975,-4.548468789499111,-0.37630796790652377,-4.172160821592588
2021-01-22,1596.739990234375,1605.699951171875,1595.02001953125,1596.06005859375,218347800.0,"MASB 15 Property, Plant and Equipment - Malaysian Accounting Standards Board | MASB 32 Property Development Activities - Malaysian Accounting Standards Board | MASB 27 Borrowing Costs - Malaysian Accounting Standards Board",0.0,0.0,Neutral,0.0,Neutral,0.0012164166960462186,,1594.800048828125,0.1779,1601.5400390625,0.0,1601.8800048828125,0.0,1600.8960205078124,1602.3368312546256,43.14769768921947,-5.559516258343592,-1.4129496259939376,-4.146566632349654
2021-01-25,1576.6199951171875,1601.5400390625,1575.8800048828125,1600.5400390625,273030500.0,,0.0,0.0,Neutral,0.0,Neutral,-0.012600670892093269,,1596.739990234375,0.0,1594.800048828125,0.1779,1601.5400390625,0.0,1594.316015625,1593.7645525421462,37.8665145845268,-7.893305010993345,-2.7090207029938194,-5.184284307999525
2021-01-26,1575.31005859375,1609.18994140625,1575.31005859375,1590.5899658203125,342432600.0,,0.0,0.0,Neutral,0.0,Neutral,-0.000830851141996436,,1576.6199951171875,0.0,1596.739990234375,0.0,1594.800048828125,0.1779,1589.0020263671875,1587.6130545593476,37.544315095214,-9.736316149429285,-4.114479792280912,-5.621836357148373
2021-01-27,1580.6199951171875,1593.0799560546875,1580.3699951171875,1585.06005859375,247946400.0,,0.0,0.0,Neutral,0.0,Neutral,0.003370724699223615,,1575.31005859375,0.0,1576.6199951171875,0.0,1596.739990234375,0.0,1584.818017578125,1585.2820347452941,39.78110929530887,-10.645730895343377,-5.420730012893405,-5.225000882449971
2021-01-29,1566.4000244140625,1597.52001953125,1560.5400390625,1597.1600341796875,478916100.0,Monetary and Fiscal Developments - Bank Negara Malaysia,0.0,0.0,Neutral,0.0,Neutral,-0.008996451232461289,,1580.6199951171875,0.0,1575.31005859375,0.0,1576.6199951171875,0.0,1579.1380126953125,1578.9880313015503,36.05688123765422,-12.371273092587217,-6.810838628832167,-5.560434463755049
2021-02-02,1580.489990234375,1585.1800537109375,1571.300048828125,1575.030029296875,315294100.0,,0.0,0.0,Neutral,0.0,Neutral,0.008995126149581756,,1566.4000244140625,0.0,1580.6199951171875,0.0,1575.31005859375,0.0,1575.8880126953125,1579.4886842791586,41.86448312644529,-12.45822457094323,-7.94031581725438,-4.51790875368885
2021-02-03,1582.989990234375,1597.9300537109375,1582.5400390625,1584.02001953125,278473600.0,,0.0,0.0,Neutral,0.0,Neutral,0.0015817879363027032,,1580.489990234375,0.0,1566.4000244140625,0.0,1580.6199951171875,0.0,1577.16201171875,1580.6557862642308,42.856198182029,-12.18494467995788,-8.789241589795079,-3.395703090162801
2021-02-04,1584.9000244140625,1586.550048828125,1576.3299560546875,1582.0999755859375,187635200.0,,0.0,0.0,Neutral,0.0,Neutral,0.0012065990255596404,,1582.989990234375,0.0,1580.489990234375,0.0,1566.4000244140625,0.0,1579.0800048828125,1582.0705323141747,43.64714468103255,-11.679609335877785,-9.36731513901162,-2.3122941968661657
2021-02-05,1578.6300048828125,1590.469970703125,1574.68994140625,1587.699951171875,137659000.0,,0.0,0.0,Neutral,0.0,Neutral,-0.003956097819840743,,1584.9000244140625,0.0,1582.989990234375,0.0,1580.489990234375,0.0,1578.6820068359375,1580.9236898370539,41.611044991261394,-11.650762868383481,-9.824004684885992,-1.826758183497489
2021-02-08,1573.3299560546875,1586.06005859375,1572.77001953125,1580.43994140625,184060700.0,,0.0,0.0,Neutral,0.0,Neutral,-0.0033573724126182425,,1578.6300048828125,0.0,1584.9000244140625,0.0,1582.989990234375,0.0,1580.0679931640625,1578.3924452429317,39.91598261360061,-11.918186051155544,-10.242840958139903,-1.6753450930156415
2021-02-09,1586.1300048828125,1588.9599609375,1574.22998046875,1574.6700439453125,196502000.0,,0.0,0.0,Neutral,0.0,Neutral,0.008135641718932662,,1573.3299560546875,0.0,1578.6300048828125,0.0,1584.9000244140625,0.0,1581.19599609375,1580.9716317895586,45.67194153774572,-10.970799338535016,-10.388432634218926,-0.5823667043160903
2021-02-10,1596.8499755859375,1596.8499755859375,1586.8699951171875,1586.93994140625,165986600.0,,0.0,0.0,Neutral,0.0,Neutral,0.006758570022711963,,1586.1300048828125,0.0,1573.3299560546875,0.0,1578.6300048828125,0.0,1583.9679931640626,1586.2644130550182,49.9926889735711,-9.24836707924078,-10.160419523223297,0.9120524439825175
2021-02-11,1599.4200439453125,1602.5,1594.52001953125,1602.18994140625,69045700.0,,0.0,0.0,Neutral,0.0,Neutral,0.0016094613762522858,,1596.8499755859375,0.0,1586.1300048828125,0.0,1573.3299560546875,0.0,1586.8719970703125,1590.649623351783,50.99887097088058,-7.588468920592959,-9.646029402697229,2.05756048210427
2021-02-15,1608.0699462890625,1614.9200439453125,1607.0,1607.0,114171800.0,,0.0,0.0,Neutral,0.0,Neutral,0.005408149270414997,,1599.4200439453125,0.0,1596.8499755859375,0.0,1586.1300048828125,0.0,1592.7599853515626,1596.4563976642096,54.32952684903478,-5.511479932172506,-8.819119508592284,3.3076395764197777
2021-02-16,1606.1400146484375,1613.010009765625,1605.4000244140625,1612.0400390625,198115800.0,Set up Royal Commission of Inquiry to investigate outflow of illicit money - Consumers' Association of Penang (CAP),0.0,0.0,Neutral,0.0,Neutral,-0.0012001540387460707,,1608.0699462890625,0.0,1599.4200439453125,0.0,1596.8499755859375,0.0,1599.3219970703126,1599.6842699922856,53.456476259164155,-3.9753551298740604,-7.850366632848639,3.875011502974578
2021-02-17,1595.2900390625,1609.510009765625,1593.800048828125,1609.510009765625,194961500.0,,0.0,0.0,Neutral,0.0,Neutral,-0.006755311172738865,,1606.1400146484375,0.0,1608.0699462890625,0.0,1599.4200439453125,0.0,1601.15400390625,1598.2195263490237,48.716749470179685,-3.592060472479943,-6.9987054007749,3.4066449282949565
2021-02-18,1575.8399658203125,1599.31005859375,1575.8399658203125,1599.31005859375,192950300.0,,0.0,0.0,Neutral,0.0,Neutral,-0.012192186226911872,,1595.2900390625,0.0,1606.1400146484375,0.0,1608.0699462890625,0.0,1596.952001953125,1590.7596728394533,41.596615851480855,-4.802396022645098,-6.559443525148939,1.7570475025038412
2021-02-19,1584.9300537109375,1584.9300537109375,1573.8399658203125,1580.1800537109375,186226900.0,,0.0,0.0,Neutral,0.0,Neutral,0.005768408015907278,,1575.8399658203125,0.0,1595.2900390625,0.0,1606.1400146484375,0.0,1594.05400390625,1588.8164664632814,45.59839466670568,-4.970801239931006,-6.241715068105353,1.2709138281743462
2021-02-22,1570.4599609375,1587.510009765625,1570.4599609375,1587.510009765625,179953300.0,,0.0,0.0,Neutral,0.0,Neutral,-0.00912979897097499,,1584.9300537109375,0.0,1575.8399658203125,0.0,1595.2900390625,0.0,1586.5320068359374,1582.6976312880208,40.80526490845319,-6.200404736939845,-6.233453001872251,0.03304826493240576
2021-02-23,1565.050048828125,1580.6800537109375,1565.050048828125,1573.6700439453125,235770800.0,,0.0,0.0,Neutral,0.0,Neutral,-0.0034447946741319457,,1570.4599609375,0.0,1584.9300537109375,0.0,1575.8399658203125,0.0,1578.314013671875,1576.815103801389,39.14839953310442,-7.524669357430412,-6.491696272983883,-1.032973084446529
2021-02-24,1557.550048828125,1581.550048828125,1557.550048828125,1571.010009765625,414859700.0,,0.0,0.0,Neutral,0.0,Neutral,-0.004792179014093456,,1565.050048828125,0.0,1570.4599609375,0.0,1584.9300537109375,0.0,1570.766015625,1570.393418810301,36.91081042825714,-9.074737999040508,-7.008304618195208,-2.0664333808453
2021-02-25,1581.5400390625,1587.1099853515625,1565.77001953125,1566.9000244140625,349181300.0,,0.0,0.0,Neutral,0.0,Neutral,0.015402388033966874,,1557.550048828125,0.0,1565.050048828125,0.0,1570.4599609375,0.0,1571.9060302734374,1574.1089588943673,47.288989498485364,-8.272032010106614,-7.261050096577489,-1.0109819135291245
2021-02-26,1577.75,1586.22998046875,1563.56005859375,1580.969970703125,399365000.0,,0.0,0.0,Neutral,0.0,Neutral,-0.002396423086921451,,1581.5400390625,0.0,1557.550048828125,0.0,1565.050048828125,0.0,1570.47001953125,1575.3226392629115,46.00152074185255,-7.851202433903609,-7.379080564042713,-0.47212186986089577
2021-03-01,1567.1400146484375,1584.4599609375,1563.1800537109375,1578.699951171875,291083800.0,NEW POLITICAL NORM IN MALAYSIA POST 14TH GENERAL ELECTION: AN ANALYSIS OF HOW THE LOSING PARTIES FORM A GOVERNMENT AND THE WINNING PARTIES BECOME THE OPPOSITION - myjms.mohe.gov.my,0.1715909090909091,0.4511363636363636,Positive,0.8256,Positive,-0.006724756996712045,,1577.75,0.0,1581.5400390625,0.0,1557.550048828125,0.0,1569.8060302734375,1572.5950977247535,42.5121618753108,-8.278400857414454,-7.558944622717061,-0.7194562346973923
2021-03-02,1569.8699951171875,1583.4300537109375,1568.6700439453125,1572.030029296875,311452100.0,,0.0,0.0,Neutral,0.0,Neutral,0.0017420143977131541,,1567.1400146484375,0.8256,1577.75,0.0,1581.5400390625,0.0,1570.77001953125,1571.686730188898,43.695599108463554,-8.300983506733019,-7.707352399520253,-0.593631107212766
2021-03-03,1588.449951171875,1588.449951171875,1568.6500244140625,1576.9000244140625,321230300.0,,0.0,0.0,Neutral,0.0,Neutral,0.011835346947503433,,1569.8699951171875,0.0,1567.1400146484375,0.8256,1577.75,0.0,1576.95,1577.2744705165571,51.077197382966034,-6.741916626403736,-7.514265244896949,0.7723486184932131
2021-03-04,1581.260009765625,1590.4599609375,1577.3900146484375,1588.8900146484375,246614300.0,,0.0,0.0,Neutral,0.0,Neutral,-0.004526388383181756,,1588.449951171875,0.0,1569.8699951171875,0.0,1567.1400146484375,0.8256,1576.893994140625,1578.6029835995798,48.431146643021,-6.017151101557147,-7.214842416228988,1.1976913146718413
2021-03-05,1600.1199951171875,1600.1199951171875,1579.739990234375,1582.6800537109375,232875700.0,Working Paper in Islamic Economics and Finance No. 0901 Analysis of Liquidity Risk Management Practices of Islamic Banks in Indo - ukm.my,0.0,0.0,Neutral,-0.2732,Negative,0.01192718796092107,,1581.260009765625,0.0,1588.449951171875,0.0,1569.8699951171875,0.0,1581.3679931640625,1585.7753207721157,55.014462675981605,-3.876243085651822,-6.547122550113555,2.6708794644617324
2021-03-08,1611.81005859375,1625.68994140625,1607.47998046875,1607.47998046875,257561700.0,,0.0,0.0,Neutral,0.0,Neutral,0.007305741764514595,,1600.1199951171875,-0.2732,1581.260009765625,0.0,1588.449951171875,0.0,1590.302001953125,1594.4535667126604,58.54689984923791,-1.2221791139700144,-5.482133862884846,4.259954748914832
2021-03-09,1624.780029296875,1625.219970703125,1612.2900390625,1615.989990234375,218665000.0,,0.0,0.0,Neutral,0.0,Neutral,0.008046835688841014,,1611.81005859375,0.0,1600.1199951171875,-0.2732,1581.260009765625,0.0,1601.2840087890625,1604.5623875740653,62.10254482641654,1.905785240320256,-4.004550042243826,5.910335282564082
2021-03-10,1639.8299560546875,1642.199951171875,1628.8199462890625,1629.030029296875,229133700.0,,0.0,0.0,Neutral,0.0,Neutral,0.009262747255901038,,1624.780029296875,0.0,1611.81005859375,0.0,1600.1199951171875,-0.2732,1611.560009765625,1616.3182437342728,65.77140013653711,5.535315171053526,-2.0965769995843555,7.631892170637881
2021-03-11,1629.4100341796875,1636.72998046875,1626.22998046875,1636.72998046875,185399900.0,,0.0,0.0,Neutral,0.0,Neutral,-0.0063542697439614715,,1639.8299560546875,0.0,1624.780029296875,0.0,1611.81005859375,0.0,1621.1900146484375,1620.6821738827443,61.34344265627458,7.484664623382287,-0.1803286749910269,7.664993298373314
2021-03-12,1615.68994140625,1632.010009765625,1615.68994140625,1630.5899658203125,166695300.0,,0.0,0.0,Neutral,0.0,Neutral,-0.008420282486074626,,1629.4100341796875,0.0,1639.8299560546875,0.0,1624.780029296875,0.0,1624.30400390625,1619.0180963905796,55.997635223790084,7.832157054267327,1.4221684708606441,6.409988583406683
2021-03-15,1620.9200439453125,1624.739990234375,1619.2099609375,1619.6199951171875,151420400.0,,0.0,0.0,Neutral,0.0,Neutral,0.003237070681092691,,1615.68994140625,0.0,1629.4100341796875,0.0,1639.8299560546875,0.0,1626.1260009765624,1619.6520789088238,57.51745986105659,8.432369764723262,2.8242087296331677,5.608161035090094
2021-03-16,1623.9599609375,1625.52001953125,1617.9200439453125,1623.800048828125,154718200.0,,0.0,0.0,Neutral,0.0,Neutral,0.001875426862381513,,1620.9200439453125,0.0,1615.68994140625,0.0,1629.4100341796875,0.0,1625.9619873046875,1621.0880395850493,58.416491138135186,9.049027007166842,4.069172385139902,4.97985462202694
2021-03-17,1624.969970703125,1625.6700439453125,1616.9100341796875,1625.6099853515625,201888500.0,,0.0,0.0,Neutral,0.0,Neutral,0.0006219425293232383,,1623.9599609375,0.0,1620.9200439453125,0.0,1615.68994140625,0.0,1622.989990234375,1622.382016624408,58.72899679389847,9.50961078802402,5.157260065716725,4.352350722307294
2021-03-18,1627.989990234375,1635.1500244140625,1626.1800537109375,1626.1800537109375,174422500.0,,0.0,0.0,Neutral,0.0,Neutral,0.0018585079021142814,,1624.969970703125,0.0,1623.9599609375,0.0,1620.9200439453125,0.0,1622.7059814453125,1624.2513411610637,59.70413482755763,10.003008632635556,6.1264097791004914,3.8765988535350644
2021-03-19,1626.18994140625,1631.0400390625,1615.1600341796875,1631.0400390625,323782900.0,Downgrade of MEX I Capital Sukuk - fsmone.com.my,0.0,0.0,Neutral,0.0,Neutral,-0.0011056878966840822,,1627.989990234375,0.0,1624.969970703125,0.0,1623.9599609375,0.0,1624.8059814453125,1624.8975412427924,58.81217048118549,10.13198585642499,6.927524994565391,3.204460861859599
2021-03-22,1616.72998046875,1628.469970703125,1616.72998046875,1628.469970703125,153698000.0,,0.0,0.0,Neutral,0.0,Neutral,-0.005817254612532796,,1626.18994140625,0.0,1627.989990234375,0.0,1624.969970703125,0.0,1623.96796875,1622.1750209847783,54.22706894912497,9.362931403052926,7.414606276262898,1.948325126790028
2021-03-23,1595.2900390625,1616.780029296875,1595.2900390625,1616.780029296875,164102600.0,,0.0,0.0,Neutral,0.0,Neutral,-0.013261300071910398,,1616.72998046875,0.0,1626.18994140625,0.0,1627.989990234375,0.0,1618.233984375,1613.2133603440188,45.558119450121545,6.943387073524491,7.320362435715216,-0.37697536219072525
2021-03-24,1602.4000244140625,1602.77001953125,1585.43994140625,1591.6600341796875,124110000.0,,0.0,0.0,Neutral,0.0,Neutral,0.004456860619364678,,1595.2900390625,0.0,1616.72998046875,0.0,1626.18994140625,0.0,1613.7199951171874,1609.6089150340333,48.49847741844206,5.5357840847191255,6.963446765515998,-1.4276626807968729
2021-03-25,1597.72998046875,1608.050048828125,1594.3299560546875,1607.8599853515625,110480800.0,SJKCs the next melting pot? - Opinion - MySinchew | My Bayar PDRM - MyBayar PDRM,0.0,0.0,Neutral,0.0,Neutral,-0.002914405812631027,,1602.4000244140625,0.0,1595.2900390625,0.0,1616.72998046875,0.0,1607.6679931640624,1605.6492701789389,46.713841556771584,3.9973362535820343,6.370224663129205,-2.372888409547171
2021-03-26,1601.4200439453125,1603.010009765625,1593.239990234375,1598.739990234375,98128000.0,,0.0,0.0,Neutral,0.0,Neutral,0.002309566398372098,,1597.72998046875,0.0,1602.4000244140625,0.0,1595.2900390625,0.0,1602.714013671875,1604.2395281010633,48.331709814883745,3.0408099822620898,5.704341726955782,-2.6635317446936924
2021-03-29,1611.280029296875,1611.280029296875,1597.8299560546875,1603.5899658203125,118893300.0,,0.0,0.0,Neutral,0.0,Neutral,0.006157026314764336,,1601.4200439453125,0.0,1597.72998046875,0.0,1602.4000244140625,0.0,1601.6240234375,1606.5863618330006,52.48319146228051,3.043293245229961,5.1721320306106175,-2.1288387853806565
2021-03-30,1609.18994140625,1610.6099853515625,1601.0799560546875,1606.1500244140625,195281600.0,,0.0,0.0,Neutral,0.0,Neutral,-0.0012971599303797099,,1611.280029296875,0.0,1601.4200439453125,0.0,1597.72998046875,0.0,1604.40400390625,1607.4542216907505,51.5378722600611,2.8438267591836848,4.706470976325231,-1.862644217141546
2021-03-31,1573.510009765625,1608.9599609375,1564.06005859375,1608.9599609375,282957300.0,,0.0,0.0,Neutral,0.0,Neutral,-0.022172604192047585,,1609.18994140625,0.0,1611.280029296875,0.0,1601.4200439453125,0.0,1598.6260009765624,1596.1394843823753,38.71729901918425,-0.19112103750285314,3.726952573559614,-3.918073611062467
2021-04-01,1582.6400146484375,1586.260009765625,1576.3299560546875,1579.969970703125,129797600.0,What is Your Car Market Value & its Depreciation Rate in Malaysia? - Carsome,0.0,0.0,Neutral,0.34,Positive,0.00580231763773309,,1573.510009765625,0.0,1609.18994140625,0.0,1611.280029296875,0.0,1595.6080078125,1591.6396611377293,42.64877255012816,-1.838431644967386,2.6138757298542137,-4.4523073748216
2021-04-02,1585.3499755859375,1588.719970703125,1582.6500244140625,1586.510009765625,71636100.0,,0.0,0.0,Neutral,0.0,Neutral,0.001712304069414028,,1582.6400146484375,0.34,1573.510009765625,0.0,1609.18994140625,0.0,1592.393994140625,1589.543099287132,43.8012197887525,-2.8919296057163137,1.5127146627401082,-4.404644268456422
2021-04-05,1584.239990234375,1590.6700439453125,1582.199951171875,1584.8900146484375,62205300.0,,0.0,0.0,Neutral,0.0,Neutral,-0.000700151618668432,,1585.3499755859375,0.0,1582.6400146484375,0.34,1573.510009765625,0.0,1586.985986328125,1587.7753962695463,43.41638801342374,-3.77290912317153,0.45558990555778056,-4.228499028729311
2021-04-06,1578.9100341796875,1589.06005859375,1575.1800537109375,1588.27001953125,110036800.0,,0.0,0.0,Neutral,0.0,Neutral,-0.0033643615156432327,,1584.239990234375,0.0,1585.3499755859375,0.0,1582.6400146484375,0.34,1580.9300048828125,1584.8202755729267,41.5295566845633,-4.845320805048459,-0.6045922365634675,-4.240728568484991
2021-04-07,1600.5899658203125,1600.5899658203125,1580.9000244140625,1584.3800048828125,135168300.0,,0.0,0.0,Neutral,0.0,Neutral,0.013730948040930446,,1578.9100341796875,0.0,1584.239990234375,0.0,1585.3499755859375,0.0,1586.34599609375,1590.0768389887219,50.88044330027832,-3.9008588203146246,-1.263845553313699,-2.637013267000926
2021-04-08,1602.4000244140625,1609.3900146484375,1596.6400146484375,1599.81005859375,270051300.0,,0.0,0.0,Neutral,0.0,Neutral,0.0011308696370730953,,1600.5899658203125,0.0,1578.9100341796875,0.0,1584.239990234375,0.0,1590.297998046875,1594.1845674638355,51.57673288810181,-2.972049356759044,-1.605486314002768,-1.3665630427562758
2021-04-09,1612.25,1615.489990234375,1605.3699951171875,1614.949951171875,286765100.0,,0.0,0.0,Neutral,0.0,Neutral,0.006147014126225647,,1602.4000244140625,0.0,1600.5899658203125,0.0,1578.9100341796875,0.0,1595.6780029296874,1600.2063783092237,55.29087752232633,-1.4247270880664473,-1.5693344688155038,0.14460738074905644
2021-04-12,1608.4200439453125,1613.9599609375,1603.3199462890625,1613.9599609375,148809600.0,"Najib already paid the price in GE14, lawyer argues - NST Online",0.0,0.0,Neutral,-0.3818,Negative,-0.0023755348455186676,,1612.25,0.0,1602.4000244140625,0.0,1600.5899658203125,0.0,1600.514013671875,1602.9442668545867,53.570308146842095,-0.5017249150992029,-1.3558125580722435,0.8540876429730406
2021-04-13,1597.7099609375,1608.7900390625,1594.8900146484375,1608.7099609375,118420400.0,,0.0,0.0,Neutral,0.0,Neutral,-0.006658759972638539,,1608.4200439453125,-0.3818,1612.25,0.0,1602.4000244140625,0.0,1604.2739990234375,1601.1994982155577,48.980199310231924,-0.6272229976987092,-1.2100946459975366,0.5828716482988274
2021-04-14,1598.280029296875,1601.3699951171875,1592.8699951171875,1600.18994140625,102835400.0,,0.0,0.0,Neutral,0.0,Neutral,0.00035680340819843614,,1597.7099609375,0.0,1608.4200439453125,-0.3818,1612.25,0.0,1603.81201171875,1600.2263419093301,49.22956031931148,-0.6729243272188796,-1.1026605822418052,0.42973625502292556
2021-04-15,1608.25,1608.25,1597.780029296875,1599.81005859375,271930500.0,,0.0,0.0,Neutral,0.0,Neutral,0.006237937357892909,,1598.280029296875,0.0,1597.7099609375,0.0,1608.4200439453125,-0.3818,1604.9820068359375,1602.9008946062202,53.509211111836116,0.09426373938617871,-0.8632757179162084,0.9575394573023871
2021-04-16,1608.3800048828125,1609.760009765625,1600.300048828125,1607.43994140625,247719600.0,,0.0,0.0,Neutral,0.0,Neutral,8.083623989585398e-05,,1608.25,0.0,1598.280029296875,0.0,1597.7099609375,0.0,1604.2080078125,1604.7272646984177,53.564177982419395,0.7046335401771557,-0.5496938662975355,1.2543274064746912
2021-04-19,1600.2900390625,1608.6199951171875,1596.050048828125,1608.1099853515625,184998100.0,,0.0,0.0,Neutral,0.0,Neutral,-0.005029884601743695,,1608.3800048828125,0.0,1608.25,0.0,1598.280029296875,0.0,1602.5820068359376,1603.2481894864452,49.63171129553778,0.5294600874365187,-0.3338630755507246,0.8633231629872433
2021-04-20,1607.5699462890625,1607.5699462890625,1591.8299560546875,1600.4300537109375,146388800.0,,0.0,0.0,Neutral,0.0,Neutral,0.0045491173780143335,,1600.2900390625,0.0,1608.3800048828125,0.0,1608.25,0.0,1604.55400390625,1604.6887750873177,52.97722421602785,0.9669155361268622,-0.07370735321520722,1.0406228893420695
2021-04-21,1596.5799560546875,1605.72998046875,1596.5799560546875,1604.8699951171875,141522500.0,,0.0,0.0,Neutral,0.0,Neutral,-0.006836399411263239,,1607.5699462890625,0.0,1600.2900390625,0.0,1608.3800048828125,0.0,1604.2139892578125,1601.9858354097744,47.814045568775924,0.4219379283856597,0.025421703104966165,0.3965162252806935
2021-04-22,1607.72998046875,1609.0999755859375,1598.18994140625,1599.8900146484375,176049300.0,,0.0,0.0,Neutral,0.0,Neutral,0.006983693094591681,,1596.5799560546875,0.0,1607.5699462890625,0.0,1600.2900390625,0.0,1604.1099853515625,1603.900550429433,52.83630319219411,0.879613397762796,0.19626004203653213,0.6833533557262639
2021-04-23,1608.4300537109375,1610.81005859375,1605.43994140625,1607.280029296875,153568100.0,,0.0,0.0,Neutral,0.0,Neutral,0.00043544205226764277,,1607.72998046875,0.0,1596.5799560546875,0.0,1607.5699462890625,0.0,1604.1199951171875,1605.4103848566012,53.1412251008728,1.284013258927871,0.41381068541479993,0.8702025735130711
2021-04-26,1623.469970703125,1623.469970703125,1609.43994140625,1610.739990234375,214928700.0,,0.0,0.0,Neutral,0.0,Neutral,0.009350681403575978,,1608.4300537109375,0.0,1607.72998046875,0.0,1596.5799560546875,0.0,1608.7559814453125,1611.4302468054425,59.23827793293811,2.785983585326676,0.8882452653971752,1.8977383199295006
2021-04-27,1606.6800537109375,1623.25,1603.8199462890625,1623.2099609375,191167600.0,"Property, Plant and Equipment - Malaysian Accounting Standards Board",0.0,0.0,Neutral,0.0,Neutral,-0.010341994182322845,,1623.469970703125,0.0,1608.4300537109375,0.0,1607.72998046875,0.0,1608.5780029296875,1609.8468491072742,51.225182170326235,2.5916252652043568,1.2289212653586115,1.3627039998457453
2021-04-28,1608.5,1608.5,1597.7900390625,1606.52001953125,140500200.0,,0.0,0.0,Neutral,0.0,Neutral,0.0011327372147671433,,1606.6800537109375,0.0,1623.469970703125,0.0,1608.4300537109375,0.0,1610.96201171875,1609.3978994048496,51.98338285685572,2.5549969375670116,1.4941363998002914,1.0608605377667202
2021-04-30,1601.6500244140625,1615.5999755859375,1600.050048828125,1615.2099609375,218697900.0,,0.0,0.0,Neutral,0.0,Neutral,-0.004258610870959023,,1608.5,0.0,1606.6800537109375,0.0,1623.469970703125,0.0,1609.7460205078125,1606.8152744079205,48.90210270365699,1.950745956778519,1.585458311195937,0.365287645582582
2021-05-03,1590.72998046875,1602.0899658203125,1588.8900146484375,1602.0899658203125,130410800.0,,0.0,0.0,Neutral,0.0,Neutral,-0.006817996303098428,,1601.6500244140625,0.0,1608.5,0.0,1606.6800537109375,0.0,1606.206005859375,1601.4535097615303,44.385349716760366,0.5839846063147434,1.3851635702196983,-0.8011789639049549
2021-05-04,1588.25,1597.4200439453125,1587.8699951171875,1591.6700439453125,121073200.0,,0.0,0.0,Neutral,0.0,Neutral,-0.0015590203863632413,,1590.72998046875,0.0,1601.6500244140625,0.0,1608.5,0.0,1599.16201171875,1597.0523398410203,43.40485408008748,-0.6913281085790004,0.9698652344599585,-1.661193343038959
2021-05-05,1575.6700439453125,1592.1800537109375,1575.3800048828125,1591.97998046875,129302100.0,,0.0,0.0,Neutral,0.0,Neutral,-0.00792063973221313,,1588.25,0.0,1590.72998046875,0.0,1601.6500244140625,0.0,1592.960009765625,1589.9249078757844,38.73095076521375,-2.686155611977256,0.23866106517251562,-2.9248166771497717
2021-05-06,1578.3299560546875,1578.3299560546875,1556.0,1572.0899658203125,249623100.0,FAQ: Change or Upgrade Mobile Plans - Maxis,0.0,0.0,Neutral,0.0,Neutral,0.0016881149194882816,,1575.6700439453125,0.0,1588.25,0.0,1590.72998046875,0.0,1586.9260009765626,1586.0599239354187,40.19729223889868,-4.006256472159748,-0.6103224422939373,-3.3959340298658107
2021-05-07,1587.449951171875,1590.0400390625,1573.4000244140625,1578.6700439453125,135461200.0,,0.0,0.0,Neutral,0.0,Neutral,0.005778256366612,,1578.3299560546875,0.0,1575.6700439453125,0.0,1588.25,0.0,1584.085986328125,1586.5232663475708,45.05297354235441,-4.2673472054370905,-1.3417273949225679,-2.9256198105145224
2021-05-10,1583.9200439453125,1591.52001953125,1580.0,1587.47998046875,120560600.0,,0.0,0.0,Neutral,0.0,Neutral,-0.00222363371138512,,1587.449951171875,0.0,1578.3299560546875,0.0,1575.6700439453125,0.0,1582.7239990234375,1585.6555255468181,43.578112478270384,-4.7048627757312715,-2.0143544710843084,-2.690508304646963
2021-05-11,1577.6400146484375,1581.260009765625,1571.9599609375,1579.31005859375,113321700.0,182 USING M.I.N.T.S IN A SONG TO IMPROVE CAPITALISATION IN WRITING AMONG YEAR 5 PUPILS YII WAN JIUN DOROTHEA MARUKAU@NURATIQAH - IPG KAMPUS KENT,-0.2,0.15,Negative,-0.0688,Negative,-0.003964865095862025,,1583.9200439453125,0.0,1587.449951171875,0.0,1578.3299560546875,0.0,1580.602001953125,1582.9836885806913,41.00617741903033,-5.494999958182689,-2.7104835685039843,-2.7845163896787044
2021-05-12,1582.52001953125,1583.1300048828125,1572.989990234375,1576.2900390625,125837600.0,Sukuk Market Liquidity Determinants: A Case Study on Sovereign Sukuk in Indonesia - eJournal UM,0.0,0.0,Neutral,0.0,Neutral,0.0030932309256239687,,1577.6400146484375,-0.0688,1583.9200439453125,0.0,1587.449951171875,0.0,1581.9719970703125,1582.8291322308776,43.78272209600403,-5.662144085312775,-3.3008156718657427,-2.3613284134470325
2021-05-17,1583.4599609375,1583.4599609375,1583.4599609375,1583.4599609375,0.0,"FORM OF DECLARATION I, Ali bin Abu (NRIC No.: 800101-01-5211) of full age and a Malaysian citizen with an address at No.1, Bukit - MyIPO",0.35,0.55,Positive,0.0,Neutral,0.0005939523005391578,,1582.52001953125,0.0,1577.6400146484375,-0.0688,1583.9200439453125,0.0,1582.997998046875,1583.0394084664183,44.32624004320111,-5.653590521906835,-3.771370641873961,-1.8822198800328742
2021-05-18,1591.3199462890625,1591.3199462890625,1580.25,1583.25,133726000.0,,0.0,0.0,Neutral,0.0,Neutral,0.004963804292789975,,1583.4599609375,0.0,1582.52001953125,0.0,1577.6400146484375,-0.0688,1583.7719970703124,1585.7995877406331,48.78530978582793,-4.9554532516276595,-4.008187163824701,-0.9472660878029586
2021-05-19,1580.52001953125,1591.3199462890625,1574.280029296875,1591.219970703125,183977300.0,,0.0,0.0,Neutral,0.0,Neutral,-0.006786772693321508,,1591.3199462890625,0.0,1583.4599609375,0.0,1582.52001953125,0.0,1583.0919921875,1584.0397316708388,43.616098494918866,-5.213539823950896,-4.2492576958499395,-0.9642821281009564
2021-05-20,1575.3199462890625,1585.3199462890625,1570.3199462890625,1577.8499755859375,185675800.0,,0.0,0.0,Neutral,0.0,Neutral,-0.003290102737028122,,1580.52001953125,0.0,1591.3199462890625,0.0,1583.4599609375,0.0,1582.627978515625,1581.1331365435801,41.34452616467815,-5.771151501655595,-4.553636457011071,-1.2175150446445242
2021-05-21,1562.1700439453125,1574.699951171875,1552.0699462890625,1569.4300537109375,174750200.0,TM Lee - Star Media Group Events,0.0,0.0,Neutral,0.0,Neutral,-0.008347448640339317,,1575.3199462890625,0.0,1580.52001953125,0.0,1591.3199462890625,0.0,1578.5579833984375,1574.812105677491,36.20890586119753,-7.191253698200171,-5.0811599052488905,-2.1100937929512806
2021-05-24,1571.8199462890625,1576.9599609375,1563.5699462890625,1563.780029296875,143036100.0,,0.0,0.0,Neutral,0.0,Neutral,0.006177241959766988,,1562.1700439453125,0.0,1575.3199462890625,0.0,1580.52001953125,0.0,1576.22998046875,1573.8147192146814,41.911232899249114,-7.452124990598804,-5.555352922318873,-1.8967720682799314
2021-05-25,1577.8199462890625,1577.8199462890625,1567.3699951171875,1569.0,166737100.0,,0.0,0.0,Neutral,0.0,Neutral,0.0038172311110860058,,1571.8199462890625,0.0,1562.1700439453125,0.0,1575.3199462890625,0.0,1573.52998046875,1575.1497949061418,45.19181211249704,-7.092954350847549,-5.862873208024608,-1.2300811428229412
2021-05-27,1593.9000244140625,1593.9000244140625,1593.9000244140625,1593.9000244140625,0.0,,0.0,0.0,Neutral,0.0,Neutral,0.010191326432917425,,1577.8199462890625,0.0,1571.8199462890625,0.0,1562.1700439453125,0.0,1576.2059814453125,1581.399871408782,52.87332489530804,-5.447980188924475,-5.779894604204581,0.3319144152801057
2021-05-28,1594.43994140625,1594.6199951171875,1580.780029296875,1585.1700439453125,171210500.0,,0.0,0.0,Neutral,0.0,Neutral,0.00033873955951913004,,1593.9000244140625,0.0,1577.8199462890625,0.0,1571.8199462890625,0.0,1580.02998046875,1585.746561407938,53.11095215118421,-4.054027222925015,-5.434721127948668,1.3806939050236533
2021-05-31,1583.550048828125,1585.969970703125,1568.469970703125,1571.0400390625,110858000.0,,0.0,0.0,Neutral,0.0,Neutral,-0.006829917073276848,,1594.43994140625,0.0,1593.9000244140625,0.0,1577.8199462890625,0.0,1584.3059814453125,1585.0143905480004,47.86821625950105,-3.784408469779464,-5.104658596314827,1.3202501265353632
2021-06-01,1585.9000244140625,1588.300048828125,1580.0999755859375,1585.739990234375,123977600.0,The Role of Trust in Budgeting Processes and Managerial Performance: An empirical study in the Local Governme - ukm.my | Social Media Analytics Using Sentiment and Content Analyses on the 2018 Malaysia's General Election. - eJournal UM,0.04583333333333334,0.1666666666666666,Neutral,0.5106,Positive,0.001483991988555422,,1583.550048828125,0.0,1594.43994140625,0.0,1593.9000244140625,0.0,1587.1219970703125,1585.3096018366878,49.03731352436841,-3.3425791039665,-4.752242697845162,1.409663593878662
2021-06-02,1597.93994140625,1598.6099853515625,1585.469970703125,1585.469970703125,150289300.0,,0.0,0.0,Neutral,0.0,Neutral,0.00759185119291228,,1585.9000244140625,0.5106,1583.550048828125,0.0,1594.43994140625,0.0,1591.14599609375,1589.519715026542,54.64884309200697,-1.9978752071126564,-4.201369199698661,2.2034939925860044
2021-06-03,1590.5699462890625,1599.719970703125,1586.6099853515625,1599.0799560546875,125694200.0,,0.0,0.0,Neutral,0.0,Neutral,-0.004612185305726602,,1597.93994140625,0.0,1585.9000244140625,0.5106,1583.550048828125,0.0,1590.47998046875,1589.8697921140488,50.9505112321999,-1.5094842977621283,-3.6629922193113544,2.153507921549226
2021-06-04,1578.449951171875,1590.31005859375,1573.3399658203125,1590.300048828125,151652300.0,,0.0,0.0,Neutral,0.0,Neutral,-0.007619907031101936,,1590.5699462890625,0.0,1597.93994140625,0.0,1585.9000244140625,0.5106,1587.281982421875,1586.0631784666575,45.49754511885836,-2.076476964482481,-3.34568916834558,1.2692122038630989
2021-06-08,1587.9599609375,1591.550048828125,1577.1800537109375,1581.43994140625,189900000.0,,0.0,0.0,Neutral,0.0,Neutral,0.0060249042160409605,,1578.449951171875,0.0,1590.5699462890625,0.0,1597.93994140625,0.0,1588.16396484375,1586.6954392902717,50.01779902987163,-1.738405175458638,-3.0242323697681917,1.2858271943095536
2021-06-09,1581.47998046875,1590.77001953125,1581.47998046875,1589.510009765625,156299700.0,Dimensions of Learning Styles among Students with Attention Deficit-Hyperactivity Disorder (ADHD) in Malaysia - Open University Malaysia,0.0,0.5,Neutral,-0.4019,Negative,-0.004080695123398703,,1587.9599609375,0.0,1578.449951171875,0.0,1590.5699462890625,0.0,1587.2799560546875,1584.956953016431,47.14839877856375,-1.970644749366329,-2.813514845687819,0.8428700963214899
2021-06-10,1579.9000244140625,1586.280029296875,1579.9000244140625,1583.3499755859375,116791600.0,,0.0,0.0,Neutral,0.0,Neutral,-0.0009990363926195567,,1581.47998046875,-0.4019,1587.9599609375,0.0,1578.449951171875,0.0,1583.67197265625,1583.2713101489749,46.44872381316097,-2.2561777218975294,-2.702047420929761,0.4458696990322317
2021-06-11,1575.1600341796875,1584.0899658203125,1571.5799560546875,1583.27001953125,118198800.0,,0.0,0.0,Neutral,0.0,Neutral,-0.0030001836579076624,,1579.9000244140625,0.0,1581.47998046875,-0.4019,1587.9599609375,0.0,1580.589990234375,1580.5675514925458,44.32361261335309,-2.8322933433248636,-2.7280966054087816,-0.10419673791608197
2021-06-14,1582.4599609375,1587.469970703125,1578.199951171875,1582.4599609375,146222800.0,,0.0,0.0,Neutral,0.0,Neutral,0.0046344032348524244,,1575.1600341796875,0.0,1579.9000244140625,0.0,1581.47998046875,-0.4019,1581.3919921875,1581.198354640864,48.25042708711623,-2.6690587943232913,-2.7162890431916837,0.047230248868392444
2021-06-15,1581.3699951171875,1586.0999755859375,1578.6300048828125,1586.0999755859375,144042400.0,,0.0,0.0,Neutral,0.0,Neutral,-0.0006887793986691815,,1582.4599609375,0.0,1575.1600341796875,0.0,1579.9000244140625,0.0,1580.0739990234374,1581.2555681329718,47.709358929414655,-2.597700694083869,-2.6925713733701206,0.09487067928625148
2021-06-16,1578.3199462890625,1584.949951171875,1576.4599609375,1582.9200439453125,156285700.0,High Swinging Door Cabinet - 5 Tiers (FO-5WR) - Syarikat Kichong Office Equipment Sdn Bhd,0.16,0.5399999999999999,Positive,0.0,Neutral,-0.0019287382696918653,,1581.3699951171875,0.0,1582.4599609375,0.0,1575.1600341796875,0.0,1579.4419921875,1580.2770275183354,46.14980887880428,-2.7554986623042623,-2.705156831156949,-0.050341831147313165
2021-06-17,1570.8599853515625,1578.75,1568.6700439453125,1578.75,139278200.0,,0.0,0.0,Neutral,0.0,Neutral,-0.004726520091848152,,1578.3199462890625,0.0,1581.3699951171875,0.0,1582.4599609375,0.0,1577.633984375,1577.1380134627445,42.49125279657204,-3.4428244539321895,-2.852690355711997,-0.5901340982201924
2021-06-18,1589.050048828125,1589.050048828125,1565.739990234375,1571.0899658203125,301725900.0,,0.0,0.0,Neutral,0.0,Neutral,0.011579684788069367,,1570.8599853515625,0.0,1578.3199462890625,0.0,1581.3699951171875,0.0,1580.4119873046875,1581.1086919178713,52.4001956194448,-2.491033905607992,-2.7803590656911963,0.2893251600832043
2021-06-21,1572.239990234375,1580.6500244140625,1567.8399658203125,1580.510009765625,109189500.0,Apply for e-Billing of Assessment Rates Bills - Service Sarawak,0.0,0.0,Neutral,0.0,Neutral,-0.01057868416803287,,1589.050048828125,0.0,1570.8599853515625,0.0,1578.3199462890625,0.0,1578.3679931640625,1578.1524580233724,44.729916033241025,-3.057914544392588,-2.8358701614314747,-0.2220443829611134
2021-06-22,1574.02001953125,1577.5699462890625,1571.2099609375,1571.56005859375,130993000.0,Determinants of Budget Deficit in Nigeria - UiTM Journal,0.0,0.0,Neutral,-0.4019,Negative,0.0011321613162946775,,1572.239990234375,0.0,1589.050048828125,0.0,1570.8599853515625,0.0,1576.897998046875,1576.7749785259982,45.6373633174957,-3.3252071289387004,-2.93373755493292,-0.39146957400578053
2021-06-23,1564.760009765625,1573.6600341796875,1564.5400390625,1571.760009765625,113746300.0,,0.0,0.0,Neutral,0.0,Neutral,-0.005883031759902679,,1574.02001953125,-0.4019,1572.239990234375,0.0,1589.050048828125,0.0,1574.1860107421876,1572.7699889392072,41.79316714052339,-4.235420535411322,-3.1940741510286004,-1.0413463843827215
2021-06-24,1555.7099609375,1567.5899658203125,1554.1500244140625,1565.9599609375,155098200.0,,0.0,0.0,Neutral,0.0,Neutral,-0.005783665719755082,,1564.760009765625,0.0,1574.02001953125,-0.4019,1572.239990234375,0.0,1571.156005859375,1567.083312938638,38.389683338191084,-5.622225013547904,-3.6797043235324614,-1.942520690015443
2021-06-25,1559.6800537109375,1563.469970703125,1556.1600341796875,1556.1600341796875,119037900.0,AHCS Impact of Pandemic Covid-19 On Human Resources Management - Penerbit UTHM,0.0,0.1,Neutral,0.0,Neutral,0.002551949189195213,,1555.7099609375,0.0,1564.760009765625,0.0,1574.02001953125,-0.4019,1565.2820068359374,1564.6155598627379,40.67218536574851,-6.327979240832974,-4.209359306992564,-2.11861993384041
2021-06-28,1544.7099609375,1557.5799560546875,1539.5999755859375,1557.4599609375,115406200.0,,0.0,0.0,Neutral,0.0,Neutral,-0.009598181843653908,,1559.6800537109375,0.0,1555.7099609375,0.0,1564.760009765625,0.0,1559.7760009765625,1557.980360220992,35.353559971229764,-8.003002298372394,-4.96808790526853,-3.034914393103864
2021-06-29,1548.31005859375,1549.260009765625,1541.719970703125,1542.3900146484375,106857400.0,,0.0,0.0,Neutral,0.0,Neutral,0.002330597812721491,,1544.7099609375,0.0,1559.6800537109375,0.0,1555.7099609375,0.0,1554.6340087890626,1554.7569263452447,37.47122039503643,-8.936952717901704,-5.761860867795165,-3.175091850106539
2021-06-30,1532.6300048828125,1551.949951171875,1531.6600341796875,1547.300048828125,146788700.0,,0.0,0.0,Neutral,0.0,Neutral,-0.010127205222175473,,1548.31005859375,0.0,1544.7099609375,0.0,1559.6800537109375,0.0,1548.2080078125,1547.3812858577674,32.48060836538295,-10.817665135010657,-6.773021721238264,-4.044643413772393
2021-07-01,1534.22998046875,1541.1099853515625,1531.8399658203125,1533.3399658203125,104833600.0,,0.0,0.0,Neutral,0.0,Neutral,0.0010439411866138837,,1532.6300048828125,0.0,1548.31005859375,0.0,1544.7099609375,0.0,1543.91201171875,1542.9975173947616,33.45453209508324,-12.040246154266015,-7.826466607843814,-4.2137795464222005
2021-07-02,1533.3499755859375,1536.0,1529.6800537109375,1533.699951171875,87817700.0,,0.0,0.0,Neutral,0.0,Neutral,-0.0005735808151419164,,1534.22998046875,0.0,1532.6300048828125,0.0,1548.31005859375,0.0,1538.64599609375,1539.7816701251536,33.17112349964565,-12.931097813516544,-8.84739284897836,-4.0837049645381835
2021-07-05,1532.3599853515625,1535.8800048828125,1525.4000244140625,1534.0400390625,87054900.0,,0.0,0.0,Neutral,0.0,Neutral,-0.0006456387974941302,,1533.3499755859375,0.0,1534.22998046875,0.0,1532.6300048828125,0.0,1536.1760009765626,1537.3077752006232,32.83413571493424,-13.560669157112898,-9.790048110605268,-3.77062104650763
2021-07-06,1531.6300048828125,1536.469970703125,1530.75,1531.9200439453125,99833000.0,,0.0,0.0,Neutral,0.0,Neutral,-0.00047637661889388117,,1532.3599853515625,0.0,1533.3499755859375,0.0,1534.22998046875,0.0,1532.839990234375,1535.4151850946862,32.57137821194537,-13.957617578724012,-10.623562004229017,-3.334055574494995
2021-07-07,1530.1500244140625,1531.030029296875,1523.4200439453125,1530.9599609375,101657600.0,LIQUIDITY ANALYSIS: A CASE STUDY IN CTRM AC MELAKA - UiTM Institutional Repository | Commitment and Challenges of UTAR during COVID-19 Pandemic - Universiti Tunku Abdul Rahman,0.0,0.0,Neutral,0.4404,Positive,-0.0009662780593432396,,1531.6300048828125,0.0,1532.3599853515625,0.0,1533.3499755859375,0.0,1532.343994140625,1533.6601315344783,32.01204275269877,-14.227617005371485,-11.34437300445751,-2.883244000913974
2021-07-08,1508.7099609375,1525.9000244140625,1501.2099609375,1525.9000244140625,190293600.0,,0.0,0.0,Neutral,0.0,Neutral,-0.014011739459843131,,1530.1500244140625,0.4404,1531.6300048828125,0.0,1532.3599853515625,0.0,1527.239990234375,1525.3434080021523,25.24785725222463,-15.987335386141467,-12.272965480794301,-3.7143699053471657
2021-07-09,1520.5799560546875,1522.800048828125,1508.3599853515625,1508.3599853515625,137225100.0,,0.0,0.0,Neutral,0.0,Neutral,0.007867645488210062,,1508.7099609375,0.0,1530.1500244140625,0.4404,1531.6300048828125,0.0,1524.685986328125,1523.7555906863306,33.61164812047693,-16.236946069577016,-13.065761598550845,-3.171184471026171
2021-07-12,1512.8900146484375,1525.4200439453125,1509.25,1522.22998046875,70680200.0,,0.0,0.0,Neutral,0.0,Neutral,-0.005057242386781402,,1520.5799560546875,0.0,1508.7099609375,0.0,1530.1500244140625,0.4404,1520.7919921875,1520.133732007033,31.17785881327613,-16.860916192202467,-13.82479251728117,-3.0361236749212974
2021-07-13,1519.56005859375,1520.030029296875,1513.5400390625,1513.8299560546875,97812800.0,MPSAS 5 - anm.gov.my,0.0,0.0,Neutral,0.0,Neutral,0.004408809550416892,,1512.8900146484375,0.0,1520.5799560546875,0.0,1508.7099609375,0.0,1518.3780029296875,1519.9425075359386,35.53787532659519,-16.6255512021296,-14.384944254250856,-2.240606947878744
2021-07-14,1512.3199462890625,1522.8699951171875,1509.5699462890625,1520.77001953125,149335700.0,,0.0,0.0,Neutral,0.0,Neutral,-0.0047646108251804264,,1519.56005859375,0.0,1512.8900146484375,0.0,1520.5799560546875,0.0,1514.8119873046876,1517.40165378698,33.08753893443293,-16.82924227749345,-14.873803858899375,-1.955438418594074
2021-07-15,1520.8199462890625,1523.949951171875,1511.5999755859375,1512.5699462890625,130878500.0,,0.0,0.0,Neutral,0.0,Neutral,0.005620503796737841,,1512.3199462890625,0.0,1519.56005859375,0.0,1512.8900146484375,0.0,1517.233984375,1518.5410846210075,38.45291361470216,-16.118980387507918,-15.122839164621084,-0.996141222886834
2021-07-16,1522.47998046875,1525.3699951171875,1511.780029296875,1523.9000244140625,109839000.0,,0.0,0.0,Neutral,0.0,Neutral,0.0010915389318362223,,1520.8199462890625,0.0,1512.3199462890625,0.0,1519.56005859375,0.0,1517.6139892578126,1519.8540499035882,39.47366555200106,-15.246390933583825,-15.147549518413632,-0.09884141517019351
2021-07-19,1519.969970703125,1533.800048828125,1518.72998046875,1522.6700439453125,135999200.0,Malaysia's 2021 fiscal deficit to hover between 6.5-7 pct of GDP - Portal Rasmi Kementerian Kewangan | DECLARATION OF PEACEFUL EDUCATION IN INDONESIA HIGHER EDUCATION - Universiti Malaysia Pahang Al-Sultan Abdullah,0.25,0.5,Positive,0.3034,Positive,-0.001648632361557989,,1522.47998046875,0.0,1520.8199462890625,0.0,1512.3199462890625,0.0,1519.02998046875,1519.8926901701004,38.43568223573425,-14.589218881942998,-15.035883391119505,0.44666450917650735
2021-07-21,1516.52001953125,1521.5699462890625,1515.3399658203125,1521.3699951171875,157913600.0,,0.0,0.0,Neutral,0.0,Neutral,-0.0022697495597752138,,1519.969970703125,0.3034,1522.47998046875,0.0,1520.8199462890625,0.0,1518.42197265625,1518.768466623817,36.99570239004044,-14.183291369360404,-14.865364986767684,0.6820736174072799
2021-07-22,1527.6199951171875,1527.6199951171875,1518.010009765625,1519.0,115176100.0,,0.0,0.0,Neutral,0.0,Neutral,0.007319372934732726,,1516.52001953125,0.0,1519.969970703125,0.3034,1522.47998046875,0.0,1521.481982421875,1521.718976121607,44.23471752109141,-12.818155905417598,-14.455923170497666,1.6377672650800683
2021-07-23,1523.43994140625,1529.6500244140625,1523.1600341796875,1528.2099609375,81841000.0,,0.0,0.0,Neutral,0.0,Neutral,-0.0027363177519922344,,1527.6199951171875,0.0,1516.52001953125,0.0,1519.969970703125,0.3034,1522.0059814453125,1522.292631216488,42.265300040156184,-11.935981055561115,-13.951934747510355,2.0159536919492407
2021-07-26,1512.530029296875,1525.72998046875,1512.530029296875,1524.469970703125,88319400.0,,0.0,0.0,Neutral,0.0,Neutral,-0.007161366728578922,,1523.43994140625,0.0,1527.6199951171875,0.0,1516.52001953125,0.0,1520.0159912109375,1519.038430576617,37.56445730519597,-11.979102226870737,-13.557368243382431,1.5782660165116944
2021-07-27,1514.5999755859375,1517.3900146484375,1511.8499755859375,1515.72998046875,111563800.0,,0.0,0.0,Neutral,0.0,Neutral,0.0013685323590069132,,1512.530029296875,0.0,1523.43994140625,0.0,1527.6199951171875,0.0,1518.9419921875,1517.5589455797237,38.95181057476837,-11.711248714360636,-13.188144337578072,1.4768956232174357
2021-07-28,1515.3900146484375,1516.3499755859375,1509.81005859375,1511.4599609375,80066500.0,,0.0,0.0,Neutral,0.0,Neutral,0.0005216156577543263,,1514.5999755859375,0.0,1512.530029296875,0.0,1523.43994140625,0.0,1518.7159912109375,1516.8359686026283,39.50433766823524,-11.304907390862809,-12.81149694823502,1.5065895573722106
2021-07-29,1512.9300537109375,1520.0400390625,1511.510009765625,1514.969970703125,112971300.0,,0.0,0.0,Neutral,0.0,Neutral,-0.0016233186926936094,,1515.3900146484375,0.0,1514.5999755859375,0.0,1512.530029296875,0.0,1515.7780029296875,1515.5339969720646,38.34073280117022,-11.053954150762138,-12.459988388740443,1.4060342379783055
2021-07-30,1494.5999755859375,1512.010009765625,1494.5999755859375,1511.97998046875,166143200.0,MONETARY AND FINANCIAL DEVELOPMENTS Interest rates lowered in line with OPR reductions - Bank Negara Malaysia | MONETARY AND FINANCIAL DEVELOPMENTS Interest rates lowered in line with OPR reductions - Bank Negara Malaysia | Loyalty Terms & Conditions - Time Internet,0.0,0.0,Neutral,0.8176,Positive,-0.012115615047794015,,1512.9300537109375,0.0,1515.3900146484375,0.0,1514.5999755859375,0.0,1510.010009765625,1508.5559898433555,31.0108749478963,-12.193595831301309,-12.406709877252617,0.21311404595130767
2021-08-02,1493.0,1499.739990234375,1486.22998046875,1497.3900146484375,102338600.0,Attention Deficit Hyperactivity Disorder (ADHD) assessment - serene.com.my,0.0,0.0,Neutral,-0.6597,Negative,-0.0010705042232522777,,1494.5999755859375,0.8176,1512.9300537109375,0.0,1515.3900146484375,0.0,1506.10400390625,1503.3706598955703,30.463421065744654,-13.075152512866453,-12.540398404375384,-0.5347541084910681
2021-08-03,1500.260009765625,1500.260009765625,1489.739990234375,1493.1500244140625,139077200.0,,0.0,0.0,Neutral,0.0,Neutral,0.004862699106245705,,1493.0,-0.6597,1494.5999755859375,0.8176,1512.9300537109375,0.0,1503.2360107421875,1502.333776518922,35.98570835810108,-13.03768015942319,-12.639854755384945,-0.39782540403824385
2021-08-04,1491.3299560546875,1497.8800048828125,1483.72998046875,1497.280029296875,133527200.0,,0.0,0.0,Neutral,0.0,Neutral,-0.005952337363396509,,1500.260009765625,0.0,1493.0,-0.6597,1494.5999755859375,0.8176,1498.4239990234375,1498.665836364177,32.56041938936654,-13.57211288327403,-12.826306380962762,-0.7458065023112681
2021-08-05,1495.780029296875,1498.9200439453125,1491.010009765625,1493.6500244140625,121413400.0,,0.0,0.0,Neutral,0.0,Neutral,0.0029839628877033064,,1491.3299560546875,0.0,1500.260009765625,0.0,1493.0,-0.6597,1494.993994140625,1497.7039006750763,35.83792419589935,-13.481168429554828,-12.957278790681176,-0.5238896388736514
2021-08-06,1489.800048828125,1498.5899658203125,1486.050048828125,1494.8599853515625,114709800.0,,0.0,0.0,Neutral,0.0,Neutral,-0.003997900995884374,,1495.780029296875,0.0,1491.3299560546875,0.0,1500.260009765625,0.0,1494.0340087890625,1495.0692833927592,33.48303446289434,-13.73331958235849,-13.112486949016638,-0.6208326333418519
2021-08-09,1496.72998046875,1497.199951171875,1491.760009765625,1491.760009765625,82638200.0,TELECOMMUNICATIONS - HSS Group,0.0,0.0,Neutral,0.0,Neutral,0.00465158505403207,,1489.800048828125,0.0,1495.780029296875,0.0,1491.3299560546875,0.0,1494.7800048828126,1495.6228490847561,38.52435908280169,-13.221553778238786,-13.134300314861068,-0.08725346337771711
2021-08-11,1504.43994140625,1514.52001953125,1498.530029296875,1499.4300537109375,130603000.0,Reference Rate Framework - Bank Negara Malaysia,0.0,0.0,Neutral,0.0,Neutral,0.005151203649361946,,1496.72998046875,0.0,1489.800048828125,0.0,1495.780029296875,0.0,1495.6159912109374,1498.5618798585874,43.64206382071358,-12.054885067424493,-12.918417265373753,0.8635321979492598
2021-08-12,1501.969970703125,1505.2900390625,1497.1800537109375,1505.2900390625,80529000.0,,0.0,0.0,Neutral,0.0,Neutral,-0.0016417875085237288,,1504.43994140625,0.0,1496.72998046875,0.0,1489.800048828125,0.0,1497.743994140625,1499.6979101401,42.42362359251291,-11.200485477520942,-12.574830907803191,1.3743454302822489
2021-08-13,1505.1099853515625,1507.5400390625,1498.800048828125,1503.3599853515625,64811000.0,,0.0,0.0,Neutral,0.0,Neutral,0.002090597488422219,,1501.969970703125,0.0,1504.43994140625,0.0,1496.72998046875,0.0,1499.6099853515625,1501.5019352105876,44.54333742806743,-10.152957730256503,-12.090456272293853,1.9374985420373498
2021-08-16,1502.9000244140625,1502.9000244140625,1493.5999755859375,1499.9200439453125,96664900.0,,0.0,0.0,Neutral,0.0,Neutral,-0.001468305279353932,,1505.1099853515625,0.0,1501.969970703125,0.0,1504.43994140625,0.0,1502.22998046875,1501.9679649450793,43.33413057510451,-9.392835065958252,-11.550932031026733,2.1580969650684807
2021-08-17,1523.5899658203125,1524.7099609375,1505.27001953125,1505.27001953125,143637800.0,PUBLIC Wealth and Personal Banking of HSBC Bank Malaysia Berhad - Terms of the Additional Deferment Programme 2 for Individual C - HSBC,0.0,0.2555555555555555,Neutral,0.4939,Positive,0.013766678468394078,,1502.9000244140625,0.0,1505.1099853515625,0.0,1501.969970703125,0.0,1507.6019775390625,1509.175298570157,55.51087205952852,-7.039776854217735,-10.648700995664933,3.608924141447199
2021-08-18,1525.239990234375,1526.3399658203125,1518.949951171875,1524.97998046875,98883800.0,Malaysian Rubber Exchange (MRE) - lgm.gov.my | Spacers : Alternative to Nebulisers During Pandemic Guideline - Portal Rasmi Kementerian Kesihatan Malaysia,0.0,0.0,Neutral,0.0,Neutral,0.0010829845634841018,,1523.5899658203125,0.4939,1502.9000244140625,0.0,1505.1099853515625,0.0,1511.7619873046874,1514.530195791563,56.31706161285182,-4.9843614717697164,-9.51583309088589,4.531471619116173
2021-08-19,1514.949951171875,1524.6800537109375,1513.780029296875,1524.6800537109375,86339400.0,,0.0,0.0,Neutral,0.0,Neutral,-0.006746504896530281,,1525.239990234375,0.0,1523.5899658203125,0.4939,1502.9000244140625,0.0,1514.3579833984375,1514.670114251667,50.20683328011615,-4.138049271455657,-8.440276326999843,4.302227055544186
2021-08-20,1518.030029296875,1522.6800537109375,1515.7900390625,1517.22998046875,71866900.0,,0.0,0.0,Neutral,0.0,Neutral,0.0020331220332510114,,1514.949951171875,0.0,1525.239990234375,0.0,1523.5899658203125,0.4939,1516.9419921875,1515.790085933403,51.88945736182998,-3.182122662703023,-7.388645594140479,4.206522931437457
2021-08-23,1522.4300537109375,1524.8599853515625,1519.530029296875,1519.989990234375,96734800.0,Get your Touch 'n Go Card refund for - customerservice.touchngo.com.my,0.0,0.0,Neutral,0.0,Neutral,0.002898509468946653,,1518.030029296875,0.0,1514.949951171875,0.0,1525.239990234375,0.0,1520.847998046875,1518.0034085259144,54.26698317744162,-2.045914709279714,-6.3200994171683265,4.274184707888613
2021-08-24,1553.3699951171875,1553.3699951171875,1522.81005859375,1524.2099609375,201073600.0,,0.0,0.0,Neutral,0.0,Neutral,0.020322734256876807,,1522.4300537109375,0.0,1518.030029296875,0.0,1514.949951171875,0.0,1526.80400390625,1529.7922707230055,66.7208933620212,1.3357354485649466,-4.788932444021672,6.1246678925866185
2021-08-25,1569.800048828125,1569.800048828125,1554.5799560546875,1554.5799560546875,171038200.0,Can I upgrade or downgrade my Astro pack? - Astro One,0.0,0.0,Neutral,0.0,Neutral,0.01057703815741462,,1553.3699951171875,0.0,1522.4300537109375,0.0,1518.030029296875,0.0,1535.716015625,1543.1281967580453,71.20518947828344,5.280613954318142,-2.775023164353709,8.05563711867185
2021-08-26,1585.739990234375,1590.9100341796875,1570.719970703125,1570.719970703125,221320600.0,,0.0,0.0,Neutral,0.0,Neutral,0.010154122124119702,,1569.800048828125,0.0,1553.3699951171875,0.0,1522.4300537109375,0.0,1549.8740234375,1557.332127916822,74.75876568242644,9.582715072950123,-0.3034755168929424,9.886190589843064
2021-08-27,1590.1600341796875,1594.52001953125,1577.31005859375,1582.9000244140625,183093000.0,,0.0,0.0,Neutral,0.0,Neutral,0.0027873699172202837,,1585.739990234375,0.0,1569.800048828125,0.0,1553.3699951171875,0.0,1564.3000244140626,1568.2747633377771,75.65592432928715,13.196698485487786,2.3965592835832035,10.800139201904583
2021-08-30,1601.3800048828125,1604.9000244140625,1592.0999755859375,1593.18994140625,310815000.0,,0.0,0.0,Neutral,0.0,Neutral,0.007055875171025239,,1590.1600341796875,0.0,1585.739990234375,0.0,1569.800048828125,0.0,1580.0900146484375,1579.3098438527888,77.81183093950187,16.7728176427338,5.271810955413322,11.501006687320476
2021-09-01,1586.8900146484375,1604.97998046875,1586.8900146484375,1603.4300537109375,239935300.0,,0.0,0.0,Neutral,0.0,Neutral,-0.009048439589724566,,1601.3800048828125,0.0,1590.1600341796875,0.0,1585.739990234375,0.0,1586.7940185546875,1581.8365674513384,69.27889194074174,18.227580523386905,7.862964869008039,10.364615654378866
2021-09-02,1582.18994140625,1593.5699462890625,1581.52001953125,1588.31005859375,147320300.0,Investment Property - ecovis.com.my,0.0,0.0,Neutral,0.0,Neutral,-0.002961814113644601,,1586.8900146484375,0.0,1601.3800048828125,0.0,1590.1600341796875,0.0,1589.2719970703124,1581.9543587696423,66.7229586291255,18.78469567810157,10.047311030826744,8.737384647274826
2021-09-03,1589.18994140625,1589.18994140625,1579.93994140625,1585.1700439453125,140548700.0,,0.0,0.0,Neutral,0.0,Neutral,0.004424247567759387,,1582.18994140625,0.0,1586.8900146484375,0.0,1601.3800048828125,0.0,1589.9619873046875,1584.3662196485116,68.58206532633322,19.56551586281421,11.950951997224237,7.614563865589972
2021-09-06,1581.5899658203125,1592.1600341796875,1577.7900390625,1590.6700439453125,115666800.0,IMU Psychology Students Adapt to Online Learning During Covid-19 Pandemic - IMU University,0.0,0.0,Neutral,0.0,Neutral,-0.004782295298957351,,1589.18994140625,0.0,1582.18994140625,0.0,1586.8900146484375,0.0,1588.2479736328125,1583.4408017057785,64.37685060682499,19.348034868336754,13.43036857144674,5.9176662968900136
2021-09-07,1583.47998046875,1586.3699951171875,1580.1400146484375,1581.75,139656100.0,THE EFFECT OF NOMINAL EXCHANGE RATE DEPRECIATION ON TRADE IN ELEVEN DEVELOPING COUNTRIES - Universiti Utara Malaysia,0.0,0.0,Neutral,0.0,Neutral,0.0011950092560539805,,1581.5899658203125,0.0,1589.18994140625,0.0,1582.18994140625,0.0,1584.66796875,1583.4538612934357,64.9523882080288,19.107923749253132,14.565879607008018,4.542044142245114
2021-09-08,1597.6300048828125,1597.6300048828125,1579.1800537109375,1581.719970703125,180612500.0,,0.0,0.0,Neutral,0.0,Neutral,0.008936029876344787,,1583.47998046875,0.0,1581.5899658203125,0.0,1589.18994140625,0.0,1586.815966796875,1588.1792424898947,68.99160678612348,19.830825261642758,15.618868737934966,4.2119565237077925
2021-09-09,1578.8900146484375,1592.739990234375,1577.449951171875,1592.1800537109375,192149900.0,BNM maintains OPR at 1.75% - EdgeProp.my | mystudent - mystudent | mystudent - mystudent,0.0,0.0,Neutral,0.0,Neutral,-0.011729868728742154,,1597.6300048828125,0.0,1583.47998046875,0.0,1581.5899658203125,0.0,1586.1559814453126,1585.082833209409,59.25205064519581,18.676280783859283,16.23035114711983,2.4459296367394536
2021-09-10,1575.969970703125,1583.8399658203125,1572.6099853515625,1576.1400146484375,173719400.0,"BNM: OPR remains at 1.75 pct, headline inflation to average 2.5-4.0 pct in 2021 - iProperty",-0.15,0.3999999999999999,Negative,0.0,Neutral,-0.0018494283441032877,,1578.8900146484375,0.0,1597.6300048828125,0.0,1583.47998046875,0.0,1583.5119873046874,1582.045212373981,57.8809070338753,17.325950057378805,16.449470929171625,0.8764791282071798
2021-09-13,1570.1300048828125,1573.780029296875,1562.1099853515625,1573.780029296875,130906600.0,,0.0,0.0,Neutral,0.0,Neutral,-0.0037056326763047487,,1575.969970703125,0.0,1578.8900146484375,0.0,1597.6300048828125,0.0,1581.2199951171874,1578.0734765435916,55.13303164493101,15.604685689913367,16.280513881319973,-0.6758281914066053
2021-09-14,1555.510009765625,1573.1800537109375,1548.8900146484375,1569.550048828125,185018900.0,,0.0,0.0,Neutral,0.0,Neutral,-0.009311327770134992,,1570.1300048828125,0.0,1575.969970703125,0.0,1578.8900146484375,0.0,1575.6260009765624,1570.552320950936,48.877141538337234,12.912018148335392,15.606814734723056,-2.694796586387664
2021-09-15,1555.260009765625,1560.56005859375,1549.6500244140625,1554.8599853515625,205564200.0,,0.0,0.0,Neutral,0.0,Neutral,-0.00016071899147573898,,1555.510009765625,0.0,1570.1300048828125,0.0,1575.969970703125,0.0,1567.152001953125,1565.4548838891658,48.77522281765903,10.635289810650875,14.61250974990862,-3.977219939257745
2021-09-17,1548.510009765625,1556.739990234375,1543.0799560546875,1556.3499755859375,326712900.0,,0.0,0.0,Neutral,0.0,Neutral,-0.0043401103079974135,,1555.260009765625,0.0,1555.510009765625,0.0,1570.1300048828125,0.0,1561.0760009765625,1559.8065925146523,45.986974493317554,8.191866870178274,13.328381173962551,-5.136514303784278
2021-09-20,1527.8900146484375,1547.6700439453125,1526.9000244140625,1547.6199951171875,177366500.0,,0.0,0.0,Neutral,0.0,Neutral,-0.01331602313653013,,1548.510009765625,0.0,1555.260009765625,0.0,1555.510009765625,0.0,1551.460009765625,1549.167733225914,38.70754584773458,4.53924966393356,11.570554871956753,-7.031305208023193
2021-09-21,1530.43994140625,1533.1099853515625,1521.43994140625,1524.7099609375,175388100.0,Utilizing and Evaluating of Virtual Tours in Art Exhibition Amidst Global Pandemic - UiTM Journal,0.0,0.0,Neutral,0.0,Neutral,0.0016689203629616234,,1527.8900146484375,0.0,1548.510009765625,0.0,1555.260009765625,0.0,1543.5219970703124,1542.9251359526927,39.97296150641732,1.8291961563713812,9.62228312883968,-7.7930869724682985
2021-09-22,1529.02001953125,1529.7900390625,1520.7099609375,1524.6300048828125,169897700.0,,0.0,0.0,Neutral,0.0,Neutral,-0.0009277867341173085,,1530.43994140625,0.0,1527.8900146484375,0.0,1548.510009765625,0.0,1538.2239990234375,1538.2900971455451,39.48411776545708,-0.4281808000532692,7.61219034306109,-8.04037114311436
2021-09-23,1539.3399658203125,1539.72998046875,1531.1800537109375,1532.3299560546875,165616300.0,,0.0,0.0,Neutral,0.0,Neutral,0.006749385983988887,,1529.02001953125,0.0,1530.43994140625,0.0,1527.8900146484375,0.0,1535.039990234375,1538.6400533704675,44.77065501488328,-1.3686578476967952,5.816020704909512,-7.184678552606307
2021-09-24,1532.06005859375,1543.3499755859375,1525.6400146484375,1542.4000244140625,137450600.0,,0.0,0.0,Neutral,0.0,Neutral,-0.004729239406632946,,1539.3399658203125,0.0,1529.02001953125,0.0,1530.43994140625,0.0,1531.75,1536.4467217782283,41.98438732562832,-2.6706349390212836,4.118689576123353,-6.789324515144637
2021-09-27,1533.050048828125,1533.510009765625,1526.1400146484375,1532.8900146484375,150078500.0,,0.0,0.0,Neutral,0.0,Neutral,0.0006461823926691146,,1532.06005859375,0.0,1539.3399658203125,0.0,1529.02001953125,0.0,1532.7820068359374,1535.3144974615273,42.508378171238306,-3.5812942945644863,2.5786928019857855,-6.159987096550272
2021-09-28,1546.8199462890625,1546.8199462890625,1526.280029296875,1533.510009765625,164396500.0,,0.0,0.0,Neutral,0.0,Neutral,0.008982027345723953,,1533.050048828125,0.0,1532.06005859375,0.0,1539.3399658203125,0.0,1536.0580078125,1539.1496470707057,49.35949430935674,-3.1555080173277474,1.431852638123079,-4.587360655450826
2021-09-29,1547.6500244140625,1547.6500244140625,1528.68994140625,1541.9599609375,124104800.0,,0.0,0.0,Neutral,0.0,Neutral,0.0005366352606142044,,1546.8199462890625,0.0,1533.050048828125,0.0,1532.06005859375,0.0,1539.7840087890625,1541.983106185158,49.748253683508494,-2.7197375164460027,0.6015346072092626,-3.321272123655265
2021-09-30,1537.800048828125,1549.3599853515625,1532.56005859375,1546.4300537109375,231802200.0,,0.0,0.0,Neutral,0.0,Neutral,-0.006364472219529516,,1547.6500244140625,0.0,1546.8199462890625,0.0,1533.050048828125,0.0,1539.476025390625,1540.5887537328138,45.303800414872626,-3.133080760314897,-0.14538846629556934,-2.9876922940193276
2021-10-01,1524.47998046875,1539.469970703125,1521.0799560546875,1536.489990234375,144760700.0,,0.0,0.0,Neutral,0.0,Neutral,-0.00866176871923341,,1537.800048828125,0.0,1547.6500244140625,0.0,1546.8199462890625,0.0,1537.960009765625,1535.2191626447925,40.08810720528597,-4.483790113834175,-1.0130687958032905,-3.4707213180308845
2021-10-04,1522.469970703125,1532.72998046875,1519.6600341796875,1529.0400390625,119364900.0,,0.0,0.0,Neutral,0.0,Neutral,-0.001318488790523098,,1524.47998046875,0.0,1537.800048828125,0.0,1547.6500244140625,0.0,1535.843994140625,1530.96943199757,39.35186764662979,-5.6512835189621455,-1.9407117404350616,-3.710571778527084
2021-10-05,1530.4200439453125,1530.4200439453125,1515.5400390625,1522.239990234375,115647300.0,,0.0,0.0,Neutral,0.0,Neutral,0.005221825976978733,,1522.469970703125,0.0,1524.47998046875,0.0,1537.800048828125,0.0,1532.564013671875,1530.7863026468174,43.75202431956263,-5.867390360993795,-2.7260474645468085,-3.1413428964469867
2021-10-06,1559.4200439453125,1559.4200439453125,1531.1300048828125,1531.3699951171875,211713700.0,,0.0,0.0,Neutral,0.0,Neutral,0.018949046122814783,,1530.4200439453125,0.0,1522.469970703125,0.0,1524.47998046875,0.0,1534.918017578125,1540.330883079649,56.22764525973868,-3.6564496775599764,-2.912127907149442,-0.7443217704105343
2021-10-07,1561.2900390625,1561.2900390625,1551.97998046875,1558.239990234375,157809100.0,Asset Accounting - erp-systems.com.my,0.0,0.0,Neutral,0.3612,Positive,0.0011991606267010013,,1559.4200439453125,0.0,1530.4200439453125,0.0,1522.469970703125,0.0,1539.616015625,1547.317268407266,56.89160882246963,-1.7333888515320268,-2.676380096025959,0.9429912444939323
2021-10-08,1563.9000244140625,1567.300048828125,1558.56005859375,1562.1500244140625,135219100.0,,0.0,0.0,Neutral,0.0,Neutral,0.0016716851361773255,,1561.2900390625,0.3612,1559.4200439453125,0.0,1530.4200439453125,0.0,1547.5000244140624,1552.8448537428649,57.85255241741352,0.0012404145863911253,-2.140855993903489,2.14209640848988
2021-10-11,1570.8199462890625,1575.6300048828125,1567.8800048828125,1567.8800048828125,160435600.0,Career at Bank Islam - Career at Bank Islam,0.0,0.0,Neutral,0.0,Neutral,0.00442478532321311,,1563.9000244140625,0.0,1561.2900390625,0.3612,1559.4200439453125,0.0,1557.17001953125,1558.836551258264,60.37462330971779,1.9122828619488246,-1.3302282227330262,3.242511084681851
2021-10-12,1583.9100341796875,1583.9100341796875,1563.719970703125,1572.3399658203125,194652300.0,Management of Customer Information and Permitted Disclosures - Bank Negara Malaysia,0.0,0.0,Neutral,0.0,Neutral,0.008333283468642705,,1570.8199462890625,0.0,1563.9000244140625,0.0,1561.2900390625,0.3612,1567.868017578125,1567.1943788987385,64.68019091325773,4.431969478798692,-0.17778868242668255,4.609758161225375
2021-10-13,1600.3800048828125,1600.3800048828125,1581.81005859375,1582.8699951171875,160913300.0,,0.0,0.0,Neutral,0.0,Neutral,0.010398299365314001,,1583.9100341796875,0.0,1570.8199462890625,0.0,1563.9000244140625,0.0,1576.060009765625,1578.256254226763,69.2129263114852,7.669419967135127,1.3916530474856794,6.277766919649448
2021-10-14,1592.52001953125,1601.6600341796875,1588.6300048828125,1601.6600341796875,120281800.0,,0.0,0.0,Neutral,0.0,Neutral,-0.004911324390195704,,1600.3800048828125,0.0,1583.9100341796875,0.0,1570.8199462890625,0.0,1582.306005859375,1583.010842661592,64.93036621706031,9.491475849129984,3.0116176078145402,6.479858241315443
2021-10-15,1598.280029296875,1599.760009765625,1592.6700439453125,1595.1700439453125,132390000.0,,0.0,0.0,Neutral,0.0,Neutral,0.0036169151376321818,,1592.52001953125,0.0,1600.3800048828125,0.0,1583.9100341796875,0.0,1589.1820068359375,1588.1005715400197,66.56314677190232,11.270335500382316,4.663361186328096,6.60697431405422
2021-10-18,1605.969970703125,1609.6199951171875,1602.7099609375,1602.8900146484375,153516900.0,,0.0,0.0,Neutral,0.0,Neutral,0.004811385530252066,,1598.280029296875,0.0,1592.52001953125,0.0,1600.3800048828125,0.0,1596.21201171875,1594.0570379277215,68.66095978413401,13.149034706843622,6.360495890431201,6.788538816412421
2021-10-20,1606.3199462890625,1613.3499755859375,1601.31005859375,1611.8299560546875,155600800.0,,0.0,0.0,Neutral,0.0,Neutral,0.0002179216251374516,,1605.969970703125,0.0,1598.280029296875,0.0,1592.52001953125,0.0,1600.693994140625,1598.1446740481686,68.75703095343106,14.49902177053491,7.988201066451943,6.510820704082967
2021-10-21,1591.6199951171875,1608.9200439453125,1590.3399658203125,1608.4300537109375,180339300.0,Lembaga Hasil Dalam Negeri Malaysia - hasil.gov.my | Lembaga Hasil Dalam Negeri Malaysia - hasil.gov.my,0.0,0.0,Neutral,0.0,Neutral,-0.009151322067459167,,1606.3199462890625,0.0,1605.969970703125,0.0,1598.280029296875,0.0,1598.9419921875,1595.9697810711748,60.38384096003395,14.2188272480862,9.234326302778793,4.984500945307406
2021-10-22,1588.0799560546875,1591.9100341796875,1582.219970703125,1591.719970703125,87464300.0,,0.0,0.0,Neutral,0.0,Neutral,-0.002224173529712048,,1591.6199951171875,0.0,1606.3199462890625,0.0,1605.969970703125,0.0,1598.0539794921874,1593.3398393990124,58.53513723098946,13.55486742923813,10.09843452807066,3.456432901167469
2021-10-25,1587.93994140625,1593.3699951171875,1586.77001953125,1586.77001953125,75804200.0,,0.0,0.0,Neutral,0.0,Neutral,-8.816599435290673e-05,,1588.0799560546875,0.0,1591.6199951171875,0.0,1606.3199462890625,0.0,1595.9859619140625,1591.539873401425,58.45890346917635,12.869030306570039,10.652553683770536,2.2164766227995027
2021-10-26,1584.199951171875,1589.1099853515625,1583.0699462890625,1588.0400390625,103545400.0,,0.0,0.0,Neutral,0.0,Neutral,-0.0023552466543935724,,1587.93994140625,0.0,1588.0799560546875,0.0,1591.6199951171875,0.0,1591.6319580078125,1589.0932326582417,56.34789449246159,11.886691114198356,10.8993811698561,0.9873099443422557
2021-10-27,1583.0799560546875,1591.6400146484375,1581.760009765625,1587.219970703125,109028100.0,,0.0,0.0,Neutral,0.0,Neutral,-0.0007069783813331565,,1584.199951171875,0.0,1587.93994140625,0.0,1588.0799560546875,0.0,1586.9839599609375,1587.0888071237237,55.69923173402317,10.892246938585004,10.897954323601882,-0.005707385016878064
2021-10-28,1566.8599853515625,1581.489990234375,1566.8599853515625,1581.0799560546875,126028300.0,Policy Self-Service - Allianz Malaysia | Policy Self-Service - Allianz Malaysia | MDV unveils key initiatives to support development of tech sector post-pandemic - Malaysia Debt Ventures Berhad,0.0,1.0,Neutral,0.0516,Positive,-0.010245831640461223,,1583.0799560546875,0.0,1584.199951171875,0.0,1587.93994140625,0.0,1582.0319580078126,1580.3458665330033,47.221169004677805,8.695095041902732,10.457382467262052,-1.76228742535932
2021-10-29,1562.31005859375,1570.6500244140625,1559.6600341796875,1568.8699951171875,144120400.0,Factor Affects Customer Behavior During Currency Depreciation - Journal of Technology Management and Technopreneurship (JTMT) | Remember what happened after GE14 - umno.org.my,0.0,0.0,Neutral,0.0,Neutral,-0.0029038502484901585,,1566.8599853515625,0.0516,1583.0799560546875,0.0,1584.199951171875,0.0,1576.877978515625,1574.3339305532522,45.14530437220459,6.511633215765869,9.668232616962815,-3.156599401196946
2021-11-01,1530.9200439453125,1545.989990234375,1526.0400390625,1545.989990234375,229544000.0,,0.0,0.0,Neutral,0.0,Neutral,-0.020092051815048806,,1562.31005859375,0.0,1566.8599853515625,0.0516,1583.0799560546875,0.0,1565.4739990234375,1559.8626350172724,34.03048845673678,2.2226903519283496,8.179124163955922,-5.956433812027573
2021-11-02,1537.6300048828125,1544.0,1532.2099609375,1532.2099609375,143617700.0,,0.0,0.0,Neutral,0.0,Neutral,0.004382959752886828,,1530.9200439453125,0.0,1562.31005859375,0.0,1566.8599853515625,0.0516,1556.160009765625,1552.4517583057857,37.5688652230647,-0.6276547840061539,6.417768374363507,-7.045423158369661
2021-11-03,1531.3299560546875,1543.8699951171875,1530.3499755859375,1543.1500244140625,140157900.0,Untitled - Portal Rasmi Kementerian Kewangan | Untitled - Portal Rasmi Kementerian Kewangan,0.0,0.0,Neutral,0.0,Neutral,-0.00409724628689534,,1537.6300048828125,0.0,1530.9200439453125,0.0,1562.31005859375,0.0,1545.810009765625,1545.4111575554195,35.63618240214471,-3.356246409172627,4.46296541765628,-7.819211826828907
2021-11-05,1531.72998046875,1540.6099853515625,1525.449951171875,1535.77001953125,122048000.0,,0.0,0.0,Neutral,0.0,Neutral,0.0002612267934032353,,1531.3299560546875,0.0,1537.6300048828125,0.0,1530.9200439453125,0.0,1538.7840087890625,1540.8507651931964,35.86180184880877,-5.423873268689249,2.485597680387174,-7.9094709490764235
2021-11-08,1535.4100341796875,1538.1199951171875,1531.4200439453125,1534.2099609375,96941100.0,,0.0,0.0,Neutral,0.0,Neutral,0.0024025472882702736,,1531.72998046875,0.0,1531.3299560546875,0.0,1537.6300048828125,0.0,1533.40400390625,1539.0371881886933,38.01447148873507,-6.688432782609652,0.6507915877878085,-7.339224370397461
2021-11-09,1524.030029296875,1536.1600341796875,1520.0799560546875,1535.550048828125,119440000.0,,0.0,0.0,Neutral,0.0,Neutral,-0.0074117041242943715,,1535.4100341796875,0.0,1531.72998046875,0.0,1531.3299560546875,0.0,1532.0260009765625,1534.0348018914206,34.19268191405782,-8.510769739636544,-1.181520677697062,-7.329249061939482
2021-11-10,1520.739990234375,1526.1500244140625,1516.75,1526.030029296875,100293300.0,Faculty of Economics and Business - unimas ir | Change Rate Plan - U Mobile,0.0,0.0,Neutral,0.0,Neutral,-0.002158775745395136,,1524.030029296875,0.0,1535.4100341796875,0.0,1531.72998046875,0.0,1528.647998046875,1529.6031980057387,33.15489367814993,-10.103991044405348,-2.966014751038719,-7.137976293366629
2021-11-11,1518.8499755859375,1522.719970703125,1517.739990234375,1520.47998046875,97057300.0,,0.0,0.0,Neutral,0.0,Neutral,-0.0012428256378963498,,1520.739990234375,0.0,1524.030029296875,0.0,1535.4100341796875,0.0,1526.152001953125,1526.0187905324717,32.54382092736577,-11.387866556627614,-4.650385112156498,-6.737481444471116
2021-11-12,1531.219970703125,1532.6400146484375,1520.6700439453125,1522.68994140625,136842900.0,"APPLICATION FOR EMERGENCY CERTIFICATE - Other Information - Consulate General of Malaysia, Guangzhou - kln.gov.my",-0.03749999999999999,0.4375,Neutral,-0.516,Negative,0.008144316631677473,,1518.8499755859375,0.0,1520.739990234375,0.0,1524.030029296875,0.0,1526.05,1527.7525172560229,40.299380806199345,-11.277195435127396,-5.975747176750678,-5.301448258376718
2021-11-15,1522.3399658203125,1534.6600341796875,1520.27001953125,1531.3800048828125,91980600.0,,0.0,0.0,Neutral,0.0,Neutral,-0.00579930059215128,,1531.219970703125,-0.516,1518.8499755859375,0.0,1520.739990234375,0.0,1523.435986328125,1525.9483334441195,37.009828127746765,-11.77034870169632,-7.134667481739807,-4.635681219956514
2021-11-16,1522.8900146484375,1528.0999755859375,1518.9300537109375,1521.469970703125,105897000.0,,0.0,0.0,Neutral,0.0,Neutral,0.00036131799760541483,,1522.3399658203125,0.0,1531.219970703125,-0.516,1518.8499755859375,0.0,1523.2079833984376,1524.9288938455588,37.35096259167322,-11.978708776659687,-8.103475740723782,-3.8752330359359046
2021-11-17,1525.1300048828125,1525.1300048828125,1519.0699462890625,1522.4200439453125,119348000.0,Help & Support Center - Astro One,-0.1,0.1,Negative,0.6597,Positive,0.001470881162020099,,1522.8900146484375,0.0,1522.3399658203125,0.0,1531.219970703125,-0.516,1524.085986328125,1524.9959308579766,38.8044203724382,-11.826755668243095,-8.848131726227646,-2.9786239420154494
2021-11-18,1523.7900390625,1525.1199951171875,1519.9100341796875,1524.5799560546875,110251600.0,JoomDecor Will Increase the Storage Space With TV Cabinets - Atome,0.0,0.0,Neutral,0.3182,Positive,-0.0008785912125671702,,1525.1300048828125,0.6597,1522.8900146484375,0.0,1522.3399658203125,0.0,1525.0739990234374,1524.593966926151,38.23299616984484,-11.679818105511686,-9.414469002084454,-2.2653491034272317
2021-11-19,1525.5400390625,1527.5,1523.1400146484375,1525.3800048828125,109830900.0,,0.0,0.0,Neutral,0.0,Neutral,0.001148452185103288,,1523.7900390625,0.3182,1525.1300048828125,0.6597,1522.8900146484375,0.0,1523.9380126953124,1524.909324304934,39.486310694803564,-11.291991603593488,-9.78997352238626,-1.5020180812072272
2021-11-22,1526.8699951171875,1529.260009765625,1522.7099609375,1526.760009765625,113642900.0,,0.0,0.0,Neutral,0.0,Neutral,0.0008717936079245536,,1525.5400390625,0.0,1523.7900390625,0.3182,1525.1300048828125,0.6597,1524.8440185546874,1525.5628812423518,40.47483661026987,-10.753361905664633,-9.982651199041936,-0.7707107066226975
2021-11-23,1522.8800048828125,1531.72998046875,1521.510009765625,1527.25,124348300.0,,0.0,0.0,Neutral,0.0,Neutral,-0.0026131826855820828,,1526.8699951171875,0.0,1525.5400390625,0.0,1523.7900390625,0.3182,1524.8420166015626,1524.6685891225054,38.445743760554166,-10.527102965520271,-10.091541552337603,-0.4355614131826684
2021-11-24,1522.27001953125,1525.97998046875,1521.1199951171875,1524.2099609375,93203000.0,,0.0,0.0,Neutral,0.0,Neutral,-0.00040054721948323824,,1522.8800048828125,0.0,1526.8699951171875,0.0,1525.5400390625,0.0,1524.27001953125,1523.8690659254203,38.13102146370653,-10.278527379884963,-10.128938717847074,-0.149588662037889
2021-11-25,1517.5999755859375,1523.1600341796875,1515.4300537109375,1520.3199462890625,82655700.0,,0.0,0.0,Neutral,0.0,Neutral,-0.0030678157523923444,,1522.27001953125,0.0,1522.8800048828125,0.0,1526.8699951171875,0.0,1523.0320068359374,1521.7793691455927,35.72012552028367,-10.339179331165724,-10.170986840510803,-0.1681924906549206
2021-11-26,1512.219970703125,1518.43994140625,1508.969970703125,1518.1700439453125,238900400.0,,0.0,0.0,Neutral,0.0,Neutral,-0.003545074439484819,,1517.5999755859375,0.0,1522.27001953125,0.0,1522.8800048828125,0.0,1520.3679931640625,1518.5929029981035,33.12198426406937,-10.698047439417223,-10.276398960292088,-0.42164847912513537
2021-11-29,1510.5699462890625,1516.5999755859375,1501.510009765625,1507.7900390625,453704100.0,,0.0,0.0,Neutral,0.0,Neutral,-0.001091127247377477,,1512.219970703125,0.0,1517.5999755859375,0.0,1522.27001953125,0.0,1517.1079833984375,1515.9185840950897,32.34493518203157,-10.988922720343908,-10.418903712302452,-0.5700190080414558
2021-11-30,1513.97998046875,1519.6199951171875,1511.27001953125,1512.5799560546875,684033900.0,,0.0,0.0,Neutral,0.0,Neutral,0.002257448712033927,,1510.5699462890625,0.0,1512.219970703125,0.0,1517.5999755859375,0.0,1515.327978515625,1515.2723828863097,35.70216814890112,-10.819561051803248,-10.499035180202611,-0.32052587160063695
2021-12-01,1496.9300537109375,1509.9000244140625,1495.75,1507.47998046875,226840300.0,,0.0,0.0,Neutral,0.0,Neutral,-0.011261659320312534,,1513.97998046875,0.0,1510.5699462890625,0.0,1512.219970703125,0.0,1510.2599853515626,1509.1582731611857,28.17415275394039,-11.923678562238592,-10.783963856609807,-1.1397147056287853
2021-12-02,1501.739990234375,1501.739990234375,1491.8299560546875,1498.3399658203125,211493000.0,,0.0,0.0,Neutral,0.0,Neutral,0.0032132005844318634,,1496.9300537109375,0.0,1513.97998046875,0.0,1510.5699462890625,0.0,1507.08798828125,1506.6855121855822,32.49831548176064,-12.269146876952163,-11.081000460678279,-1.1881464162738844
2021-12-06,1483.449951171875,1503.760009765625,1483.449951171875,1503.6600341796875,210885300.0,HSBC Fusion (Retail Business Banking) Financial Assistance Programme - HSBC,0.0,0.0,Neutral,0.0,Neutral,-0.012179231545698888,,1501.739990234375,0.0,1496.9300537109375,0.0,1513.97998046875,0.0,1501.333984375,1498.9403251810131,26.07088940828043,-13.859028052987696,-11.636605979140162,-2.222422073847534
2021-12-07,1497.969970703125,1497.969970703125,1484.3499755859375,1484.93994140625,177743200.0,,0.0,0.0,Neutral,0.0,Neutral,0.009788007690977096,,1483.449951171875,0.0,1501.739990234375,0.0,1496.9300537109375,0.0,1498.8139892578124,1498.6168736883837,36.76344871314393,-13.788431655047134,-12.066971114321557,-1.7214605407255767
2021-12-08,1494.030029296875,1501.239990234375,1491.8800048828125,1500.5699462890625,138474400.0,,0.0,0.0,Neutral,0.0,Neutral,-0.0026301871755149975,,1497.969970703125,0.0,1483.449951171875,0.0,1501.739990234375,0.0,1494.8239990234374,1497.087925557881,35.2726746612262,-13.890285282742525,-12.43163394800575,-1.4586513347367749
2021-12-09,1501.7900390625,1501.7900390625,1491.8199462890625,1493.06005859375,99381700.0,,0.0,0.0,Neutral,0.0,Neutral,0.005194011909705143,,1494.030029296875,0.0,1497.969970703125,0.0,1483.449951171875,0.0,1495.79599609375,1498.6552967260873,40.399001624703814,-13.192759166069663,-12.583858991618532,-0.6089001744511311
2021-12-10,1488.8800048828125,1505.4100341796875,1488.8800048828125,1501.6500244140625,130085000.0,Liquidity Risk and Regulation in the Organization of the Islamic Cooperation (OIC) Banking Industry - Universiti Sains Malaysia,0.0,0.0,Neutral,-0.2732,Negative,-0.008596430821812273,,1501.7900390625,0.0,1494.030029296875,0.0,1497.969970703125,0.0,1493.2239990234375,1495.3968661116623,35.378897311896075,-13.525779787955344,-12.772243150885895,-0.7535366370694483
2021-12-13,1494.8599853515625,1501.8800048828125,1491.8499755859375,1491.8800048828125,152423300.0,,0.0,0.0,Neutral,0.0,Neutral,0.004016428757951385,,1488.8800048828125,-0.2732,1501.7900390625,0.0,1494.030029296875,0.0,1495.506005859375,1495.2179058582958,39.150747322620624,-13.155517961008854,-12.848898112910486,-0.30661984809836795
2021-12-14,1480.9200439453125,1492.8900146484375,1479.9200439453125,1492.8900146484375,147863700.0,,0.0,0.0,Neutral,0.0,Neutral,-0.009325248881400516,,1494.8599853515625,0.0,1488.8800048828125,-0.2732,1501.7900390625,0.0,1492.0960205078125,1490.4519518873014,34.147169826452114,-13.827524471324068,-13.044623384593203,-0.782901086730865
2021-12-15,1482.81005859375,1484.6300048828125,1475.3699951171875,1482.1199951171875,130742800.0,,0.0,0.0,Neutral,0.0,Neutral,0.0012762435461419752,,1480.9200439453125,0.0,1494.8599853515625,0.0,1488.8800048828125,-0.2732,1489.8520263671876,1487.9046541227842,35.35352264748727,-14.045676272734681,-13.244833962221499,-0.8008423105131826
2021-12-16,1484.6400146484375,1491.68994140625,1483.7900390625,1485.4599609375,145137700.0,,0.0,0.0,Neutral,0.0,Neutral,0.001234113596735975,,1482.81005859375,0.0,1480.9200439453125,0.0,1494.8599853515625,0.0,1486.422021484375,1486.8164409646686,36.56520180081788,-13.91054883901893,-13.377976937580986,-0.5325719014379438
2021-12-17,1502.010009765625,1502.010009765625,1482.3900146484375,1485.4300537109375,275103300.0,,0.0,0.0,Neutral,0.0,Neutral,0.011699802609254517,,1484.6400146484375,0.0,1482.81005859375,0.0,1480.9200439453125,0.0,1489.0480224609375,1491.8809638983207,46.76484566430473,-12.26051435779641,-13.15448442162407,0.8939700638276609
2021-12-20,1493.9000244140625,1502.6099853515625,1490.77001953125,1497.5699462890625,144587300.0,,0.0,0.0,Neutral,0.0,Neutral,-0.005399421640890356,,1502.010009765625,0.0,1484.6400146484375,0.0,1482.81005859375,0.0,1488.8560302734375,1492.5539840702347,43.266861079138344,-11.474981736931113,-12.818583884685479,1.3436021477543658
2021-12-21,1492.5899658203125,1496.239990234375,1490.010009765625,1492.800048828125,116475100.0,,0.0,0.0,Neutral,0.0,Neutral,-0.0008769385985275546,,1493.9000244140625,0.0,1502.010009765625,0.0,1484.6400146484375,0.0,1491.1900146484375,1492.5659779869272,42.71109198172781,-10.833273027356654,-12.421521713219715,1.5882486858630607
2021-12-22,1500.3199462890625,1502.18994140625,1492.739990234375,1492.739990234375,116438200.0,,0.0,0.0,Neutral,0.0,Neutral,0.0051789042173424615,,1492.5899658203125,0.0,1493.9000244140625,0.0,1502.010009765625,0.0,1494.6919921875,1495.150634087639,47.034299529099584,-9.59041707189408,-11.855300784954588,2.2648837130605077
2021-12-23,1516.4200439453125,1516.4200439453125,1499.81005859375,1499.81005859375,123965700.0,,0.0,0.0,Neutral,0.0,Neutral,0.01073110951838796,,1500.3199462890625,0.0,1492.5899658203125,0.0,1493.9000244140625,0.0,1501.047998046875,1502.24043737353,54.70176182820708,-7.22303875162379,-10.928848378288428,3.7058096266646388
2021-12-24,1516.449951171875,1517.9599609375,1513.93994140625,1516.6400146484375,51488600.0,,0.0,0.0,Neutral,0.0,Neutral,1.9722257485366157e-05,,1516.4200439453125,0.0,1500.3199462890625,0.0,1492.5899658203125,0.0,1503.935986328125,1506.9769419729785,54.71487611880722,-5.283555573776084,-9.79978981738596,4.516234243609876
2021-12-27,1533.9100341796875,1535.9300537109375,1515.0999755859375,1517.3699951171875,110161500.0,,0.0,0.0,Neutral,0.0,Neutral,0.011513787840027101,,1516.449951171875,0.0,1516.4200439453125,0.0,1500.3199462890625,0.0,1511.93798828125,1515.9546393752148,61.68835022676558,-2.3109788774172557,-8.302027629392219,5.991048751974963
2021-12-28,1539.8900146484375,1542.199951171875,1535.8599853515625,1535.97998046875,115107800.0,,0.0,0.0,Neutral,0.0,Neutral,0.0038985209924309316,,1533.9100341796875,0.0,1516.449951171875,0.0,1516.4200439453125,0.0,1521.397998046875,1523.9330977996224,63.74741835687375,0.5213343993159469,-6.537355223650586,7.058689622966533
2021-12-29,1545.0400390625,1545.0400390625,1536.449951171875,1540.3900146484375,115519200.0,,0.0,0.0,Neutral,0.0,Neutral,0.0033444105520992196,,1539.8900146484375,0.0,1533.9100341796875,0.0,1516.449951171875,0.0,1530.3420166015626,1530.9687448872482,65.46868134989185,3.1452702884844257,-4.600830121223583,7.746100409708009
2021-12-30,1543.6099853515625,1547.75,1539.5699462890625,1544.72998046875,105401000.0,,0.0,0.0,Neutral,0.0,Neutral,-0.0009255771208397379,,1545.0400390625,0.0,1539.8900146484375,0.0,1533.9100341796875,0.0,1535.7800048828126,1535.1824917086863,64.55215119820173,5.051138620282472,-2.6704363729223717,7.721574993204844
2021-12-31,1567.530029296875,1567.530029296875,1531.81005859375,1542.989990234375,165322800.0,Fixed Asset Management - Century Software,0.1,0.2,Positive,0.3612,Positive,0.015496170776496232,,1543.6099853515625,0.0,1545.0400390625,0.0,1539.8900146484375,0.0,1545.9960205078125,1545.9650042380824,71.69105008170006,8.394929125217232,-0.45736327329445103,8.852292398511683
2022-01-03,1549.050048828125,1556.280029296875,1545.530029296875,1553.6400146484375,65775200.0,CORPORATE - Business PowerPoint Template - intanbk.intan.my,0.0,0.0,Neutral,0.0,Neutral,-0.01178923537244092,,1567.530029296875,0.3612,1543.6099853515625,0.0,1545.0400390625,0.0,1549.0240234375,1546.9933524347632,61.40255190501027,9.44485282673054,1.5230799467105471,7.921772880019992
2022-01-04,1541.9000244140625,1551.3299560546875,1536.52001953125,1550.9200439453125,104133100.0,Malaysian Citation Centre - myjurnal.mohe.gov.my,0.0,0.0,Neutral,0.0,Neutral,-0.004615747838148665,,1549.050048828125,0.0,1567.530029296875,0.3612,1543.6099853515625,0.0,1549.426025390625,1545.295576427863,57.938043878697286,9.589436652985569,3.1363512879655513,6.4530853650200175
2022-01-05,1547.949951171875,1549.530029296875,1540.239990234375,1542.4100341796875,122004900.0,,0.0,0.0,Neutral,0.0,Neutral,0.003923682899033221,,1541.9000244140625,0.0,1549.050048828125,0.0,1567.530029296875,0.3612,1550.0080078125,1546.1803680092003,59.99487240286927,10.07604849009931,4.5242907283923035,5.551757761707007
2022-01-06,1533.3599853515625,1546.5,1532.5999755859375,1546.4599609375,126065800.0,Insights into MFRS 136 - Grant Thornton Malaysia,0.0,0.0,Neutral,0.3612,Positive,-0.009425347253163574,,1547.949951171875,0.0,1541.9000244140625,0.0,1549.050048828125,0.0,1547.9580078125,1541.906907123321,53.23422346634313,9.17859839972084,5.455152262658011,3.7234461370628296
2022-01-07,1543.1099853515625,1543.1700439453125,1531.5400390625,1534.81005859375,108158900.0,,0.0,0.0,Neutral,0.0,Neutral,0.006358585128830363,,1533.3599853515625,0.3612,1547.949951171875,0.0,1541.9000244140625,0.0,1543.0739990234374,1542.3079331994015,56.74232719812062,9.1486463528463,6.193851080695668,2.9547952721506308
2022-01-10,1550.1700439453125,1550.1700439453125,1540.31005859375,1543.3800048828125,143108700.0,,0.0,0.0,Neutral,0.0,Neutral,0.004575214120036586,,1543.1099853515625,0.0,1533.3599853515625,0.3612,1547.949951171875,0.0,1543.297998046875,1544.9286367813718,59.13292338074028,9.584117128695652,6.8719042902956655,2.712212838399987
2022-01-11,1564.2900390625,1564.2900390625,1546.18994140625,1549.010009765625,209789300.0,,0.0,0.0,Neutral,0.0,Neutral,0.009108674994938504,,1550.1700439453125,0.0,1543.1099853515625,0.0,1533.3599853515625,0.3612,1547.7760009765625,1551.3824375417478,63.479887912144875,10.942458604835338,7.6860151532036,3.2564434516317373
2022-01-12,1563.199951171875,1567.3499755859375,1555.699951171875,1564.3900146484375,129352500.0,,0.0,0.0,Neutral,0.0,Neutral,-0.0006968579121543472,,1564.2900390625,0.0,1550.1700439453125,0.0,1543.1099853515625,0.0,1550.8260009765625,1555.32160875179,62.923424611063275,11.795027295950831,8.507817581753047,3.2872097141977843
2022-01-13,1569.510009765625,1570.1400146484375,1560.2900390625,1561.9599609375,147237200.0,,0.0,0.0,Neutral,0.0,Neutral,0.004036629216255694,,1563.199951171875,0.0,1564.2900390625,0.0,1550.1700439453125,0.0,1558.056005859375,1560.0510757564018,64.84452435817104,12.831944451215804,9.372642955645599,3.4593014955702053
2022-01-14,1555.3299560546875,1565.22998046875,1549.9300537109375,1565.22998046875,166786800.0,,0.0,0.0,Neutral,0.0,Neutral,-0.009034701035806059,,1569.510009765625,0.0,1563.199951171875,0.0,1564.2900390625,0.0,1560.5,1558.4773691891637,57.61935751740859,12.366938570836282,9.971502078683736,2.3954364921525464
2022-01-17,1542.9200439453125,1555.31005859375,1541.0699462890625,1553.800048828125,136687800.0,,0.0,0.0,Neutral,0.0,Neutral,-0.007978957816034415,,1555.3299560546875,0.0,1569.510009765625,0.0,1563.199951171875,0.0,1559.05,1553.29159410788,52.14352140763199,10.8717194527444,10.151545553495868,0.7201738992485325
2022-01-19,1530.3299560546875,1541.699951171875,1525.550048828125,1541.699951171875,187807400.0,,0.0,0.0,Neutral,0.0,Neutral,-0.008159909478155258,,1542.9200439453125,0.0,1555.3299560546875,0.0,1569.510009765625,0.0,1552.2579833984375,1545.6377147568157,47.238684568128065,8.572019748403363,9.835640392477368,-1.2636206440740043
2022-01-20,1527.75,1532.8199462890625,1525.449951171875,1529.43994140625,151951800.0,,0.0,0.0,Neutral,0.0,Neutral,-0.0016858822141460061,,1530.3299560546875,0.0,1542.9200439453125,0.0,1555.3299560546875,0.0,1545.1679931640624,1539.6751431712105,46.27802989371265,6.46676542584305,9.161865399150503,-2.695099973307453
2022-01-21,1527.06005859375,1531.25,1520.800048828125,1528.81005859375,132758900.0,,0.0,0.0,Neutral,0.0,Neutral,-0.00045160622238582526,,1527.75,0.0,1530.3299560546875,0.0,1542.9200439453125,0.0,1536.6780029296874,1535.4701149787236,46.008570807986345,4.6886162526736825,8.26721556985514,-3.5785993171814567
2022-01-24,1521.8599853515625,1525.8199462890625,1518.8199462890625,1521.719970703125,120098100.0,,0.0,0.0,Neutral,0.0,Neutral,-0.0034052840377321036,,1527.06005859375,0.0,1527.75,0.0,1530.3299560546875,0.0,1529.9840087890625,1530.9334051030032,43.93230069944444,2.827227254344507,7.179217906753013,-4.351990652408506
2022-01-25,1508.9100341796875,1517.0899658203125,1503.3399658203125,1517.0899658203125,158204700.0,,0.0,0.0,Neutral,0.0,Neutral,-0.008509292113941358,,1521.8599853515625,0.0,1527.06005859375,0.0,1527.75,0.0,1523.1820068359375,1523.592281461898,39.189272917158036,0.3036103985882619,5.804096405120062,-5.5004860065318
2022-01-26,1515.760009765625,1520.1500244140625,1508.780029296875,1508.780029296875,140010100.0,,0.0,0.0,Neutral,0.0,Neutral,0.004539684560890045,,1508.9100341796875,0.0,1521.8599853515625,0.0,1527.06005859375,0.0,1520.268017578125,1520.981524229807,42.712473493328744,-1.130605443352124,4.417156035425625,-5.547761478777749
2022-01-27,1515.989990234375,1518.6099853515625,1510.6400146484375,1516.47998046875,120210600.0,,0.0,0.0,Neutral,0.0,Neutral,0.00015172617516512332,,1515.760009765625,0.0,1508.9100341796875,0.0,1521.8599853515625,0.0,1517.916015625,1519.317679564663,42.832228877122944,-2.223048410973661,3.089115146145768,-5.312163557119429
2022-01-28,1520.02001953125,1522.949951171875,1517.9599609375,1518.25,103982800.0,Emerging Telecommunication Technology (ETT) - Universiti Tun Hussein Onn Malaysia,0.0,0.0,Neutral,0.0,Neutral,0.002658348223164575,,1515.989990234375,0.0,1515.760009765625,0.0,1508.9100341796875,0.0,1516.5080078125,1519.5517928868587,45.0018552308449,-2.732133317354055,1.9248654534458034,-4.656998770799858
2022-01-31,1512.27001953125,1523.6300048828125,1512.27001953125,1519.719970703125,101180600.0,,0.0,0.0,Neutral,0.0,Neutral,-0.00509861705794501,,1520.02001953125,0.0,1515.989990234375,0.0,1515.760009765625,0.0,1514.5900146484375,1517.1245351016557,41.72254389608037,-3.718087209049827,0.7962749209466773,-4.514362129996504
2022-02-03,1525.72998046875,1526.6199951171875,1515.25,1515.9200439453125,129274700.0,,0.0,0.0,Neutral,0.0,Neutral,0.008900501076965162,,1512.27001953125,0.0,1520.02001953125,0.0,1515.989990234375,0.0,1517.95400390625,1519.9930168906872,48.712727964290096,-3.374457764976114,-0.037871616237881045,-3.336586148738233
2022-02-04,1522.760009765625,1526.800048828125,1518.8199462890625,1526.300048828125,94910600.0,Rising Wedge Chart Patterns Education - Multiplex Property Group,0.0,0.0,Neutral,0.0,Neutral,-0.0019465899871827785,,1525.72998046875,0.0,1512.27001953125,0.0,1520.02001953125,0.0,1519.35400390625,1520.9153478489998,47.36277627481065,-3.3036977977606057,-0.691036852542426,-2.6126609452181797
2022-02-07,1530.6500244140625,1535.1199951171875,1525.22998046875,1525.22998046875,197023100.0,,0.0,0.0,Neutral,0.0,Neutral,0.0051813907627189515,,1522.760009765625,0.0,1525.72998046875,0.0,1512.27001953125,0.0,1522.2860107421875,1524.160240037354,51.22950138618354,-2.5812072213172996,-1.0690709262974007,-1.5121362950198989
2022-02-08,1530.0899658203125,1534.72998046875,1529.0999755859375,1533.3299560546875,151107200.0,,0.0,0.0,Neutral,0.0,Neutral,-0.0003658959166478182,,1530.6500244140625,0.0,1522.760009765625,0.0,1525.72998046875,0.0,1524.3,1526.1368152983403,50.94342710123809,-2.030414922792488,-1.2613397255964183,-0.7690751971960699
2022-02-09,1551.510009765625,1551.510009765625,1531.18994140625,1531.18994140625,221080100.0,Travelling back in time: Capitalizing on the potential of Nostalgia - MARKETING Magazine Asia,0.0,0.5,Neutral,0.0,Neutral,0.013999205552484462,,1530.0899658203125,0.0,1530.6500244140625,0.0,1522.760009765625,0.0,1532.147998046875,1534.594546787435,60.11664915226416,0.13297759075226168,-0.9824762623266823,1.115453853078944
2022-02-10,1570.0999755859375,1570.0999755859375,1550.4200439453125,1550.4200439453125,201197900.0,,0.0,0.0,Neutral,0.0,Neutral,0.011981853615704807,,1551.510009765625,0.0,1530.0899658203125,0.0,1530.6500244140625,0.0,1541.0219970703124,1546.4296897202692,66.05008568165904,3.3093880575058847,-0.12410339836016882,3.4334914558660534
2022-02-11,1578.8900146484375,1578.8900146484375,1562.9100341796875,1564.300048828125,159819400.0,,0.0,0.0,Neutral,0.0,Neutral,0.005598394496643344,,1570.0999755859375,0.0,1551.510009765625,0.0,1530.0899658203125,0.0,1552.247998046875,1557.2497980296587,68.44085046766727,6.461514609862661,1.193020203284397,5.268494406578264
2022-02-14,1583.8399658203125,1585.0799560546875,1575.0999755859375,1576.989990234375,168289300.0,,0.0,0.0,Neutral,0.0,Neutral,0.0031350829544496417,,1578.8900146484375,0.0,1570.0999755859375,0.0,1551.510009765625,0.0,1562.885986328125,1566.1131872932099,69.73342684053033,9.252361835706552,2.804888529768828,6.447473305937724
2022-02-15,1599.6099853515625,1599.6099853515625,1585.5400390625,1585.9599609375,221071000.0,,0.0,0.0,Neutral,0.0,Neutral,0.009956826366028793,,1583.8399658203125,0.0,1578.8900146484375,0.0,1570.0999755859375,0.0,1576.789990234375,1577.2787866459942,73.46254536062187,12.59149028767024,4.76220888134911,7.82928140632113
2022-02-16,1603.199951171875,1613.7099609375,1597.3499755859375,1606.6500244140625,179739900.0,APPLICATION OF GEOMECHANICS IN IMPROVING BOREHOLE STABILITY DURING DRILLING - UTPedia,0.0,0.0,Neutral,0.5473,Positive,0.002244275700444165,,1599.6099853515625,0.0,1583.8399658203125,0.0,1578.8900146484375,0.0,1587.127978515625,1585.9191748212877,74.24061973218046,15.350502840684612,6.879867673216211,8.470635167468402
2022-02-17,1605.02001953125,1614.8199462890625,1601.93994140625,1609.9200439453125,201735200.0,,0.0,0.0,Neutral,0.0,Neutral,0.0011352722148254557,,1603.199951171875,0.5473,1599.6099853515625,0.0,1583.8399658203125,0.0,1594.1119873046875,1592.2861230579417,74.6464851891361,17.482378495324838,9.000369837637937,8.482008657686901
2022-02-18,1603.050048828125,1607.4200439453125,1599.800048828125,1601.739990234375,178641400.0,What costs are included in fixed assets? - KTP & Company PLT,0.1,0.2,Positive,0.1779,Positive,-0.001227380767312991,,1605.02001953125,0.0,1603.199951171875,0.5473,1599.6099853515625,0.0,1598.943994140625,1595.8740983146695,73.30028668333719,18.796273399476604,10.95955055000567,7.8367228494709344
2022-02-21,1582.68994140625,1603.3800048828125,1578.6099853515625,1601.6600341796875,189244500.0,,0.0,0.0,Neutral,0.0,Neutral,-0.012700855744808948,,1603.050048828125,0.1779,1605.02001953125,0.0,1603.199951171875,0.5473,1598.7139892578125,1591.4793793451963,61.046613369263184,17.987307579622893,12.365101955929115,5.6222056236937785
2022-02-22,1576.9599609375,1581.050048828125,1567.18994140625,1579.93994140625,189714900.0,,0.0,0.0,Neutral,0.0,Neutral,-0.0036204061950749766,,1582.68994140625,0.0,1603.050048828125,0.1779,1605.02001953125,0.0,1594.183984375,1586.6395732092976,58.102766626569725,16.691426428901195,13.23036685052353,3.4610595783776645
2022-02-23,1586.1400146484375,1592.3399658203125,1579.93994140625,1582.260009765625,166551000.0,,0.0,0.0,Neutral,0.0,Neutral,0.005821361314386264,,1576.9599609375,0.0,1582.68994140625,0.0,1603.050048828125,0.1779,1590.7719970703124,1586.4730536890108,61.32091850983025,16.218231220189637,13.827939724456751,2.3902914957328854
2022-02-24,1573.8900146484375,1586.0699462890625,1565.239990234375,1585.56005859375,241575600.0,,0.0,0.0,Neutral,0.0,Neutral,-0.007723151731163669,,1586.1400146484375,0.0,1576.9599609375,0.0,1582.68994140625,0.0,1584.54599609375,1582.278707342153,55.225084530574854,14.685463108290833,13.999444401223567,0.6860187070672659
2022-02-25,1591.719970703125,1600.489990234375,1579.0699462890625,1579.0699462890625,213621200.0,,0.0,0.0,Neutral,0.0,Neutral,0.011328590872768274,,1573.8900146484375,0.0,1586.1400146484375,0.0,1576.9599609375,0.0,1582.27998046875,1585.4257951291436,61.26134395157793,14.73955338272367,14.147466197523588,0.5920871852000822
2022-02-28,1608.280029296875,1613.489990234375,1595.739990234375,1595.739990234375,382513300.0,Public Rulings - hasil.gov.my | Public Rulings - hasil.gov.my,0.0,0.0666666666666666,Neutral,0.0,Neutral,0.01040387687441946,,1591.719970703125,0.0,1573.8900146484375,0.0,1586.1400146484375,0.0,1587.397998046875,1593.043873185054,65.86431294777569,15.934989999712798,14.50497095796143,1.4300190417513683
2022-03-01,1596.43994140625,1620.43994140625,1593.5699462890625,1608.56005859375,268878900.0,Page 50 - eBook Audit Of Financial Statement Components - Politeknik Kota Bharu,0.0,0.0,Neutral,0.0,Neutral,-0.0073619566710664275,,1608.280029296875,0.0,1591.719970703125,0.0,1573.8900146484375,0.0,1591.293994140625,1594.1758959254528,60.343515097778486,15.745481876452459,14.753073141659636,0.9924087347928232
2022-03-02,1598.0999755859375,1606.3800048828125,1592.6199951171875,1601.1300048828125,284332800.0,,0.0,0.0,Neutral,0.0,Neutral,0.0010398350333338247,,1596.43994140625,0.0,1608.280029296875,0.0,1591.719970703125,0.0,1593.685986328125,1595.4839224789478,60.83913725959814,15.54999553921266,14.91245762117024,0.637537918042419
2022-03-03,1618.5400390625,1618.5400390625,1600.1800537109375,1608.68994140625,255937300.0,,0.0,0.0,Neutral,0.0,Neutral,0.012790228264078607,,1598.0999755859375,0.0,1596.43994140625,0.0,1608.280029296875,0.0,1602.6159912109374,1603.1692946734652,66.40641345691162,16.85017517581082,15.300001132098355,1.5501740437124631
2022-03-04,1603.93994140625,1616.280029296875,1598.1700439453125,1616.0,237853300.0,,0.0,0.0,Neutral,0.0,Neutral,-0.009020535361427773,,1618.5400390625,0.0,1598.0999755859375,0.0,1596.43994140625,0.0,1605.0599853515625,1603.4261769177267,59.86024454731277,16.512129492011127,15.54242680408091,0.9697026879302175
2022-03-07,1572.56005859375,1606.56005859375,1565.5699462890625,1606.27001953125,280535900.0,,0.0,0.0,Neutral,0.0,Neutral,-0.019564250507402292,,1603.93994140625,0.0,1618.5400390625,0.0,1598.0999755859375,0.0,1597.9159912109376,1593.1374708097344,48.739403529735625,13.555867954224595,15.145115034109647,-1.5892470798850518
2022-03-08,1546.8699951171875,1566.8399658203125,1540.9000244140625,1566.449951171875,311082900.0,,0.0,0.0,Neutral,0.0,Neutral,-0.01633645935248773,,1572.56005859375,0.0,1603.93994140625,0.0,1618.5400390625,0.0,1588.002001953125,1577.7149789122188,41.87975558439431,9.035876011056871,13.923267229499093,-4.887391218442222
2022-03-09,1562.3299560546875,1568.0,1543.9100341796875,1550.3199462890625,321135900.0,Capital Allowance Calculation Malaysia With Examples - sql.com.my,0.0,0.0,Neutral,0.0,Neutral,0.009994350518337303,,1546.8699951171875,0.0,1572.56005859375,0.0,1603.93994140625,0.0,1580.847998046875,1572.5866379597085,46.737873145781386,6.624872073263759,12.463588198252026,-5.838716124988267
2022-03-10,1580.530029296875,1581.27001953125,1567.77001953125,1570.7099609375,324240800.0,,0.0,0.0,Neutral,0.0,Neutral,0.01164931464807073,,1562.3299560546875,0.0,1546.8699951171875,0.0,1572.56005859375,0.0,1573.24599609375,1575.2344350720973,51.84133055141267,6.112269451027487,11.193324448807118,-5.081054997779631
2022-03-11,1568.219970703125,1575.1400146484375,1560.6300048828125,1575.1400146484375,178057100.0,,0.0,0.0,Neutral,0.0,Neutral,-0.00778856356131763,,1580.530029296875,0.0,1562.3299560546875,0.0,1546.8699951171875,0.0,1566.102001953125,1572.8962802824399,48.45917430104342,4.659003241500386,9.886460207345772,-5.227456965845386
2022-03-14,1567.43994140625,1572.5999755859375,1556.0999755859375,1570.699951171875,204245200.0,,0.0,0.0,Neutral,0.0,Neutral,-0.000497397885148243,,1568.219970703125,0.0,1580.530029296875,0.0,1562.3299560546875,0.0,1565.077978515625,1571.0775006570432,48.24439133409772,3.4050857460631505,8.590185315089247,-5.185099569026097
2022-03-15,1557.4100341796875,1566.739990234375,1554.1700439453125,1564.9000244140625,243167000.0,,0.0,0.0,Neutral,0.0,Neutral,-0.006398910070879005,,1567.43994140625,0.0,1568.219970703125,0.0,1580.530029296875,0.0,1567.185986328125,1566.5216784979245,45.45459617716513,1.5837607985608884,7.1889004117835755,-5.605139613222687
2022-03-16,1571.3199462890625,1571.3199462890625,1554.260009765625,1554.260009765625,228365200.0,Bachelor of Emergency Medical Science with Honors - ukm.my,0.0,0.0,Neutral,0.1779,Positive,0.008931438609037556,,1557.4100341796875,0.0,1567.43994140625,0.0,1568.219970703125,0.0,1568.983984375,1568.1211010949705,49.790903409973055,1.2483708706554353,6.000794503557947,-4.752423632902512
2022-03-17,1590.8800048828125,1592.9000244140625,1577.56005859375,1577.56005859375,348316600.0,,0.0,0.0,Neutral,0.0,Neutral,0.012448170495095168,,1571.3199462890625,0.1779,1557.4100341796875,0.0,1567.43994140625,0.0,1571.0539794921874,1575.7074023575844,55.1860755960744,2.531721089938401,5.306979820834038,-2.7752587308956373
2022-03-18,1591.260009765625,1594.760009765625,1583.25,1593.6800537109375,643455100.0,,0.0,0.0,Neutral,0.0,Neutral,0.00023886457912980497,,1590.8800048828125,0.0,1571.3199462890625,0.1779,1557.4100341796875,0.0,1575.6619873046875,1580.8916048269314,55.28659833713283,3.53865716589803,4.953315289846836,-1.414658123948806
2022-03-21,1587.1600341796875,1589.489990234375,1579.31005859375,1588.0699462890625,160876100.0,,0.0,0.0,Neutral,0.0,Neutral,-0.0025765591800056553,,1591.260009765625,0.0,1590.8800048828125,0.0,1571.3199462890625,0.1779,1579.606005859375,1582.98108127785,53.882253150196405,3.9601770400263376,4.754687639882737,-0.794510599856399
2022-03-22,1585.81005859375,1591.6700439453125,1583.969970703125,1585.530029296875,168581900.0,Rising Fiscal Risks in the Wake of Pandemic Recovery - Portal Rasmi Kementerian Kewangan,0.0,0.0,Neutral,-0.2732,Negative,-0.0008505604708193282,,1587.1600341796875,0.0,1591.260009765625,0.0,1590.8800048828125,0.0,1585.2860107421875,1583.9240737164835,53.401264455966036,4.137607070849526,4.631271526076095,-0.4936644552265683
2022-03-23,1597.8800048828125,1601.8299560546875,1588.780029296875,1588.780029296875,163151000.0,,0.0,0.0,Neutral,0.0,Neutral,0.007611218142837162,,1585.81005859375,-0.2732,1587.1600341796875,0.0,1591.260009765625,0.0,1590.5980224609375,1588.5760507719265,57.08948555522352,5.1923117041451405,4.743479561689904,0.4488321424552364
2022-03-24,1598.969970703125,1601.1600341796875,1593.530029296875,1595.8499755859375,139118600.0,Monthly Highlights and Statistics - Bank Negara Malaysia | Monthly Highlights and Statistics - Bank Negara Malaysia,0.0,0.0,Neutral,0.0,Neutral,0.0006821324611245849,,1597.8800048828125,0.0,1585.81005859375,-0.2732,1587.1600341796875,0.0,1592.216015625,1592.0406907489926,57.41725517171309,6.04642444006663,5.004068537365249,1.042355902701381
2022-03-25,1603.300048828125,1603.68994140625,1596.6300048828125,1596.6300048828125,151106400.0,,0.0,0.0,Neutral,0.0,Neutral,0.0027080421798639787,,1598.969970703125,0.0,1597.8800048828125,0.0,1585.81005859375,-0.2732,1594.6240234375,1595.7938101087034,58.76479216281749,6.99211530080197,5.401677890052594,1.5904374107493764
2022-03-28,1597.949951171875,1606.1400146484375,1595.3699951171875,1606.1400146484375,136648600.0,,0.0,0.0,Neutral,0.0,Neutral,-0.0033369285182524022,,1603.300048828125,0.0,1598.969970703125,0.0,1597.8800048828125,0.0,1596.7820068359374,1596.5125237964273,56.39034528315647,7.226570546169569,5.7666564212759885,1.4599141248935803
2022-03-29,1583.4200439453125,1598.2099609375,1579.27001953125,1597.9300537109375,165623300.0,BNM Introduces New Interest Rate Framework - Bank Negara Malaysia | Reduction of the 3-month Intervention Rate and the Introduction of a New Liquidity Framework - Bank Negara Malaysia | Initiatives to Strengthen Consumer Protection - Bank Negara Malaysia | Reduction of the 3-month Intervention Rate and the Introduction of a New Liquidity Framework - Bank Negara Malaysia | New Liquidity Framework for the Discount Houses - Bank Negara Malaysia,0.13636363636363635,0.4545454545454545,Positive,0.6486,Positive,-0.009092842498544362,,1597.949951171875,0.0,1603.300048828125,0.0,1598.969970703125,0.0,1596.30400390625,1592.1483638460556,50.430630611900554,6.168825554567547,5.8470902479343,0.3217353066332471
2022-03-30,1583.219970703125,1591.4000244140625,1580.8800048828125,1585.550048828125,151449700.0,,0.0,0.0,Neutral,0.0,Neutral,-0.00012635512790970527,,1583.4200439453125,0.6486,1597.949951171875,0.0,1603.300048828125,0.0,1593.3719970703125,1589.172232798412,50.35171810139698,5.253847703598694,5.728441739067179,-0.4745940354684848
2022-03-31,1587.3599853515625,1589.06005859375,1575.5400390625,1585.1700439453125,220511000.0,,0.0,0.0,Neutral,0.0,Neutral,0.0026149333163090205,,1583.219970703125,0.0,1583.4200439453125,0.6486,1597.949951171875,0.0,1591.05,1588.5681503161288,52.02460869122275,4.807369385437369,5.544227268341217,-0.7368578829038483
2022-04-01,1602.4100341796875,1602.4100341796875,1582.0899658203125,1588.2900390625,165218100.0,,0.0,0.0,Neutral,0.0,Neutral,0.009481181941720429,,1587.3599853515625,0.0,1583.219970703125,0.0,1583.4200439453125,0.6486,1590.8719970703125,1593.1821116039816,57.615614229221535,5.60335329470081,5.556052473613136,0.047300821087674194
2022-04-04,1598.9200439453125,1602.3199462890625,1594.77001953125,1602.030029296875,111270500.0,,0.0,0.0,Neutral,0.0,Neutral,-0.0021779632927483306,,1602.4100341796875,0.0,1587.3599853515625,0.0,1583.219970703125,0.0,1591.066015625,1595.0947557177585,55.986229641416706,5.884727754262258,5.62178752974296,0.26294022451929777
2022-04-05,1596.7900390625,1601.6800537109375,1594.4100341796875,1601.6600341796875,133372500.0,,0.0,0.0,Neutral,0.0,Neutral,-0.0013321522179162715,,1598.9200439453125,0.0,1602.4100341796875,0.0,1587.3599853515625,0.0,1593.7400146484374,1595.6598501660058,54.96456751618619,5.868200485440639,5.671070120882495,0.19713036455814326
2022-04-06,1604.719970703125,1605.5,1595.18994140625,1596.1199951171875,144055900.0,,0.0,0.0,Neutral,0.0,Neutral,0.004966170533779568,,1596.7900390625,0.0,1598.9200439453125,0.0,1602.4100341796875,0.0,1598.0400146484376,1598.6798903450456,58.034916174647876,6.420964830368803,5.821049062779757,0.5999157675890459
2022-04-07,1600.7900390625,1606.1300048828125,1597.949951171875,1605.510009765625,183691800.0,,0.0,0.0,Neutral,0.0,Neutral,-0.0024489828209111053,,1604.719970703125,0.0,1596.7900390625,0.0,1598.9200439453125,0.0,1600.726025390625,1599.3832732508638,55.997398228456206,6.467370099873733,5.950313270198552,0.5170568296751812
2022-04-08,1607.2900390625,1608.1099853515625,1599.199951171875,1603.72998046875,121401200.0,,0.0,0.0,Neutral,0.0,Neutral,0.004060495031445122,,1600.7900390625,0.0,1604.719970703125,0.0,1596.7900390625,0.0,1601.7020263671875,1602.0188618547425,58.587161816977144,6.94854379991466,6.149959376141774,0.7985844237728861
2022-04-11,1604.6099853515625,1613.4599609375,1603.219970703125,1607.949951171875,130839000.0,GE14: Mission impossible for PAS - ILHAM Centre,-0.6666666666666666,1.0,Negative,0.0,Neutral,-0.0016674362721121883,,1607.2900390625,0.0,1600.7900390625,0.0,1604.719970703125,0.0,1602.8400146484375,1602.8825696870158,57.09507117145667,7.032552598790289,6.326478020671477,0.7060745781188125
2022-04-12,1597.1300048828125,1603.97998046875,1597.1300048828125,1603.8699951171875,171551400.0,,0.0,0.0,Neutral,0.0,Neutral,-0.00466155672533175,,1604.6099853515625,0.0,1607.2900390625,0.0,1600.7900390625,0.0,1602.9080078125,1600.9650480856146,53.03531847870385,6.421534810102685,6.345489378557718,0.07604543154496657
2022-04-13,1597.1800537109375,1605.1099853515625,1596.1300048828125,1599.6199951171875,170038600.0,,0.0,0.0,Neutral,0.0,Neutral,3.133672773780738e-05,,1597.1300048828125,0.0,1604.6099853515625,0.0,1607.2900390625,0.0,1601.4000244140625,1599.7033832940556,53.059369194922766,5.873629784626928,6.25111745977156,-0.3774876751446321
2022-04-14,1595.699951171875,1602.3800048828125,1595.699951171875,1601.0999755859375,155439300.0,,0.0,0.0,Neutral,0.0,Neutral,-0.000926697359902251,,1597.1800537109375,0.0,1597.1300048828125,0.0,1604.6099853515625,0.0,1600.3820068359375,1598.3689059199953,52.20788747894268,5.259352655743442,6.052764498965937,-0.7934118432224952
2022-04-15,1589.010009765625,1596.6199951171875,1589.010009765625,1596.5799560546875,88773900.0,,0.0,0.0,Neutral,0.0,Neutral,-0.004192480798997922,,1595.699951171875,0.0,1597.1800537109375,0.0,1597.1300048828125,0.0,1596.7260009765625,1595.2492738685385,48.425204854219004,4.184475218589796,5.679106642890709,-1.4946314243009127
2022-04-18,1581.1400146484375,1591.6400146484375,1581.1400146484375,1591.6400146484375,100095100.0,,0.0,0.0,Neutral,0.0,Neutral,-0.004952766231062555,,1589.010009765625,0.0,1595.699951171875,0.0,1597.1800537109375,0.0,1592.0320068359374,1590.5461874618381,44.353910249052966,2.666842570803965,5.0766538284733596,-2.4098112576693946
2022-04-20,1593.75,1597.0699462890625,1584.8699951171875,1585.8199462890625,217355100.0,BANKING - MIDF Malaysia | PLANTATION - MIDF Malaysia | Pandemic Papers: Lessons from Covid-19 - Institute of Strategic & International Studies (ISIS) Malaysia,0.0,0.0,Neutral,0.0,Neutral,0.007975249019528619,,1581.1400146484375,0.0,1589.010009765625,0.0,1595.699951171875,0.0,1591.356005859375,1591.6141249745588,51.403882947259014,2.453347532112957,4.551992569201279,-2.098645037088322
2022-04-21,1598.3199462890625,1599.9100341796875,1594.1300048828125,1598.3900146484375,157702500.0,BANKING - MIDF Malaysia | Car Depreciation: How Is Your Car Value Calculated? - BJAK,0.0,0.0,Neutral,0.34,Positive,0.0028674172794118657,,1593.75,0.0,1581.1400146484375,0.0,1589.010009765625,0.0,1591.583984375,1593.84939874606,53.69356574119034,2.6226750828971035,4.1661290719404445,-1.543453989043341
2022-04-22,1601.969970703125,1603.3199462890625,1594.719970703125,1598.0699462890625,146615600.0,,0.0,0.0,Neutral,0.0,Neutral,0.0022836631817910735,,1598.3199462890625,0.34,1593.75,0.0,1581.1400146484375,0.0,1592.83798828125,1596.5562560650817,55.497128033829526,3.016621122007564,3.9362274819538685,-0.9196063599463047
2022-04-25,1589.97998046875,1599.3800048828125,1589.97998046875,1599.3800048828125,178307100.0,The Definitive Guide for Industrial REITs in Malaysia - Industrial Malaysia,0.0,0.0,Neutral,0.0,Neutral,-0.007484528707559002,,1601.969970703125,0.0,1598.3199462890625,0.34,1593.75,0.0,1593.031982421875,1594.3641641996378,48.77652278482767,2.3344243975200243,3.6158668650670998,-1.2814424675470755
2022-04-26,1596.6800537109375,1602.68994140625,1592.469970703125,1599.719970703125,161400900.0,,0.0,0.0,Neutral,0.0,Neutral,0.004213935599498786,,1589.97998046875,0.0,1601.969970703125,0.0,1598.3199462890625,0.34,1596.139990234375,1595.136127370071,52.25591103637548,2.307815434434815,3.354256578940643,-1.046441144505828
2022-04-27,1585.97998046875,1593.3399658203125,1585.1700439453125,1591.6500244140625,139713500.0,,0.0,0.0,Neutral,0.0,Neutral,-0.00670145106235831,,1596.6800537109375,0.0,1589.97998046875,0.0,1601.969970703125,0.0,1594.585986328125,1592.084078402964,46.78981736490597,1.4071009690005667,2.9648254569526276,-1.5577244879520609
2022-04-28,1597.31005859375,1600.5999755859375,1590.1700439453125,1593.6199951171875,185350000.0,"Oil Price Transmission, Deficit Financing and Capital Formation - - UKM Journal Article Repository",0.0,0.0,Neutral,-0.4019,Negative,0.007143897315558423,,1585.97998046875,0.0,1596.6800537109375,0.0,1589.97998046875,0.0,1594.3840087890626,1593.8260717998926,52.46040377018482,1.589201554839974,2.689700676530097,-1.100499121690123
2022-04-29,1600.4300537109375,1605.02001953125,1595.780029296875,1602.02001953125,154247500.0,WZ Satu taps on moneylending business ahead of anticipated OPR hike - INSAGE (MSC) SDN BHD,0.0,0.0,Neutral,0.0,Neutral,0.0019532808301065963,,1597.31005859375,-0.4019,1585.97998046875,0.0,1596.6800537109375,0.0,1594.076025390625,1596.0273991035742,53.91680649736207,1.9626508943490535,2.5442907200938882,-0.5816398257448347
2022-05-05,1582.97998046875,1615.1700439453125,1576.8399658203125,1614.3399658203125,226169700.0,The 5 key sectors in Bursa Main Market you should know - fsmone.com.my,0.08333333333333333,0.6666666666666666,Positive,0.0,Neutral,-0.010903365130969567,,1600.4300537109375,0.0,1597.31005859375,-0.4019,1585.97998046875,0.0,1592.676025390625,1591.6782595586328,45.517679770569046,0.8408443815467308,2.203601452384457,-1.3627570708377261
2022-05-06,1564.3399658203125,1578.5400390625,1563.9300537109375,1574.1500244140625,240641800.0,,0.0,0.0,Neutral,0.0,Neutral,-0.011775268720023768,,1582.97998046875,0.0,1600.4300537109375,0.0,1597.31005859375,-0.4019,1586.2080078125,1582.5654949791926,38.60039843930623,-1.534598862621806,1.4559613893832042,-2.99056025200501
2022-05-09,1549.1800537109375,1563.800048828125,1546.6400146484375,1563.800048828125,165661500.0,,0.0,0.0,Neutral,0.0,Neutral,-0.009690931920559476,,1564.3399658203125,0.0,1582.97998046875,0.0,1600.4300537109375,0.0,1578.8480224609375,1571.437014556441,34.06607460324322,-4.5875505314490965,0.24725900521674404,-4.834809536665841
2022-05-10,1554.5799560546875,1559.0400390625,1548.72998046875,1551.550048828125,204417900.0,,0.0,0.0,Neutral,0.0,Neutral,0.0034856518652011115,,1549.1800537109375,0.0,1564.3399658203125,0.0,1582.97998046875,0.0,1570.302001953125,1565.8179950558565,36.908978701185376,-6.496423013433969,-1.1014773985133985,-5.39494561492057
2022-05-11,1555.9300537109375,1559.4599609375,1552.93994140625,1555.47998046875,163931700.0,ALLOWABLE AND NON-ALLOWABLE EXPENSES - Lembaga Hasil Dalam Negeri Malaysia,0.0,0.0,Neutral,0.0,Neutral,0.0008684645977787842,,1554.5799560546875,0.0,1549.1800537109375,0.0,1564.3399658203125,0.0,1561.402001953125,1562.52201460755,37.63303419635548,-7.810244968183497,-2.4432309124474183,-5.367014055736078
2022-05-12,1538.800048828125,1559.7099609375,1538.800048828125,1556.93994140625,207028200.0,Insights into MFRS 136 - Grant Thornton Malaysia,0.0,0.0,Neutral,0.3612,Positive,-0.011009495473113917,,1555.9300537109375,0.0,1554.5799560546875,0.0,1549.1800537109375,0.0,1552.566015625,1554.614692681075,32.53165668346543,-10.117083128873219,-3.9780013557325784,-6.13908177314064
2022-05-13,1544.4100341796875,1551.3299560546875,1541.1500244140625,1545.97998046875,261766800.0,"Alliance Bank to Raise Base Rate, Base Lending Rate, and Base Financing Rate. - Alliance Bank",-0.8000000000000002,1.0,Negative,0.0,Neutral,0.003645688311379347,,1538.800048828125,0.3612,1555.9300537109375,0.0,1554.5799560546875,0.0,1548.580029296875,1551.213139847279,35.610057661843534,-11.361620370555329,-5.454725158697128,-5.906895211858201
2022-05-17,1548.5999755859375,1558.1099853515625,1548.02001953125,1555.6800537109375,247756000.0,,0.0,0.0,Neutral,0.0,Neutral,0.0027129721469827395,,1544.4100341796875,0.0,1538.800048828125,0.3612,1555.9300537109375,0.0,1548.464013671875,1550.3420850934986,37.88946184101005,-11.872967665727174,-6.738373660103138,-5.134594005624036
2022-05-18,1554.9100341796875,1558.8900146484375,1547.469970703125,1554.1500244140625,208475500.0,Monetary Policy Committee Meeting Schedule - Bank Negara Malaysia | Overnight Policy Rate Decisions - Bank Negara Malaysia | Overnight Policy Rate Decisions - Bank Negara Malaysia | Overnight Policy Rate Decisions - Bank Negara Malaysia | Overnight Policy Rate Decisions - Bank Negara Malaysia | Overnight Policy Rate Decisions - Bank Negara Malaysia | Overnight Policy Rate Decisions - Bank Negara Malaysia | ANANTHA RAMAN Govindasamy LAI Yew Meng Universiti Malaysia Sabah GE14: THE URBAN VOTING PATTERN IN P172 KOTA KINABALU AND P186 S - - UKM Journal Article Repository,0.0,0.0,Neutral,0.0,Neutral,0.0040746859700566684,,1548.5999755859375,0.0,1544.4100341796875,0.0,1538.800048828125,0.3612,1548.530029296875,1551.8647347888948,41.26182163901283,-11.634924916110094,-7.717683911304529,-3.9172410048055655
2022-05-19,1549.4100341796875,1554.530029296875,1545.02001953125,1550.239990234375,222552600.0,,0.0,0.0,Neutral,0.0,Neutral,-0.0035371821385805635,,1554.9100341796875,0.0,1548.5999755859375,0.0,1544.4100341796875,0.0,1547.226025390625,1551.0465012524924,39.260844052011045,-11.754578888163678,-8.525062906676359,-3.229515981487319
2022-05-20,1549.1199951171875,1558.510009765625,1549.1199951171875,1552.3800048828125,180829200.0,,0.0,0.0,Neutral,0.0,Neutral,-0.00018719322587423814,,1549.4100341796875,0.0,1554.9100341796875,0.0,1548.5999755859375,0.0,1549.2900146484376,1550.404332540724,39.15301456992623,-11.737506581930347,-9.167551641727156,-2.569954940203191
2022-05-23,1542.530029296875,1556.4300537109375,1540.0899658203125,1553.1500244140625,161612400.0,,0.0,0.0,Neutral,0.0,Neutral,-0.004254006042839764,,1549.1199951171875,0.0,1549.4100341796875,0.0,1554.9100341796875,0.0,1548.914013671875,1547.7795647927744,36.68750114257566,-12.116065363773487,-9.757254386136422,-2.3588109776370647
2022-05-24,1531.300048828125,1547.8399658203125,1531.300048828125,1547.8399658203125,185458500.0,Kuala Lumpur Public Holidays 2025 - PublicHolidays.com.my - Malaysia Public Holidays | msic code - msic.stats.gov.my | Kuala Lumpur Public Holidays 2025 - PublicHolidays.com.my - Malaysia Public Holidays,0.0,0.0666666666666666,Neutral,0.8555,Positive,-0.007280234585688383,,1542.530029296875,0.0,1549.1199951171875,0.0,1549.4100341796875,0.0,1545.4540283203125,1542.2863928045579,32.886952311910626,-13.170421080801134,-10.439887725069365,-2.730533355731769
2022-05-25,1535.56005859375,1538.8199462890625,1531.219970703125,1531.77001953125,145386500.0,,0.0,0.0,Neutral,0.0,Neutral,0.0027819562657789287,,1531.300048828125,0.8555,1542.530029296875,0.0,1549.1199951171875,0.0,1541.584033203125,1540.0442814009552,35.61185125535262,-13.506563144681195,-11.05322280899173,-2.4533403356894645
2022-05-26,1541.1500244140625,1541.75,1535.8900146484375,1539.719970703125,175471800.0,,0.0,0.0,Neutral,0.0,Neutral,0.0036403433320815193,,1535.56005859375,0.0,1531.300048828125,0.8555,1542.530029296875,0.0,1539.93203125,1540.4128624053244,39.1056940910127,-13.170078164680035,-11.476593880129391,-1.6934842845506441
2022-05-27,1546.760009765625,1546.760009765625,1531.56005859375,1540.699951171875,171414000.0,Biosafety Cabinet Class II Type A2 EN Certified - method.com.my,0.0,0.0,Neutral,0.0,Neutral,0.0036401292948071706,,1541.1500244140625,0.0,1535.56005859375,0.0,1531.300048828125,0.8555,1539.4600341796875,1542.5285781920913,42.47903951195317,-12.3088437715096,-11.643043858405433,-0.6657999131041681
2022-05-30,1543.02001953125,1547.02001953125,1540.56005859375,1546.3499755859375,143220900.0,,0.0,0.0,Neutral,0.0,Neutral,-0.0024179512081785592,,1546.760009765625,0.0,1541.1500244140625,0.0,1535.56005859375,0.0,1539.5580322265625,1542.6923919718108,40.854186352407424,-11.792162555995674,-11.672867597923481,-0.11929495807219226
2022-05-31,1570.0999755859375,1570.0999755859375,1537.949951171875,1544.3499755859375,745939000.0,,0.0,0.0,Neutral,0.0,Neutral,0.017549970649709534,,1543.02001953125,0.0,1546.760009765625,0.0,1541.1500244140625,0.0,1547.318017578125,1551.8282531765196,54.44240172805465,-9.0927473023728,-11.156843538813344,2.0640962364405446
2022-06-01,1553.4100341796875,1563.8900146484375,1552.219970703125,1563.4000244140625,276242600.0,,0.0,0.0,Neutral,0.0,Neutral,-0.010629859031761058,,1570.0999755859375,0.0,1543.02001953125,0.0,1546.760009765625,0.0,1550.8880126953125,1552.3555135109088,47.239100581380036,-8.205591106986276,-10.566593052447931,2.3610019454616555
2022-06-02,1549.9000244140625,1555.5400390625,1546.2900390625,1554.719970703125,221159300.0,,0.0,0.0,Neutral,0.0,Neutral,-0.002259551366602608,,1553.4100341796875,0.0,1570.0999755859375,0.0,1543.02001953125,0.0,1552.6380126953125,1551.5370171452935,45.864707009112145,-7.697015480998289,-9.992677538158002,2.2956620571597135
2022-06-03,1537.8299560546875,1551.6700439453125,1537.510009765625,1551.239990234375,155523600.0,,0.0,0.0,Neutral,0.0,Neutral,-0.007787643182945336,,1549.9000244140625,0.0,1553.4100341796875,0.0,1570.0999755859375,0.0,1550.852001953125,1546.967996781758,41.4036830205694,-8.173697973852313,-9.628881625296865,1.4551836514445515
2022-06-07,1525.9300537109375,1541.4300537109375,1525.9300537109375,1538.739990234375,170810900.0,,0.0,0.0,Neutral,0.0,Neutral,-0.007738113239957434,,1537.8299560546875,0.0,1549.9000244140625,0.0,1553.4100341796875,0.0,1547.4340087890625,1539.9553490914845,37.52814999701803,-9.403299567198246,-9.583765213677141,0.18046564647889518
2022-06-08,1523.8599853515625,1532.719970703125,1523.8599853515625,1525.9000244140625,184381000.0,,0.0,0.0,Neutral,0.0,Neutral,-0.0013565945269514712,,1525.9300537109375,0.0,1537.8299560546875,0.0,1549.9000244140625,0.0,1538.1860107421876,1534.5902278448439,36.88141550881263,-10.424636188177828,-9.751939408577279,-0.6726967796005496
2022-06-09,1509.7099609375,1526.8299560546875,1508.0,1523.31005859375,218442900.0,,0.0,0.0,Neutral,0.0,Neutral,-0.009285646023967198,,1523.8599853515625,0.0,1525.9300537109375,0.0,1537.8299560546875,0.0,1529.44599609375,1526.296805542396,32.72935649923453,-12.23480630102813,-10.24851278706745,-1.98629351396068
2022-06-10,1493.949951171875,1505.6800537109375,1493.3199462890625,1505.6800537109375,201280200.0,,0.0,0.0,Neutral,0.0,Neutral,-0.010439097689888932,,1509.7099609375,0.0,1523.8599853515625,0.0,1525.9300537109375,0.0,1518.2559814453125,1515.5145207522223,28.83559908189958,-14.770811512615637,-11.152972532177087,-3.6178389804385507
2022-06-13,1464.8299560546875,1483.760009765625,1458.8499755859375,1483.760009765625,260416300.0,,0.0,0.0,Neutral,0.0,Neutral,-0.01949194823718514,,1493.949951171875,0.0,1509.7099609375,0.0,1523.8599853515625,0.0,1503.6559814453126,1498.6196658530441,23.31602634359999,-18.912344419787587,-12.704846909699187,-6.2074975100884
2022-06-14,1481.280029296875,1481.719970703125,1451.1800537109375,1457.8599853515625,239619000.0,,0.0,0.0,Neutral,0.0,Neutral,0.011230022416044427,,1464.8299560546875,0.0,1493.949951171875,0.0,1509.7099609375,0.0,1494.7259765625,1492.8397870009878,31.31442822724416,-20.62935331155927,-14.289748190071204,-6.339605121488066
2022-06-15,1459.050048828125,1480.9599609375,1453.18994140625,1480.8800048828125,228046100.0,BEHAVIOURAL CHANGE ON SHOPPING MODE IN COVID-19 PANDEMIC - myjms.mohe.gov.my,0.0,0.0,Neutral,0.0,Neutral,-0.015007277509372696,,1481.280029296875,0.0,1464.8299560546875,0.0,1493.949951171875,0.0,1481.7639892578125,1481.5765409433668,27.187525582028606,-23.512827628129116,-16.134364077682786,-7.37846355044633
2022-06-16,1472.77001953125,1476.02001953125,1461.93994140625,1469.0999755859375,238653100.0,,0.0,0.0,Neutral,0.0,Neutral,0.009403358516827165,,1459.050048828125,0.0,1481.280029296875,0.0,1464.8299560546875,0.0,1474.3760009765624,1478.6410338059945,33.05183903220207,-24.409536878433073,-17.789398637832843,-6.62013824060023
2022-06-17,1456.739990234375,1461.030029296875,1445.6400146484375,1460.9300537109375,422332000.0,,0.0,0.0,Neutral,0.0,Neutral,-0.010884271871569595,,1472.77001953125,0.0,1459.050048828125,0.0,1481.280029296875,0.0,1466.9340087890625,1471.340685948788,30.01059158513742,-26.11266427624605,-19.454051765515484,-6.658612510730567
2022-06-20,1441.239990234375,1454.4000244140625,1437.22998046875,1454.4000244140625,135252900.0,,0.0,0.0,Neutral,0.0,Neutral,-0.01064019667470395,,1456.739990234375,0.0,1472.77001953125,0.0,1459.050048828125,0.0,1462.216015625,1461.3071207106502,27.38652349920993,-28.38591036540174,-21.240423485492734,-7.145486879909008
2022-06-21,1457.8800048828125,1457.8800048828125,1443.260009765625,1443.300048828125,220812900.0,"Audit, Tax, Accountancy in Johor Bahru. - KTP & Company PLT",0.0,0.0,Neutral,0.0,Neutral,0.011545623741491928,,1441.239990234375,0.0,1456.739990234375,0.0,1472.77001953125,0.0,1457.5360107421875,1460.1647487680377,34.053082579392616,-28.51604889218197,-22.69554856683058,-5.820500325351389
2022-06-22,1431.0999755859375,1461.530029296875,1431.0999755859375,1461.1300048828125,213442200.0,,0.0,0.0,Neutral,0.0,Neutral,-0.018369158783426487,,1457.8800048828125,0.0,1441.239990234375,0.0,1456.739990234375,0.0,1451.94599609375,1450.476491040671,29.378376392594667,-30.42933869163585,-24.242306591791635,-6.187032099844213
2022-06-23,1431.050048828125,1441.469970703125,1427.780029296875,1434.5,138751900.0,,0.0,0.0,Neutral,0.0,Neutral,-3.488698110842847e-05,,1431.0999755859375,0.0,1457.8800048828125,0.0,1441.239990234375,0.0,1443.602001953125,1444.0010103031557,29.370281464472715,-31.585564587083354,-25.71095819084998,-5.874606396233375
2022-06-24,1436.699951171875,1440.72998046875,1431.300048828125,1431.300048828125,144218900.0,,0.0,0.0,Neutral,0.0,Neutral,0.003948081584132401,,1431.050048828125,0.0,1431.0999755859375,0.0,1457.8800048828125,0.0,1439.593994140625,1441.567323926062,31.664955226177472,-31.680785661940263,-26.904923685068034,-4.775861976872228
2022-06-27,1438.1199951171875,1441.030029296875,1431.6500244140625,1438.8199462890625,112772600.0,,0.0,0.0,Neutral,0.0,Neutral,0.000988406761031957,,1436.699951171875,0.0,1431.050048828125,0.0,1431.0999755859375,0.0,1438.9699951171874,1440.418214323104,32.26064488193462,-31.281074614843646,-27.780153871023156,-3.5009207438204903
2022-06-28,1454.739990234375,1455.4599609375,1431.3499755859375,1438.97998046875,141126700.0,Requirement to Perform RTK Antigen Self-Test for UTAR Convocation Health Declaration Form - Universiti Tunku Abdul Rahman,0.0,0.0,Neutral,0.0,Neutral,0.011556751295870304,,1438.1199951171875,0.0,1436.699951171875,0.0,1431.050048828125,0.0,1438.3419921875,1445.192139626861,38.9665622634144,-29.285619629965595,-28.081247022811645,-1.2043726071539496
2022-06-29,1451.47998046875,1459.8599853515625,1445.22998046875,1450.449951171875,252629700.0,,0.0,0.0,Neutral,0.0,Neutral,-0.002240957000913757,,1454.739990234375,0.0,1438.1199951171875,0.0,1436.699951171875,0.0,1442.4179931640624,1447.2880865741574,38.16839532419018,-27.64854747633649,-27.994707113516615,0.34615963718012566
2022-06-30,1444.219970703125,1460.300048828125,1444.219970703125,1455.5,298977000.0,,0.0,0.0,Neutral,0.0,Neutral,-0.005001798070463526,,1451.47998046875,0.0,1454.739990234375,0.0,1438.1199951171875,0.0,1445.0519775390626,1446.2653812838132,36.381162227817015,-26.630004004211514,-27.721766491655593,1.091762487444079
2022-07-01,1449.739990234375,1452.3199462890625,1441.6199951171875,1441.6199951171875,124199100.0,,0.0,0.0,Neutral,0.0,Neutral,0.0038221459633760446,,1444.219970703125,0.0,1451.47998046875,0.0,1454.739990234375,0.0,1447.6599853515625,1447.4235842673338,38.73031383191322,-25.088180591886385,-27.19504931170175,2.106868719815367
2022-07-04,1437.52001953125,1449.5,1437.52001953125,1449.5,121107100.0,What happened at Aries Telecoms? - Universiti Tenaga Nasional Library,0.0,0.0,Neutral,0.0,Neutral,-0.008429077479713776,,1449.739990234375,0.0,1444.219970703125,0.0,1451.47998046875,0.0,1447.539990234375,1444.1223960219725,35.59667472734344,-24.56910657174535,-26.66986076371047,2.1007541919651196
2022-07-05,1440.81005859375,1444.6700439453125,1435.5799560546875,1441.8699951171875,143105000.0,,0.0,0.0,Neutral,0.0,Neutral,0.0022886909523338606,,1437.52001953125,0.0,1449.739990234375,0.0,1444.219970703125,0.0,1444.75400390625,1443.0182835458984,37.072895405662116,-23.619981570104983,-26.059884924989372,2.4399033548843896
2022-07-06,1420.8499755859375,1448.0899658203125,1419.5,1442.5699462890625,174436600.0,"Overnight Policy Rate: Meaning, Updates, and Effects on Homebu... - properly.com.my | Overnight Policy Rate: Meaning, Updates, and Effects on Homebu... - properly.com.my",0.0,0.0,Neutral,0.0,Neutral,-0.01385337566791689,,1440.81005859375,0.0,1437.52001953125,0.0,1449.739990234375,0.0,1438.6280029296875,1435.6288475592448,32.24409594226213,-24.199448870638207,-25.68779771411914,1.4883488434809315
2022-07-07,1418.68994140625,1425.8499755859375,1418.68994140625,1421.0400390625,177874100.0,,0.0,0.0,Neutral,0.0,Neutral,-0.001520240853575494,,1420.8499755859375,0.0,1440.81005859375,0.0,1437.52001953125,0.0,1433.5219970703124,1429.9825455082466,31.761956267006347,-24.549980691707788,-25.460234309636867,0.9102536179290794
2022-07-08,1425.7900390625,1427.199951171875,1420.6300048828125,1421.260009765625,127603700.0,,0.0,0.0,Neutral,0.0,Neutral,0.0050046859775521035,,1418.68994140625,0.0,1420.8499755859375,0.0,1440.81005859375,0.0,1428.7320068359375,1428.5850433596645,35.19230012856593,-23.97845246849488,-25.16387794140847,1.1854254729135896
2022-07-12,1426.0799560546875,1426.18994140625,1418.5,1426.18994140625,180406300.0,,0.0,0.0,Neutral,0.0,Neutral,0.00020333778764380916,,1425.7900390625,0.0,1418.68994140625,0.0,1420.8499755859375,0.0,1426.443994140625,1427.7500142580054,35.33524637218988,-23.23428794701681,-24.77795994253014,1.5436719955133285
2022-07-13,1411.3199462890625,1421.4300537109375,1410.3299560546875,1421.4300537109375,159991500.0,,0.0,0.0,Neutral,0.0,Neutral,-0.01035005765487318,,1426.0799560546875,0.0,1425.7900390625,0.0,1418.68994140625,0.0,1420.5459716796875,1422.2733249350244,31.52307533752008,-23.563911531754684,-24.535150260375048,0.9712387286203636
2022-07-14,1420.06005859375,1420.06005859375,1408.8299560546875,1408.8299560546875,137943400.0,Page 1 of 6 1. Definitions Capitalized terms used in these General Terms and Conditions shall have the meaning as specified here - Shell Malaysia,0.05000000000000002,0.5,Neutral,0.0,Neutral,0.006192863870215115,,1411.3199462890625,0.0,1426.0799560546875,0.0,1425.7900390625,0.0,1420.38798828125,1421.535569487933,35.930934356112694,-22.85641208772222,-24.19940262584448,1.3429905381222618
2022-07-15,1418.43994140625,1420.06005859375,1415.4599609375,1420.06005859375,115312500.0,Assessing the impact of liquidity on the value of assets return - Universiti Utara Malaysia,0.0,0.0,Neutral,0.4767,Positive,-0.0011408793435851994,,1420.06005859375,0.0,1411.3199462890625,0.0,1426.0799560546875,0.0,1420.33798828125,1420.5036934607053,35.475085366269525,-22.170871591398054,-23.793696418955196,1.6228248275571424
2022-07-18,1429.5400390625,1429.5400390625,1416.7099609375,1420.8900146484375,164058300.0,How Far Does Currency Depreciation Affect Domestic Output in Nigeria? - BERJAYA Journal of Services & Management | MISC Berhad Downgrade to NEUTRAL - MIDF Malaysia,0.05,0.55,Neutral,0.0,Neutral,0.007825567605805883,,1418.43994140625,0.4767,1420.06005859375,0.0,1411.3199462890625,0.0,1421.08798828125,1423.5158086613035,40.99818538725234,-20.49562983290889,-23.134083101745937,2.638453268837047
2022-07-19,1428.760009765625,1430.8599853515625,1417.1600341796875,1428.68994140625,120980400.0,,0.0,0.0,Neutral,0.0,Neutral,-0.0005456505418249824,,1429.5400390625,0.0,1418.43994140625,0.4767,1420.06005859375,0.0,1421.6239990234376,1425.2638756960773,40.734318603388886,-19.01177461181578,-22.309621403759905,3.2978467919441243
2022-07-20,1436.97998046875,1438.3699951171875,1430.02001953125,1430.02001953125,150338100.0,FIXED ASSETS GUIDE (For Financial Reporting Purposes) - INSAGE (MSC) SDN BHD | FIXED ASSETS GUIDE (For Financial Reporting Purposes) - INSAGE (MSC) SDN BHD,0.05,0.1,Neutral,0.5948,Positive,0.005753220027815198,,1428.760009765625,0.0,1429.5400390625,0.0,1418.43994140625,0.4767,1426.756005859375,1429.1692439536348,44.76846141796656,-16.976827421116695,-21.243062607231263,4.266235186114567
2022-07-21,1450.3199462890625,1451.3299560546875,1440.050048828125,1441.1600341796875,147979100.0,,0.0,0.0,Neutral,0.0,Neutral,0.009283334494305961,,1436.97998046875,0.5948,1428.760009765625,0.0,1429.5400390625,0.0,1432.8079833984375,1436.219478065444,50.64048753804281,-14.124870640217978,-19.819424213828604,5.6945535736106265
2022-07-22,1465.800048828125,1468.47998046875,1450.72998046875,1451.0899658203125,172149500.0,,0.0,0.0,Neutral,0.0,Neutral,0.010673577632763998,,1450.3199462890625,0.0,1436.97998046875,0.5948,1428.760009765625,0.0,1442.2800048828126,1446.079668319671,56.42941406121915,-10.494584405455043,-17.954456252153893,7.459871846698849
2022-07-25,1469.219970703125,1469.219970703125,1461.280029296875,1463.780029296875,151287500.0,,0.0,0.0,Neutral,0.0,Neutral,0.0023331435128099987,,1465.800048828125,0.0,1450.3199462890625,0.0,1436.97998046875,0.5948,1450.2159912109375,1453.793102447489,57.612170682925104,-7.25793236932509,-15.815151475588133,8.557219106263043
2022-07-26,1463.68994140625,1466.489990234375,1459.1199951171875,1466.489990234375,129765300.0,,0.0,0.0,Neutral,0.0,Neutral,-0.003763921949841542,,1469.219970703125,0.0,1465.800048828125,0.0,1450.3199462890625,0.0,1457.2019775390625,1457.092048767076,55.01169415627153,-5.080524337699444,-13.668226048010395,8.58770171031095
2022-07-27,1470.7099609375,1470.9599609375,1460.969970703125,1464.1300048828125,131413600.0,,0.0,0.0,Neutral,0.0,Neutral,0.004796111070152875,,1463.68994140625,0.0,1469.219970703125,0.0,1465.800048828125,0.0,1463.9479736328126,1461.631352823884,57.626438538502065,-2.7566786028767183,-11.485916558983659,8.72923795610694
2022-07-28,1491.199951171875,1491.199951171875,1472.3900146484375,1472.3900146484375,193900200.0,,0.0,0.0,Neutral,0.0,Neutral,0.013932040156519943,,1470.7099609375,0.0,1463.68994140625,0.0,1469.219970703125,0.0,1472.123974609375,1471.4875522732143,64.17191556669756,0.7299425311696268,-9.042744740953001,9.772687272122628
2022-07-29,1492.22998046875,1497.530029296875,1488.0699462890625,1491.1700439453125,196951200.0,,0.0,0.0,Neutral,0.0,Neutral,0.0006907385532473054,,1491.199951171875,0.0,1470.7099609375,0.0,1463.68994140625,0.0,1477.4099609375,1478.4016950050595,64.46904503441357,3.5354749016839833,-6.527100812425604,10.062575714109588
2022-08-01,1502.0699462890625,1503.8299560546875,1490.68994140625,1492.6700439453125,118037000.0,EKST Technical Analysis of Malaysia Stock Performance - Penerbit UTHM,0.0,0.1,Neutral,0.0,Neutral,0.006594134918279426,,1492.22998046875,0.0,1491.199951171875,0.0,1470.7099609375,0.0,1483.9799560546876,1486.2911120997271,67.26223135846813,6.4782057998422715,-3.9260394899720286,10.4042452898143
2022-08-02,1495.050048828125,1503.0,1490.719970703125,1501.3299560546875,159324800.0,UOB SME app lets you stay on top of your business - UOB,0.5,0.5,Positive,0.2023,Positive,-0.004673482402254625,,1502.0699462890625,0.0,1492.22998046875,0.0,1491.199951171875,0.0,1490.2519775390624,1489.2107576758597,63.43118245204177,8.149946668468601,-1.5108422582839025,9.660788926752504
2022-08-03,1490.5699462890625,1490.5699462890625,1483.010009765625,1488.5799560546875,149070000.0,,0.0,0.0,Neutral,0.0,Neutral,-0.0029966237869923917,,1495.050048828125,0.2023,1502.0699462890625,0.0,1492.22998046875,0.0,1494.223974609375,1489.6638205469274,61.04164139054937,9.009451173040361,0.5932164279809502,8.41623474505941
2022-08-04,1507.7099609375,1507.7099609375,1491.6600341796875,1491.6600341796875,190421100.0,,0.0,0.0,Neutral,0.0,Neutral,0.011498967016683403,,1490.5699462890625,0.0,1495.050048828125,0.2023,1502.0699462890625,0.0,1497.5259765625,1495.6792006771182,66.27595008692721,10.9474749457504,2.6640681315348402,8.28340681421556
2022-08-05,1501.550048828125,1505.530029296875,1497.77001953125,1505.0699462890625,174897900.0,INVESTIGATING BRAND AWARENESS DURING COVID-19 PANDEMIC IN THE MALAYSIAN HOTEL INDUSTRY - jurcon.ums.edu.my,0.0,0.0,Neutral,0.0,Neutral,-0.004085608153404197,,1507.7099609375,0.0,1490.5699462890625,0.0,1495.050048828125,0.2023,1499.389990234375,1497.636150060787,62.99992855105504,11.849723090051612,4.5011991232381945,7.348523966813417
2022-08-08,1496.030029296875,1501.5799560546875,1490.4100341796875,1501.5799560546875,122167900.0,,0.0,0.0,Neutral,0.0,Neutral,-0.003676214146546841,,1501.550048828125,0.0,1507.7099609375,0.0,1490.5699462890625,0.0,1498.1820068359375,1497.1007764728163,60.13150271732825,11.981229644033647,5.997205227397285,5.984024416636362
2022-08-09,1497.6800537109375,1501.030029296875,1495.0,1498.52001953125,102724400.0,,0.0,0.0,Neutral,0.0,Neutral,0.0011029353567442168,,1496.030029296875,0.0,1501.550048828125,0.0,1507.7099609375,0.0,1498.7080078125,1497.2938688855234,60.7074048946436,12.079349494069675,7.213634080731763,4.865715413337911
2022-08-10,1492.3299560546875,1496.25,1490.219970703125,1495.719970703125,266326400.0,,0.0,0.0,Neutral,0.0,Neutral,-0.003572256733334722,,1497.6800537109375,0.0,1496.030029296875,0.0,1501.550048828125,0.0,1499.060009765625,1495.6392312752448,57.79235962742567,11.591779198937502,8.089263104372911,3.502516094564591
2022-08-11,1505.56005859375,1505.56005859375,1497.81005859375,1497.81005859375,216126900.0,Kitchen Cabinet: 10 Tips On Choosing The Right One - properly.com.my,0.2857142857142857,0.5357142857142857,Positive,0.0,Neutral,0.008865400366310006,,1492.3299560546875,0.0,1497.6800537109375,0.0,1496.030029296875,0.0,1498.630029296875,1498.9461737147465,62.577772894876794,12.13307242724727,8.898024968947784,3.235047458299487
2022-08-12,1506.18994140625,1511.800048828125,1504.2099609375,1505.0699462890625,267605700.0,,0.0,0.0,Neutral,0.0,Neutral,0.0004183710964598131,,1505.56005859375,0.0,1492.3299560546875,0.0,1497.6800537109375,0.0,1499.5580078125,1501.3607629452476,62.794055672752606,12.469140993703604,9.612248173898948,2.8568928198046564
2022-08-15,1504.010009765625,1510.1099853515625,1503.02001953125,1506.4200439453125,316946800.0,,0.0,0.0,Neutral,0.0,Neutral,-0.0014473152294389724,,1506.18994140625,0.0,1505.56005859375,0.0,1492.3299560546875,0.0,1501.15400390625,1502.2438452187068,61.469949036280546,12.416446423513207,10.173087823821799,2.2433585996914083
2022-08-16,1518.780029296875,1518.780029296875,1503.8599853515625,1504.0899658203125,470904500.0,,0.0,0.0,Neutral,0.0,Neutral,0.009820426350454659,,1504.010009765625,0.0,1506.18994140625,0.0,1505.56005859375,0.0,1505.3739990234376,1507.7559065780963,66.60770605578912,13.411898715190091,10.820850002095458,2.591048713094633
2022-08-17,1518.1600341796875,1527.8399658203125,1516.5699462890625,1519.550048828125,341134600.0,,0.0,0.0,Neutral,0.0,Neutral,-0.0004082191661912704,,1518.780029296875,0.0,1504.010009765625,0.0,1506.18994140625,0.0,1510.5400146484376,1511.22394911196,66.20860735524705,13.989511028777315,11.45458220743183,2.534928821345485
2022-08-18,1516.6199951171875,1522.52001953125,1514.6700439453125,1516.780029296875,235365700.0,,0.0,0.0,Neutral,0.0,Neutral,-0.0010144115428069034,,1518.1600341796875,0.0,1518.780029296875,0.0,1504.010009765625,0.0,1512.752001953125,1513.0226311137026,65.16414524299671,14.159779542655997,11.995621674476663,2.164157868179334
2022-08-19,1504.43994140625,1519.6800537109375,1502.9100341796875,1516.8199462890625,168464900.0,,0.0,0.0,Neutral,0.0,Neutral,-0.008031051779715193,,1516.6199951171875,0.0,1518.1600341796875,0.0,1518.780029296875,0.0,1512.402001953125,1510.1617345445518,57.4455733106615,13.160187574678048,12.22853485451694,0.9316527201611073
2022-08-22,1487.3699951171875,1502.0699462890625,1486.3699951171875,1501.6099853515625,169380000.0,,0.0,0.0,Neutral,0.0,Neutral,-0.01134637935304128,,1504.43994140625,0.0,1516.6199951171875,0.0,1518.1600341796875,0.0,1509.0739990234374,1502.5644880687637,48.7334664862632,10.865352709759463,11.955898425565445,-1.0905457158059821
2022-08-23,1482.5699462890625,1484.9200439453125,1477.5400390625,1484.9200439453125,172621700.0,,0.0,0.0,Neutral,0.0,Neutral,-0.0032272056340271194,,1487.3699951171875,0.0,1504.43994140625,0.0,1516.6199951171875,0.0,1501.831982421875,1495.8996408088633,46.59357928246551,8.560673604690692,11.276853461390495,-2.716179856699803
2022-08-24,1467.260009765625,1487.969970703125,1464.8299560546875,1484.0999755859375,152863500.0,,0.0,0.0,Neutral,0.0,Neutral,-0.010326620043633605,,1482.5699462890625,0.0,1487.3699951171875,0.0,1504.43994140625,0.0,1491.6519775390625,1486.353097127784,40.48707827916983,5.436150325577046,10.108712834227806,-4.67256250865076
2022-08-25,1495.489990234375,1495.489990234375,1470.3699951171875,1470.3699951171875,202206400.0,"OCBC Bank Malaysia - Personal Banking, Business Banking, Wealth Management - OCBC",0.0,0.3,Neutral,0.4939,Positive,0.01923993040146943,,1467.260009765625,0.0,1482.5699462890625,0.0,1487.3699951171875,0.0,1487.4259765625,1489.3987281633142,52.776835785122266,5.178175824341679,9.12260543225058,-3.9444296079089014
2022-08-26,1500.2900390625,1507.489990234375,1495.6800537109375,1496.3800048828125,175717000.0,,0.0,0.0,Neutral,0.0,Neutral,0.0032096830199261905,,1495.489990234375,0.4939,1467.260009765625,0.0,1482.5699462890625,0.0,1486.59599609375,1493.0291651297096,54.49746539114641,5.299958377191842,8.358076021238833,-3.058117644046991
2022-08-29,1501.5699462890625,1506.550048828125,1481.7900390625,1486.52001953125,171238200.0,,0.0,0.0,Neutral,0.0,Neutral,0.0008531065282297856,,1500.2900390625,0.0,1495.489990234375,0.4939,1467.260009765625,0.0,1489.435986328125,1495.8760921828273,54.96862175997771,5.437074533513169,7.773875723693701,-2.336801190180532
2022-08-30,1512.050048828125,1512.050048828125,1496.800048828125,1500.780029296875,380089300.0,,0.0,0.0,Neutral,0.0,Neutral,0.006979430139077314,,1501.5699462890625,0.0,1500.2900390625,0.0,1495.489990234375,0.4939,1495.3320068359376,1501.2674110645933,58.736264719198104,6.318560333935011,7.482812645741963,-1.164252311806952
2022-09-01,1491.949951171875,1503.489990234375,1490.7099609375,1498.010009765625,221522800.0,,0.0,0.0,Neutral,0.0,Neutral,-0.013293275359389067,,1512.050048828125,0.0,1501.5699462890625,0.0,1500.2900390625,0.0,1500.2699951171876,1498.161591100354,50.08160395918726,5.3337501328105645,7.053000143155684,-1.7192500103451192
2022-09-02,1491.1800537109375,1498.6099853515625,1489.22998046875,1493.1199951171875,158415100.0,,0.0,0.0,Neutral,0.0,Neutral,-0.0005160343752367291,,1491.949951171875,0.0,1512.050048828125,0.0,1501.5699462890625,0.0,1499.4080078125,1495.8344119705484,49.77904522772809,4.439975389942447,6.530395192513036,-2.0904198025705893
2022-09-05,1489.800048828125,1494.81005859375,1486.7900390625,1492.030029296875,119861900.0,,0.0,0.0,Neutral,0.0,Neutral,-0.0009254448377163937,,1491.1800537109375,0.0,1491.949951171875,0.0,1512.050048828125,0.0,1497.310009765625,1493.8229575897406,49.20522598121557,3.5790406532835277,5.940124284667134,-2.3610836313836066
2022-09-06,1488.27001953125,1497.0,1488.27001953125,1492.5799560546875,163008800.0,,0.0,0.0,Neutral,0.0,Neutral,-0.001027003119028258,,1489.800048828125,0.0,1491.1800537109375,0.0,1491.949951171875,0.0,1494.6500244140625,1491.9719782369104,48.53717918065384,2.7416787287625084,5.300435173486209,-2.5587564447237003
2022-09-07,1491.3499755859375,1492.18994140625,1483.2900390625,1485.9200439453125,162618300.0,,0.0,0.0,Neutral,0.0,Neutral,0.0020694874009876685,,1488.27001953125,0.0,1489.800048828125,0.0,1491.1800537109375,0.0,1490.510009765625,1491.7646440199194,50.00854575181922,2.3000762369474614,4.700363386178459,-2.400287149230998
2022-09-08,1494.72998046875,1497.6600341796875,1486.97998046875,1490.8699951171875,163489700.0,,0.0,0.0,Neutral,0.0,Neutral,0.0022664062347166336,,1491.3499755859375,0.0,1488.27001953125,0.0,1489.800048828125,0.0,1491.066015625,1492.7530895028628,51.64253179786699,2.1975097028216624,4.1997926495071,-2.0022829466854377
2022-09-09,1496.530029296875,1498.3199462890625,1493.1500244140625,1495.75,121606000.0,,0.0,0.0,Neutral,0.0,Neutral,0.0012042635470257412,,1494.72998046875,0.0,1491.3499755859375,0.0,1488.27001953125,0.0,1492.1360107421874,1494.0120694342002,52.532351328469275,2.235702100233766,3.8069745396524333,-1.5712724394186672
2022-09-12,1497.9599609375,1501.8699951171875,1496.050048828125,1497.6600341796875,139781400.0,"Ambank expects 50 bps OPR hike, inflation between 2.8-3.0 pct this year - iProperty",0.0,0.0,Neutral,0.0,Neutral,0.0009554981274226826,,1496.530029296875,0.0,1494.72998046875,0.0,1491.3499755859375,0.0,1493.7679931640625,1495.3280332686334,53.26799660700537,2.354215453011193,3.5164227223241853,-1.1622072693129923
2022-09-13,1487.8399658203125,1497.8800048828125,1482.3800048828125,1497.4000244140625,168161200.0,,0.0,0.0,Neutral,0.0,Neutral,-0.006755851545493852,,1497.9599609375,0.0,1496.530029296875,0.0,1494.72998046875,0.0,1493.681982421875,1492.8320107858597,47.64071425159288,1.6129460710183139,3.135727392063011,-1.5227813210446972
2022-09-14,1468.43994140625,1480.550048828125,1468.43994140625,1475.239990234375,174111700.0,Overnight Placing Rate (OPR) and Its Impact to Malaysian Economy - Akademi Zakat,0.0,0.0,Neutral,0.0,Neutral,-0.013039053164139447,,1487.8399658203125,0.0,1497.9599609375,0.0,1496.530029296875,0.0,1489.0999755859375,1484.7013209926565,39.11094456171863,-0.5337819857504655,2.401825516500316,-2.9356075022507815
2022-09-15,1467.31005859375,1478.5400390625,1466.3299560546875,1473.3599853515625,311214100.0,,0.0,0.0,Neutral,0.0,Neutral,-0.0007694443474602908,,1468.43994140625,0.0,1487.8399658203125,0.0,1497.9599609375,0.0,1483.6159912109374,1478.9042335263543,38.676611125249906,-2.2997415481961525,1.4615121035610223,-3.761253651757175
2022-09-19,1451.52001953125,1460.9100341796875,1446.0400390625,1459.510009765625,304695900.0,,0.0,0.0,Neutral,0.0,Neutral,-0.010761215034287286,,1467.31005859375,0.0,1468.43994140625,0.0,1487.8399658203125,0.0,1474.6139892578126,1469.776162194653,33.13816537750861,-4.916724474776856,0.18586478789344651,-5.102589262670303
2022-09-20,1461.0999755859375,1465.5799560546875,1454.4200439453125,1454.4200439453125,260241500.0,,0.0,0.0,Neutral,0.0,Neutral,0.006599947589962518,,1451.52001953125,0.0,1467.31005859375,0.0,1468.43994140625,0.0,1467.2419921875,1466.8840999917477,38.85873057068629,-6.146823156769187,-1.0806728010390805,-5.066150355730107
2022-09-21,1447.1800537109375,1459.8900146484375,1447.1800537109375,1459.449951171875,381229500.0,,0.0,0.0,Neutral,0.0,Neutral,-0.009527015336111888,,1461.0999755859375,0.0,1451.52001953125,0.0,1467.31005859375,0.0,1459.110009765625,1460.316084564811,34.27055757053449,-8.150947536885496,-2.494727748208364,-5.656219788677133
2022-09-22,1439.1600341796875,1448.510009765625,1435.760009765625,1444.8699951171875,232744900.0,,0.0,0.0,Neutral,0.0,Neutral,-0.005541825642693565,,1447.1800537109375,0.0,1461.0999755859375,0.0,1451.52001953125,0.0,1453.2540283203125,1453.2640677697698,31.931234536809626,-10.268015802581886,-4.049385359083068,-6.218630443498817
2022-09-23,1424.97998046875,1440.2900390625,1424.97998046875,1439.1099853515625,232715500.0,,0.0,0.0,Neutral,0.0,Neutral,-0.009853006874958159,,1439.1600341796875,0.0,1447.1800537109375,0.0,1461.0999755859375,0.0,1444.7880126953125,1443.8360386694299,28.25838230144793,-12.940845471420744,-5.827677381550603,-7.113168089870141
2022-09-26,1413.0400390625,1423.8299560546875,1411.47998046875,1423.8299560546875,269196600.0,,0.0,0.0,Neutral,0.0,Neutral,-0.008379023965180421,,1424.97998046875,0.0,1439.1600341796875,0.0,1447.1800537109375,0.0,1437.0920166015626,1433.57070546712,25.589337899320707,-15.839942726178379,-7.830130450476158,-8.00981227570222
2022-09-27,1410.8699951171875,1420.27001953125,1410.8699951171875,1412.8599853515625,307257400.0,,0.0,0.0,Neutral,0.0,Neutral,-0.0015357271452494103,,1413.0400390625,0.0,1424.97998046875,0.0,1439.1600341796875,0.0,1427.0460205078125,1426.0038020171426,25.124861979198414,-18.103911970116997,-9.884886754404326,-8.219025215712671
2022-09-28,1401.8900146484375,1409.1300048828125,1400.4100341796875,1407.3199462890625,317186600.0,,0.0,0.0,Neutral,0.0,Neutral,-0.0063648532464567475,,1410.8699951171875,0.0,1413.0400390625,0.0,1424.97998046875,0.0,1417.9880126953126,1417.9658728942409,23.2446023463868,-20.387716378457753,-11.985452679215012,-8.402263699242742
2022-09-29,1397.5,1410.760009765625,1395.81005859375,1407.3900146484375,319309200.0,,0.0,0.0,Neutral,0.0,Neutral,-0.0031314971949054637,,1401.8900146484375,0.0,1410.8699951171875,0.0,1413.0400390625,0.0,1409.656005859375,1411.1439152628272,22.36349450670831,-22.294883777136192,-14.047338898799248,-8.247544878336944
2022-09-30,1394.6300048828125,1402.22998046875,1390.4100341796875,1395.2900390625,283725900.0,,0.0,0.0,Neutral,0.0,Neutral,-0.0020536637690071746,,1397.5,0.0,1401.8900146484375,0.0,1410.8699951171875,0.0,1403.5860107421875,1405.639278469489,21.782183913850535,-23.763975978872168,-15.990666314813833,-7.773309664058335
2022-10-03,1397.6199951171875,1401.8199462890625,1384.8199462890625,1393.699951171875,205504800.0,,0.0,0.0,Neutral,0.0,Neutral,0.0021439308088213593,,1394.6300048828125,0.0,1397.5,0.0,1401.8900146484375,0.0,1400.502001953125,1402.9661840187218,23.998660320764294,-24.405641862061202,-17.673661424263308,-6.731980437797894
2022-10-04,1409.3599853515625,1411.550048828125,1402.9000244140625,1403.760009765625,171969900.0,Page 108 - EXIM-BANK-AR20 - EXIM Bank Malaysia | Page 107 - EXIM-BANK-AR20 - EXIM Bank Malaysia,0.0,0.0,Neutral,0.0,Neutral,0.008399987318005397,,1397.6199951171875,0.0,1394.6300048828125,0.0,1397.5,0.0,1400.2,1405.0974511296688,32.1309333805298,-23.69372113233544,-18.877673365877733,-4.816047766457707
2022-10-05,1420.550048828125,1424.6500244140625,1413.6700439453125,1413.6700439453125,202932700.0,,0.0,0.0,Neutral,0.0,Neutral,0.007939819203658605,,1409.3599853515625,0.0,1397.6199951171875,0.0,1394.6300048828125,0.0,1403.9320068359375,1410.2483170291541,38.847598832325566,-21.973279928495913,-19.49679467840137,-2.4764852500945445
2022-10-06,1420.4300537109375,1428.1300048828125,1420.4300537109375,1424.75,61327800.0,,0.0,0.0,Neutral,0.0,Neutral,-8.447088315299833e-05,,1420.550048828125,0.0,1409.3599853515625,0.0,1397.6199951171875,0.0,1408.518017578125,1413.6422292564152,38.803251687020364,-20.3845204199813,-19.674339826717354,-0.7101805932639458
2022-10-07,1406.0,1421.9000244140625,1405.1800537109375,1421.7900390625,78281500.0,BNM Instructs iPay88 to Further Strengthen Cyber Security Controls - Bank Negara Malaysia,0.0,0.5,Neutral,0.5719,Positive,-0.010158932974727142,,1420.4300537109375,0.0,1420.550048828125,0.0,1409.3599853515625,0.0,1410.7920166015624,1411.0948195042768,33.805467570151755,-20.05857898802924,-19.75118765897973,-0.3073913290495085
2022-10-11,1386.8199462890625,1400.5799560546875,1383.25,1400.5799560546875,225392200.0,Back to the basics of Democracy: Returning the mandate to the people - mca.org.my,0.0,0.0,Neutral,0.0,Neutral,-0.013641574474350993,,1406.0,0.5719,1420.4300537109375,0.0,1420.550048828125,0.0,1408.6320068359375,1403.0031950992054,28.543142090850893,-21.104656749189644,-20.021881477021715,-1.082775272167929
2022-10-12,1380.5699462890625,1391.469970703125,1376.5400390625,1388.280029296875,208604100.0,,0.0,0.0,Neutral,0.0,Neutral,-0.004506713374525795,,1386.8199462890625,0.0,1406.0,0.5719,1420.4300537109375,0.0,1402.8739990234376,1395.5254454958244,27.064685345760587,-22.182299932444266,-20.453965168106226,-1.7283347643380402
2022-10-13,1373.3599853515625,1385.0699462890625,1372.5699462890625,1384.8599853515625,305862900.0,,0.0,0.0,Neutral,0.0,Neutral,-0.0052224524783262005,,1380.5699462890625,0.0,1386.8199462890625,0.0,1406.0,0.5719,1393.435986328125,1388.1369587810705,25.428384371946954,-23.34897110599195,-21.03296635568337,-2.316004750308579
2022-10-14,1382.469970703125,1391.3800048828125,1381.3399658203125,1381.6300048828125,271513000.0,,0.0,0.0,Neutral,0.0,Neutral,0.006633355747022396,,1373.3599853515625,0.0,1380.5699462890625,0.0,1386.8199462890625,0.0,1385.8439697265626,1386.2479627550886,31.09688878398537,-23.2702220987494,-21.480417504296575,-1.789804594452825
2022-10-17,1386.27001953125,1389.2099609375,1376.6800537109375,1383.5,225972200.0,"Different financial solution needed from Bank Negara instead of OPR hike, says analyst - UniKL IR",0.0,0.3,Neutral,0.3182,Positive,0.0027487387854017165,,1382.469970703125,0.0,1373.3599853515625,0.0,1380.5699462890625,0.0,1381.8979736328124,1386.255315013809,33.37202666580276,-22.640198644122165,-21.712373732261693,-0.9278249118604727
2022-10-18,1400.3599853515625,1400.3900146484375,1389.1600341796875,1392.9200439453125,234389700.0,Page 151 - Bank-Muamalat-Annual-Report-2021 - Bank Muamalat Malaysia,0.0,0.0,Neutral,0.0,Neutral,0.010163940373663083,,1386.27001953125,0.3182,1382.469970703125,0.0,1373.3599853515625,0.0,1384.6059814453124,1390.9568717930601,41.133474428561875,-20.764596685239667,-21.522818322857287,0.7582216376176198
2022-10-19,1415.0999755859375,1415.0999755859375,1400.280029296875,1402.6800537109375,216942000.0,,0.0,0.0,Neutral,0.0,Neutral,0.010525857914081005,,1400.3599853515625,0.0,1386.27001953125,0.3182,1382.469970703125,0.0,1391.5119873046874,1399.0045730573527,47.96271907289663,-17.882634713740572,-20.794781601033943,2.912146887293371
2022-10-20,1437.719970703125,1437.719970703125,1411.739990234375,1414.719970703125,336728500.0,Borrowing Costs - Malaysian Accounting Standards Board,0.0,0.0,Neutral,0.0,Neutral,0.015984732886325848,,1415.0999755859375,0.0,1400.3599853515625,0.0,1386.27001953125,0.3182,1404.383984375,1411.9097056059434,56.334578352654994,-13.616452536252154,-19.359115788077585,5.74266325182543
2022-10-21,1446.4200439453125,1446.4200439453125,1433.260009765625,1435.3900146484375,167325000.0,,0.0,0.0,Neutral,0.0,Neutral,0.006051298875630717,,1437.719970703125,0.0,1415.0999755859375,0.0,1400.3599853515625,0.0,1417.1739990234375,1423.4131517190665,59.0625696938855,-9.424805927318857,-17.372253815925838,7.94744788860698
2022-10-25,1444.4100341796875,1454.06005859375,1441.18994140625,1449.1400146484375,205560800.0,,0.0,0.0,Neutral,0.0,Neutral,-0.001389644573883575,,1446.4200439453125,0.0,1437.719970703125,0.0,1415.0999755859375,0.0,1428.802001953125,1430.4121125392735,58.15854805279626,-6.193689779944407,-15.136541008729552,8.942851228785145
2022-10-26,1454.97998046875,1454.97998046875,1447.4100341796875,1447.5699462890625,252568000.0,,0.0,0.0,Neutral,0.0,Neutral,0.007317829452123226,,1444.4100341796875,0.0,1446.4200439453125,0.0,1437.719970703125,0.0,1439.7260009765625,1438.601401849099,61.4961174810287,-2.7484185670057286,-12.658916520384787,9.910497953379059
2022-10-27,1454.0899658203125,1459.8599853515625,1452.280029296875,1457.9599609375,247414700.0,Naza Communications and Everest Infrastructure Partners to develop telecommunications infrastructure in Malaysia - Naza Group of Companies,0.0,0.0,Neutral,0.0,Neutral,-0.0006117023329426097,,1454.97998046875,0.0,1444.4100341796875,0.0,1446.4200439453125,0.0,1447.5239990234375,1443.76425650617,61.05449591902662,-0.08880931438488915,-10.144895079184808,10.056085764799919
2022-10-28,1447.31005859375,1456.469970703125,1442.0400390625,1454.5400390625,232514400.0,,0.0,0.0,Neutral,0.0,Neutral,-0.004662646318955743,,1454.0899658203125,0.0,1454.97998046875,0.0,1444.4100341796875,0.0,1449.4420166015625,1444.9461905353635,57.657687363422525,1.4550949003858022,-7.824897083270686,9.279991983656489
2022-10-31,1460.3800048828125,1468.4100341796875,1450.93994140625,1450.93994140625,349208000.0,,0.0,0.0,Neutral,0.0,Neutral,0.009030508847400531,,1447.31005859375,0.0,1454.0899658203125,0.0,1454.97998046875,0.0,1452.2340087890625,1450.0907953178464,62.04190915719452,3.6907409845855454,-5.521769469699439,9.212510454284985
2022-11-01,1445.9200439453125,1457.6400146484375,1443.5400390625,1457.6400146484375,191406100.0,,0.0,0.0,Neutral,0.0,Neutral,-0.009901505696567225,,1460.3800048828125,0.0,1447.31005859375,0.0,1454.0899658203125,0.0,1452.5360107421875,1448.7005448603352,55.22857373054922,4.246754668251242,-3.568064642109303,7.814819310360545
2022-11-02,1451.6099853515625,1451.9200439453125,1442.8900146484375,1450.97998046875,176884200.0,,0.0,0.0,Neutral,0.0,Neutral,0.003935170156936563,,1445.9200439453125,0.0,1460.3800048828125,0.0,1447.31005859375,0.0,1451.86201171875,1449.670358357411,57.21945905927377,5.087880319846818,-1.8368756497180792,6.924755969564897
2022-11-03,1420.3800048828125,1448.3199462890625,1420.3800048828125,1448.3199462890625,312941100.0,OPR Malaysia: Bank Negara Raises 25 Basis Points to 2.75 Percent - Qoala Malaysia | OPR Malaysia: Bank Negara Raises 25 Basis Points to 2.75 Percent - Qoala Malaysia,0.0,0.0,Neutral,0.0,Neutral,-0.021514029790299705,,1451.6099853515625,0.0,1445.9200439453125,0.0,1460.3800048828125,0.0,1445.12001953125,1439.9069071992114,45.310088061685,3.197619863391992,-0.8299765470960647,4.027596410488057
2022-11-04,1438.280029296875,1438.280029296875,1422.0799560546875,1425.52001953125,215622500.0,,0.0,0.0,Neutral,0.0,Neutral,0.012602278511755882,,1420.3800048828125,0.0,1451.6099853515625,0.0,1445.9200439453125,0.0,1443.314013671875,1439.3646145650994,51.53635511869741,3.1081286343751344,-0.04235551080182487,3.1504841451769594
2022-11-07,1442.1199951171875,1442.6600341796875,1435.3900146484375,1441.1800537109375,174970300.0,,0.0,0.0,Neutral,0.0,Neutral,0.0026698318422662126,,1438.280029296875,0.0,1420.3800048828125,0.0,1451.6099853515625,0.0,1439.66201171875,1440.2830747491287,52.77835081137603,3.308916214009514,0.627898834160443,2.681017379849071
2022-11-08,1441.3499755859375,1447.8499755859375,1433.2900390625,1447.1199951171875,224557400.0,,0.0,0.0,Neutral,0.0,Neutral,-0.0005339496947945888,,1442.1199951171875,0.0,1438.280029296875,0.0,1420.3800048828125,0.0,1438.747998046875,1440.6387083613984,52.48786695228872,3.3670939139194616,1.1757378501122466,2.191356063807215
2022-11-09,1446.18994140625,1447.1500244140625,1439.68994140625,1443.6199951171875,251220400.0,Alliance Bank to Raise Standardized Base Rate. - Alliance Bank | Alliance Bank to Raise Standardized Base Rate. - Alliance Bank,-0.8,1.0,Negative,0.0,Neutral,0.003357939363994422,,1441.3499755859375,0.0,1442.1199951171875,0.0,1438.280029296875,0.0,1437.6639892578125,1442.489119376349,54.19438219645332,3.7603974318349174,1.6926697664567807,2.0677276653781367
2022-11-10,1449.739990234375,1453.27001953125,1440.760009765625,1442.31005859375,191907900.0,,0.0,0.0,Neutral,0.0,Neutral,0.0024547597286377343,,1446.18994140625,0.0,1441.3499755859375,0.0,1442.1199951171875,0.0,1443.535986328125,1444.9060763290242,55.45810281109621,4.308882460002906,2.2159123051660057,2.0929701548369
2022-11-11,1468.2099609375,1468.2099609375,1459.5400390625,1467.18994140625,370670700.0,,0.0,0.0,Neutral,0.0,Neutral,0.012740195364369544,,1449.739990234375,0.0,1446.18994140625,0.0,1441.3499755859375,0.0,1449.52197265625,1452.6740378651828,61.42150582373149,6.162891099870876,3.0053080641069796,3.1575830357638965
2022-11-14,1464.0,1468.989990234375,1459.050048828125,1468.989990234375,248453200.0,,0.0,0.0,Neutral,0.0,Neutral,-0.0028674106902338847,,1468.2099609375,0.0,1449.739990234375,0.0,1446.18994140625,0.0,1453.8979736328124,1456.4493585767884,59.467169692427,7.209392254612112,3.846124902208006,3.363267352404106
2022-11-15,1450.5400390625,1461.510009765625,1447.8699951171875,1461.510009765625,256705300.0,,0.0,0.0,Neutral,0.0,Neutral,-0.009193962389002719,,1464.0,0.0,1468.2099609375,0.0,1449.739990234375,0.0,1455.735986328125,1454.4795854053589,53.595549609194094,6.873413172804021,4.451582556327209,2.4218306164768117
2022-11-16,1448.3800048828125,1448.3800048828125,1440.5899658203125,1447.5,220514400.0,,0.0,0.0,Neutral,0.0,Neutral,-0.0014891241341283834,,1450.5400390625,0.0,1464.0,0.0,1468.2099609375,0.0,1456.1739990234375,1452.4463918978433,52.696336541658596,6.359541784713883,4.833174402004544,1.5263673827093394
2022-11-17,1449.3199462890625,1449.3199462890625,1441.5699462890625,1446.56005859375,234928400.0,Loans - Overview - OCBC,0.0,0.0,Neutral,0.0,Neutral,0.0006489604959203366,,1448.3800048828125,0.0,1450.5400390625,0.0,1464.0,0.0,1456.089990234375,1451.404243361583,53.065358515109764,5.95944366651247,5.058428254906129,0.9010154116063411
2022-11-21,1447.9599609375,1447.9599609375,1427.75,1434.550048828125,332039800.0,Telecommunications - Suria KLCC,0.0,0.0,Neutral,0.0,Neutral,-0.0009383610258346664,,1449.3199462890625,0.0,1448.3800048828125,0.0,1450.5400390625,0.0,1452.039990234375,1450.256149220222,52.42806512587097,5.469573731996434,5.14065735032419,0.3289163816722436
2022-11-22,1441.2900390625,1451.31005859375,1435.02001953125,1446.719970703125,242609900.0,,0.0,0.0,Neutral,0.0,Neutral,-0.004606427011062841,,1447.9599609375,0.0,1449.3199462890625,0.0,1448.3800048828125,0.0,1447.497998046875,1447.2674458343147,49.300876003991576,4.491367636783025,5.010799407615957,-0.5194317708329326
2022-11-23,1443.5,1443.5,1431.6099853515625,1431.9000244140625,172539700.0,,0.0,0.0,Neutral,0.0,Neutral,0.0015333214534234418,,1441.2900390625,0.0,1447.9599609375,0.0,1449.3199462890625,0.0,1446.089990234375,1446.0116305562099,50.35743335895434,3.8500763533618283,4.778654796765132,-0.9285784434033033
2022-11-24,1501.8800048828125,1502.1099853515625,1450.6800537109375,1450.6800537109375,457068200.0,,0.0,0.0,Neutral,0.0,Neutral,0.040443370199385154,,1443.5,0.0,1441.2900390625,0.0,1447.9599609375,0.0,1456.789990234375,1464.6344219984107,68.83444414588644,7.960859055255014,5.415095648463108,2.545763406791906
2022-11-25,1486.5400390625,1504.1600341796875,1481.3800048828125,1501.699951171875,337650300.0,,0.0,0.0,Neutral,0.0,Neutral,-0.010213842497696413,,1501.8800048828125,0.0,1443.5,0.0,1441.2900390625,0.0,1464.2340087890625,1471.936294353107,62.27542179369898,9.867134735684886,6.305503465907464,3.561631269777422
2022-11-29,1476.9599609375,1486.6800537109375,1467.260009765625,1483.77001953125,297992100.0,,0.0,0.0,Neutral,0.0,Neutral,-0.006444547656477395,,1486.5400390625,0.0,1501.8800048828125,0.0,1443.5,0.0,1470.0340087890625,1473.610849881238,58.52480561027581,10.483986831626225,7.141200139051216,3.342786692575009
2022-11-30,1488.800048828125,1489.780029296875,1464.81005859375,1476.219970703125,597872800.0,'Greater clarity emerging for Malaysia under Anwar's leadership after years of political instability' - NST Online,0.25,0.3,Positive,0.6369,Positive,0.008016525974820166,,1476.9599609375,0.0,1486.5400390625,0.0,1501.8800048828125,0.0,1479.5360107421875,1478.673916196867,61.60272281530433,11.792308313093145,8.071421773859601,3.7208865392335433
2022-12-01,1491.510009765625,1497.239990234375,1487.3399658203125,1490.800048828125,266128700.0,,0.0,0.0,Neutral,0.0,Neutral,0.0018202316285742537,,1488.800048828125,0.6369,1476.9599609375,0.0,1486.5400390625,0.0,1489.1380126953125,1482.9526140531195,62.29246912622205,12.899140450987943,9.03696550928527,3.8621749417026727
2022-12-02,1481.800048828125,1489.3599853515625,1479.699951171875,1489.3599853515625,206833400.0,,0.0,0.0,Neutral,0.0,Neutral,-0.0065101547250264735,,1491.510009765625,0.0,1488.800048828125,0.6369,1476.9599609375,0.0,1485.122021484375,1482.568425644788,58.25454714649908,12.844734097333003,9.798519226894816,3.0462148704381864
2022-12-05,1471.56005859375,1482.0799560546875,1470.3299560546875,1482.0799560546875,163267400.0,,0.0,0.0,Neutral,0.0,Neutral,-0.0069105074213442474,,1481.800048828125,0.0,1491.510009765625,0.0,1488.800048828125,0.6369,1482.126025390625,1478.8989699611086,54.25998835915521,11.838863982783323,10.206588178072519,1.6322758047108046
2022-12-06,1471.550048828125,1473.52001953125,1467.1300048828125,1468.989990234375,225294700.0,,0.0,0.0,Neutral,0.0,Neutral,-6.802145496198619e-06,,1471.56005859375,0.0,1481.800048828125,0.0,1491.510009765625,0.0,1481.04404296875,1476.4493295834475,54.25607187490975,10.915074778025883,10.348285498063191,0.5667892799626912
2022-12-07,1466.8800048828125,1477.8599853515625,1466.4599609375,1471.4599609375,218835400.0,,0.0,0.0,Neutral,0.0,Neutral,-0.0031735542729460775,,1471.550048828125,0.0,1471.56005859375,0.0,1481.800048828125,0.0,1476.6600341796875,1473.2595546832358,52.357287841503954,9.694380872358806,10.217504572922314,-0.5231237005635077
2022-12-08,1465.9300537109375,1469.1199951171875,1461.780029296875,1467.3699951171875,166059100.0,,0.0,0.0,Neutral,0.0,Neutral,-0.0006475997823358615,,1466.8800048828125,0.0,1471.550048828125,0.0,1471.56005859375,0.0,1471.54404296875,1470.8163876924698,51.95894906908115,8.551739902670988,9.88435163887205,-1.332611736201061
2022-12-09,1477.18994140625,1477.4200439453125,1466.760009765625,1467.9000244140625,166544000.0,,0.0,0.0,Neutral,0.0,Neutral,0.007681053858476172,,1465.9300537109375,0.0,1466.8800048828125,0.0,1471.550048828125,0.0,1470.622021484375,1472.9409055970632,56.21153073199252,8.457277307782078,9.598936772654055,-1.1416594648719762
2022-12-12,1474.3800048828125,1475.6099853515625,1468.8499755859375,1475.6099853515625,129733800.0,,0.0,0.0,Neutral,0.0,Neutral,-0.0019022174770311207,,1477.18994140625,0.0,1465.9300537109375,0.0,1466.8800048828125,0.0,1471.1860107421876,1473.4206053589796,54.90535385453408,8.06273444316139,9.291696306755522,-1.228961863594133
2022-12-13,1470.1199951171875,1477.2900390625,1469.469970703125,1476.530029296875,139788100.0,,0.0,0.0,Neutral,0.0,Neutral,-0.0028893567136808462,,1474.3800048828125,0.0,1477.18994140625,0.0,1465.9300537109375,0.0,1470.9,1472.3204019450488,52.89848682854007,7.321906810737346,8.897738407551888,-1.5758315968145418
2022-12-14,1483.1700439453125,1483.1700439453125,1471.6400146484375,1471.8900146484375,203191200.0,How to process Asset Opening and tally with the GL Maintain Opening Balance - wiki.sql.com.my | Asset Disposal - wiki.sql.com.my | Maintain Asset Item - wiki.sql.com.my,0.0,0.0,Neutral,0.8602,Positive,0.008876859624703526,,1470.1199951171875,0.0,1474.3800048828125,0.0,1477.18994140625,0.0,1474.1580078125,1475.9369492784701,57.966999335172495,7.699075303694599,8.65800578678043,-0.9589304830858314
2022-12-15,1467.1300048828125,1482.1099853515625,1466.25,1481.780029296875,190145800.0,FORMAT OF DECLARATION LETTER BY SUPPLIER (MANUFACTURER) - matrade.gov.my,0.0,0.0,Neutral,0.0,Neutral,-0.010814699992074184,,1483.1700439453125,0.8602,1470.1199951171875,0.0,1474.3800048828125,0.0,1474.397998046875,1473.0013011465842,50.73976578084326,6.627291658675858,8.251862961159516,-1.6245713024836572
2022-12-16,1478.5400390625,1478.5400390625,1459.31005859375,1461.760009765625,251764100.0,,0.0,0.0,Neutral,0.0,Neutral,0.0077771118726448485,,1467.1300048828125,0.0,1483.1700439453125,0.8602,1470.1199951171875,0.0,1474.668017578125,1474.8475471185561,55.034505519434674,6.622252593195526,7.925940887566718,-1.3036882943711916
2022-12-19,1477.0899658203125,1477.4100341796875,1471.5699462890625,1476.719970703125,103220400.0,OPR (Overnight Policy Rate) & RUMAWIP - RUMAWIP (2025) | OPR (Overnight Policy Rate) & RUMAWIP - RUMAWIP (2025),0.0,0.0,Neutral,0.0,Neutral,-0.0009807466851604607,,1478.5400390625,0.0,1467.1300048828125,0.0,1483.1700439453125,0.8602,1475.210009765625,1475.5950200191417,54.38555494777352,6.427161983049928,7.6261851066633595,-1.1990231236134319
2022-12-20,1467.3199462890625,1476.22998046875,1464.8599853515625,1473.72998046875,93572900.0,What we can learn from Covid19 pandemic: A zoom lens from Islamic viewpoint based on Hadith - UniSZA Journal,0.0,0.0,Neutral,0.0,Neutral,-0.006614369982416157,,1477.0899658203125,0.0,1478.5400390625,0.0,1467.1300048828125,0.0,1474.65,1472.8366621091152,50.09911465805128,5.4216944257927935,7.185286970489246,-1.7635925446964524
2022-12-21,1462.550048828125,1469.4200439453125,1458.8199462890625,1467.010009765625,92165900.0,,0.0,0.0,Neutral,0.0,Neutral,-0.0032507548697888744,,1467.3199462890625,0.0,1477.0899658203125,0.0,1478.5400390625,0.0,1470.5260009765625,1469.4077910154517,48.105654164426085,4.191644611390757,6.5865584986695485,-2.3949138872787916
2022-12-22,1468.3499755859375,1468.3499755859375,1462.4100341796875,1463.7900390625,67390900.0,Start your personal 2023 budget off right - hanshaw.my,0.14285714285714285,0.4178571428571428,Positive,0.0,Neutral,0.003965626176321013,,1462.550048828125,0.0,1467.3199462890625,0.0,1477.0899658203125,0.0,1470.7699951171876,1469.0551858722804,50.675676339189565,3.642834559574794,5.997813710850598,-2.3549791512758036
2022-12-23,1474.6800537109375,1474.8699951171875,1460.5699462890625,1469.1600341796875,48286800.0,,0.0,0.0,Neutral,0.0,Neutral,0.004311014560731019,,1468.3499755859375,0.0,1462.550048828125,0.0,1467.3199462890625,0.0,1469.997998046875,1470.9301418184994,53.388851763419474,3.6763048872451236,5.533511946129503,-1.857207058884379
2022-12-27,1474.68994140625,1477.4300537109375,1468.1500244140625,1474.3900146484375,114386800.0,,0.0,0.0,Neutral,0.0,Neutral,6.704976640570237e-06,,1474.6800537109375,0.0,1468.3499755859375,0.0,1462.550048828125,0.0,1469.5179931640625,1472.1834083477495,53.39316434220376,3.6614216280690925,5.15909388251742,-1.4976722544483279
2022-12-28,1480.1099853515625,1480.1099853515625,1461.1800537109375,1473.550048828125,134741200.0,,0.0,0.0,Neutral,0.0,Neutral,0.003675378663086315,,1474.68994140625,0.0,1474.6800537109375,0.0,1468.3499755859375,0.0,1472.0760009765625,1474.8256006823538,55.806923277789444,4.040403530299727,4.935355812073881,-0.8949522817741542
2022-12-29,1491.6300048828125,1491.6300048828125,1472.5400390625,1476.27001953125,107605300.0,,0.0,0.0,Neutral,0.0,Neutral,0.007783218575147854,,1480.1099853515625,0.0,1474.68994140625,0.0,1474.6800537109375,0.0,1477.8919921875,1480.4270687491733,60.49053145538965,5.210258105420053,4.990336270743116,0.2199218346769367
2022-12-30,1495.489990234375,1503.3299560546875,1479.1300048828125,1491.9300537109375,242921700.0,GRADUATE UNEMPLOYMENT DURING THE COVID-19 PANDEMIC IN MALAYSIA - jurcon.ums.edu.my,0.0,0.0,Neutral,-0.5622,Negative,0.0025877632783779525,,1491.6300048828125,0.0,1480.1099853515625,0.0,1474.68994140625,0.0,1483.3199951171875,1485.448042577574,61.94580934688375,6.375353733853672,5.267339763365227,1.1080139704884449
2023-01-03,1473.989990234375,1488.5400390625,1473.800048828125,1488.5400390625,59804600.0,,0.0,0.0,Neutral,0.0,Neutral,-0.014376558947499563,,1495.489990234375,-0.5622,1491.6300048828125,0.0,1480.1099853515625,0.0,1483.181982421875,1481.6286917965076,50.735995161893996,5.500424625260393,5.31395673574426,0.18646788951613313
2023-01-04,1469.550048828125,1476.1400146484375,1469.550048828125,1472.8499755859375,99239400.0,,0.0,0.0,Neutral,0.0,Neutral,-0.003012192372855993,,1473.989990234375,0.0,1495.489990234375,-0.5622,1491.6300048828125,0.0,1482.15400390625,1477.6024774737134,48.77312954526396,4.398072594664427,5.130779907528294,-0.7327073128638668
2023-01-05,1480.9300537109375,1481.010009765625,1471.9100341796875,1472.4599609375,114428100.0,,0.0,0.0,Neutral,0.0,Neutral,0.007743870235578099,,1469.550048828125,0.0,1473.989990234375,0.0,1495.489990234375,-0.5622,1482.318017578125,1478.7116695527882,53.715752528317985,4.392092645736284,4.983042455169892,-0.5909498094336083
2023-01-06,1480.550048828125,1482.3900146484375,1474.47998046875,1479.530029296875,73345700.0,,0.0,0.0,Neutral,0.0,Neutral,-0.00025659880550077396,,1480.9300537109375,0.0,1469.550048828125,0.0,1473.989990234375,0.0,1480.1020263671876,1479.3244626445671,53.530019784156636,4.307041382895932,4.8478422407151,-0.5408008578191685
2023-01-09,1493.4200439453125,1493.4200439453125,1483.9300537109375,1484.56005859375,107069100.0,,0.0,0.0,Neutral,0.0,Neutral,0.008692711960243571,,1480.550048828125,0.0,1480.9300537109375,0.0,1469.550048828125,0.0,1479.688037109375,1484.0229897448155,58.73418554017517,5.217988962578602,4.921871585087801,0.296117377490801
2023-01-10,1485.1300048828125,1491.219970703125,1480.3699951171875,1490.4000244140625,148942700.0,Connecting the World with Malaysia's Leading Wholesale Service Provider - TM Global,0.0,0.0,Neutral,0.0,Neutral,-0.00555104312153154,,1493.4200439453125,0.0,1480.550048828125,0.0,1480.9300537109375,0.0,1481.9160400390624,1484.3919947908146,54.50028832035242,5.210916412186634,4.979680550507568,0.23123586167906662
2023-01-11,1487.8699951171875,1489.0,1484.2099609375,1487.0400390625,130154200.0,,0.0,0.0,Neutral,0.0,Neutral,0.0018449497521202396,,1485.1300048828125,0.0,1493.4200439453125,0.0,1480.550048828125,0.0,1485.580029296875,1485.5513282329389,55.63852470058956,5.364566296961357,5.0566576997983255,0.3079085971630313
2023-01-12,1488.6600341796875,1491.3499755859375,1486.1500244140625,1488.5699462890625,147707800.0,Corporate Contact - Telekom Malaysia,0.0,0.0,Neutral,0.0,Neutral,0.0005309866218774495,,1487.8699951171875,0.0,1485.1300048828125,0.0,1493.4200439453125,0.0,1487.126025390625,1486.5875635485218,55.98046751109048,5.486835661278292,5.142693292094319,0.3441423691839729
2023-01-13,1495.030029296875,1495.030029296875,1488.050048828125,1488.050048828125,120946200.0,,0.0,0.0,Neutral,0.0,Neutral,0.004279012649585745,,1488.6600341796875,0.0,1487.8699951171875,0.0,1485.1300048828125,0.0,1490.022021484375,1489.4017187979728,58.74188514909871,6.028250464193661,5.319804726514187,0.7084457376794742
2023-01-16,1493.56005859375,1496.050048828125,1489.0,1494.81005859375,118165300.0,,0.0,0.0,Neutral,0.0,Neutral,-0.0009832382455998712,,1495.030029296875,0.0,1488.6600341796875,0.0,1487.8699951171875,0.0,1490.0500244140626,1490.787832063232,57.840167696799185,6.266475219912991,5.509138825193948,0.7573363947190428
2023-01-17,1499.3800048828125,1499.3800048828125,1488.949951171875,1492.530029296875,109129200.0,GOVT WILL FOCUS ON THE SERVICE SECTOR IN BUDGET 2023 - Prime Minister's Office of Malaysia,0.0,0.0,Neutral,0.0,Neutral,0.0038966938460729406,,1493.56005859375,0.0,1495.030029296875,0.0,1488.6600341796875,0.0,1492.9000244140625,1493.6518896697587,60.43006706951133,6.845974943664714,5.776506048888101,1.0694688947766133
2023-01-18,1495.5,1496.6300048828125,1491.050048828125,1495.31005859375,112489800.0,,0.0,0.0,Neutral,0.0,Neutral,-0.002587739512449838,,1499.3800048828125,0.0,1493.56005859375,0.0,1495.030029296875,0.0,1494.426025390625,1494.2679264465057,57.87741783410249,6.912466076252485,6.003698054360978,0.9087680218915075
2023-01-19,1496.219970703125,1501.7099609375,1493.4200439453125,1494.800048828125,132631400.0,Overnight Policy Rate Decisions - Bank Negara Malaysia,0.0,0.0,Neutral,0.0,Neutral,0.0004814247429789642,,1495.5,0.0,1499.3800048828125,0.0,1493.56005859375,0.0,1495.9380126953124,1494.9186078653788,58.230007595913634,6.94321928663453,6.191602300815688,0.751616985818842
2023-01-20,1500.3299560546875,1500.3299560546875,1495.800048828125,1496.8800048828125,106940500.0,,0.0,0.0,Neutral,0.0,Neutral,0.002746912507544552,,1496.219970703125,0.0,1495.5,0.0,1499.3800048828125,0.0,1496.997998046875,1496.7223905951485,60.27427039883474,7.216050755444712,6.3964919917414935,0.8195587637032187
2023-01-25,1499.449951171875,1501.8599853515625,1494.72998046875,1501.300048828125,83468600.0,,0.0,0.0,Neutral,0.0,Neutral,-0.0005865409000608279,,1500.3299560546875,0.0,1496.219970703125,0.0,1495.5,0.0,1498.1759765625,1497.6315774540574,59.60166520753265,7.277373587872717,6.572668310967738,0.7047052769049786
2023-01-26,1498.3900146484375,1498.3900146484375,1494.030029296875,1497.4100341796875,94842000.0,,0.0,0.0,Neutral,0.0,Neutral,-0.0007068835626085068,,1499.449951171875,0.0,1500.3299560546875,0.0,1496.219970703125,0.0,1497.977978515625,1497.884389852184,58.751261957479414,7.157932168812749,6.689721082536741,0.4682110862760087
2023-01-27,1497.550048828125,1500.9100341796875,1493.0699462890625,1499.969970703125,116233200.0,,0.0,0.0,Neutral,0.0,Neutral,-0.0005605788960824087,,1498.3900146484375,0.0,1499.449951171875,0.0,1500.3299560546875,0.0,1498.38798828125,1497.7729428441644,58.04446644849014,6.915775012443646,6.734931868518122,0.18084314392552425
2023-01-30,1499.3900146484375,1500.949951171875,1494.1500244140625,1499.75,154968600.0,,0.0,0.0,Neutral,0.0,Neutral,0.0012286506362524374,,1497.550048828125,0.0,1498.3900146484375,0.0,1499.449951171875,0.0,1499.0219970703124,1498.3119667789222,59.20229729409782,6.794016393975198,6.7467487736095375,0.04726762036566079
2023-01-31,1485.5,1493.8900146484375,1485.5,1493.7900390625,227210500.0,ONE-X PREPAID - onexox.my | Detailed Disclosure of International Reserves as at end-December 2022 - Bank Negara Malaysia,0.2,0.375,Positive,0.0,Neutral,-0.009263776944449131,,1499.3900146484375,0.0,1497.550048828125,0.0,1498.3900146484375,0.0,1496.056005859375,1494.0413111859482,48.35391173454421,5.513161420154802,6.5000313029185905,-0.9868698827637887
2023-02-02,1489.800048828125,1493.2099609375,1485.9000244140625,1488.8199462890625,190424300.0,,0.0,0.0,Neutral,0.0,Neutral,0.0028946811364019,,1485.5,0.0,1499.3900146484375,0.0,1497.550048828125,0.0,1494.126025390625,1492.6275570666737,51.32740152504303,4.789838353790628,6.157992713092998,-1.3681543593023697
2023-02-03,1490.469970703125,1493.3399658203125,1485.25,1490.56005859375,123555800.0,,0.0,0.0,Neutral,0.0,Neutral,0.0004496723406117731,,1489.800048828125,0.0,1485.5,0.0,1499.3900146484375,0.0,1492.5420166015624,1491.9083616121575,51.79306693178014,4.221988256453642,5.770791821765127,-1.548803565311485
2023-02-07,1476.3800048828125,1487.989990234375,1471.7900390625,1487.8199462890625,157016900.0,,0.0,0.0,Neutral,0.0,Neutral,-0.009453371149547918,,1490.469970703125,0.0,1489.800048828125,0.0,1485.5,0.0,1488.3080078125,1486.7322427023757,42.56846039824619,2.6049917528573587,5.137631807983573,-2.5326400551262145
2023-02-08,1470.75,1479.949951171875,1469.010009765625,1476.3900146484375,143187400.0,Difference Between Tax Capital Allowance and Accounting Depreciation - THK Management Advisory Sdn Bhd | 3 Key Difference Between Tax Capital Allowance and Accounting Depreciation - KTP & Company PLT,0.0,1.0,Neutral,0.0,Neutral,-0.0038133846734529353,,1476.3800048828125,0.0,1490.469970703125,0.0,1489.800048828125,0.0,1482.5800048828125,1481.4048284682506,39.538221507678074,0.8593104359938479,4.281967533585628,-3.42265709759178
2023-02-09,1464.6400146484375,1471.300048828125,1463.75,1471.300048828125,133461000.0,,0.0,0.0,Neutral,0.0,Neutral,-0.00415433306242563,,1470.75,0.0,1476.3800048828125,0.0,1490.469970703125,0.0,1478.4080078125,1475.8165571949796,36.50143059226498,-1.0055875518273751,3.224456516503027,-4.230044068330402
2023-02-10,1474.5899658203125,1476.030029296875,1463.31005859375,1465.050048828125,105719000.0,,0.0,0.0,Neutral,0.0,Neutral,0.006793444854955144,,1464.6400146484375,0.0,1470.75,0.0,1476.3800048828125,0.0,1475.3659912109374,1475.407693403424,44.039265652089746,-1.6615019781263527,2.2472648175771512,-3.908766795703504
2023-02-13,1475.1700439453125,1475.1700439453125,1469.260009765625,1474.719970703125,110899900.0,,0.0,0.0,Neutral,0.0,Neutral,0.0003933826612452229,,1474.5899658203125,0.0,1464.6400146484375,0.0,1470.75,0.0,1472.306005859375,1475.3284769173868,44.45325723240811,-2.1101865132254716,1.3757745514166266,-3.4859610646420984
2023-02-14,1483.969970703125,1485.5799560546875,1476.06005859375,1477.1300048828125,117992500.0,,0.0,0.0,Neutral,0.0,Neutral,0.005965364327950473,,1475.1700439453125,0.0,1474.5899658203125,0.0,1464.6400146484375,0.0,1473.8239990234374,1478.2089748459662,50.4427808859617,-1.7356838120306293,0.7534828787271753,-2.4891666907578047
2023-02-15,1488.18994140625,1488.18994140625,1478.31005859375,1482.800048828125,95417000.0,OPR Rate Down: What does it means for me? - akpk,-0.15555555555555559,0.2888888888888889,Negative,0.0,Neutral,0.0028437035697734814,,1483.969970703125,0.0,1475.1700439453125,0.0,1474.5899658203125,0.0,1477.3119873046876,1481.5359636993942,53.056872302206,-1.085854302730695,0.3856154424356012,-1.4714697451662961
2023-02-16,1484.260009765625,1494.5400390625,1483.5400390625,1487.8399658203125,128062600.0,,0.0,0.0,Neutral,0.0,Neutral,-0.0026407460037738417,,1488.18994140625,0.0,1483.969970703125,0.0,1475.1700439453125,0.0,1481.235986328125,1482.4439790548045,50.391071585611634,-0.8778530311326449,0.13292174772195198,-1.0107747788545969
2023-02-17,1476.9000244140625,1484.760009765625,1473.1500244140625,1484.030029296875,153358600.0,BNM one of the first central banks to pivot; OPR is forecasted to reach 3.0% by year end 2023. - fsmone.com.my,0.125,0.2916666666666666,Positive,0.0258,Neutral,-0.004958690056417248,,1484.260009765625,0.0,1488.18994140625,0.0,1483.969970703125,0.0,1481.697998046875,1480.595994174557,45.75450467973814,-1.2920063873427807,-0.15206387929099457,-1.1399425080517862
2023-02-20,1473.4599609375,1477.47998046875,1471.0699462890625,1474.25,160268400.0,,0.0,0.0,Neutral,0.0,Neutral,-0.002329246001554708,,1476.9000244140625,0.0258,1484.260009765625,0.0,1488.18994140625,0.0,1481.3559814453124,1478.2173164288713,43.7292076084503,-1.8761828111382783,-0.49688766566045134,-1.379295145477827
2023-02-21,1474.010009765625,1477.3599853515625,1471.8499755859375,1474.1099853515625,94234300.0,,0.0,0.0,Neutral,0.0,Neutral,0.0003733042245512852,,1473.4599609375,0.0,1476.9000244140625,0.0258,1484.260009765625,0.0,1479.3639892578126,1476.8148808744559,44.15486452640026,-2.2686113527670386,-0.8512324030817688,-1.4173789496852698
2023-02-22,1464.0,1473.22998046875,1462.5999755859375,1472.489990234375,142969300.0,,0.0,0.0,Neutral,0.0,Neutral,-0.006791005284432661,,1474.010009765625,0.0,1473.4599609375,0.0,1476.9000244140625,0.0258,1474.5260009765625,1472.543253916304,38.454052502515054,-3.3487357885912843,-1.3507330801836719,-1.9980027084076124
2023-02-23,1457.6500244140625,1467.6300048828125,1456.300048828125,1464.5799560546875,138265300.0,,0.0,0.0,Neutral,0.0,Neutral,-0.004337415017716895,,1464.0,0.0,1474.010009765625,0.0,1473.4599609375,0.0,1469.20400390625,1467.5788440822234,35.33722449546783,-4.663375654983156,-2.0132615951435686,-2.6501140598395874
2023-02-24,1456.800048828125,1460.18994140625,1448.0899658203125,1458.6600341796875,166737000.0,Top 10 biggest companies listed in Shenzhen Stock Exchange - fsmone.com.my,0.5,0.5,Positive,0.2023,Positive,-0.0005831136224068167,,1457.6500244140625,0.0,1464.0,0.0,1474.010009765625,0.0,1465.1840087890625,1463.9859123308572,34.929114364133845,-5.708024592430775,-2.75221419460101,-2.9558103978297647
2023-02-27,1455.5,1458.1800537109375,1447.550048828125,1456.0400390625,173142300.0,,0.0,0.0,Neutral,0.0,Neutral,-0.0008924003188843788,,1456.800048828125,0.2023,1457.6500244140625,0.0,1464.0,0.0,1461.5920166015626,1461.1572748872381,34.27705617593252,-6.565140622675472,-3.514799480215902,-3.0503411424595694
2023-02-28,1454.18994140625,1458.969970703125,1452.4300537109375,1456.489990234375,246842100.0,,0.0,0.0,Neutral,0.0,Neutral,-0.0009000746092407974,,1455.5,0.0,1456.800048828125,0.2023,1457.6500244140625,0.0,1457.6280029296875,1458.8348303935754,33.59643153287223,-7.266359957295435,-4.265111575631809,-3.0012483816636264
2023-03-01,1450.199951171875,1454.3800048828125,1444.3900146484375,1454.3800048828125,137107700.0,,0.0,0.0,Neutral,0.0,Neutral,-0.002743788910076317,,1454.18994140625,0.0,1455.5,0.0,1456.800048828125,0.2023,1454.8679931640625,1455.9565373196754,31.542144317773886,-8.051230623260608,-5.022335385157569,-3.028895238103039
2023-03-02,1455.489990234375,1457.02001953125,1447.06005859375,1451.3399658203125,103775800.0,,0.0,0.0,Neutral,0.0,Neutral,0.0036477997797650374,,1450.199951171875,0.0,1454.18994140625,0.0,1455.5,0.0,1454.435986328125,1455.8010216245752,37.038965360773716,-8.15240844917912,-5.648349997961879,-2.504058451217241
2023-03-03,1453.550048828125,1457.780029296875,1452.6199951171875,1457.780029296875,101759100.0,,0.0,0.0,Neutral,0.0,Neutral,-0.0013328442100365434,,1455.489990234375,0.0,1450.199951171875,0.0,1454.18994140625,0.0,1453.785986328125,1455.0506973590918,35.90054217778983,-8.29352704663188,-6.177385407695879,-2.116141638936001
2023-03-06,1452.6800537109375,1460.97998046875,1452.1199951171875,1458.77001953125,97343200.0,,0.0,0.0,Neutral,0.0,Neutral,-0.0005985312427934097,,1453.550048828125,0.0,1455.489990234375,0.0,1450.199951171875,0.0,1453.2219970703125,1454.2604828097071,35.37542117405883,-8.378978241487175,-6.617703974454138,-1.7612742670330368
2023-03-07,1458.6700439453125,1461.4200439453125,1452.6400146484375,1453.969970703125,114286600.0,We Got Now. - New Balance Malaysia,0.13636363636363635,0.4545454545454545,Positive,0.0,Neutral,0.00412340640258213,,1452.6800537109375,0.0,1453.550048828125,0.0,1455.489990234375,0.0,1454.118017578125,1455.7303365215755,41.69854593622498,-7.872606272987923,-6.868684434160896,-1.0039218388270275
2023-03-08,1454.6600341796875,1458.6300048828125,1451.0799560546875,1455.469970703125,116583700.0,,0.0,0.0,Neutral,0.0,Neutral,-0.002749086253104216,,1458.6700439453125,0.0,1452.6800537109375,0.0,1453.550048828125,0.0,1455.0100341796874,1455.3735690742794,38.9509310082938,-7.706046606344671,-7.036156868597651,-0.6698897377470203
2023-03-09,1449.530029296875,1455.1199951171875,1448.449951171875,1454.8199462890625,112442800.0,,0.0,0.0,Neutral,0.0,Neutral,-0.0035266005542700096,,1454.6600341796875,0.0,1458.6700439453125,0.0,1452.6800537109375,0.0,1453.8180419921875,1453.4257224818114,35.70923330307731,-7.896964104824747,-7.20831831584307,-0.6886457889816766
2023-03-10,1433.0799560546875,1445.800048828125,1433.0799560546875,1445.800048828125,118232000.0,,0.0,0.0,Neutral,0.0,Neutral,-0.011348556366346463,,1449.530029296875,0.0,1454.6600341796875,0.0,1458.6700439453125,0.0,1449.7240234375,1446.6438003394367,27.737443450763887,-9.268806003525242,-7.620415853379504,-1.6483901501457376
2023-03-13,1421.8299560546875,1423.6600341796875,1409.9300537109375,1419.4200439453125,130371500.0,Syed Sddiq used his money during GE14 campaign - NST Online,0.0,0.0,Neutral,0.0,Neutral,-0.007850224931602257,,1433.0799560546875,0.0,1449.530029296875,0.0,1454.6600341796875,0.0,1443.55400390625,1438.372518911187,23.82090075435417,-11.135419388506989,-8.323416560405,-2.8120028281019884
2023-03-14,1393.8299560546875,1416.9599609375,1393.8299560546875,1416.9599609375,208134800.0,,0.0,0.0,Neutral,0.0,Neutral,-0.019692931549771808,,1421.8299560546875,0.0,1433.0799560546875,0.0,1449.530029296875,0.0,1430.585986328125,1423.5249979590205,17.280734094107334,-14.704584640119492,-9.599650176347899,-5.104934463771594
2023-03-15,1403.9300537109375,1406.5699462890625,1399.800048828125,1400.0999755859375,158859400.0,"Persatuan Pengguna Pulau Pinang Consumers Association of Penang - Consumers' Association of Penang (CAP) | Testing market efficiency in Malaysia's large, medium and small stock market indices - UUM eThesis",-0.017857142857142863,0.4142857142857142,Neutral,0.3612,Positive,0.007246291136430161,,1393.8299560546875,0.0,1421.8299560546875,0.0,1433.0799560546875,0.0,1420.439990234375,1416.9933498763262,25.25291460322411,-16.527659771908475,-10.985252095460014,-5.542407676448461
2023-03-16,1391.5999755859375,1403.9300537109375,1391.0400390625,1400.8199462890625,123798800.0,Balance of Payments - Portal Rasmi Kementerian Kewangan,0.0,0.0,Neutral,0.0,Neutral,-0.00878254446680482,,1403.9300537109375,0.3612,1393.8299560546875,0.0,1421.8299560546875,0.0,1408.8539794921876,1408.5288917795299,22.413057450984144,-18.751241565795453,-12.538449989527102,-6.212791576268351
2023-03-17,1411.72998046875,1416.9200439453125,1397.22998046875,1397.280029296875,281587900.0,,0.0,0.0,Neutral,0.0,Neutral,0.014465367372787252,,1391.5999755859375,0.0,1403.9300537109375,0.3612,1393.8299560546875,0.0,1404.583984375,1409.5959213426033,35.221063746784765,-18.673862335986314,-13.765532458818944,-4.90832987716737
2023-03-20,1401.81005859375,1408.52001953125,1400.489990234375,1408.1800537109375,95554800.0,BNM Annual Report 2022 - Bank Negara Malaysia,0.0,0.0,Neutral,0.0,Neutral,-0.007026784167115441,,1411.72998046875,0.0,1391.5999755859375,0.0,1403.9300537109375,0.3612,1400.5800048828125,1407.0006337596521,32.38397990287252,-19.191762834443807,-14.850778533943917,-4.3409843004998905
2023-03-21,1406.550048828125,1412.81005859375,1403.9599609375,1407.1600341796875,89710500.0,,0.0,0.0,Neutral,0.0,Neutral,0.0033813355848866244,,1401.81005859375,0.0,1411.72998046875,0.0,1391.5999755859375,0.0,1403.1240234375,1406.8504387824764,35.07511065338964,-19.00069690616897,-15.680762208388927,-3.3199346977800417
2023-03-22,1412.0400390625,1413.52001953125,1406.510009765625,1408.5999755859375,104359400.0,,0.0,0.0,Neutral,0.0,Neutral,0.0039031602458434733,,1406.550048828125,0.0,1401.81005859375,0.0,1411.72998046875,0.0,1404.7460205078125,1408.5803055424842,38.145781911662255,-18.196521280918887,-16.183914022894918,-2.0126072580239693
2023-03-23,1410.97998046875,1410.97998046875,1403.550048828125,1406.969970703125,106373400.0,,0.0,0.0,Neutral,0.0,Neutral,-0.0007507284244246959,,1412.0400390625,0.0,1406.550048828125,0.0,1401.81005859375,0.0,1408.622021484375,1409.3801971845728,37.774279804531474,-17.443664467692543,-16.435864111854443,-1.0078003558381
2023-03-24,1399.699951171875,1411.6700439453125,1399.699951171875,1411.1300048828125,116712200.0,,0.0,0.0,Neutral,0.0,Neutral,-0.007994464452378391,,1410.97998046875,0.0,1412.0400390625,0.0,1406.550048828125,0.0,1406.216015625,1406.1534485136735,33.98177719880867,-17.55486258394467,-16.659663806272487,-0.8951987776721815
2023-03-27,1396.5999755859375,1404.6500244140625,1396.5999755859375,1400.949951171875,109243200.0,Contribution Rate - Pertubuhan Keselamatan Sosial (PERKESO),0.0,0.0,Neutral,0.0,Neutral,-0.002214742940686798,,1399.699951171875,0.0,1410.97998046875,0.0,1412.0400390625,0.0,1405.1739990234375,1402.9689575377615,33.00117727039867,-17.68921970086717,-16.865574985191422,-0.8236447156757478
2023-03-28,1409.0899658203125,1409.22998046875,1398.4200439453125,1401.5999755859375,89163800.0,BNM Annual Report 2022 - Bank Negara Malaysia,0.0,0.0,Neutral,0.0,Neutral,0.00894314080818659,,1396.5999755859375,0.0,1399.699951171875,0.0,1410.97998046875,0.0,1405.681982421875,1405.0092936319452,40.45653339193842,-16.596546201686806,-16.811769228490498,0.21522302680369165
2023-03-29,1420.3499755859375,1422.68994140625,1407.47998046875,1407.47998046875,98993200.0,,0.0,0.0,Neutral,0.0,Neutral,0.007990980021683747,,1409.0899658203125,0.0,1396.5999755859375,0.0,1399.699951171875,0.0,1407.3439697265626,1410.122854283276,46.262083739256774,-14.653094148926584,-16.380034212577716,1.7269400636511314
2023-03-30,1424.6099853515625,1425.3699951171875,1415.0999755859375,1417.81005859375,105758500.0,Economic & Monetary Review 2022 - Bank Negara Malaysia,0.2,0.2,Positive,0.0,Neutral,0.002999267672650685,,1420.3499755859375,0.0,1409.0899658203125,0.0,1396.5999755859375,0.0,1410.069970703125,1414.9518979727047,48.31526860615914,-12.623629862481494,-15.628753342558472,3.0051234800769784
2023-03-31,1422.5899658203125,1429.47998046875,1421.3599853515625,1424.7900390625,138336300.0,"UNIVERSITI TEKNOLOGI MARA IMPACT OF BUDGET DEFICIT, QUALITY OF GOVERNANCE AND FINANCIAL INTEGRITY ON ECONOMIC GROWTH: WELFARE AN - UiTM Institutional Repository",0.1,0.1,Positive,0.4995,Positive,-0.0014179456497011023,,1424.6099853515625,0.0,1420.3499755859375,0.0,1409.0899658203125,0.0,1414.6479736328124,1417.497920588574,47.390635535356964,-11.050875870038908,-14.71317784805456,3.662301978015652
2023-04-03,1433.3900146484375,1433.3900146484375,1426.77001953125,1426.77001953125,96205600.0,,0.0,0.0,Neutral,0.0,Neutral,0.007591821317182834,,1422.5899658203125,0.4995,1424.6099853515625,0.0,1420.3499755859375,0.0,1422.0059814453125,1422.7952852751953,52.6122623876647,-8.831182939584778,-13.536778866360603,4.705595926775825
2023-04-04,1429.6099853515625,1432.8299560546875,1426.6300048828125,1432.239990234375,99190200.0,,0.0,0.0,Neutral,0.0,Neutral,-0.0026371254566065483,,1433.3900146484375,0.0,1422.5899658203125,0.4995,1424.6099853515625,0.0,1426.1099853515625,1425.0668519673177,50.71497498379263,-7.293007819012928,-12.288024656891068,4.99501683787814
2023-04-05,1429.550048828125,1430.199951171875,1425.7099609375,1429.2900390625,54635100.0,,0.0,0.0,Neutral,0.0,Neutral,-4.192508729772282e-05,,1429.6099853515625,0.0,1433.3900146484375,0.0,1422.5899658203125,0.4995,1427.95,1426.5612509209202,50.68376481775171,-6.009554922212374,-11.032330709955328,5.022775787742955
2023-04-06,1424.8900146484375,1431.3199462890625,1416.6700439453125,1431.3199462890625,101716000.0,,0.0,0.0,Neutral,0.0,Neutral,-0.0032597908576251777,,1429.550048828125,0.0,1429.6099853515625,0.0,1433.3900146484375,0.0,1428.006005859375,1426.004172163426,48.200116019776665,-5.30725632028134,-9.88731583202053,4.58005951173919
2023-04-07,1427.0400390625,1427.0799560546875,1421.6199951171875,1424.8599853515625,76320400.0,,0.0,0.0,Neutral,0.0,Neutral,0.0015089055239065896,,1424.8900146484375,0.0,1429.550048828125,0.0,1429.6099853515625,0.0,1428.8960205078124,1426.349461129784,49.4313529244781,-4.5250289003215585,-8.814858445680736,4.2898295453591775
2023-04-10,1428.1300048828125,1429.6500244140625,1425.18994140625,1427.8900146484375,57424000.0,Federal Government Accrual Accounting Manual INTANGIBLE ASSETS - anm.gov.my | Get Free 5G Phones & Unlimited Data with UNI5G Postpaid - unifi.com.my,0.4,0.8,Positive,0.694,Positive,0.0007637948414036533,,1427.0400390625,0.0,1424.8900146484375,0.0,1429.550048828125,0.0,1427.8440185546874,1426.9429757141268,50.07916472078641,-3.7736565383299876,-7.8066180642105865,4.032961525880599
2023-04-11,1435.8900146484375,1435.8900146484375,1426.5,1429.1199951171875,92736300.0,,0.0,0.0,Neutral,0.0,Neutral,0.005433685826285561,,1428.1300048828125,0.694,1427.0400390625,0.0,1424.8900146484375,0.0,1429.1000244140625,1429.9253220255637,54.54388171846403,-2.522937737365737,-6.749881998841617,4.22694426147588
2023-04-12,1434.739990234375,1437.0799560546875,1429.0,1437.02001953125,92391900.0,,0.0,0.0,Neutral,0.0,Neutral,-0.0008009139992133374,,1435.8900146484375,0.0,1428.1300048828125,0.694,1427.0400390625,0.0,1430.1380126953125,1431.5302114285007,53.77628629745944,-1.606018256964262,-5.721109250466146,4.115090993501884
2023-04-13,1434.219970703125,1435.010009765625,1430.8900146484375,1433.8699951171875,99529900.0,,0.0,0.0,Neutral,0.0,Neutral,-0.0003624486212062683,,1434.739990234375,0.0,1435.8900146484375,0.0,1428.1300048828125,0.694,1432.00400390625,1432.4267978533755,53.410263335475214,-0.9108148858440472,-4.759050377541726,3.848235491697679
2023-04-14,1435.1300048828125,1438.280029296875,1431.81005859375,1434.8399658203125,72150500.0,,0.0,0.0,Neutral,0.0,Neutral,0.000634515066221919,,1434.219970703125,0.0,1434.739990234375,0.0,1435.8900146484375,0.0,1433.6219970703125,1433.3278668631879,54.0003218062534,-0.2831649039844706,-3.863873282830275,3.5807083788458045
2023-04-17,1434.9000244140625,1436.0400390625,1429.4300537109375,1434.7900390625,87631200.0,NTW Malaysia - NTW Malaysia | NTW Malaysia - NTW Malaysia,0.0,0.0,Neutral,0.0,Neutral,-0.00016025061699465049,,1435.1300048828125,0.0,1434.219970703125,0.0,1434.739990234375,0.0,1434.9760009765625,1433.851919380146,53.814830012703204,0.1934645874753187,-3.0524057087691565,3.245870296244475
2023-04-18,1432.3599853515625,1435.469970703125,1429.5899658203125,1435.469970703125,76820400.0,TVET Madani - TVET Madani | TVET Madani - TVET Madani | TVET Madani - TVET Madani,0.0,0.0,Neutral,0.0,Neutral,-0.0017701853922102995,,1434.9000244140625,0.0,1435.1300048828125,0.0,1434.219970703125,0.0,1434.2699951171876,1433.3546080372848,51.702442754912184,0.36206332836263755,-2.369511901342798,2.7315752297054354
2023-04-19,1425.0699462890625,1431.5699462890625,1423.050048828125,1431.5699462890625,97047400.0,,0.0,0.0,Neutral,0.0,Neutral,-0.005089529962477024,,1432.3599853515625,0.0,1434.9000244140625,0.0,1435.1300048828125,0.0,1432.335986328125,1430.5930541212108,46.10840022612363,-0.09151129647898415,-1.9139117803700352,1.822400483891051
2023-04-20,1422.1099853515625,1428.6400146484375,1418.8199462890625,1428.6400146484375,79987200.0,,0.0,0.0,Neutral,0.0,Neutral,-0.0020770636172686707,,1425.0699462890625,0.0,1432.3599853515625,0.0,1434.9000244140625,0.0,1429.9139892578125,1427.765364531328,44.025539662399204,-0.6819554072924348,-1.667520505754515,0.9855650984620803
2023-04-25,1425.18994140625,1427.0,1420.8399658203125,1422.27001953125,86166500.0,,0.0,0.0,Neutral,0.0,Neutral,0.002165765015654575,,1422.1099853515625,0.0,1425.0699462890625,0.0,1432.3599853515625,0.0,1427.9259765625,1426.906890156302,46.722456525164176,-0.89108799792848,-1.512234004189308,0.621146006260828
2023-04-26,1414.25,1422.47998046875,1412.75,1421.969970703125,108165700.0,,0.0,0.0,Neutral,0.0,Neutral,-0.007676128695839224,,1425.18994140625,0.0,1422.1099853515625,0.0,1425.0699462890625,0.0,1423.7959716796875,1422.687926770868,39.4514324916552,-1.917485347809361,-1.5932842729133188,-0.3242010748960422
2023-04-27,1418.050048828125,1418.1700439453125,1413.4599609375,1416.43994140625,87781900.0,,0.0,0.0,Neutral,0.0,Neutral,0.002686971064610244,,1414.25,0.0,1425.18994140625,0.0,1422.1099853515625,0.0,1420.933984375,1421.1419674566203,42.78231314903415,-2.39665333253447,-1.753958084837549,-0.642695247696921
2023-04-28,1415.949951171875,1420.5,1412.8399658203125,1418.239990234375,92223200.0,,0.0,0.0,Neutral,0.0,Neutral,-0.0014809756947474773,,1418.050048828125,0.0,1414.25,0.0,1425.18994140625,0.0,1419.1099853515625,1419.4112953617052,41.42599024740736,-2.9122867138571564,-1.9856238106414703,-0.9266629032156861
2023-05-02,1426.1099853515625,1428.3199462890625,1415.9200439453125,1416.2099609375,95430800.0,,0.0,0.0,Neutral,0.0,Neutral,0.007175418997881211,,1415.949951171875,0.0,1418.050048828125,0.0,1414.25,0.0,1419.9099853515625,1421.644192024991,49.72934738796088,-2.4725974716266137,-2.083018542838499,-0.3895789287881146
2023-05-03,1425.989990234375,1425.989990234375,1415.469970703125,1423.9000244140625,108563000.0,Monetary Policy Statement - Bank Negara Malaysia,0.0,0.0,Neutral,0.0,Neutral,-8.414155879987728e-05,,1426.1099853515625,0.0,1415.949951171875,0.0,1418.050048828125,0.0,1420.0699951171875,1423.092791428119,49.639845484345976,-2.109506109180302,-2.0883160561068594,-0.02119005307344235
2023-05-05,1431.0400390625,1431.22998046875,1421.780029296875,1423.6099853515625,83059100.0,,0.0,0.0,Neutral,0.0,Neutral,0.003541433574365316,,1425.989990234375,0.0,1426.1099853515625,0.0,1415.949951171875,0.0,1423.4280029296874,1425.7418739729126,53.4379611617743,-1.3981399658841838,-1.9502808380623242,0.5521408721781405
2023-05-08,1433.739990234375,1438.3299560546875,1430.8599853515625,1432.300048828125,79483400.0,,0.0,0.0,Neutral,0.0,Neutral,0.001886705541547018,,1431.0400390625,0.0,1425.989990234375,0.0,1426.1099853515625,0.0,1426.5659912109375,1428.4079127267335,55.375709931850004,-0.609487880179131,-1.6821222464856855,1.0726343663065545
2023-05-09,1432.6300048828125,1432.75,1428.52001953125,1431.5799560546875,95374100.0,,0.0,0.0,Neutral,0.0,Neutral,-0.0007741887365372291,,1433.739990234375,0.0,1431.0400390625,0.0,1425.989990234375,0.0,1429.902001953125,1429.8152767787599,54.37386227968181,-0.07319817862389755,-1.360337432913328,1.2871392542894304
2023-05-10,1425.6800537109375,1433.6800537109375,1424.530029296875,1433.1099853515625,90411500.0,Property sector demand on the downtrend - Daily Express Malaysia | Malaysia Baharu: Five Years On From GE14 - betweenthelines.my,0.0,0.0,Neutral,-0.128,Negative,-0.004851183591148889,,1432.6300048828125,0.0,1433.739990234375,0.0,1431.0400390625,0.0,1429.816015625,1428.4368690894858,48.46189575752509,-0.20660607654508567,-1.1295911616396794,0.9229850850945938
2023-05-11,1425.1800537109375,1428.780029296875,1424.8199462890625,1425.5799560546875,122493500.0,,0.0,0.0,Neutral,0.0,Neutral,-0.0003507098234969419,,1425.6800537109375,-0.128,1432.6300048828125,0.0,1433.739990234375,0.0,1429.6540283203126,1427.351263963303,48.05706642360626,-0.3486594885739578,-0.9734048270265351,0.6247453384525773
2023-05-12,1422.9200439453125,1429.9200439453125,1422.9200439453125,1426.47998046875,153286800.0,,0.0,0.0,Neutral,0.0,Neutral,-0.0015857713976141774,,1425.1800537109375,0.0,1425.6800537109375,-0.128,1432.6300048828125,0.0,1428.030029296875,1425.8741906239727,46.17929025311916,-0.6362672486625343,-0.9059773113537349,0.2697100626912007
2023-05-15,1417.3699951171875,1427.3599853515625,1415.93994140625,1423.530029296875,92214400.0,,0.0,0.0,Neutral,0.0,Neutral,-0.003900464296459294,,1422.9200439453125,0.0,1425.1800537109375,0.0,1425.6800537109375,-0.128,1424.7560302734375,1423.0394587883777,41.854185473063445,-1.297088992871295,-0.984199647657247,-0.312889345214048
2023-05-16,1423.5,1426.1199951171875,1417.9200439453125,1417.9200439453125,93493100.0,,0.0,0.0,Neutral,0.0,Neutral,0.0043249150919875134,,1417.3699951171875,0.0,1422.9200439453125,0.0,1425.1800537109375,0.0,1422.930029296875,1423.1929725255852,47.68252513557431,-1.3110419471936439,-1.0495681075645265,-0.2614738396291174
2023-05-17,1424.3399658203125,1427.4000244140625,1421.3399658203125,1422.010009765625,92504200.0,,0.0,0.0,Neutral,0.0,Neutral,0.0005900708256498799,,1423.5,0.0,1417.3699951171875,0.0,1422.9200439453125,0.0,1422.66201171875,1423.5753036238277,48.445098848712206,-1.2400272796185163,-1.0876599419753243,-0.152367337643192
2023-05-18,1428.0400390625,1428.0400390625,1421.9200439453125,1424.739990234375,88484500.0,,0.0,0.0,Neutral,0.0,Neutral,0.0025977458549066856,,1424.3399658203125,0.0,1423.5,0.0,1417.3699951171875,0.0,1423.2340087890625,1425.0635487700517,51.779372955275434,-0.8750951044535213,-1.0451469744709638,0.17005187001744249
2023-05-19,1428.5400390625,1428.5400390625,1423.6500244140625,1425.449951171875,91861400.0,BOND MARKET - Securities Commission Malaysia,0.0,0.0,Neutral,0.296,Positive,0.0003501302388750904,,1428.0400390625,0.0,1424.3399658203125,0.0,1423.5,0.0,1424.3580078125,1426.2223788675344,52.228987297267615,-0.5393209489318451,-0.94398176936314,0.4046608204312949
2023-05-22,1419.0,1425.6600341796875,1416.199951171875,1423.6199951171875,116266900.0,,0.0,0.0,Neutral,0.0,Neutral,-0.006678174080973487,,1428.5400390625,0.296,1428.0400390625,0.0,1424.3399658203125,0.0,1424.6840087890625,1423.814919245023,43.831352132314336,-1.0311326788057613,-0.9614119512516643,-0.06972072755409697
2023-05-23,1411.5400390625,1419.6099853515625,1409.510009765625,1418.3199462890625,106577700.0,DECLARATION TO BE COMPLETED BY APPLICANT - Asian Institute of Chartered Bankers,0.0,0.0,Neutral,0.0,Neutral,-0.005257195868569431,,1419.0,0.0,1428.5400390625,0.296,1428.0400390625,0.0,1422.2920166015624,1419.7232925175153,38.604349484140585,-1.9998010584356507,-1.1690897726884617,-0.830711285747189
2023-05-24,1409.6199951171875,1414.6600341796875,1406.27001953125,1411.3599853515625,122164200.0,,0.0,0.0,Neutral,0.0,Neutral,-0.0013602475963684357,,1411.5400390625,0.0,1419.0,0.0,1428.5400390625,0.296,1419.3480224609375,1416.355526717406,37.36914100108792,-2.8891054192142747,-1.5130929019936243,-1.3760125172206503
2023-05-25,1402.47998046875,1411.4200439453125,1402.47998046875,1408.93994140625,116408900.0,,0.0,0.0,Neutral,0.0,Neutral,-0.005065205284523477,,1409.6199951171875,0.0,1411.5400390625,0.0,1419.0,0.0,1414.2360107421875,1411.7303446345206,33.124629855145606,-4.12250338985109,-2.0349749995651174,-2.0875283902859727
2023-05-26,1402.97998046875,1405.449951171875,1397.97998046875,1402.9300537109375,149780100.0,,0.0,0.0,Neutral,0.0,Neutral,0.000356511327764375,,1402.47998046875,0.0,1409.6199951171875,0.0,1411.5400390625,0.0,1409.1239990234376,1408.8135565792638,33.69260860959124,-5.00197469573618,-2.62837493879933,-2.3735997569368505
2023-05-29,1404.9300537109375,1406.530029296875,1401.9300537109375,1405.469970703125,130205600.0,,0.0,0.0,Neutral,0.0,Neutral,0.0013899508683907769,,1402.97998046875,0.0,1402.47998046875,0.0,1409.6199951171875,0.0,1406.310009765625,1407.519055623155,35.97647694372917,-5.478455207286743,-3.1983909924968126,-2.28006421478993
2023-05-30,1396.9100341796875,1406.0400390625,1396.9100341796875,1406.0400390625,152265400.0,Enjoy online-only rates of up to 3.70% p.a. with e-Islamic Fixed Deposit-i - Maybank2u,0.25,0.35,Positive,0.4939,Positive,-0.00570848314481287,,1404.9300537109375,0.0,1402.97998046875,0.0,1402.47998046875,0.0,1403.3840087890626,1403.9827151419993,31.21461986004514,-6.429107249230356,-3.8445342438435213,-2.5845730053868343
2023-05-31,1387.1199951171875,1398.3800048828125,1380.9000244140625,1396.6800537109375,657523800.0,,0.0,0.0,Neutral,0.0,Neutral,-0.007008353310490101,,1396.9100341796875,0.4939,1404.9300537109375,0.0,1402.97998046875,0.0,1398.8840087890626,1398.361808467062,26.588242644796768,-7.881625700192217,-4.65195253511326,-3.2296731650789567
2023-06-01,1383.010009765625,1386.4100341796875,1378.5799560546875,1383.300048828125,139957800.0,Quarterly Bulletin Q1 2023 - Bank Negara Malaysia,0.0,0.0,Neutral,0.0,Neutral,-0.002962963093337323,,1387.1199951171875,0.0,1396.9100341796875,0.4939,1404.9300537109375,0.0,1394.9900146484374,1393.2445422332496,24.918514846888957,-9.257681714600949,-5.573098371010798,-3.684583343590151
2023-06-02,1381.260009765625,1385.8199462890625,1376.780029296875,1385.8199462890625,128952300.0,iCGS Portal - Universiti Sains Islam Malaysia,0.0,0.0,Neutral,0.0,Neutral,-0.0012653559899371558,,1383.010009765625,0.0,1387.1199951171875,0.0,1396.9100341796875,0.4939,1390.6460205078124,1389.2496980773747,24.221035724826205,-10.369888771877413,-6.532456451184121,-3.837432320693292
2023-06-06,1383.1700439453125,1383.5799560546875,1377.3499755859375,1382.0999755859375,120094000.0,,0.0,0.0,Neutral,0.0,Neutral,0.001382820154194997,,1381.260009765625,0.0,1383.010009765625,0.0,1387.1199951171875,0.0,1386.2940185546875,1387.2231467000206,26.63475739338091,-10.970733297895322,-7.420111820526361,-3.550621477368961
2023-06-07,1378.6500244140625,1383.550048828125,1371.739990234375,1382.0,118413400.0,,0.0,0.0,Neutral,0.0,Neutral,-0.003267869739542073,,1383.1700439453125,0.0,1381.260009765625,0.0,1383.010009765625,0.0,1382.6420166015625,1384.365439271368,24.635010070503654,-11.677029190597068,-8.271495294540502,-3.405533896056566
2023-06-08,1374.6400146484375,1376.6199951171875,1369.4100341796875,1375.7900390625,109443600.0,Xpats Gateway - Xpats Gateway,0.0,0.0,Neutral,0.0,Neutral,-0.002908649544563935,,1378.6500244140625,0.0,1383.1700439453125,0.0,1381.260009765625,0.0,1380.1460205078124,1381.1236310637244,22.986154901686724,-12.417210179679842,-9.10063827156837,-3.316571908111472
2023-06-09,1376.0799560546875,1381.260009765625,1373.0799560546875,1375.5799560546875,92008800.0,,0.0,0.0,Neutral,0.0,Neutral,0.0010475043581634758,,1374.6400146484375,0.0,1378.6500244140625,0.0,1383.1700439453125,0.0,1378.760009765625,1379.442406060712,24.929208733109277,-12.740750270574608,-9.828660671369617,-2.9120895992049913
2023-06-12,1386.77001953125,1390.550048828125,1377.6099853515625,1377.6099853515625,100957500.0,,0.0,0.0,Neutral,0.0,Neutral,0.007768490071762724,,1376.0799560546875,0.0,1374.6400146484375,0.0,1378.6500244140625,0.0,1379.86201171875,1381.8849438842246,37.53023809246134,-11.996273765076012,-10.262183290110896,-1.7340904749651163
2023-06-13,1380.6099853515625,1387.7900390625,1378.1500244140625,1387.68994140625,139291300.0,,0.0,0.0,Neutral,0.0,Neutral,-0.00444200126403782,,1386.77001953125,0.0,1376.0799560546875,0.0,1374.6400146484375,0.0,1379.35,1381.4599577066706,33.98969548617778,-11.76768351709552,-10.56328333550782,-1.2044001815876992
2023-06-14,1385.4200439453125,1386.7900390625,1381.489990234375,1381.699951171875,134350100.0,,0.0,0.0,Neutral,0.0,Neutral,0.0034840097093207234,,1380.6099853515625,0.0,1386.77001953125,0.0,1376.0799560546875,0.0,1380.70400390625,1382.7799864528845,38.841437530516984,-11.070775560149514,-10.66478178043616,-0.40599377971335393
2023-06-15,1381.72998046875,1382.9599609375,1378.8299560546875,1382.9599609375,109127300.0,,0.0,0.0,Neutral,0.0,Neutral,-0.002663497971383544,,1385.4200439453125,0.0,1380.6099853515625,0.0,1386.77001953125,0.0,1382.1219970703125,1382.429984458173,36.61788508569674,-10.692966406141068,-10.670418705577141,-0.0225477005639263
2023-06-16,1388.6099853515625,1388.6099853515625,1373.1500244140625,1382.4200439453125,305649700.0,,0.0,0.0,Neutral,0.0,Neutral,0.0049792687283796155,,1381.72998046875,0.0,1385.4200439453125,0.0,1380.6099853515625,0.0,1384.6280029296875,1384.4899847559695,43.15227120389427,-9.726272617834411,-10.481589488028595,0.7553168701941839
2023-06-19,1387.3299560546875,1390.5,1379.8299560546875,1383.8900146484375,75445100.0,,0.0,0.0,Neutral,0.0,Neutral,-0.000921806202157538,,1388.6099853515625,0.0,1381.72998046875,0.0,1385.4200439453125,0.0,1384.739990234375,1385.4366418555421,42.27894191846954,-8.960161330247047,-10.177303856472285,1.2171425262252384
2023-06-20,1388.3299560546875,1388.75,1383.8599853515625,1387.239990234375,96573400.0,,0.0,0.0,Neutral,0.0,Neutral,0.0007208090588946003,,1387.3299560546875,0.0,1388.6099853515625,0.0,1381.72998046875,0.0,1386.283984375,1386.4010799219238,43.24530631882165,-8.178049508573395,-9.777452986892508,1.599403478319113
2023-06-21,1393.449951171875,1395.8499755859375,1383.8800048828125,1385.72998046875,118222400.0,,0.0,0.0,Neutral,0.0,Neutral,0.0036878806042168755,,1388.3299560546875,0.0,1387.3299560546875,0.0,1388.6099853515625,0.0,1387.8899658203125,1388.7507036719076,48.04170991203524,-7.063654032003797,-9.234693195914765,2.1710391639109687
2023-06-22,1394.6700439453125,1402.43994140625,1391.760009765625,1392.1199951171875,116525600.0,,0.0,0.0,Neutral,0.0,Neutral,0.0008755913855473807,,1393.449951171875,0.0,1388.3299560546875,0.0,1387.3299560546875,0.0,1390.477978515625,1390.7238170963758,49.14466653636918,-6.012725342998692,-8.59029962533155,2.577574282332858
2023-06-23,1390.8900146484375,1397.5400390625,1389.699951171875,1395.699951171875,89365400.0,,0.0,0.0,Neutral,0.0,Neutral,-0.002710339490896274,,1394.6700439453125,0.0,1393.449951171875,0.0,1388.3299560546875,0.0,1390.933984375,1390.7792162803964,45.894181253951515,-5.422367877084298,-7.9567132756821,2.534345398597802
2023-06-26,1389.8800048828125,1394.300048828125,1388.4100341796875,1391.550048828125,79124900.0,,0.0,0.0,Neutral,0.0,Neutral,-0.0007261607711521734,,1390.8900146484375,0.0,1394.6700439453125,0.0,1393.449951171875,0.0,1391.443994140625,1390.4794791478685,45.03703158821349,-4.978614312419722,-7.361093483029625,2.382479170609902
2023-06-27,1386.739990234375,1393.3800048828125,1385.300048828125,1390.8699951171875,85691700.0,,0.0,0.0,Neutral,0.0,Neutral,-0.0022591983749721267,,1389.8800048828125,0.0,1390.8900146484375,0.0,1394.6700439453125,0.0,1391.1260009765624,1389.2329828433706,42.386589657218146,-4.824693294253848,-6.8538134452744695,2.0291201510206216
2023-06-28,1388.3699951171875,1394.56005859375,1387.6700439453125,1387.6700439453125,71393900.0,Al-Qaeda Di Semenanjung Arab Dan Kesannya Kepada Ketidakstabilan Geopolitik Di Republik Yaman - eJournal UM,0.0,0.0,Neutral,0.0,Neutral,0.0011754221370201545,,1386.739990234375,0.0,1389.8800048828125,0.0,1390.8900146484375,0.0,1390.110009765625,1388.9453202679763,44.221673576603514,-4.519088764648814,-6.3868685091493385,1.8677797445005249
2023-06-30,1376.6800537109375,1391.47998046875,1370.1500244140625,1388.52001953125,172513900.0,,0.0,0.0,Neutral,0.0,Neutral,-0.00841990351805555,,1388.3699951171875,0.0,1386.739990234375,0.0,1389.8800048828125,0.0,1386.51201171875,1384.8568980822968,35.490823431464754,-5.160686367711378,-6.141632080861746,0.9809457131503683
2023-07-03,1395.8900146484375,1397.3699951171875,1379.31005859375,1379.3900146484375,70750600.0,,0.0,0.0,Neutral,0.0,Neutral,0.013953831092212265,,1376.6800537109375,0.0,1388.3699951171875,0.0,1386.739990234375,0.0,1387.51201171875,1388.5346036043436,52.19410048396638,-4.072132775464752,-5.7277322197823475,1.6555994443175956
2023-07-04,1392.489990234375,1396.3299560546875,1388.8499755859375,1393.56005859375,63595600.0,,0.0,0.0,Neutral,0.0,Neutral,-0.002435739476880472,,1395.8900146484375,0.0,1376.6800537109375,0.0,1388.3699951171875,0.0,1388.0340087890625,1389.853065814354,49.73927903414763,-3.444098344194117,-5.271005444664701,1.8269071004705841
2023-07-05,1389.9000244140625,1395.8199462890625,1389.9000244140625,1392.3800048828125,68297000.0,,0.0,0.0,Neutral,0.0,Neutral,-0.0018599529177776297,,1392.489990234375,0.0,1395.8900146484375,0.0,1376.6800537109375,0.0,1388.666015625,1389.8687186809236,47.89148534507435,-3.119406552150167,-4.840685666161795,1.7212791140116277
2023-07-06,1385.949951171875,1389.7099609375,1381.8599853515625,1389.7099609375,92373100.0,Frequently Asked Questions (FAQ) on Monetary Policy - Bank Negara Malaysia,0.1,0.3,Positive,0.0,Neutral,-0.0028419837202698917,,1389.9000244140625,0.0,1392.489990234375,0.0,1395.8900146484375,0.0,1388.1820068359375,1388.5624628445742,45.137346581148854,-3.144575161154762,-4.501463565160388,1.356888404005626
2023-07-07,1377.6700439453125,1385.739990234375,1377.6700439453125,1382.199951171875,85665300.0,,0.0,0.0,Neutral,0.0,Neutral,-0.005974174766961493,,1385.949951171875,0.0,1389.9000244140625,0.0,1392.489990234375,0.0,1388.3800048828125,1384.9316565448203,39.95101441955916,-3.7889639622242157,-4.358963644573153,0.5699996823489375
2023-07-10,1383.06005859375,1386.93994140625,1377.56005859375,1377.56005859375,77577500.0,,0.0,0.0,Neutral,0.0,Neutral,0.003912413333022613,,1377.6700439453125,0.0,1385.949951171875,0.0,1389.9000244140625,0.0,1385.814013671875,1384.30779056113,44.427463803410575,-3.820675228004802,-4.251305961259483,0.4306307332546808
2023-07-11,1391.4599609375,1391.4599609375,1384.8399658203125,1386.0899658203125,105063900.0,,0.0,0.0,Neutral,0.0,Neutral,0.006073418353423232,,1383.06005859375,0.0,1377.6700439453125,0.0,1385.949951171875,0.0,1385.6080078125,1386.6918473532535,50.60708223378978,-3.131902098525188,-4.027425188712624,0.895523090187436
2023-07-12,1398.06005859375,1400.050048828125,1389.93994140625,1390.27001953125,81189300.0,,0.0,0.0,Neutral,0.0,Neutral,0.004743289668071471,,1391.4599609375,0.0,1383.06005859375,0.0,1377.6700439453125,0.0,1387.2400146484374,1390.4812511000857,54.85496251249422,-2.0300703225250345,-3.627954215475106,1.5978838929500716
2023-07-13,1396.22998046875,1401.760009765625,1396.22998046875,1401.0999755859375,71844700.0,,0.0,0.0,Neutral,0.0,Neutral,-0.0013090125232823047,,1398.06005859375,0.0,1391.4599609375,0.0,1383.06005859375,0.0,1389.2960205078125,1392.3974942229738,53.481505218795434,-1.2896662422112968,-3.1602966208223444,1.8706303786110476
2023-07-14,1412.0899658203125,1414.219970703125,1399.3900146484375,1399.530029296875,160012400.0,Latest trends on Managing Intragroup Loans in Malaysia - transferpricingsolutions.my,0.5,0.9,Positive,0.0,Neutral,0.011359149691254844,,1396.22998046875,0.0,1398.06005859375,0.0,1391.4599609375,0.0,1396.1800048828125,1398.9616514220868,62.29282674782019,0.5703034925431893,-2.4141765981492376,2.984480090692427
2023-07-17,1406.0999755859375,1412.0899658203125,1403.1199951171875,1411.77001953125,92626300.0,,0.0,0.0,Neutral,0.0,Neutral,-0.004241932440115614,,1412.0899658203125,0.0,1396.22998046875,0.0,1398.06005859375,0.0,1400.78798828125,1401.341092810037,57.836991681632114,1.543211573810595,-1.622698963757271,3.165910537567866
2023-07-18,1403.030029296875,1407.9000244140625,1399.469970703125,1407.5400390625,78504600.0,,0.0,0.0,Neutral,0.0,Neutral,-0.0021833058405276162,,1406.0999755859375,0.0,1412.0899658203125,0.0,1396.22998046875,0.0,1403.102001953125,1401.904071638983,55.640296244449004,2.0429790380828763,-0.8895633633892416,2.932542401472118
2023-07-20,1406.68994140625,1409.3399658203125,1402.7099609375,1404.5699462890625,100328400.0,,0.0,0.0,Neutral,0.0,Neutral,0.0026085771743666886,,1403.030029296875,0.0,1406.0999755859375,0.0,1412.0899658203125,0.0,1404.827978515625,1403.4993615614053,57.70282529265154,2.703211732057298,-0.1710083442999336,2.8742200763572314
2023-07-21,1413.52001953125,1413.52001953125,1405.6400146484375,1407.47998046875,86987100.0,,0.0,0.0,Neutral,0.0,Neutral,0.004855425438083483,,1406.68994140625,0.0,1403.030029296875,0.0,1406.0999755859375,0.0,1408.285986328125,1406.839580884687,61.317472971052155,3.7345317645779232,0.6100996774756378,3.1244320871022855
2023-07-24,1424.68994140625,1424.68994140625,1412.3800048828125,1412.6800537109375,87448700.0,,0.0,0.0,Neutral,0.0,Neutral,0.007902202813303116,,1413.52001953125,0.0,1406.68994140625,0.0,1403.030029296875,0.0,1410.8059814453125,1412.7897010585414,66.37791448336446,5.391035167383734,1.566286775457257,3.824748391926477
2023-07-25,1436.7900390625,1437.81005859375,1425.280029296875,1425.760009765625,135600500.0,,0.0,0.0,Neutral,0.0,Neutral,0.008493144581554812,,1424.68994140625,0.0,1413.52001953125,0.0,1406.68994140625,0.0,1416.943994140625,1420.7898137265277,70.82973253781249,7.592679126007852,2.771565245567376,4.821113880440476
2023-07-26,1449.2900390625,1449.2900390625,1436.699951171875,1436.699951171875,133082000.0,,0.0,0.0,Neutral,0.0,Neutral,0.0086999489557682,,1436.7900390625,0.0,1424.68994140625,0.0,1413.52001953125,0.0,1426.19599609375,1430.2898888385184,74.57497521802756,10.228238590730598,4.262899914600021,5.965338676130577
2023-07-27,1451.27001953125,1456.3599853515625,1446.9200439453125,1447.6600341796875,123234900.0,,0.0,0.0,Neutral,0.0,Neutral,0.0013661726882707725,,1449.2900390625,0.0,1436.7900390625,0.0,1424.68994140625,0.0,1435.11201171875,1437.2832657360957,75.11988857108398,12.334521643610287,5.877224260402074,6.457297383208213
2023-07-28,1450.3499755859375,1454.239990234375,1446.4599609375,1448.2099609375,101845900.0,,0.0,0.0,Neutral,0.0,Neutral,-0.0006339577976052224,,1451.27001953125,0.0,1449.2900390625,0.0,1436.7900390625,0.0,1442.4780029296876,1441.638835686043,74.32277476815588,13.770785240472833,7.455936456416226,6.314848784056607
2023-07-31,1459.4300537109375,1464.699951171875,1451.0699462890625,1451.0699462890625,164867900.0,,0.0,0.0,Neutral,0.0,Neutral,0.006260611768088342,,1450.3499755859375,0.0,1451.27001953125,0.0,1449.2900390625,0.0,1449.426025390625,1447.5692416943411,76.92515032868005,15.463467678294137,9.057442700791809,6.406024977502328
2023-08-01,1451.239990234375,1462.56005859375,1449.02001953125,1458.9000244140625,98171000.0,"State govt can downgrade hotel ratings if service not up to par, Melaka assembly told - thestar.com.my",0.0,0.0,Neutral,0.0,Neutral,-0.005611823229031976,,1459.4300537109375,0.0,1450.3499755859375,0.0,1451.27001953125,0.0,1452.316015625,1448.7928245410192,70.03080019089155,15.960083126567497,10.437970785946947,5.52211234062055
2023-08-02,1444.56005859375,1450.280029296875,1441.8499755859375,1449.449951171875,91589600.0,China Telecom fully supports the 1st ever China Smart Industry Trade Exhibition - Persatuan Usahawan China Di Malaysia (PUCM),0.21428571428571427,0.6428571428571429,Positive,0.6697,Positive,-0.00460291315397543,,1451.239990234375,0.0,1459.4300537109375,0.0,1450.3499755859375,0.0,1451.37001953125,1447.381902558596,64.92017427510041,15.63441597508995,11.477259823775547,4.157156151314403
2023-08-03,1441.8499755859375,1442.780029296875,1433.0400390625,1441.3699951171875,89240200.0,,0.0,0.0,Neutral,0.0,Neutral,-0.0018760611521065895,,1444.56005859375,0.6697,1451.239990234375,0.0,1459.4300537109375,0.0,1449.4860107421875,1445.5379269010432,62.914183966387085,14.984904707923533,12.178788800605144,2.8061159073183894
2023-08-04,1445.2099609375,1447.1300048828125,1442.22998046875,1442.489990234375,70523900.0,,0.0,0.0,Neutral,0.0,Neutral,0.0023303293743837106,,1441.8499755859375,0.0,1444.56005859375,0.6697,1451.239990234375,0.0,1448.4580078125,1445.4286049131954,64.38358009275669,14.57329323368208,12.65768968722053,1.9156035464615488
2023-08-07,1445.81005859375,1449.3800048828125,1442.1300048828125,1444.8900146484375,48138700.0,Bank Negara Malaysia Increase Overnight Policy Rate (OPR) By 25 Basis Points To 2 Percent - Smart Investor Malaysia,0.21428571428571427,0.6428571428571429,Positive,0.6124,Positive,0.00041523216174121913,,1445.2099609375,0.0,1441.8499755859375,0.0,1444.56005859375,0.6697,1445.7340087890625,1445.555756140047,64.65295269517513,14.13259923375017,12.952671596526459,1.1799276372237113
2023-08-08,1451.0,1452.469970703125,1441.6300048828125,1444.2099609375,87847500.0,Macquarie - Malaysia Warrants,0.0,0.0,Neutral,0.0,Neutral,0.0035896426196522224,,1445.81005859375,0.6124,1445.2099609375,0.0,1441.8499755859375,0.0,1445.6860107421876,1447.3705040933646,66.97900022589508,14.04028331482914,13.170193940186994,0.870089374642145
2023-08-09,1462.030029296875,1462.030029296875,1446.7099609375,1450.300048828125,140193500.0,,0.0,0.0,Neutral,0.0,Neutral,0.007601674222518895,,1451.0,0.0,1445.81005859375,0.6124,1445.2099609375,0.0,1449.1800048828125,1452.2570124945348,71.30140101789489,14.687841176224993,13.473723387394594,1.2141177888303982
2023-08-10,1458.9300537109375,1460.699951171875,1453.3699951171875,1460.3599853515625,140203100.0,,0.0,0.0,Neutral,0.0,Neutral,-0.0021203227866860574,,1462.030029296875,0.0,1451.0,0.0,1445.81005859375,0.6124,1452.5960205078125,1454.481359566669,68.58417944562156,14.78051277386794,13.735081264689263,1.0454315091786768
2023-08-11,1457.1600341796875,1458.969970703125,1449.6700439453125,1458.469970703125,116246300.0,"IPSAS 17 PROPERTY PLANT & EQUIPMENT - Jabatan Akauntan Negara Malaysia | MIER: Consumer sentiment and business conditions remain on downtrend in 2Q2023 - Malaysian Institute of Economic Research | RAM Ratings downgrades Country Garden to BBB3(s), places rating on Negative Rating Watch - ram.com.my",-0.04999999999999999,0.3,Neutral,-0.5719,Negative,-0.0012132312489880892,,1458.9300537109375,0.0,1462.030029296875,0.0,1451.0,0.0,1454.98603515625,1455.3742511043417,67.0138314384681,14.543481695182209,13.896761350787852,0.6467203443943568
2023-08-14,1457.0,1457.4300537109375,1452.1500244140625,1457.18994140625,83404700.0,,0.0,0.0,Neutral,0.0,Neutral,-0.00010982608356924217,,1457.1600341796875,-0.5719,1458.9300537109375,0.0,1462.030029296875,0.0,1457.2240234375,1455.9161674028944,66.86476199276841,14.179269642616646,13.953263009153611,0.22600663346303485
2023-08-15,1460.280029296875,1463.2900390625,1456.27001953125,1456.8599853515625,84618900.0,,0.0,0.0,Neutral,0.0,Neutral,0.002251221205816778,,1457.0,0.0,1457.1600341796875,-0.5719,1458.9300537109375,0.0,1459.080029296875,1457.3707880342213,68.41553206470367,13.993985959672273,13.961407599257344,0.03257836041492901
2023-08-16,1463.510009765625,1464.27001953125,1458.3699951171875,1459.030029296875,120690800.0,,0.0,0.0,Neutral,0.0,Neutral,0.002211891146868039,,1460.280029296875,0.0,1457.0,0.0,1457.1600341796875,-0.5719,1459.376025390625,1459.4171952780225,69.90901602518785,13.94700731715534,13.958527542836944,-0.011520225681604046
2023-08-17,1447.97998046875,1460.760009765625,1447.97998046875,1460.6099853515625,154807600.0,MFRS and MPERS Common Issues on Investment Property and Property Plant and Equipment - Accountants Today,-0.3,0.5,Negative,0.0,Neutral,-0.01061149509962156,,1463.510009765625,0.0,1460.280029296875,0.0,1457.0,0.0,1457.1860107421876,1455.6047903415983,56.1589943728215,12.512397698143104,13.669301573898176,-1.1569038757550718
2023-08-18,1446.0899658203125,1449.22998046875,1442.260009765625,1449.22998046875,127832700.0,Financial Markets and Exchange Rate - Bank Negara Malaysia | Financial Markets and Exchange Rate - Bank Negara Malaysia,0.0,0.0,Neutral,0.0,Neutral,-0.001305276781399689,,1447.97998046875,0.0,1463.510009765625,0.0,1460.280029296875,0.0,1454.9719970703125,1452.4331821678363,54.74771254498193,11.095053976840518,13.154452054486644,-2.059398077646126
2023-08-21,1450.5699462890625,1451.6800537109375,1445.0999755859375,1446.68994140625,121972100.0,Top 10 US ETFs to consider for RSP - fsmone.com.my,0.5,0.5,Positive,0.2023,Positive,0.0030979956812082765,,1446.0899658203125,0.0,1447.97998046875,0.0,1463.510009765625,0.0,1453.685986328125,1451.8121035415784,57.47561066563326,10.215537492109661,12.566669142011246,-2.3511316499015855
2023-08-22,1451.530029296875,1456.4000244140625,1449.18994140625,1450.8699951171875,99704700.0,,0.0,0.0,Neutral,0.0,Neutral,0.0006618660549728705,,1450.5699462890625,0.2023,1446.0899658203125,0.0,1447.97998046875,0.0,1451.935986328125,1451.718078793344,58.059112958489855,9.486629061765825,11.950661125962162,-2.4640320641963367
2023-08-23,1440.1099853515625,1451.719970703125,1439.1300048828125,1451.6300048828125,101613400.0,,0.0,0.0,Neutral,0.0,Neutral,-0.007867590552600778,,1451.530029296875,0.0,1450.5699462890625,0.2023,1446.0899658203125,0.0,1447.2559814453125,1447.8487143127502,49.37959374319709,7.896436568716354,11.139816214513,-3.2433796457966473
2023-08-24,1444.6700439453125,1446.75,1441.52001953125,1441.52001953125,87375800.0,"THE PRACTICE OF STANDARDIZING THE DEPRECIATION OF VEHICLE ASSETS: KNOWLEDGE, ATTITUDES AND PRACTICES TOWARDS PRACTICES IN STANDA - jppkk",0.0,0.0,Neutral,0.347,Positive,0.0031664655062000335,,1440.1099853515625,0.0,1451.530029296875,0.0,1450.5699462890625,0.2023,1446.593994140625,1446.7891575236042,52.43718980629891,6.924336736128225,10.296720318836046,-3.372383582707821
2023-08-25,1444.489990234375,1444.81005859375,1438.510009765625,1444.2099609375,110374500.0,Motorcycle & Car Insurance Online Renewal within 5 minutes - Pos Malaysia | Emerging Markets: Optimistic outlook despite near-term malaise - fsmone.com.my | Motorcycle & Car Insurance Online Renewal within 5 minutes - Pos Malaysia,0.0,0.0,Neutral,0.3182,Positive,-0.00012463310338028943,,1444.6700439453125,0.347,1440.1099853515625,0.0,1451.530029296875,0.0,1446.2739990234375,1446.0227684271945,52.30285263555715,6.069446978827727,9.451265650834383,-3.3818186720066556
2023-08-28,1444.06005859375,1445.31005859375,1441.780029296875,1443.6700439453125,90966700.0,BSN MYGOLD ACCOUNT-i - bsn.com.my | BSN MYGOLD ACCOUNT-i - bsn.com.my | BSN MYGOLD ACCOUNT-i - bsn.com.my | BSN MYGOLD ACCOUNT-i - bsn.com.my,0.0,0.0,Neutral,0.0,Neutral,-0.0002976355970145672,,1444.489990234375,0.3182,1444.6700439453125,0.347,1440.1099853515625,0.0,1444.972021484375,1445.3685318160462,51.9605481994812,5.296197528370612,8.620252026341628,-3.324054497971016
2023-08-29,1454.43994140625,1455.800048828125,1441.52001953125,1443.469970703125,124595100.0,"THE PRACTICE OF STANDARDIZING THE DEPRECIATION OF VEHICLE ASSETS: KNOWLEDGE, ATTITUDES AND PRACTICES TOWARDS PRACTICES IN STANDARDIZATION OF ASSETS DEPRECIATION AMONG THREE LOCAL COUNCILS THAT AR - jppkk",0.0,0.0,Neutral,0.5948,Positive,0.007187985534762298,,1444.06005859375,0.0,1444.489990234375,0.3182,1444.6700439453125,0.347,1445.55400390625,1448.392335012781,58.94635539673244,5.458044621706222,7.987810545414547,-2.529765923708325
2023-08-30,1451.93994140625,1462.800048828125,1451.93994140625,1456.22998046875,323180900.0,,0.0,0.0,Neutral,0.0,Neutral,-0.0017188746876566352,,1454.43994140625,0.5948,1444.06005859375,0.0,1444.489990234375,0.3182,1447.9199951171875,1449.5748704772707,56.803818426269856,5.323217761821525,7.454891988695943,-2.131674226874418
2023-09-01,1463.4300537109375,1463.4300537109375,1454.6700439453125,1461.9100341796875,163156900.0,Datasonic Group Berhad Downgrade to NEUTRAL - MIDF Malaysia,0.0,0.0,Neutral,0.0,Neutral,0.007913627814081003,,1451.93994140625,0.0,1454.43994140625,0.5948,1444.06005859375,0.0,1451.6719970703125,1454.1932648884929,63.390081539040885,6.073510887222255,7.1786157684012055,-1.1051048811789501
2023-09-04,1462.719970703125,1465.9300537109375,1460.8399658203125,1464.0699462890625,95591500.0,,0.0,0.0,Neutral,0.0,Neutral,-0.0004852182760712864,,1463.4300537109375,0.0,1451.93994140625,0.0,1454.43994140625,0.5948,1455.3179931640625,1457.035500160037,62.75328642400693,6.535488783853452,7.0499903714916545,-0.5145015876382022
2023-09-05,1454.8299560546875,1462.5799560546875,1452.47998046875,1462.5799560546875,112482000.0,,0.0,0.0,Neutral,0.0,Neutral,-0.00539407050321794,,1462.719970703125,0.0,1463.4300537109375,0.0,1451.93994140625,0.0,1457.47197265625,1456.3003187915872,56.019338386836836,6.193555895767759,6.8787034763468755,-0.685147580579117
2023-09-06,1460.6199951171875,1463.0400390625,1454.25,1455.010009765625,106479500.0,How to Downgrade Unifi Plan 2025 - LogMasuk.my,0.0,0.0,Neutral,0.0,Neutral,0.0039798734129739,,1454.8299560546875,0.0,1462.719970703125,0.0,1463.4300537109375,0.0,1458.7079833984376,1457.7402109001207,59.45754299602497,6.316961382785848,6.76635505763467,-0.44939367484882187
2023-09-07,1460.0699462890625,1463.300048828125,1458.27001953125,1458.969970703125,81318800.0,,0.0,0.0,Neutral,0.0,Neutral,-0.00037658585392763566,,1460.6199951171875,0.0,1454.8299560546875,0.0,1462.719970703125,0.0,1460.333984375,1458.5167893631012,58.985782320002144,6.2977798905103555,6.672640024209807,-0.3748601336994515
2023-09-08,1454.949951171875,1460.22998046875,1454.699951171875,1459.5400390625,82555700.0,Understanding Small and Large Cap Investing - AHAM Asset Management Berhad,-0.017857142857142863,0.4142857142857142,Neutral,0.3612,Positive,-0.0035066779712852325,,1460.0699462890625,0.0,1460.6199951171875,0.0,1454.8299560546875,0.0,1458.6379638671874,1457.327843299359,54.63990279318909,5.80254942549891,6.498621904467628,-0.696072478968718
2023-09-11,1455.0400390625,1455.56005859375,1450.6800537109375,1453.719970703125,69955700.0,,0.0,0.0,Neutral,0.0,Neutral,6.191820588230534e-05,,1454.949951171875,0.3612,1460.0699462890625,0.0,1460.6199951171875,0.0,1457.1019775390625,1456.5652418870727,54.70314106330871,5.355608927941375,6.270019309162377,-0.9144103812210016
2023-09-12,1453.3900146484375,1454.3199462890625,1447.9599609375,1454.2900390625,98947900.0,Home - Tunku Abdul Rahman University of Management and Technology,0.0,0.0,Neutral,0.0,Neutral,-0.00113400619210835,,1455.0400390625,0.0,1454.949951171875,0.3612,1460.0699462890625,0.0,1456.8139892578124,1455.5068328075276,53.2391259602219,4.812783411890678,5.978572129708037,-1.1657887178173594
2023-09-13,1453.5400390625,1453.5400390625,1444.81005859375,1447.030029296875,87516400.0,,0.0,0.0,Neutral,0.0,Neutral,0.00010322378202021198,,1453.3900146484375,0.0,1455.0400390625,0.0,1454.949951171875,0.3612,1455.397998046875,1454.8512348925185,53.361344072416706,4.344613990330117,5.651780501832453,-1.307166511502336
2023-09-14,1449.5799560546875,1455.0899658203125,1445.31005859375,1449.219970703125,117849500.0,PHOTO GALLERY : THE SPECIAL CABINET COMMITTEE ON NATIONAL GOVERNANCE (JKKTN) - Prime Minister's Office of Malaysia,0.35714285714285715,0.5714285714285714,Positive,0.5319,Positive,-0.0027244402640375087,,1453.5400390625,0.0,1453.3900146484375,0.0,1455.0400390625,0.0,1453.3,1453.0941419465748,49.67087322129906,3.6123992578252455,5.243904253031012,-1.6315049952057663
2023-09-15,1459.030029296875,1459.030029296875,1448.75,1449.0899658203125,318200600.0,"The Influence Of Liquidity Management On Efficiency, Performance And Risk Taking In Islamic Banking Industry - Universiti Sains Malaysia",0.0,0.0,Neutral,0.1027,Positive,0.0065191804030648726,,1449.5799560546875,0.5319,1453.5400390625,0.0,1453.3900146484375,0.0,1454.116015625,1455.0727710633416,57.266135218238546,3.751411800022197,4.945405762429249,-1.1939939624070517
2023-09-18,1457.989990234375,1458.4599609375,1452.8599853515625,1456.9599609375,83396200.0,,0.0,0.0,Neutral,0.0,Neutral,-0.0007128290998926756,,1459.030029296875,0.1027,1449.5799560546875,0.5319,1453.5400390625,0.0,1454.706005859375,1456.0451774536862,56.25984999834951,3.7346075497489437,4.703246119893188,-0.9686385701442441
2023-09-19,1457.6600341796875,1459.0,1454.6099853515625,1456.719970703125,78288600.0,Hotel Valuation after Covid19 - AVA Malaysia,0.0,0.0,Neutral,0.0,Neutral,-0.00022630886144459073,,1457.989990234375,0.0,1459.030029296875,0.1027,1449.5799560546875,0.5319,1455.560009765625,1456.5834630290199,55.92410204551223,3.6525609156879,4.493109079052131,-0.8405481633642307
2023-09-20,1451.56005859375,1456.77001953125,1450.3699951171875,1452.6300048828125,103370600.0,,0.0,0.0,Neutral,0.0,Neutral,-0.004184772472938358,,1457.6600341796875,0.0,1457.989990234375,0.0,1459.030029296875,0.1027,1455.164013671875,1454.9089948839298,49.98511745434296,3.0600469999164943,4.206496663225003,-1.146449663308509
2023-09-21,1448.2099609375,1453.969970703125,1446.800048828125,1452.77001953125,106609700.0,,0.0,0.0,Neutral,0.0,Neutral,-0.0023079290701175648,,1451.56005859375,0.0,1457.6600341796875,0.0,1457.989990234375,0.0,1454.8900146484375,1452.6759835684531,47.031104403479226,2.29371010757518,3.8239393520950387,-1.5302292445198589
2023-09-22,1450.22998046875,1450.68994140625,1441.5,1445.8800048828125,85968500.0,,0.0,0.0,Neutral,0.0,Neutral,0.001394838860203862,,1448.2099609375,0.0,1451.56005859375,0.0,1457.6600341796875,0.0,1453.1300048828125,1451.8606492018855,48.9886908394869,1.8283057231044495,3.4248126262969207,-1.5965069031924712
2023-09-25,1443.449951171875,1450.3199462890625,1441.1700439453125,1449.8299560546875,85332300.0,Prestasi Sawit Malaysia - Prestasi Sawit Malaysia,0.0,0.0,Neutral,0.0,Neutral,-0.004675140762628205,,1450.22998046875,0.0,1448.2099609375,0.0,1451.56005859375,0.0,1450.2219970703125,1449.057083191882,43.21568360548294,0.9019802275652182,2.9202461465505802,-2.018265918985362
2023-09-26,1445.550048828125,1447.050048828125,1441.8900146484375,1442.7900390625,87996700.0,,0.0,0.0,Neutral,0.0,Neutral,0.0014549154645404627,,1443.449951171875,0.0,1450.22998046875,0.0,1448.2099609375,0.0,1447.8,1447.8880717372963,45.363426667949874,0.3334768150050422,2.4028922802414727,-2.0694154652364305
2023-09-27,1440.1099853515625,1441.8699951171875,1436.75,1440.8599853515625,100446200.0,,0.0,0.0,Neutral,0.0,Neutral,-0.003763317279102618,,1445.550048828125,0.0,1443.449951171875,0.0,1450.22998046875,0.0,1445.5099853515626,1445.295376275385,41.03385076276453,-0.5496973247609276,1.8123743592409927,-2.3620716840019202
2023-09-29,1424.1700439453125,1436.969970703125,1424.1700439453125,1436.3900146484375,170332100.0,Import-Asset Master List - wiki.sql.com.my,0.0,0.0,Neutral,0.0,Neutral,-0.01106855835206133,,1440.1099853515625,0.0,1445.550048828125,0.0,1443.449951171875,0.0,1440.702001953125,1438.2535988320276,31.53619820266535,-2.506940796303752,0.9485113281320436,-3.4554521244357956
2023-10-02,1418.760009765625,1428.0400390625,1418.760009765625,1424.0699462890625,77411100.0,,0.0,0.0,Neutral,0.0,Neutral,-0.0037987276889355215,,1424.1700439453125,0.0,1440.1099853515625,0.0,1445.550048828125,0.0,1434.4080078125,1431.7557358098934,29.07633143136411,-4.443394210891711,-0.1298697796727073,-4.313524431219004
2023-10-03,1420.010009765625,1424.1099853515625,1417.93994140625,1418.5799560546875,119741100.0,,0.0,0.0,Neutral,0.0,Neutral,0.0008810510526064963,,1418.760009765625,0.0,1424.1700439453125,0.0,1440.1099853515625,0.0,1429.72001953125,1427.8404937951373,30.426661018423708,-5.810206496270894,-1.2659371229923446,-4.544269373278549
2023-10-04,1415.8399658203125,1419.6600341796875,1412.699951171875,1417.9100341796875,146327300.0,,0.0,0.0,Neutral,0.0,Neutral,-0.0029366299650245287,,1420.010009765625,0.0,1418.760009765625,0.0,1424.1700439453125,0.0,1423.7780029296875,1423.840317803529,28.47868407638623,-7.147510721236586,-2.442251842641193,-4.705258878595393
2023-10-05,1415.5999755859375,1420.6099853515625,1412.1700439453125,1413.43994140625,147628100.0,,0.0,0.0,Neutral,0.0,Neutral,-0.00016950378585756098,,1415.8399658203125,0.0,1420.010009765625,0.0,1418.760009765625,0.0,1418.8760009765624,1421.0935370643317,28.36612845173881,-8.132947603125785,-3.580390994738112,-4.552556608387674
2023-10-06,1416.8800048828125,1419.9599609375,1415.280029296875,1415.2900390625,136679500.0,,0.0,0.0,Neutral,0.0,Neutral,0.0009042309402027549,,1415.5999755859375,0.0,1415.8399658203125,0.0,1420.010009765625,0.0,1417.4179931640624,1419.6890263371586,29.95624059975195,-8.710219773480503,-4.60635675048659,-4.103863022993913
2023-10-09,1417.260009765625,1420.7099609375,1415.800048828125,1417.06005859375,85675400.0,,0.0,0.0,Neutral,0.0,Neutral,0.0002681983523677989,,1416.8800048828125,0.0,1415.5999755859375,0.0,1415.8399658203125,0.0,1417.1179931640625,1418.8793541466473,30.449825094881806,-9.032922995801982,-5.491669999549669,-3.5412529962523136
2023-10-10,1435.1700439453125,1435.8900146484375,1419.3299560546875,1419.3299560546875,99011700.0,,0.0,0.0,Neutral,0.0,Neutral,0.012637084272665966,,1417.260009765625,0.0,1416.8800048828125,0.0,1415.5999755859375,0.0,1420.15,1424.3095840795356,48.77244618335258,-7.754093187038507,-5.944154637047436,-1.8099385499910703
2023-10-11,1436.489990234375,1438.449951171875,1432.27001953125,1434.75,147588000.0,,0.0,0.0,Neutral,0.0,Neutral,0.0009197142140968673,,1435.1700439453125,0.0,1417.260009765625,0.0,1416.8800048828125,0.0,1424.2800048828126,1428.3697194644822,49.82162732245722,-6.558500405694076,-6.067023790776764,-0.4914766149173122
2023-10-12,1443.8199462890625,1446.06005859375,1437.9599609375,1437.9599609375,108247800.0,RAM Ratings downgrades Country Garden to B3; outlook negative - ram.com.my,-0.3,0.4,Negative,-0.5719,Negative,0.005102685089710679,,1436.489990234375,0.0,1435.1700439453125,0.0,1417.260009765625,0.0,1429.9239990234375,1433.5197950726756,55.29699591642451,-4.962315830127864,-5.846082198646984,0.8837663685191206
2023-10-13,1444.1400146484375,1444.969970703125,1440.489990234375,1443.3699951171875,75517900.0,Formulari Ubat KKM (FUKKM) - Portal Rasmi Kementerian Kesihatan Malaysia,0.0,0.0,Neutral,0.0,Neutral,0.00022168163017677323,,1443.8199462890625,-0.5719,1436.489990234375,0.0,1435.1700439453125,0.0,1435.3760009765624,1437.0598682645962,55.52520702425231,-3.6296607427668732,-5.402797907470962,1.7731371647040888
2023-10-16,1438.9599609375,1446.1199951171875,1436.5,1445.3599853515625,122051500.0,,0.0,0.0,Neutral,0.0,Neutral,-0.0035869470123356395,,1444.1400146484375,0.0,1443.8199462890625,-0.5719,1436.489990234375,0.0,1439.7159912109375,1437.6932324888974,50.98842541990606,-2.957417756757877,-4.913721877328345,1.9563041205704677
2023-10-17,1444.1300048828125,1444.1300048828125,1438.949951171875,1439.0400390625,105407700.0,,0.0,0.0,Neutral,0.0,Neutral,0.0035929032674015815,,1438.9599609375,0.0,1444.1400146484375,0.0,1443.8199462890625,-0.5719,1441.5079833984375,1439.838823286869,54.94521758115456,-1.9846037321190124,-4.327898248286479,2.3432945161674663
2023-10-18,1446.5400390625,1446.5400390625,1441.06005859375,1443.22998046875,146818700.0,7 Key Budget 2024 Highlights Impacting Fintech in Malaysia - Fintech News Malaysia | Kenanga Blue Chip Fund - Kenanga Investors Berhad | Kenanga Growth Opportunities Fund - Kenanga Investors Berhad,0.0,0.55,Neutral,0.6369,Positive,0.0016688484911600021,,1444.1300048828125,0.0,1438.9599609375,0.0,1444.1400146484375,0.0,1443.5179931640625,1442.072561878746,56.70008875541688,-1.0075574964057523,-3.6638300979103335,2.656272601504581
2023-10-19,1442.6600341796875,1445.18994140625,1441.3399658203125,1443.260009765625,118185700.0,Am I allowed to Upgrade or Downgrade my Plans? - Touch 'n Go eWallet Help Centre,0.0,0.0,Neutral,0.4019,Positive,-0.002682265805326156,,1446.5400390625,0.6369,1444.1300048828125,0.0,1438.9599609375,0.0,1443.2860107421875,1442.2683859790598,53.113334170629486,-0.540099353704818,-3.0390839490692305,2.4989845953644125
2023-10-20,1441.0400390625,1443.75,1438.3599853515625,1443.3499755859375,113336900.0,,0.0,0.0,Neutral,0.0,Neutral,-0.0011229222954863838,,1442.6600341796875,0.4019,1446.5400390625,0.6369,1444.1300048828125,0.0,1442.666015625,1441.8589370068732,51.64438374406767,-0.29693262043883806,-2.490653683343152,2.193721062904314
2023-10-23,1438.1199951171875,1443.8599853515625,1435.050048828125,1441.72998046875,100413700.0,The Best Use Of Budget 2024 For SMEs - Cheng & Co Group,1.0,0.3,Positive,0.6369,Positive,-0.0020263447691656333,,1441.0400390625,0.0,1442.6600341796875,0.4019,1446.5400390625,0.6369,1442.4980224609376,1440.6126230436446,49.01305153173788,-0.33597150459513614,-2.059717247593549,1.7237457429984127
2023-10-24,1435.6500244140625,1440.280029296875,1430.1500244140625,1438.280029296875,112931800.0,,0.0,0.0,Neutral,0.0,Neutral,-0.0017174997298634587,,1438.1199951171875,0.6369,1441.0400390625,0.0,1442.6600341796875,0.4019,1440.8020263671874,1438.9584235004506,46.83910782048892,-0.5597634898149408,-1.7597264960378272,1.1999630062228863
2023-10-25,1442.510009765625,1444.530029296875,1437.8199462890625,1437.969970703125,80810800.0,,0.0,0.0,Neutral,0.0,Neutral,0.004778313122909106,,1435.6500244140625,0.0,1438.1199951171875,0.6369,1441.0400390625,0.0,1439.9960205078125,1440.142285588842,53.065605640660905,-0.18148472096140722,-1.4440781410225432,1.262593420061136
2023-10-26,1440.5999755859375,1445.1400146484375,1438.800048828125,1443.030029296875,107249600.0,,0.0,0.0,Neutral,0.0,Neutral,-0.0013241046278755775,,1442.510009765625,0.0,1435.6500244140625,0.0,1438.1199951171875,0.6369,1439.5840087890624,1440.2948489212072,51.26517394959295,-0.03541166316267663,-1.1623448454505698,1.1269331822878932
2023-10-27,1441.9000244140625,1444.1500244140625,1439.3299560546875,1440.7099609375,79766900.0,,0.0,0.0,Neutral,0.0,Neutral,0.000902435686628511,,1440.5999755859375,0.0,1442.510009765625,0.0,1435.6500244140625,0.0,1439.756005859375,1440.8299074188255,52.44777317833113,0.18314419078274113,-0.8932470382039076,1.0763912289866489
2023-10-30,1439.199951171875,1441.800048828125,1436.97998046875,1440.0400390625,66151800.0,,0.0,0.0,Neutral,0.0,Neutral,-0.001872580065517826,,1441.9000244140625,0.0,1440.5999755859375,0.0,1442.510009765625,0.0,1439.9719970703125,1440.286588669842,49.74772236556628,0.13689983833410224,-0.6872176628963056,0.8241175012304078
2023-10-31,1442.1400146484375,1443.4599609375,1437.97998046875,1438.75,99312300.0,,0.0,0.0,Neutral,0.0,Neutral,0.002042845731177634,,1439.199951171875,0.0,1441.9000244140625,0.0,1440.5999755859375,0.0,1441.2699951171876,1440.904397329374,52.60866824354908,0.33364337413786416,-0.48304545548947164,0.8166888296273358
2023-11-01,1435.3299560546875,1441.5899658203125,1434.9300537109375,1441.1700439453125,97118400.0,LAWS OF MALAYSIA - hasil.gov.my,0.0,0.0,Neutral,0.0,Neutral,-0.004722189610285588,,1442.1400146484375,0.0,1439.199951171875,0.0,1441.9000244140625,0.0,1439.833984375,1439.0462502378118,46.066549794110855,-0.05926757109159553,-0.3982898786098964,0.33902230751830087
2023-11-02,1439.77001953125,1441.3499755859375,1435.8599853515625,1435.93994140625,87395200.0,FACULTY OF INFORMATION MANAGEMENT (IM) - IPSis UiTM,0.0,0.0,Neutral,0.0,Neutral,0.0030934096078973905,,1435.3299560546875,0.0,1442.1400146484375,0.0,1439.199951171875,0.0,1439.6679931640624,1439.2875066689578,50.397541125417234,-0.012235269980692465,-0.32107895688405563,0.30884368690336317
2023-11-03,1449.9300537109375,1453.18994140625,1444.7900390625,1446.719970703125,115015400.0,,0.0,0.0,Neutral,0.0,Neutral,0.0070567063085500426,,1439.77001953125,0.0,1435.3299560546875,0.0,1442.1400146484375,0.0,1441.2739990234375,1442.8350223496177,58.591744183513306,0.8352398893262034,-0.08981518764200383,0.9250550769682072
2023-11-06,1464.6700439453125,1464.6700439453125,1452.2900390625,1452.3900146484375,146756600.0,,0.0,0.0,Neutral,0.0,Neutral,0.010166000902353645,,1449.9300537109375,0.0,1439.77001953125,0.0,1435.3299560546875,0.0,1446.368017578125,1450.113362881516,67.08670824484493,2.665537427259551,0.4612553353383072,2.2042820919212436
2023-11-07,1463.3699951171875,1465.550048828125,1458.6600341796875,1464.050048828125,115794000.0,,0.0,0.0,Neutral,0.0,Neutral,-0.0008876052551898272,,1464.6700439453125,0.0,1449.9300537109375,0.0,1439.77001953125,0.0,1450.614013671875,1454.5322402934064,65.80444558844574,3.9654471310634563,1.162093694483337,2.803353436580119
2023-11-08,1457.5999755859375,1462.010009765625,1454.4599609375,1461.1300048828125,86519800.0,,0.0,0.0,Neutral,0.0,Neutral,-0.003942966953335625,,1463.3699951171875,0.0,1464.6700439453125,0.0,1449.9300537109375,0.0,1455.068017578125,1455.55481872425,60.29597382240163,4.478418165669609,1.8253585887205914,2.6530595769490177
2023-11-09,1452.27001953125,1457.8399658203125,1450.6400146484375,1456.8399658203125,95897900.0,,0.0,0.0,Neutral,0.0,Neutral,-0.0036566658506871352,,1457.5999755859375,0.0,1463.3699951171875,0.0,1464.6700439453125,0.0,1457.568017578125,1454.4598856599166,55.66089516709369,4.404100764879786,2.3411070239524303,2.0629937409273555
2023-11-10,1445.1800537109375,1451.219970703125,1425.010009765625,1450.56005859375,67169000.0,Numerical simulation to assess floating instability of small passenger vehicle under sub-critical flow - Universiti Teknologi PETRONAS,-0.25,0.4,Negative,0.0,Neutral,-0.004881988696978645,,1452.27001953125,0.0,1457.5999755859375,0.0,1463.3699951171875,0.0,1456.618017578125,1451.3666083435903,50.13944091456145,3.730104379565091,2.6189064950749623,1.111197884490129
2023-11-14,1451.719970703125,1453.989990234375,1444.9000244140625,1444.9000244140625,95686900.0,,0.0,0.0,Neutral,0.0,Neutral,0.004525330235076508,,1445.1800537109375,0.0,1452.27001953125,0.0,1457.5999755859375,0.0,1454.0280029296875,1451.4843957967685,54.612009647906,3.681239001506583,2.8313729963612864,0.8498660051452966
2023-11-15,1466.8399658203125,1466.8399658203125,1453.0699462890625,1453.6099853515625,168947800.0,Hanging TV Cabinet (HTC003) - Shopee Malaysia,0.0,0.0,Neutral,0.0,Neutral,0.010415228434079049,,1451.719970703125,0.0,1445.1800537109375,0.0,1452.27001953125,0.0,1454.7219970703125,1456.6029191379498,62.89826319545575,4.80715617617625,3.226529632324279,1.5806265438519707
2023-11-16,1464.6800537109375,1465.1600341796875,1460.4599609375,1464.780029296875,105484500.0,,0.0,0.0,Neutral,0.0,Neutral,-0.001472493359674143,,1466.8399658203125,0.0,1451.719970703125,0.0,1445.1800537109375,0.0,1456.1380126953125,1459.2952973289457,61.17997629114691,5.462201929073672,3.6736640916741576,1.788537837399514
2023-11-17,1460.6700439453125,1462.31005859375,1458.530029296875,1461.5899658203125,100760200.0,,0.0,0.0,Neutral,0.0,Neutral,-0.0027378059498148755,,1464.6800537109375,0.0,1466.8399658203125,0.0,1451.719970703125,0.0,1457.818017578125,1459.753546201068,58.01139834468019,5.593280279196051,4.057587329178537,1.5356929500175145
2023-11-20,1456.9200439453125,1460.260009765625,1454.1199951171875,1460.260009765625,74149400.0,Affin Bank Berhad Downgrade to SELL - MIDF Malaysia,0.0,0.0,Neutral,0.0,Neutral,-0.0025673149220416525,,1460.6700439453125,0.0,1464.6800537109375,0.0,1466.8399658203125,0.0,1460.166015625,1458.8090454491496,55.135604485403725,5.3330906073069855,4.312687984804226,1.0204026225027594
2023-11-21,1463.4000244140625,1463.4000244140625,1456.1600341796875,1458.1300048828125,138326700.0,,0.0,0.0,Neutral,0.0,Neutral,0.00444772552596806,,1456.9200439453125,0.0,1460.6700439453125,0.0,1464.6800537109375,0.0,1462.5020263671875,1460.3393717707872,58.92483357087407,5.58538385780912,4.5672271594052045,1.0181566984039154
2023-11-22,1455.8900146484375,1460.5899658203125,1454.52001953125,1460.5899658203125,97164200.0,,0.0,0.0,Neutral,0.0,Neutral,-0.005131891239807729,,1463.4000244140625,0.0,1456.9200439453125,0.0,1460.6700439453125,0.0,1460.3120361328124,1458.856252730004,53.30564352542719,5.120309313704638,4.677843590265091,0.4424657234395468
2023-11-23,1453.2900390625,1456.6800537109375,1451.3499755859375,1456.6800537109375,93608000.0,,0.0,0.0,Neutral,0.0,Neutral,-0.0017858324185053842,,1455.8900146484375,0.0,1463.4000244140625,0.0,1456.9200439453125,0.0,1458.034033203125,1457.0008481741693,51.4754827802653,4.490178107751035,4.64031049376228,-0.15013238601124534
2023-11-24,1453.9200439453125,1456.050048828125,1451.0799560546875,1455.780029296875,136984500.0,,0.0,0.0,Neutral,0.0,Neutral,0.0004335025121475766,,1453.2900390625,0.0,1455.8900146484375,0.0,1463.4000244140625,0.0,1456.684033203125,1455.973913431217,51.9063693304883,3.9955722463562324,4.511362844281071,-0.5157905979248385
2023-11-27,1448.1500244140625,1455.780029296875,1448.0,1453.1500244140625,116835700.0,,0.0,0.0,Neutral,0.0,Neutral,-0.003968594803599124,,1453.9200439453125,0.0,1453.2900390625,0.0,1455.8900146484375,0.0,1454.930029296875,1453.3659504254988,47.726352674923305,3.102240486401797,4.229538372705216,-1.1272978863034187
2023-11-28,1448.02001953125,1452.5999755859375,1444.5999755859375,1450.18994140625,156887400.0,"Stock Trend Prediction Using LSTM with MA, EMA, MACD and RSI Indicators - eprints.intimal.edu.my",0.0,0.0,Neutral,0.0,Neutral,-8.97730764222171e-05,,1448.1500244140625,0.0,1453.9200439453125,0.0,1453.2900390625,0.0,1451.8540283203124,1451.5839734607491,47.63327728013503,2.3566127580490956,3.854953249773992,-1.4983404917248961
2023-11-29,1446.0699462890625,1450.4200439453125,1445.6099853515625,1448.6300048828125,128149700.0,,0.0,0.0,Neutral,0.0,Neutral,-0.0013467170452649002,,1448.02001953125,0.0,1448.1500244140625,0.0,1453.9200439453125,0.0,1449.8900146484375,1449.7459644035202,46.178513330130606,1.5900141053127754,3.4019654208817487,-1.8119513155689733
2023-11-30,1452.739990234375,1452.739990234375,1440.6199951171875,1444.3399658203125,530926800.0,Master of Electronic Engineering (Telecommunication System) - Universiti Teknikal Malaysia Melaka - UTeM,0.0,0.0,Neutral,0.0,Neutral,0.004612532030300098,,1446.0699462890625,0.0,1448.02001953125,0.0,1448.1500244140625,0.0,1449.7800048828126,1450.743973013805,51.62104546422995,1.5033660840736047,3.02224555352012,-1.518879469446515
2023-12-01,1456.3800048828125,1456.52001953125,1450.0899658203125,1452.0,165174800.0,Padini Holdings Berhad Downgrade to Neutral - MIDF Malaysia,0.0,0.0,Neutral,0.0,Neutral,0.0025056201886823892,,1452.739990234375,0.0,1446.0699462890625,0.0,1448.02001953125,0.0,1450.2719970703124,1452.6226503034743,54.33491344319214,1.7087186196267794,2.7595401667414516,-1.0508215471146722
2023-12-04,1451.02001953125,1457.02001953125,1448.1700439453125,1454.969970703125,106529100.0,,0.0,0.0,Neutral,0.0,Neutral,-0.0036803480778313524,,1456.3800048828125,0.0,1452.739990234375,0.0,1446.0699462890625,0.0,1450.84599609375,1452.0884400460661,49.89631491721007,1.4225576024041402,2.492143653873989,-1.069586051469849
2023-12-05,1449.4599609375,1451.5899658203125,1444.5799560546875,1451.1300048828125,101068000.0,MPSAS 5 - anm.gov.my,0.0,0.0,Neutral,0.0,Neutral,-0.0010751461542577445,,1451.02001953125,0.0,1456.3800048828125,0.0,1452.739990234375,0.0,1451.133984375,1451.2122803432108,48.65060444279103,1.0576967739971224,2.2052542778986157,-1.1475575039014934
2023-12-06,1445.8199462890625,1452.0699462890625,1444.6300048828125,1450.9100341796875,92070800.0,,0.0,0.0,Neutral,0.0,Neutral,-0.0025112902367327994,,1449.4599609375,0.0,1451.02001953125,0.0,1456.3800048828125,0.0,1451.083984375,1449.4148356584947,45.7787683289555,0.46941208720477334,1.8580858397598472,-1.3886737525550739
2023-12-07,1442.8499755859375,1447.6600341796875,1441.02001953125,1442.8900146484375,103661100.0,Attention Deficit Hyperactivity Disorder (ADHD) - Gleneagles Hospitals Malaysia,0.0,0.0,Neutral,-0.6597,Negative,-0.0020541774311164662,,1445.8199462890625,0.0,1449.4599609375,0.0,1451.02001953125,0.0,1449.1059814453124,1447.2265489676422,43.521372529109456,-0.23376488403232543,1.4397156950014125,-1.673480579033738
2023-12-08,1441.969970703125,1446.1300048828125,1441.0899658203125,1443.969970703125,84182800.0,,0.0,0.0,Neutral,0.0,Neutral,-0.0006099074038901087,,1442.8499755859375,-0.6597,1445.8199462890625,0.0,1449.4599609375,0.0,1446.223974609375,1445.474356212803,42.84718073812652,-0.8522228449235172,0.9813279870164265,-1.8335508319399438
2023-12-11,1446.3900146484375,1446.3900146484375,1440.4000244140625,1441.3199462890625,102401500.0,eVISA - imi.gov.my,0.0,0.0,Neutral,0.0,Neutral,0.003065281548933596,,1441.969970703125,0.0,1442.8499755859375,-0.6597,1445.8199462890625,0.0,1445.2979736328125,1445.7795756913479,47.265920597845636,-0.9744616409254832,0.5901700614280445,-1.5646317023535277
2023-12-12,1447.1199951171875,1447.719970703125,1444.260009765625,1446.1199951171875,127330900.0,,0.0,0.0,Neutral,0.0,Neutral,0.0005046913082620286,,1446.3900146484375,0.0,1441.969970703125,0.0,1442.8499755859375,-0.6597,1444.82998046875,1446.2263821666277,47.98122392043558,-1.0008957412442214,0.2719569008935913,-1.2728526421378128
2023-12-13,1448.0400390625,1448.47998046875,1443.719970703125,1446.0799560546875,130353700.0,,0.0,0.0,Neutral,0.0,Neutral,0.0006357758502522071,,1447.1199951171875,0.0,1446.3900146484375,0.0,1441.969970703125,0.0,1445.2739990234375,1446.8309344652519,48.921635293967874,-0.9368061804291301,0.030204284629047007,-0.9670104650581771
2023-12-14,1456.260009765625,1456.260009765625,1448.1400146484375,1448.8800048828125,165231500.0,,0.0,0.0,Neutral,0.0,Neutral,0.005676618381662113,,1448.0400390625,0.0,1447.1199951171875,0.0,1446.3900146484375,0.0,1447.956005859375,1449.9739595653762,56.489868716975664,-0.22019354899498467,-0.019875282095759332,-0.20031826689922533
2023-12-15,1462.449951171875,1464.780029296875,1455.68994140625,1455.949951171875,284775700.0,,0.0,0.0,Neutral,0.0,Neutral,0.004250574323774847,,1456.260009765625,0.0,1448.0400390625,0.0,1447.1199951171875,0.0,1452.052001953125,1454.132623434209,61.15720370514749,0.8375489217039558,0.15160955866418369,0.6859393630397721
2023-12-18,1465.280029296875,1468.739990234375,1460.4200439453125,1461.56005859375,216394300.0,,0.0,0.0,Neutral,0.0,Neutral,0.0019351623778525173,,1462.449951171875,0.0,1456.260009765625,0.0,1448.0400390625,0.0,1455.8300048828125,1457.848425388431,63.10584847343288,1.8824810335429447,0.49778385363993594,1.3846971799030088
2023-12-19,1465.6700439453125,1467.6099853515625,1464.550048828125,1466.56005859375,162662200.0,,0.0,0.0,Neutral,0.0,Neutral,0.00026617072548562604,,1465.280029296875,0.0,1462.449951171875,0.0,1456.260009765625,0.0,1459.5400146484376,1460.455631574058,63.3785109439321,2.7108195428813815,0.9403909914882251,1.7704285513931564
2023-12-20,1464.56005859375,1470.7900390625,1464.0899658203125,1466.4300537109375,200419300.0,,0.0,0.0,Neutral,0.0,Neutral,-0.0007573228068267213,,1465.6700439453125,0.0,1465.280029296875,0.0,1462.449951171875,0.0,1462.8440185546874,1461.8237739139554,61.97471687979691,3.240364335054437,1.4003856602014675,1.8399786748529696
2023-12-21,1455.5799560546875,1463.1700439453125,1454.969970703125,1463.1700439453125,157053500.0,,0.0,0.0,Neutral,0.0,Neutral,-0.0061316041540044885,,1464.56005859375,0.0,1465.6700439453125,0.0,1465.280029296875,0.0,1462.7080078125,1459.7425012941994,51.94954455902791,2.9019611709907167,1.7007007623593173,1.2012604086313994
2023-12-22,1454.3800048828125,1457.8599853515625,1451.989990234375,1456.760009765625,127764000.0,United States - PIDM,0.0,0.0,Neutral,0.4215,Positive,-0.0008243801152135743,,1455.5799560546875,0.0,1464.56005859375,0.0,1465.6700439453125,0.0,1461.0940185546874,1457.9550024904038,50.767776095815975,2.508037103714514,1.8621680306303567,0.6458690730841574
2023-12-26,1450.780029296875,1456.6600341796875,1450.780029296875,1454.0799560546875,130077700.0,,0.0,0.0,Neutral,0.0,Neutral,-0.0024752647683901063,,1454.3800048828125,0.4215,1455.5799560546875,0.0,1464.56005859375,0.0,1458.1940185546875,1455.5633447592274,47.29194628230145,1.8836479774406598,1.8664640199924174,0.017183957448242415
2023-12-27,1454.219970703125,1455.43994140625,1452.0799560546875,1452.3699951171875,158320100.0,,0.0,0.0,Neutral,0.0,Neutral,0.002371097848594683,,1450.780029296875,0.0,1454.3800048828125,0.4215,1455.5799560546875,0.0,1455.90400390625,1455.1155534071934,50.761035347914216,1.6473994239931926,1.8226511007925725,-0.17525167679937992
2023-12-28,1457.4100341796875,1459.0999755859375,1453.06005859375,1453.8599853515625,142538600.0,,0.0,0.0,Neutral,0.0,Neutral,0.002193659515637103,,1454.219970703125,0.0,1450.780029296875,0.0,1454.3800048828125,0.4215,1454.4739990234375,1455.880380331358,53.79795060458227,1.698008619006714,1.7977226044354009,-0.09971398542868681
2023-12-29,1454.6600341796875,1461.4000244140625,1454.6600341796875,1457.5699462890625,265621800.0,,0.0,0.0,Neutral,0.0,Neutral,-0.001886908924397468,,1457.4100341796875,0.0,1454.219970703125,0.0,1450.780029296875,0.0,1454.2900146484376,1455.4735982808013,50.8843752174473,1.4989359527751276,1.7379652741033462,-0.23902932132821864
2024-01-02,1453.0999755859375,1453.56005859375,1446.3599853515625,1452.199951171875,103277400.0,,0.0,0.0,Neutral,0.0,Neutral,-0.0010724558021075747,,1454.6600341796875,0.0,1457.4100341796875,0.0,1454.219970703125,0.0,1454.0340087890625,1454.6823907158466,49.254699838173416,1.2014363298410444,1.6306594852508858,-0.42922315540984135
2024-01-03,1462.3699951171875,1465.68994140625,1450.1700439453125,1452.5400390625,215534000.0,,0.0,0.0,Neutral,0.0,Neutral,0.006379478141214534,,1453.0999755859375,0.0,1454.6600341796875,0.0,1457.4100341796875,0.0,1456.352001953125,1457.2449255162935,57.88585738236448,1.6941497351083399,1.6433575352223766,0.050792199885963285
2024-01-04,1477.260009765625,1477.56005859375,1461.030029296875,1462.8499755859375,286041200.0,Foreign capital inflows to Malaysia to bounce back - NST Online,-0.0625,0.0625,Negative,0.0,Neutral,0.010182111707813135,,1462.3699951171875,0.0,1453.0999755859375,0.0,1454.6600341796875,0.0,1460.960009765625,1463.9166202660706,67.45983023469869,3.248679642983916,1.9644219567746846,1.2842576862092314
2024-01-05,1487.6099853515625,1487.6099853515625,1476.8499755859375,1476.8900146484375,280921700.0,,0.0,0.0,Neutral,0.0,Neutral,0.007006197634483735,,1477.260009765625,0.0,1462.3699951171875,0.0,1453.0999755859375,0.0,1467.0,1471.8144086279012,72.19202374680216,5.255233268340135,2.6225842190877744,2.63264904925236
2024-01-08,1495.699951171875,1498.52001953125,1488.5999755859375,1488.5999755859375,301573200.0,"Economic Report - MIDF Malaysia | Malaysia saw RM21.3b foreign inflow in 2023, compared with RM5.5b outflow in 2022 - NST Online",0.037500000000000006,0.1625,Neutral,0.0,Neutral,0.0054382303829458856,,1487.6099853515625,0.0,1477.260009765625,0.0,1462.3699951171875,0.0,1475.2079833984376,1479.776256142559,75.22487170093393,7.412784142609098,3.580624203792039,3.832159938817059
2024-01-09,1498.8299560546875,1503.9300537109375,1496.8399658203125,1497.1700439453125,311176200.0,,0.0,0.0,Neutral,0.0,Neutral,0.002092668974388978,,1495.699951171875,0.0,1487.6099853515625,0.0,1477.260009765625,0.0,1484.3539794921876,1486.1274894466019,76.30178301041568,9.268383830849189,4.718176129203469,4.55020770164572
2024-01-10,1486.8599853515625,1497.800048828125,1486.719970703125,1497.800048828125,208376900.0,,0.0,0.0,Neutral,0.0,Neutral,-0.00798620994647925,,1498.8299560546875,0.0,1495.699951171875,0.0,1487.6099853515625,0.0,1489.2519775390624,1486.3716547482554,64.71638334637592,9.66170918485227,5.70688274033323,3.954826444519041
2024-01-11,1483.0,1492.43994140625,1483.0,1487.1500244140625,232402500.0,,0.0,0.0,Neutral,0.0,Neutral,-0.0025960651235427123,,1486.8599853515625,0.0,1498.8299560546875,0.0,1495.699951171875,0.0,1490.3999755859375,1485.2477698321702,61.47484595679239,9.551846067381348,6.475875405742853,3.075970661638495
2024-01-12,1487.3399658203125,1487.3399658203125,1482.02001953125,1483.239990234375,225717600.0,,0.0,0.0,Neutral,0.0,Neutral,0.002926477289489249,,1483.0,0.0,1486.8599853515625,0.0,1498.8299560546875,0.0,1490.3459716796874,1485.9451684948842,63.67774663199659,9.703126128335043,7.121325550261291,2.581800578073752
2024-01-15,1501.1099853515625,1501.8599853515625,1487.81005859375,1488.280029296875,196067000.0,How do I change OR cancel my subscription? - sooka,0.0,0.0,Neutral,-0.25,Negative,0.009258152034969047,,1487.3399658203125,0.0,1483.0,0.0,1486.8599853515625,0.0,1491.427978515625,1491.0001074471104,69.61450963318764,10.809536553189446,7.858967750846922,2.9505688023425236
2024-01-16,1493.8699951171875,1503.72998046875,1492.4000244140625,1500.3900146484375,227111300.0,Traveler's Guide - Customs.gov.my |  - Touch 'n Go eWallet Help Centre | FAQ Rules Of Origin (ROO) - Customs.gov.my,0.0,0.0,Neutral,0.4019,Positive,-0.004823091115924716,,1501.1099853515625,-0.25,1487.3399658203125,0.0,1483.0,0.0,1490.435986328125,1491.9567366704694,63.71760033956443,10.975647647376718,8.482303730152882,2.493343917223836
2024-01-17,1491.2099609375,1494.3199462890625,1487.52001953125,1491.8900146484375,216723800.0,,0.0,0.0,Neutral,0.0,Neutral,-0.0017806329790289732,,1493.8699951171875,0.4019,1501.1099853515625,-0.25,1487.3399658203125,0.0,1491.3059814453125,1491.7078114261462,61.65126597552154,10.768516602592626,8.939546304640832,1.8289702979517948
2024-01-18,1479.1800537109375,1492.530029296875,1478.030029296875,1488.489990234375,315341100.0,,0.0,0.0,Neutral,0.0,Neutral,-0.008067212224762477,,1491.2099609375,0.0,1493.8699951171875,0.4019,1501.1099853515625,-0.25,1490.5419921875,1487.5318921877433,53.24204676590954,9.523865588148738,9.056410161342413,0.4674554268063247
2024-01-19,1486.3699951171875,1486.3699951171875,1477.050048828125,1480.1800537109375,199948900.0,FIXED DEPOSIT - CIMB Malaysia,0.1,0.2,Positive,0.0,Neutral,0.0048607614659297305,,1479.1800537109375,0.0,1491.2099609375,0.0,1493.8699951171875,0.4019,1490.347998046875,1487.1445931642247,57.01577428774062,9.013734158092802,9.047874960692491,-0.03414080259968877
2024-01-22,1491.18994140625,1493.97998046875,1485.510009765625,1487.3499755859375,234169100.0,,0.0,0.0,Neutral,0.0,Neutral,0.003242763447120378,,1486.3699951171875,0.0,1479.1800537109375,0.0,1491.2099609375,0.0,1488.3639892578126,1488.4930425782331,59.38240647585331,8.895835058935972,9.017466980341187,-0.12163192140521417
2024-01-23,1496.1099853515625,1500.3900146484375,1490.199951171875,1492.56005859375,202846800.0,Ringgit ends slightly higher against US dollar - thestar.com.my,0.25,0.5,Positive,0.0,Neutral,0.003299407948442079,,1491.18994140625,0.0,1486.3699951171875,0.0,1479.1800537109375,0.0,1488.8119873046876,1491.0320235026763,61.7004762242675,9.094569070231955,9.03288739831934,0.06168167191261453
2024-01-24,1504.0999755859375,1504.43994140625,1497.1600341796875,1497.1600341796875,197527000.0,Monetary Policy Statement - Bank Negara Malaysia | Monetary Policy Statement - Bank Negara Malaysia | Frequently Asked Questions (FAQ) on Monetary Policy - Bank Negara Malaysia | Monetary Policy Statement - Bank Negara Malaysia | Physiological Response and Impact of COVID-19 Pandemic among Malaysian Citizens: A Cross-sectional Study - Universiti Putra Malaysia,0.1,0.3,Positive,0.0,Neutral,0.005340509930823911,,1496.1099853515625,0.0,1491.18994140625,0.0,1486.3699951171875,0.0,1491.389990234375,1495.38800753043,65.17623758817702,9.784008681023806,9.183111654860234,0.6008970261635724
2024-01-26,1506.280029296875,1509.3900146484375,1502.8900146484375,1503.449951171875,238367000.0,Capital Letters and Periods Worksheets for 1st-2nd Grade - twinkl.my,0.0,0.0,Neutral,0.0,Neutral,0.0014494074505175814,,1504.0999755859375,0.0,1496.1099853515625,0.0,1491.18994140625,0.0,1496.8099853515625,1499.0186814525784,66.08073765825232,10.38657666435688,9.423804656759563,0.9627720075973176
2024-01-29,1515.3900146484375,1518.43994140625,1507.8800048828125,1508.1099853515625,211720800.0,,0.0,0.0,Neutral,0.0,Neutral,0.0060480024792037845,,1506.280029296875,0.0,1504.0999755859375,0.0,1496.1099853515625,0.0,1502.6139892578126,1504.4757925178649,69.63054717409979,11.467031019350998,9.83244992927785,1.634581090073148
2024-01-30,1512.75,1520.31005859375,1511.8399658203125,1517.75,213783400.0,,0.0,0.0,Neutral,0.0,Neutral,-0.001742135439007697,,1515.3900146484375,0.0,1506.280029296875,0.0,1504.0999755859375,0.0,1506.9260009765626,1507.2338616785767,67.42826002465992,11.972262966330163,10.260412536688312,1.711850429641851
2024-01-31,1512.97998046875,1516.4000244140625,1509.550048828125,1512.5999755859375,247472800.0,Using Capital Letters for Proper Nouns PowerPoint for K-2nd Grade - twinkl.my | Can I upgrade or downgrade my Astro pack? - Astro One,0.0,0.1,Neutral,0.0,Neutral,0.00015202807387204587,,1512.75,0.0,1515.3900146484375,0.0,1506.280029296875,0.0,1510.3,1509.1492346086345,67.52462022113137,12.250009936925608,10.658332016735772,1.5916779201898361
2024-02-02,1516.5799560546875,1521.22998046875,1508.5,1509.3499755859375,290509400.0,,0.0,0.0,Neutral,0.0,Neutral,0.0023793940649645684,,1512.97998046875,0.0,1512.75,0.0,1515.3900146484375,0.0,1512.79599609375,1511.626141757319,69.06727308334882,12.615194249097385,11.049704463208094,1.5654897858892909
2024-02-05,1511.3399658203125,1520.97998046875,1511.3399658203125,1515.9100341796875,200808500.0,,0.0,0.0,Neutral,0.0,Neutral,-0.003455136152535343,,1516.5799560546875,0.0,1512.97998046875,0.0,1512.75,0.0,1513.8079833984375,1511.5307497783167,64.2808489457201,12.339539497782198,11.307671470122916,1.0318680276592822
2024-02-06,1512.97998046875,1513.97998046875,1508.989990234375,1510.31005859375,186936700.0,,0.0,0.0,Neutral,0.0,Neutral,0.0010851394692970029,,1511.3399658203125,0.0,1516.5799560546875,0.0,1512.97998046875,0.0,1513.3259765625,1512.0138266751278,65.09614290626166,12.113776522150829,11.468892480528499,0.6448840416223298
2024-02-07,1513.1099853515625,1514.050048828125,1510.199951171875,1512.510009765625,174829400.0,INVESTMENT CHECKER - Securities Commission Malaysia,0.0,0.0,Neutral,0.296,Positive,8.592637344229104e-05,,1512.97998046875,0.0,1511.3399658203125,0.0,1516.5799560546875,0.0,1513.3979736328124,1512.379212900606,65.16402226354683,11.809218722525657,11.53695772892793,0.27226099359772604
2024-02-08,1512.3599853515625,1521.1800537109375,1512.3599853515625,1513.18994140625,171566000.0,Listing Category: Mobile & Telecommunication - CITTA Mall,0.0,0.0,Neutral,0.0,Neutral,-0.0004956678676769632,,1513.1099853515625,0.296,1512.97998046875,0.0,1511.3399658203125,0.0,1513.273974609375,1512.3728037175915,64.38608849370947,11.376198010881808,11.504805785318705,-0.12860777443689742
2024-02-09,1512.280029296875,1514.719970703125,1509.56005859375,1513.8199462890625,79147200.0,,0.0,0.0,Neutral,0.0,Neutral,-5.286840134755e-05,,1512.3599853515625,0.0,1513.1099853515625,0.296,1512.97998046875,0.0,1512.4139892578125,1512.341878910686,64.29796195260059,10.900915226617371,11.384027673578439,-0.4831124469610675
2024-02-13,1531.3699951171875,1533.1600341796875,1512.6300048828125,1512.6300048828125,181535700.0,"MGB, Solarvest Rose And Broke Out Above The Downtrend Line: CGSCIMB - BusinessToday Malaysia",0.3,0.525,Positive,-0.4215,Negative,0.01262330087714525,,1512.280029296875,0.0,1512.3599853515625,0.0,1513.1099853515625,0.296,1516.4199951171875,1518.6845843128533,73.5917503058567,11.92716199695792,11.492654538254335,0.4345074587035853
2024-02-14,1529.3299560546875,1530.949951171875,1521.7900390625,1527.7900390625,152259500.0,View of Islamic Bank Failure: A Case Study - INCEIF University,-0.3166666666666667,0.3,Negative,-0.5106,Negative,-0.0013321660140950264,,1531.3699951171875,-0.4215,1512.280029296875,0.0,1512.3599853515625,0.0,1519.689990234375,1522.2330415601314,71.45119103330093,12.432541256518562,11.68063188190718,0.7519093746113814
2024-02-15,1528.3800048828125,1532.6600341796875,1525.3900146484375,1529.2900390625,172624700.0,Can I downgrade to an earlier Android version? - Sony Malaysia,0.0,0.5,Neutral,0.0,Neutral,-0.0006211551458298326,,1529.3299560546875,-0.5106,1531.3699951171875,-0.4215,1512.280029296875,0.0,1522.743994140625,1524.2820293343584,70.42396485011432,12.611032705352272,11.866712046596199,0.7443206587560738
2024-02-16,1533.550048828125,1534.530029296875,1529.300048828125,1530.6800537109375,192387100.0,,0.0,0.0,Neutral,0.0,Neutral,0.003382695356387355,,1528.3800048828125,0.0,1529.3299560546875,-0.5106,1531.3699951171875,-0.4215,1526.9820068359375,1527.371369165614,72.72243975754085,13.019586118675761,12.097286861012112,0.9222992576636493
2024-02-19,1538.6099853515625,1539.25,1530.5799560546875,1533.3499755859375,160694400.0,,0.0,0.0,Neutral,0.0,Neutral,0.0032994922645688263,,1533.550048828125,0.0,1528.3800048828125,0.0,1529.3299560546875,-0.5106,1532.247998046875,1531.11757456093,74.78758138071878,13.594948132480795,12.39681911530585,1.1981290171749457
2024-02-20,1555.5899658203125,1555.5899658203125,1537.93994140625,1538.719970703125,268959800.0,,0.0,0.0,Neutral,0.0,Neutral,0.011035922443250135,,1538.6099853515625,0.0,1533.550048828125,0.0,1528.3800048828125,0.0,1537.0919921875,1539.2750383140576,80.20386623952204,15.245330509664427,12.966521394177565,2.2788091154868617
2024-02-21,1552.4000244140625,1554.949951171875,1547.489990234375,1554.0999755859375,241602800.0,,0.0,0.0,Neutral,0.0,Neutral,-0.0020506312565263807,,1555.5899658203125,0.0,1538.6099853515625,0.0,1533.550048828125,0.0,1541.706005859375,1543.650033680726,76.86318110092493,16.110160915111237,13.5952492983643,2.5149116167469376
2024-02-22,1545.489990234375,1551.969970703125,1542.719970703125,1550.7099609375,172375600.0,Telekosang Hydro One making progress in boosting transaction liquidity; second plant achieves commercial operations - ram.com.my,0.0,0.0,Neutral,0.6369,Positive,-0.004451194325570618,,1552.4000244140625,0.0,1555.5899658203125,0.0,1538.6099853515625,0.0,1545.1280029296875,1544.2633525319422,70.05599362978315,16.052915219402394,14.086782482571918,1.9661327368304757
2024-02-23,1549.1099853515625,1551.1500244140625,1544.1800537109375,1546.3499755859375,340781400.0,Pintaras Jaya Berhad Downgrade to NEUTRAL - MIDF Malaysia,0.0,0.0,Neutral,0.0,Neutral,0.0023422960614831734,,1545.489990234375,0.6369,1552.4000244140625,0.0,1555.5899658203125,0.0,1548.239990234375,1545.878896805149,71.4809353654651,16.113899937589622,14.492205973575459,1.6216939640141632
2024-02-26,1547.5999755859375,1553.9000244140625,1544.469970703125,1548.9300537109375,314099700.0,"Warisan's plan to reinstate clause on CM appointment will trigger instability, says lawyer - thestar.com.my",0.0,0.0,Neutral,0.0,Neutral,-0.0009747595586522273,,1549.1099853515625,0.0,1545.489990234375,0.6369,1552.4000244140625,0.0,1550.03798828125,1546.4525897320784,69.9848792875171,15.857589180648347,14.765282614990037,1.0923065656583102
2024-02-27,1558.800048828125,1559.02001953125,1545.1600341796875,1545.52001953125,309551300.0,"Informal employment sector on a downtrend, says World Bank report - thestar.com.my",0.0,0.0,Neutral,0.0,Neutral,0.007237059588313111,,1547.5999755859375,0.0,1549.1099853515625,0.0,1545.489990234375,0.6369,1550.6800048828125,1550.5684094307605,74.28406118070981,16.369515778653295,15.086129247722688,1.2833865309306063
2024-02-28,1545.5899658203125,1556.68994140625,1545.5899658203125,1556.300048828125,298350600.0,,0.0,0.0,Neutral,0.0,Neutral,-0.008474520524773932,,1558.800048828125,0.0,1547.5999755859375,0.0,1549.1099853515625,0.0,1549.3179931640625,1548.9089282272778,62.84955753082223,15.530254887251886,15.174954375628527,0.3553005116233585
2024-02-29,1551.43994140625,1554.7900390625,1544.6700439453125,1547.6199951171875,973066200.0,Spritzer Berhad Downgrade to Neutral - MIDF Malaysia,0.0,0.0,Neutral,0.0,Neutral,0.0037849466645785146,,1545.5899658203125,0.0,1558.800048828125,0.0,1547.5999755859375,0.0,1550.5079833984375,1549.7525992869353,65.39025670775857,15.162396060248511,15.172442712552524,-0.010046652304012582
2024-03-01,1538.02001953125,1556.219970703125,1537.1099853515625,1553.1600341796875,304487800.0,IMPORTANT NOTICE: NEW SERVICE TAX (ST) RATE EFFECTIVE 1 MARCH 2024 - Telekom Malaysia,0.37878787878787873,0.7515151515151516,Positive,0.7481,Positive,-0.008649978330992236,,1551.43994140625,0.0,1545.5899658203125,0.0,1558.800048828125,0.0,1548.289990234375,1545.8417393683735,55.9390928486323,13.630861660912615,14.864126502224542,-1.233264841311927
2024-03-04,1539.27001953125,1547.0999755859375,1537.030029296875,1539.0999755859375,234915700.0,,0.0,0.0,Neutral,0.0,Neutral,0.0008127332441232316,,1538.02001953125,0.7481,1551.43994140625,0.0,1545.5899658203125,0.0,1546.6239990234376,1543.6511660893323,56.568771648778814,12.375319192362667,14.366365040252166,-1.9910458478894988
2024-03-05,1536.97998046875,1537.9200439453125,1518.8399658203125,1537.9200439453125,292974200.0,,0.0,0.0,Neutral,0.0,Neutral,-0.0014877435624955915,,1539.27001953125,0.0,1538.02001953125,0.7481,1551.43994140625,0.0,1542.2599853515626,1541.4274375491382,55.01751321852527,11.06792161580779,13.70667635536329,-2.6387547395555
2024-03-06,1531.510009765625,1535.199951171875,1527.9200439453125,1532.449951171875,266505400.0,"RAM Ratings: Bank margins battered in 2023 - ram.com.my | RAM Ratings: Bank margins battered in 2023 - ram.com.my | Understanding MFRS 116 : Accounting on Property, Plant, and Equipment - THK Management Advisory Sdn Bhd | Cypark has deferred its coupon payment due to tight liquidity - fsmone.com.my",-0.1517857142857143,0.3303571428571428,Negative,0.0,Neutral,-0.003558908230839042,,1536.97998046875,0.0,1539.27001953125,0.0,1538.02001953125,0.7481,1539.443994140625,1538.121628287967,51.39231014408985,9.481126175057852,12.861566319302202,-3.38044014424435
2024-03-07,1535.8299560546875,1539.5999755859375,1531.699951171875,1531.699951171875,235394700.0,OPR In Malaysia: How It Affects You - PropertyGuru,0.0,0.0,Neutral,0.0,Neutral,0.002820710450154751,,1531.510009765625,0.0,1536.97998046875,0.0,1539.27001953125,0.0,1536.3219970703126,1537.3577375435405,53.97179764125713,8.474474451944616,11.984147945830685,-3.509673493886069
2024-03-08,1539.8599853515625,1541.1500244140625,1535.3199462890625,1536.52001953125,334762200.0,,0.0,0.0,Neutral,0.0,Neutral,0.002624007482721291,,1535.8299560546875,0.0,1531.510009765625,0.0,1536.97998046875,0.0,1536.689990234375,1538.1918201462145,56.30154622162722,7.910695815615782,11.169457519787704,-3.2587617041719223
2024-03-11,1544.7099609375,1547.47998046875,1540.77001953125,1542.010009765625,282742100.0,DECLARATION BY RESIDENT ON INVESTMENT ABROAD AND INVESTMENT IN FOREIGN CURRENCY ASSET ONSHORE - CGS iTrade,-0.125,0.125,Negative,0.4995,Positive,0.0031496211552184405,,1539.8599853515625,0.0,1535.8299560546875,0.0,1531.510009765625,0.0,1537.777978515625,1540.3645337433097,58.99167520195028,7.765731166480009,10.488712249126165,-2.7229810826461556
2024-03-12,1554.56005859375,1556.7099609375,1541.3599853515625,1544.949951171875,236872900.0,,0.0,0.0,Neutral,0.0,Neutral,0.006376664814326638,,1544.7099609375,0.4995,1539.8599853515625,0.0,1535.8299560546875,0.0,1541.293994140625,1545.0963753601231,63.85803742295912,8.34941928954754,10.06085365721044,-1.7114343676628998
2024-03-13,1538.1300048828125,1544.739990234375,1536.760009765625,1543.510009765625,230016100.0,,0.0,0.0,Neutral,0.0,Neutral,-0.010568941109808327,,1554.56005859375,0.0,1544.7099609375,0.4995,1539.8599853515625,0.0,1542.6179931640625,1542.7742518676862,52.63756113098111,7.400915166411323,9.528865959050616,-2.127950792639293
2024-03-14,1543.75,1543.75,1533.800048828125,1535.5999755859375,226515700.0,ITRF Deadlines - hasil.gov.my,0.0,0.0,Neutral,0.0,Neutral,0.003653784205071675,,1538.1300048828125,0.0,1554.56005859375,0.0,1544.7099609375,0.4995,1544.202001953125,1543.0995012451242,55.51677315660753,7.0217629406367905,9.02744535536785,-2.0056824147310603
2024-03-15,1552.8299560546875,1552.8299560546875,1535.469970703125,1536.949951171875,499854300.0,,0.0,0.0,Neutral,0.0,Neutral,0.005881752909919102,,1543.75,0.0,1538.1300048828125,0.0,1554.56005859375,0.0,1546.79599609375,1546.3429861816453,59.77180334892979,7.3690132417214045,8.695758932638562,-1.326745690917157
2024-03-18,1553.6400146484375,1557.3299560546875,1544.3199462890625,1547.449951171875,263219400.0,,0.0,0.0,Neutral,0.0,Neutral,0.0005216660012201668,,1552.8299560546875,0.0,1543.75,0.0,1538.1300048828125,0.0,1548.5820068359376,1548.7753290039093,60.13814077012532,7.62171814330668,8.480950774772186,-0.8592326314655061
2024-03-19,1544.9599609375,1552.0999755859375,1544.9599609375,1551.5899658203125,299513700.0,"Malaysian Capital Market Developments in 2023 - Securities Commission Malaysia | 'Surging debt can lead to macroeconomic instability' - NST Online | Documents Arnold, B. L., De La Motte, S., Linens, S., Ross, S. E. Ankle instability is associated with balance impairments: A me - IIUM Repository",0.0,0.0,Neutral,-0.0772,Negative,-0.005586914361819906,,1553.6400146484375,0.0,1552.8299560546875,0.0,1543.75,0.0,1546.6619873046875,1547.5035396484395,54.41946291073996,7.04042319019095,8.19284525785594,-1.1524220676649897
2024-03-20,1535.7900390625,1546.0,1535.77001953125,1545.06005859375,182483300.0,Analysts expect BNM to keep OPR at 3pc throughout 2024 - NST Online | (Tax Update) Is bad debt tax deductible? - KTP & Company PLT,-0.6999999999999998,0.6666666666666666,Negative,-0.7184,Negative,-0.005935378331381247,,1544.9599609375,-0.0772,1553.6400146484375,0.0,1552.8299560546875,0.0,1546.193994140625,1543.5990394531264,49.106767812322296,5.773256189143694,7.70892744411349,-1.9356712549697956
2024-03-21,1541.4100341796875,1542.3299560546875,1534.6600341796875,1539.1199951171875,186197400.0,,0.0,0.0,Neutral,0.0,Neutral,0.0036593511966116488,,1535.7900390625,-0.7184,1544.9599609375,-0.0772,1553.6400146484375,0.0,1545.7260009765625,1542.8693710286468,52.187520879798534,5.162988135687101,7.199739582428212,-2.0367514467411114
2024-03-22,1542.3900146484375,1543.8399658203125,1537.9200439453125,1541.56005859375,153442100.0,"Petronas Gas impacted by geopolitical instability, inflation and ringgit in 2023 - NST Online",0.0,0.0,Neutral,0.0,Neutral,0.0006357688395817185,,1541.4100341796875,0.0,1535.7900390625,-0.7184,1544.9599609375,-0.0772,1543.6380126953125,1542.709585568577,52.72491797241722,4.704195502871244,6.700630766516818,-1.9964352636455747
2024-03-25,1537.5400390625,1540.22998046875,1532.72998046875,1540.22998046875,144717400.0,Home - AEON Credit Service - myaeoncredit.com.my | Home - AEON Credit Service - myaeoncredit.com.my | Home - AEON Credit Service - myaeoncredit.com.my | Home - AEON Credit Service - myaeoncredit.com.my,0.0,0.0,Neutral,0.8555,Positive,-0.003144454735751756,,1542.3900146484375,0.0,1541.4100341796875,0.0,1535.7900390625,-0.7184,1540.418017578125,1540.9864033998847,49.74496121577527,3.904240880529187,6.141352789319292,-2.237111908790105
2024-03-26,1538.4200439453125,1540.510009765625,1532.0699462890625,1536.06005859375,201823400.0,,0.0,0.0,Neutral,0.0,Neutral,0.0005723459945465859,,1537.5400390625,0.8555,1542.3900146484375,0.0,1541.4100341796875,0.0,1539.1100341796875,1540.1309502483607,50.29391254570699,3.3032028521888606,5.573722801893206,-2.2705199497043456
2024-03-27,1530.5999755859375,1536.5799560546875,1528.52001953125,1536.510009765625,213452700.0,,0.0,0.0,Neutral,0.0,Neutral,-0.005083181534296877,,1538.4200439453125,0.0,1537.5400390625,0.8555,1542.3900146484375,0.0,1538.072021484375,1536.9539586942196,45.53398799550104,2.1708376577021227,4.893145773054989,-2.7223081153528668
2024-03-29,1536.0699462890625,1542.0,1532.030029296875,1532.1099853515625,197606300.0,Personal Financing-i - myaeoncredit.com.my | Some Johor SMEs losing half of workforce to Singapore - thestar.com.my,-0.08333333333333333,0.2333333333333333,Negative,-0.3818,Negative,0.0035737428396540594,,1530.5999755859375,0.0,1538.4200439453125,0.0,1537.5400390625,0.8555,1537.00400390625,1536.6592878925005,49.158598108653294,1.6952689983654636,4.253570418117084,-2.5583014197516203
2024-04-01,1544.02001953125,1544.7099609375,1537.0699462890625,1537.5,113539400.0,SECTION 264(4A) - Declaration by Firm of Auditors - Suruhanjaya Syarikat Malaysia (SSM),-0.2,0.4,Negative,0.0,Neutral,0.005175593247816579,,1536.0699462890625,-0.3818,1530.5999755859375,0.0,1538.4200439453125,0.0,1537.3300048828125,1539.112865105417,53.954734397520475,1.937547042440201,3.7903657429817073,-1.8528187005415062
2024-04-02,1547.989990234375,1550.989990234375,1540.77001953125,1543.530029296875,188490400.0,,0.0,0.0,Neutral,0.0,Neutral,0.002571191210545498,,1544.02001953125,0.0,1536.0699462890625,-0.3818,1530.5999755859375,0.0,1539.4199951171875,1542.0719068150697,56.17788160997751,2.421978534287291,3.516688301242824,-1.0947097669555328
2024-04-03,1537.010009765625,1548.4200439453125,1537.010009765625,1547.2900390625,185700600.0,Exploring the Ramifications of a Declining Ringgit - university.taylors.edu.my,0.0,0.0,Neutral,0.0,Neutral,-0.007093056504252737,,1547.989990234375,0.0,1544.02001953125,0.0,1536.0699462890625,-0.3818,1539.13798828125,1540.3846077985881,49.11479510831858,1.8980221040758352,3.192955061809426,-1.2949329577335909
2024-04-04,1553.239990234375,1554.3299560546875,1537.25,1538.97998046875,208034400.0,,0.0,0.0,Neutral,0.0,Neutral,0.010559450078809096,,1537.010009765625,0.0,1547.989990234375,0.0,1544.02001953125,0.0,1543.6659912109376,1544.6697352771837,57.60055031584841,2.760584344533072,3.1064809183541553,-0.3458965738210833
2024-04-05,1555.25,1555.969970703125,1547.9599609375,1551.0699462890625,183477400.0,,0.0,0.0,Neutral,0.0,Neutral,0.0012940754669352739,,1553.239990234375,0.0,1537.010009765625,0.0,1547.989990234375,0.0,1547.502001953125,1548.1964901847891,58.52305916857999,3.565263980388181,3.1982375307609603,0.36702644962722086
2024-04-08,1559.97998046875,1560.260009765625,1554.1500244140625,1556.780029296875,136336200.0,Financing Rates - publicislamicbank.com.my,0.0,0.0,Neutral,0.0,Neutral,0.0030412991279538115,,1555.25,0.0,1553.239990234375,0.0,1537.010009765625,0.0,1550.693994140625,1552.1243202794428,60.690530533294115,4.53240157885989,3.465070340380746,1.0673312384791438
2024-04-09,1553.510009765625,1565.5699462890625,1553.4300537109375,1559.9100341796875,148751200.0,Declaration of Charitable Trust Citation and commencement - SarawakID,0.6,0.8,Positive,0.7184,Positive,-0.004147470342011017,,1559.97998046875,0.0,1555.25,0.0,1553.239990234375,0.0,1551.797998046875,1552.5862167748369,56.35254744267265,4.722356147454775,3.716527501795552,1.0058286456592231
2024-04-12,1551.0400390625,1556.6400146484375,1548.27001953125,1554.0899658203125,225170600.0,,0.0,0.0,Neutral,0.0,Neutral,-0.001589929055878847,,1553.510009765625,0.7184,1559.97998046875,0.0,1555.25,0.0,1554.60400390625,1552.070824204058,54.74384259545103,4.62033022747255,3.8972880469309517,0.7230421805415985
2024-04-15,1542.530029296875,1548.3399658203125,1542.530029296875,1545.449951171875,242539900.0,,0.0,0.0,Neutral,0.0,Neutral,-0.0054866473793731,,1551.0400390625,0.0,1553.510009765625,0.7184,1559.97998046875,0.0,1552.46201171875,1548.890559234997,49.500640743477305,3.808880876069452,3.8796066127586517,-0.07072573668919979
2024-04-16,1535.0,1541.5899658203125,1532.489990234375,1541.0799560546875,299007700.0,,0.0,0.0,Neutral,0.0,Neutral,-0.004881609533596842,,1542.530029296875,0.0,1551.0400390625,0.0,1553.510009765625,0.7184,1548.41201171875,1544.2603728233314,45.36071561043499,2.5290378121017056,3.6094928526272625,-1.0804550405255569
2024-04-17,1540.4200439453125,1541.8800048828125,1532.949951171875,1535.050048828125,201296200.0,,0.0,0.0,Neutral,0.0,Neutral,0.003530973254275205,,1535.0,0.0,1542.530029296875,0.0,1551.0400390625,0.0,1544.5000244140624,1542.980263197325,48.687291469074665,1.92985899907967,3.273566081917744,-1.343707082838074
2024-04-18,1544.760009765625,1548.4599609375,1538.6800537109375,1539.8399658203125,192585300.0,,0.0,0.0,Neutral,0.0,Neutral,0.00281739116377433,,1540.4200439453125,0.0,1535.0,0.0,1542.530029296875,0.0,1542.7500244140624,1543.573512053425,51.2468400857783,1.784632313585007,2.9757793282511966,-1.1911470146661896
2024-04-19,1547.5699462890625,1552.449951171875,1545.9000244140625,1546.300048828125,217831000.0,,0.0,0.0,Neutral,0.0,Neutral,0.0018190116948093582,,1544.760009765625,0.0,1540.4200439453125,0.0,1535.0,0.0,1542.056005859375,1544.9056567986374,52.88549665909061,1.874667512704491,2.7555569651418557,-0.8808894524373647
2024-04-22,1559.5899658203125,1559.93994140625,1548.3800048828125,1548.5699462890625,162909500.0,,0.0,0.0,Neutral,0.0,Neutral,0.007767028275570409,,1547.5699462890625,0.0,1544.760009765625,0.0,1540.4200439453125,0.0,1545.4679931640626,1549.8004264725291,59.202512177660985,2.8827061354452326,2.7809867992025312,0.10171933624270135
2024-04-23,1561.6400146484375,1567.5699462890625,1559.81005859375,1559.81005859375,215225200.0,,0.0,0.0,Neutral,0.0,Neutral,0.001314479365123855,,1559.5899658203125,0.0,1547.5699462890625,0.0,1544.760009765625,0.0,1550.79599609375,1553.7469558644987,60.183060314823855,3.8031652918539294,2.9854224977328108,0.8177427941211186
2024-04-24,1571.47998046875,1572.47998046875,1564.8900146484375,1565.489990234375,217218900.0,Awards and Recognitions - KIP REIT,0.0,0.0,Neutral,0.4588,Positive,0.006301046161735213,,1561.6400146484375,0.0,1559.5899658203125,0.0,1547.5699462890625,0.0,1557.0079833984375,1559.6579640659158,64.58313169696649,5.265936373944214,3.4415252729750914,1.8244111009691228
2024-04-25,1569.25,1574.449951171875,1569.030029296875,1573.2900390625,229077400.0,,0.0,0.0,Neutral,0.0,Neutral,-0.0014190320567015746,,1571.47998046875,0.4588,1561.6400146484375,0.0,1559.5899658203125,0.0,1561.9059814453126,1562.8553093772773,62.887055883979684,6.174081242759257,3.9880364669319244,2.186044775827333
2024-04-26,1575.1600341796875,1575.5699462890625,1566.3399658203125,1567.6700439453125,249177600.0,The Ringgit's Rollercoaster: Navigating Malaysia Ringgit Volatility - StashAway Malaysia | Hong Leong Assurance - The largest domestic life insurance in Malaysia - Hong Leong Assurance | Hong Leong Assurance - The largest domestic life insurance in Malaysia - Hong Leong Assurance,0.0,0.1,Neutral,0.8225,Positive,0.003766152097936848,,1569.25,0.0,1571.47998046875,0.4588,1561.6400146484375,0.0,1567.4239990234375,1566.9568843114141,65.47488120832249,7.286686573198949,4.647766488185329,2.63892008501362
2024-04-29,1582.6600341796875,1583.3399658203125,1575.0,1576.300048828125,284290000.0,,0.0,0.0,Neutral,0.0,Neutral,0.004761420958668383,,1575.1600341796875,0.8225,1569.25,0.0,1571.47998046875,0.4588,1572.0380126953125,1572.1912676008385,68.47867408129919,8.673637341227732,5.45294065879381,3.220696682433922
2024-04-30,1575.969970703125,1589.06005859375,1575.969970703125,1583.5799560546875,333275400.0,Evaluating Effectiveness of Group Intervention Working on Executive Function for Children with Attention Deficit Hyperactivity Disorder: A Prospective Observational Cohort Study - The Malaysian Paediatric Association,0.0,0.0,Neutral,-0.6597,Negative,-0.004227100787333682,,1582.6600341796875,0.0,1575.1600341796875,0.8225,1569.25,0.0,1574.90400390625,1573.4508353016006,63.19685046207364,9.127754533533334,6.187903433741715,2.9398510997916194
2024-05-02,1580.300048828125,1582.6800537109375,1574.27001953125,1574.969970703125,246289200.0,MRMA Malaysian REIT Forum 2024 - Malaysian REIT Managers Association,0.0,0.0,Neutral,0.0,Neutral,0.002747563853052526,,1575.969970703125,-0.6597,1582.6600341796875,0.0,1575.1600341796875,0.8225,1576.668017578125,1575.7339064771088,65.07452800728514,9.724943699487312,6.895311486890835,2.8296322125964775
2024-05-03,1589.5899658203125,1590.56005859375,1581.5899658203125,1581.5899658203125,262487200.0,Malaysian Citation Centre - myjurnal.mohe.gov.my,0.0,0.0,Neutral,0.0,Neutral,0.0058785779314987074,,1580.300048828125,0.0,1575.969970703125,-0.6597,1582.6600341796875,0.0,1580.7360107421875,1580.3525929248433,68.75737993913984,10.82307737931842,7.680864665376352,3.142212713942068
2024-05-06,1597.3900146484375,1598.260009765625,1591.1700439453125,1591.800048828125,201147700.0,,0.0,0.0,Neutral,0.0,Neutral,0.004906956508183402,,1589.5899658203125,0.0,1580.300048828125,0.0,1575.969970703125,-0.6597,1585.1820068359375,1586.0317334993747,71.47699492140019,12.182324728673848,8.581156678035851,3.6011680506379964
2024-05-07,1605.6800537109375,1610.3199462890625,1600.6600341796875,1600.8499755859375,265320400.0,Bursa Malaysia hits all-time high market capitalisation of more than RM2 trillion - thestar.com.my,0.33,0.52,Positive,0.0,Neutral,0.0051897401301364,,1597.3900146484375,0.0,1589.5899658203125,0.0,1580.300048828125,0.0,1589.7860107421875,1592.5811735698956,74.0613451411313,13.769745856616964,9.618874513752074,4.150871342864891
2024-05-08,1604.75,1610.25,1602.2900390625,1606.9599609375,216508600.0,,0.0,0.0,Neutral,0.0,Neutral,-0.0005792272930015274,,1605.6800537109375,0.0,1597.3900146484375,0.0,1589.5899658203125,0.0,1595.5420166015624,1596.637449046597,73.2593800517381,14.782339369014835,10.651567484804627,4.130771884210208
2024-05-09,1601.219970703125,1607.3800048828125,1599.2900390625,1606.2099609375,168553600.0,Deputy Governor's Speech at the National Economic Forum 2024 - Bank Negara Malaysia,0.2,0.2,Positive,0.0,Neutral,-0.0021997378388378674,,1604.75,0.0,1605.6800537109375,0.0,1597.3900146484375,0.0,1599.7260009765625,1598.1649562654397,70.15429777324665,15.125624377906206,11.546378863424943,3.579245514481263
2024-05-10,1600.6700439453125,1604.0699462890625,1599.8399658203125,1603.4599609375,180639100.0,OPR to reach 2.75% by end-2022 and 3.25% by 1H 2023 - fsmone.com.my,0.0,0.0,Neutral,0.0258,Neutral,-0.0003434423551256227,,1601.219970703125,0.0,1604.75,0.0,1605.6800537109375,0.0,1601.9420166015625,1598.999985492064,69.65896380809194,15.17833928022742,12.272770946785439,2.9055683334419804
2024-05-13,1602.9100341796875,1604.800048828125,1600.4300537109375,1602.300048828125,163107600.0,Unifi UniVerse All-in-One Internet Bundles for Home & Mobile - unifi.com.my,0.0,0.0,Neutral,0.0,Neutral,0.001399407856008894,,1600.6700439453125,0.0258,1601.219970703125,0.0,1604.75,0.0,1603.0460205078125,1600.3033350546052,70.57045674039951,15.225356281879613,12.863288013804274,2.3620682680753387
2024-05-14,1605.8800048828125,1607.4200439453125,1601.43994140625,1601.6199951171875,208290100.0,"Student dropout rates in Malaysia on downtrend, thanks to early intervention, effective strategies - Twentytwo13",0.3,0.4333333333333333,Positive,0.7184,Positive,0.0018528617575501727,,1602.9100341796875,0.0,1600.6700439453125,0.0258,1601.219970703125,0.0,1603.0860107421875,1602.162224997341,71.78093298690067,15.3256053702396,13.35575148509134,1.969853885148261
2024-05-15,1603.22998046875,1607.6400146484375,1603.22998046875,1605.75,194095600.0,RM170bil inflows to Malaysia's capital market? - NST Online,0.0,0.0,Neutral,0.0,Neutral,-0.0016502007659382478,,1605.8800048828125,0.7184,1602.9100341796875,0.0,1600.6700439453125,0.0258,1602.7820068359374,1602.5181434878107,69.05176706649092,15.018099370878645,13.6882210622488,1.3298783086298442
2024-05-16,1611.1099853515625,1611.5699462890625,1604.3800048828125,1604.3800048828125,183263300.0,,0.0,0.0,Neutral,0.0,Neutral,0.004915080792406767,,1603.22998046875,0.0,1605.8800048828125,0.7184,1602.9100341796875,0.0,1604.760009765625,1605.3820907757279,72.41084813574575,15.234633813644905,13.997503612528021,1.2371302011168837
2024-05-17,1616.6199951171875,1619.449951171875,1611.9300537109375,1612.4200439453125,219231700.0,,0.0,0.0,Neutral,0.0,Neutral,0.0034200084511442075,,1611.1099853515625,0.0,1603.22998046875,0.0,1605.8800048828125,0.7184,1607.95,1609.1280588895477,74.4954044616433,15.670214183854569,14.33204572679333,1.3381684570612382
2024-05-20,1627.5,1629.81005859375,1618.280029296875,1618.280029296875,200289800.0,,0.0,0.0,Neutral,0.0,Neutral,0.006730094218600824,,1616.6199951171875,0.0,1611.1099853515625,0.0,1603.22998046875,0.0,1612.8679931640625,1615.2520392596984,78.02598488469013,16.700823533686616,14.805801288171988,1.8950222455146282
2024-05-21,1622.0899658203125,1628.3800048828125,1620.800048828125,1628.3800048828125,230614000.0,,0.0,0.0,Neutral,0.0,Neutral,-0.0033241377448156584,,1627.5,0.0,1616.6199951171875,0.0,1611.1099853515625,0.0,1616.1099853515625,1617.5313481132364,72.64122399269046,16.88638854803935,15.22191874014546,1.664469807893889
2024-05-23,1629.1800537109375,1632.7900390625,1620.6600341796875,1620.6600341796875,249478800.0,,0.0,0.0,Neutral,0.0,Neutral,0.004370958479506637,,1622.0899658203125,0.0,1627.5,0.0,1616.6199951171875,0.0,1621.3,1621.4142499791367,75.0694816442711,17.40492782351612,15.658520556819592,1.7464072666965258
2024-05-24,1619.4000244140625,1624.9599609375,1614.8299560546875,1624.9599609375,307419100.0,,0.0,0.0,Neutral,0.0,Neutral,-0.006003037708814385,,1629.1800537109375,0.0,1622.0899658203125,0.0,1627.5,0.0,1622.9580078125,1620.7428414574454,66.32474186024521,16.83267075556614,15.893350596568903,0.9393201589972389
2024-05-27,1618.27001953125,1622.4000244140625,1617.97998046875,1620.6700439453125,177466500.0,The Effect of Dividend Policy on Share Prices of Bursa Malaysia Listed Companies - UUM eThesis,0.0,0.0,Neutral,0.296,Positive,-0.0006977923093594018,,1619.4000244140625,0.0,1629.1800537109375,0.0,1622.0899658203125,0.0,1623.2880126953125,1619.918567482047,65.37712207382381,16.10235305349397,15.935151087953916,0.1672019655400554
2024-05-28,1615.8199462890625,1622.9300537109375,1612.9599609375,1620.6500244140625,214978500.0,,0.0,0.0,Neutral,0.0,Neutral,-0.0015140076826593019,,1618.27001953125,0.296,1619.4000244140625,0.0,1629.1800537109375,0.0,1620.952001953125,1618.5523604177188,63.26647499921238,15.151216782653364,15.778364226893805,-0.6271474442404408
2024-05-29,1605.3499755859375,1614.7099609375,1605.3499755859375,1614.7099609375,218199800.0,75th Anniversary of JPJ - Bank Negara Malaysia,0.0,0.0,Neutral,0.0,Neutral,-0.006479664226927362,,1615.8199462890625,0.0,1618.27001953125,0.296,1619.4000244140625,0.0,1617.60400390625,1614.1515654737916,55.08265991536943,13.39814977040487,15.302321335596018,-1.904171565191147
2024-05-30,1604.260009765625,1608.8399658203125,1602.3199462890625,1603.2099609375,219690300.0,,0.0,0.0,Neutral,0.0,Neutral,-0.0006789583809689859,,1605.3499755859375,0.0,1615.8199462890625,0.0,1618.27001953125,0.296,1612.6199951171875,1610.854380237736,54.295258535009715,11.785029911661923,14.598863050809198,-2.8138331391472757
2024-05-31,1596.6800537109375,1612.31005859375,1595.3599853515625,1608.8800048828125,652449300.0,Telekom Malaysia Berhad Maintain NEUTRAL - MIDF Malaysia,0.0,0.0,Neutral,0.0,Neutral,-0.004724892479115561,,1604.260009765625,0.0,1605.3499755859375,0.0,1615.8199462890625,0.0,1608.0760009765625,1606.129604728803,49.044630789405204,9.782218372253965,13.635534115098151,-3.8533157428441864
2024-06-04,1615.4000244140625,1617.4100341796875,1595.3499755859375,1595.93994140625,280419400.0,,0.0,0.0,Neutral,0.0,Neutral,0.011724309237543862,,1596.6800537109375,0.0,1604.260009765625,0.0,1605.3499755859375,0.0,1607.502001953125,1609.2197446238895,59.46919127375695,9.594916756474277,12.827410643373376,-3.2324938868990998
2024-06-05,1608.530029296875,1622.6500244140625,1608.530029296875,1614.81005859375,197151900.0,,0.0,0.0,Neutral,0.0,Neutral,-0.0042528135529027455,,1615.4000244140625,0.0,1596.6800537109375,0.0,1604.260009765625,0.0,1606.0440185546875,1608.9898395148846,55.020537790103916,8.790792897082156,12.020087094115132,-3.229294197032976
2024-06-06,1614.72998046875,1617.050048828125,1609.3399658203125,1611.8199462890625,233096300.0,,0.0,0.0,Neutral,0.0,Neutral,0.0038544205323820524,,1608.530029296875,0.0,1615.4000244140625,0.0,1596.6800537109375,0.0,1607.92001953125,1610.9032198328398,58.06904891171564,8.555184349763977,11.3271065452449,-2.771922195480924
2024-06-07,1617.8599853515625,1622.489990234375,1614.9300537109375,1615.969970703125,213524300.0,"How Does OPR Impact Your Home Loans? - iProperty | How Does OPR Impact Your Home Loans? - iProperty | DOES THE SHARIA-COMPLIANT STATUS REMOVAL ANNOUNCEMENT MATTER? LIQUIDITY, TRADING ACTIVITIES AND INSTITUTIONAL INVESTORS - Universiti Sains Malaysia",0.0,0.0,Neutral,0.3341,Positive,0.00193840761035724,,1614.72998046875,0.0,1608.530029296875,0.0,1615.4000244140625,0.0,1610.6400146484375,1613.222141672414,59.55921452222414,8.522782779414229,10.766241792078766,-2.2434590126645375
2024-06-10,1614.3699951171875,1619.239990234375,1613.010009765625,1619.239990234375,158084400.0,The Effects of Standardisation of Trading Board Lot And Bonus Issue On Stock Returns And Liquidity - UUM eThesis,0.0,0.0,Neutral,0.5423,Positive,-0.002157164566757408,,1617.8599853515625,0.3341,1614.72998046875,0.0,1608.530029296875,0.0,1614.1780029296874,1613.6047594873385,57.12160517528913,8.121867424638367,10.237366918590686,-2.115499493952319
2024-06-11,1611.489990234375,1617.3699951171875,1609.260009765625,1617.0,273386100.0,,0.0,0.0,Neutral,0.0,Neutral,-0.0017839806807133929,,1614.3699951171875,0.5423,1617.8599853515625,0.3341,1614.72998046875,0.0,1613.39599609375,1612.8998364030174,55.11688613817417,7.485459079963903,9.68698535086533,-2.201526270901427
2024-06-12,1608.949951171875,1618.989990234375,1608.949951171875,1616.6300048828125,202814000.0,,0.0,0.0,Neutral,0.0,Neutral,-0.0015762052993767428,,1611.489990234375,0.0,1614.3699951171875,0.5423,1617.8599853515625,0.3341,1613.47998046875,1611.5832079926365,53.33889742219103,6.698919977812238,9.08937227625471,-2.3904522984424723
2024-06-13,1610.1700439453125,1616.8399658203125,1609.1300048828125,1612.5799560546875,218593000.0,Untitled - UiTM Institutional Repository,0.0,0.0,Neutral,0.0,Neutral,0.0007583161754340928,,1608.949951171875,0.0,1611.489990234375,0.0,1614.3699951171875,0.5423,1612.5679931640625,1611.1121533101953,54.10475699100126,6.1036740081633525,8.49223262263644,-2.3885586144730873
2024-06-14,1607.3199462890625,1611.9000244140625,1604.47998046875,1611.0,225453600.0,German companies in Malaysia worry about geopolitical instability - Lumi News Malaysia,0.0,0.0,Neutral,-0.4404,Negative,-0.0017700600423956603,,1610.1700439453125,0.0,1608.949951171875,0.0,1611.489990234375,0.0,1610.4599853515624,1609.848084303151,51.95935126313521,5.340397449584771,7.861865588026106,-2.5214681384413353
2024-06-18,1606.1300048828125,1615.0899658203125,1606.1300048828125,1609.3900146484375,232582800.0,,0.0,0.0,Neutral,0.0,Neutral,-0.0007403264104307583,,1607.3199462890625,-0.4404,1610.1700439453125,0.0,1608.949951171875,0.0,1608.8119873046876,1608.6087244963715,51.049200270368566,4.586605418865474,7.20681355419398,-2.6202081353285056
2024-06-19,1599.7900390625,1609.219970703125,1599.7900390625,1608.469970703125,211950200.0,AD Liquidity Partners Sdn Bhd Company Overview & Details - Maukerja | Rakuten Trade Launches Raku-Invest - Rakuten Trade,0.0,0.0,Neutral,0.0,Neutral,-0.003947355320576995,,1606.1300048828125,0.0,1607.3199462890625,-0.4404,1610.1700439453125,0.0,1606.4719970703125,1605.669162685081,46.38698916193236,3.438006350227397,6.4530521134006635,-3.0150457631732666
2024-06-20,1592.68994140625,1596.27001953125,1590.3699951171875,1596.27001953125,189841500.0,Baraka Telecoms Sdn Bhd Company Overview & Details - Maukerja | Top Glove Corporation Berhad Downgrade to SELL - MIDF Malaysia,0.5,0.5,Positive,0.2023,Positive,-0.004438143433128761,,1599.7900390625,0.0,1606.1300048828125,0.0,1607.3199462890625,-0.4404,1603.2199951171874,1601.3427555921373,41.784619171524575,1.9325376788558515,5.548949226491701,-3.61641154763585
2024-06-21,1590.3699951171875,1598.1600341796875,1590.0,1593.4100341796875,497243500.0,,0.0,0.0,Neutral,0.0,Neutral,-0.0014566214231340746,,1592.68994140625,0.2023,1599.7900390625,0.0,1606.1300048828125,0.0,1599.2599853515626,1597.685168767154,40.375017645583874,0.5459492702052557,4.548349235234412,-4.002399965029157
2024-06-24,1589.6600341796875,1594.0899658203125,1582.780029296875,1589.8699951171875,218922400.0,,0.0,0.0,Neutral,0.0,Neutral,-0.00044641243212573123,,1590.3699951171875,0.0,1592.68994140625,0.2023,1599.7900390625,0.0,1595.7280029296876,1595.010123904665,39.93106968574705,-0.603265874266981,3.5180262133341333,-4.121292087601114
2024-06-25,1585.3800048828125,1594.7099609375,1582.3499755859375,1589.7099609375,229698100.0,,0.0,0.0,Neutral,0.0,Neutral,-0.002692418004383912,,1589.6600341796875,0.0,1590.3699951171875,0.0,1592.68994140625,0.2023,1591.5780029296875,1591.8000842307142,37.27046059759293,-1.8382001236836913,2.446780945930568,-4.284981069614259
2024-06-26,1590.949951171875,1593.4200439453125,1581.760009765625,1586.3900146484375,203208300.0,,0.0,0.0,Neutral,0.0,Neutral,0.0035133193757381775,,1585.3800048828125,0.0,1589.6600341796875,0.0,1590.3699951171875,0.0,1589.8099853515625,1591.5167065444346,42.62792881531832,-2.3404668530315575,1.4893313861381428,-3.8297982391697003
2024-06-27,1584.93994140625,1592.260009765625,1582.31005859375,1591.530029296875,198108200.0,,0.0,0.0,Neutral,0.0,Neutral,-0.003777623401162389,,1590.949951171875,0.0,1585.3800048828125,0.0,1589.6600341796875,0.0,1588.2599853515626,1589.324451498373,38.77937822488058,-3.186739663846538,0.5541171761412066,-3.7408568399877447
2024-06-28,1590.0899658203125,1590.0899658203125,1581.52001953125,1583.530029296875,213091600.0,Detailed Disclosure of International Reserves as at end-May 2024 - Bank Negara Malaysia,0.2,0.375,Positive,0.0,Neutral,0.0032493498835628465,,1584.93994140625,0.0,1590.949951171875,0.0,1585.3800048828125,0.0,1588.2039794921875,1589.5796229390196,43.48768607897285,-3.4026296374217964,-0.2372321865713941,-3.1653974508504024
2024-07-01,1598.199951171875,1598.3599853515625,1587.030029296875,1590.260009765625,163914800.0,Expert: MA63 will be key campaign issue if by-election is held - mca.org.my,0.0,1.0,Neutral,0.0,Neutral,0.0051003311296153875,,1590.0899658203125,0.0,1584.93994140625,0.0,1590.949951171875,0.0,1589.911962890625,1592.4530656833047,50.007928109094344,-2.886047399073732,-0.7669952290718617,-2.1190521700018703
2024-07-02,1597.9599609375,1602.52001953125,1595.6199951171875,1598.5799560546875,232831300.0,,0.0,0.0,Neutral,0.0,Neutral,-0.00015016283425550725,,1598.199951171875,0.0,1590.0899658203125,0.0,1584.93994140625,0.0,1592.4279541015626,1594.2886974347032,49.824728832617794,-2.4675728162260384,-1.107110746502697,-1.3604620697233414
2024-07-03,1615.3199462890625,1615.3199462890625,1599.5999755859375,1599.5999755859375,207024100.0,Targeted fuel subsidy sees decrease in diesel seizures - Armizan - NST Online,-0.05,0.0,Neutral,0.0,Neutral,0.010863842509156285,,1597.9599609375,0.0,1598.199951171875,0.0,1590.0899658203125,0.0,1597.301953125,1601.2991137194897,60.96467635444655,-0.7267454903237649,-1.0310376952669107,0.3042922049431458
2024-07-04,1616.75,1619.75,1614.7099609375,1615.9599609375,213023400.0,,0.0,0.0,Neutral,0.0,Neutral,0.0008853067865737252,,1615.3199462890625,0.0,1597.9599609375,0.0,1598.199951171875,0.0,1603.66396484375,1606.4494091463264,61.71867072731801,0.7595109213307296,-0.6729279719473826,1.4324388932781122
2024-07-05,1611.02001953125,1616.260009765625,1608.4100341796875,1615.760009765625,151108400.0,,0.0,0.0,Neutral,0.0,Neutral,-0.0035441351283439504,,1616.75,0.0,1615.3199462890625,0.0,1597.9599609375,0.0,1607.8499755859375,1607.9729459413008,56.97030319588049,1.4582089737371007,-0.24670058281048596,1.7049095565475867
2024-07-09,1614.4200439453125,1618.02001953125,1613.1500244140625,1617.1400146484375,251992400.0,,0.0,0.0,Neutral,0.0,Neutral,0.00211047930680075,,1611.02001953125,0.0,1616.75,0.0,1615.3199462890625,0.0,1611.093994140625,1610.1219786093047,58.98665598793825,2.260231230462523,0.25468577984411583,2.005545450618407
2024-07-10,1618.3800048828125,1620.8299560546875,1613.6500244140625,1613.7099609375,223438200.0,,0.0,0.0,Neutral,0.0,Neutral,0.002452869036376981,,1614.4200439453125,0.0,1611.02001953125,0.0,1616.75,0.0,1615.1780029296874,1612.8746540338072,61.26339544835259,3.1787329453559323,0.8394952129464792,2.339237732409453
2024-07-11,1623.1199951171875,1628.3499755859375,1620.02001953125,1621.1600341796875,266203500.0,Economic Report - MIDF Malaysia,0.2,0.2,Positive,0.0,Neutral,0.002928848737672185,,1618.3800048828125,0.0,1614.4200439453125,0.0,1611.02001953125,0.0,1616.7380126953126,1616.2897677282674,63.850209253951064,4.2402507982810675,1.5196463300133969,2.7206044682676707
2024-07-12,1619.06005859375,1622.969970703125,1616.219970703125,1622.72998046875,235110500.0,How Does Inflation Affect Your Savings as a Malaysian? - kwsp.gov.my,0.0,0.0,Neutral,0.0,Neutral,-0.002501316314043933,,1623.1199951171875,0.0,1618.3800048828125,0.0,1614.4200439453125,0.0,1617.2000244140625,1617.2131980167617,60.145346444295086,4.699732803138886,2.155663624638495,2.5440691785003913
2024-07-15,1629.8199462890625,1632.68994140625,1619.18994140625,1619.8599853515625,224771200.0,Car Depreciation Rate Malaysia: 8 Important Factors to Consider - Qoala Malaysia,0.4,1.0,Positive,0.2023,Positive,0.006645761927237093,,1619.06005859375,0.0,1623.1199951171875,0.0,1618.3800048828125,0.0,1620.960009765625,1621.415447440862,65.80786014063936,5.864506237874139,2.8974321472856235,2.967074090588515
2024-07-16,1625.9599609375,1633.969970703125,1624.3900146484375,1631.72998046875,234839500.0,,0.0,0.0,Neutral,0.0,Neutral,-0.002368350786448148,,1629.8199462890625,0.2023,1619.06005859375,0.0,1623.1199951171875,0.0,1623.2679931640625,1622.9302852730746,62.38362607605159,6.402326977922485,3.598411113412996,2.803915864509489
2024-07-17,1633.5400390625,1638.030029296875,1629.8900146484375,1629.97998046875,205720300.0,,0.0,0.0,Neutral,0.0,Neutral,0.0046619094609374745,,1625.9599609375,0.0,1629.8199462890625,0.2023,1619.06005859375,0.0,1626.3,1626.4668698695498,66.11265635332423,7.355414109266121,4.349811712583621,3.0056023966825
2024-07-18,1633.81005859375,1634.239990234375,1627.9300537109375,1633.699951171875,247984400.0,,0.0,0.0,Neutral,0.0,Neutral,0.0001652971612529086,,1633.5400390625,0.0,1625.9599609375,0.0,1629.8199462890625,0.2023,1628.4380126953124,1628.914599444283,66.24104132901243,8.039852432791577,5.087819856625212,2.9520325761663644
2024-07-19,1636.550048828125,1638.2900390625,1632.530029296875,1634.06005859375,209483800.0,,0.0,0.0,Neutral,0.0,Neutral,0.0016770555548748511,,1633.81005859375,0.0,1633.5400390625,0.0,1625.9599609375,0.0,1631.9360107421876,1631.459749238897,67.58314502929132,8.703045754161394,5.810865036132449,2.8921807180289454
2024-07-22,1622.0699462890625,1637.1199951171875,1616.739990234375,1637.1199951171875,197940000.0,,0.0,0.0,Neutral,0.0,Neutral,-0.00884794360516572,,1636.550048828125,0.0,1633.81005859375,0.0,1633.5400390625,0.0,1630.3860107421874,1628.3298149222855,55.11330709058172,7.968353757769137,6.2423627804597865,1.7259909773093502
2024-07-23,1629.6800537109375,1632.5,1625.22998046875,1625.22998046875,208960700.0,,0.0,0.0,Neutral,0.0,Neutral,0.004691602504124592,,1622.0699462890625,0.0,1636.550048828125,0.0,1633.81005859375,0.0,1631.130029296875,1628.779894518503,59.357602143866764,7.909007016383384,6.575691627644506,1.3333153887388782
2024-07-24,1621.1400146484375,1631.31005859375,1619.7099609375,1631.31005859375,167169600.0,The Impact of the COVID-19 Pandemic on Indonesia's Energy Transition - spaj.ukm.my,0.0,0.0,Neutral,0.2732,Positive,-0.005240316369494402,,1629.6800537109375,0.0,1622.0699462890625,0.0,1636.550048828125,0.0,1628.6500244140625,1626.2332678951477,53.27027489843641,7.09112247023927,6.678777796163459,0.4123446740758112
2024-07-25,1615.1800537109375,1618.0,1610.5799560546875,1617.0799560546875,161845600.0,Bursa Malaysia closes lower as investors continue profit-taking - NST Online,0.0,0.0,Neutral,-0.296,Negative,-0.0036764011027095034,,1621.1400146484375,0.2732,1629.6800537109375,0.0,1622.0699462890625,0.0,1624.9240234375,1622.5488631670776,49.4582373091277,5.894080742830056,6.521838385496778,-0.6277576426667224
2024-07-26,1612.8800048828125,1616.8299560546875,1610.6500244140625,1613.989990234375,157390600.0,Page 163 - kwap.gov.my,0.0,0.0,Neutral,0.0,Neutral,-0.0014240200792726698,,1615.1800537109375,-0.296,1621.1400146484375,0.2732,1629.6800537109375,0.0,1620.1900146484375,1619.3259104056558,48.029799502890626,4.705578847683682,6.1585864779341595,-1.453007630250477
2024-07-29,1624.56005859375,1625.550048828125,1616.3499755859375,1617.1600341796875,169030700.0,Fiscal & Revenue Budget 2023 - Portal Rasmi Kementerian Kewangan | FSMOne Mid-Year Review 2024: Malaysia Equities - Capitalizing on External Drivers - fsmone.com.my,0.0,0.1,Neutral,0.0,Neutral,0.00724173755987878,,1612.8800048828125,0.0,1615.1800537109375,-0.296,1621.1400146484375,0.2732,1620.688037109375,1621.0706264683538,55.11872420213591,4.652533740419358,5.857375930431199,-1.2048421900118411
2024-07-30,1611.93994140625,1629.3699951171875,1611.93994140625,1624.780029296875,188249200.0,,0.0,0.0,Neutral,0.0,Neutral,-0.007768329105926841,,1624.56005859375,0.0,1612.8800048828125,0.0,1615.1800537109375,-0.296,1617.1400146484375,1618.027064780986,47.568667877472485,3.5512208609054596,5.396144916526051,-1.8449240556205915
2024-07-31,1625.5699462890625,1627.93994140625,1611.5999755859375,1613.3299560546875,223534700.0,Buy Insurance and Takaful Products Online - Zurich Malaysia | Detailed Disclosure of International Reserves as at end-June 2024 - Bank Negara Malaysia | Buy Insurance and Takaful Products Online - Zurich Malaysia,0.2,0.375,Positive,0.0,Neutral,0.008455653050523537,,1611.93994140625,0.0,1624.56005859375,0.0,1612.8800048828125,0.0,1618.0260009765625,1620.5413586170114,54.77403601194083,3.735192973181256,5.063954527857092,-1.328761554675836
2024-08-01,1624.25,1626.3499755859375,1621.43994140625,1625.8699951171875,176147500.0,Manulife Asian Small Cap Equity Fund - eUnittrust,-0.125,0.2,Negative,0.0,Neutral,-0.0008119898452082497,,1625.5699462890625,0.0,1611.93994140625,0.0,1624.56005859375,0.0,1619.839990234375,1621.777572411341,54.000100487132016,3.7314695056295477,4.797457523411583,-1.0659880177820353
2024-08-02,1611.050048828125,1619.31005859375,1607.75,1619.31005859375,244657700.0,,0.0,0.0,Neutral,0.0,Neutral,-0.00812679770470992,,1624.25,0.0,1625.5699462890625,0.0,1611.93994140625,0.0,1619.4739990234375,1618.2017312169357,46.868146018516384,2.633040832091865,4.36457418514764,-1.7315333530557746
2024-08-05,1536.47998046875,1593.3599853515625,1532.239990234375,1593.3599853515625,560210500.0,,0.0,0.0,Neutral,0.0,Neutral,-0.046286624312892766,,1611.050048828125,0.0,1624.25,0.0,1625.5699462890625,0.0,1601.8579833984375,1590.9611476342072,25.987194348762184,-4.206167038602416,2.6504259403976285,-6.856592979000045
2024-08-06,1574.3900146484375,1574.3900146484375,1529.0899658203125,1542.1400146484375,352168600.0,,0.0,0.0,Neutral,0.0,Neutral,0.02467330174267679,,1536.47998046875,0.0,1611.050048828125,0.0,1624.25,0.0,1594.347998046875,1585.4374366389507,40.50033361346168,-6.492424985198795,0.8218557552783436,-7.314280740477139
2024-08-07,1591.8699951171875,1596.5999755859375,1563.77001953125,1576.1199951171875,240479600.0,,0.0,0.0,Neutral,0.0,Neutral,0.011102700287802136,,1574.3900146484375,0.0,1536.47998046875,0.0,1611.050048828125,0.0,1587.6080078125,1587.581622798363,45.779767116401906,-6.815250575649316,-0.7055655109071883,-6.109685064742127
2024-08-08,1590.3800048828125,1593.239990234375,1579.68994140625,1585.9599609375,214625200.0,,0.0,0.0,Neutral,0.0,Neutral,-0.0009359999490821114,,1591.8699951171875,0.0,1574.3900146484375,0.0,1536.47998046875,0.0,1580.8340087890624,1588.5144168265128,45.409895962099604,-7.10936955466309,-1.9863263196583687,-5.123043235004721
2024-08-09,1596.050048828125,1604.06005859375,1591.75,1601.1600341796875,170811600.0,,0.0,0.0,Neutral,0.0,Neutral,0.0035652132999057784,,1590.3800048828125,0.0,1591.8699951171875,0.0,1574.3900146484375,0.0,1577.8340087890624,1591.0262941603835,47.15946769671031,-6.806474997800933,-2.9503560552868815,-3.8561189425140516
2024-08-12,1606.6600341796875,1609.5699462890625,1598.530029296875,1598.530029296875,161802300.0,,0.0,0.0,Neutral,0.0,Neutral,0.006647652032812257,,1596.050048828125,0.0,1590.3800048828125,0.0,1591.8699951171875,0.0,1591.87001953125,1596.237540833485,50.365129952600995,-5.645217183065824,-3.48932828084267,-2.1558889022231544
2024-08-13,1609.52001953125,1609.52001953125,1598.300048828125,1605.8399658203125,165937700.0,Cabinet Archives - Recafi Furniture,0.0,0.0,Neutral,0.0,Neutral,0.001780081218627494,,1606.6600341796875,0.0,1596.050048828125,0.0,1590.3800048828125,0.0,1598.8960205078124,1600.6650337327399,51.22412246695996,-4.442919867885848,-3.6800465982513058,-0.7628732696345426
2024-08-14,1612.3499755859375,1613.6300048828125,1606.489990234375,1611.7900390625,168958900.0,Enhanced stability of cluster-based location service mechanism for urban vehicular ad hoc networks - UTM Open Science,0.0,0.25,Neutral,0.0,Neutral,0.0017582608605959393,,1609.52001953125,0.0,1606.6600341796875,0.0,1596.050048828125,0.0,1602.9920166015625,1604.5600143504723,52.10734865298926,-3.2245659913123745,-3.5889504768635194,0.3643844855511449
2024-08-15,1612.93994140625,1614.68994140625,1605.68994140625,1614.6300048828125,168628700.0,Ringgit continues downtrend amid cautious sentiment - NST Online,0.0,0.0,Neutral,-0.1027,Negative,0.0003659043193138256,,1612.3499755859375,0.0,1609.52001953125,0.0,1606.6600341796875,0.0,1607.50400390625,1607.3533233690648,52.301261054836864,-2.186205242048345,-3.3084014299004845,1.1221961878521394
2024-08-16,1623.9000244140625,1624.7099609375,1617.1800537109375,1622.199951171875,192800500.0,,0.0,0.0,Neutral,0.0,Neutral,0.006795096783490218,,1612.93994140625,-0.1027,1612.3499755859375,0.0,1609.52001953125,0.0,1613.0739990234374,1612.8688903840641,55.87553498415646,-0.47345210462776777,-2.741411564845941,2.267959460218173
2024-08-19,1648.699951171875,1653.3499755859375,1624.5799560546875,1625.1400146484375,400059100.0,,0.0,0.0,Neutral,0.0,Neutral,0.015271831014819215,,1623.9000244140625,0.0,1612.93994140625,-0.1027,1612.3499755859375,0.0,1621.481982421875,1624.8125773133345,62.688615731383464,2.8521857028590603,-1.6226921113049406,4.474877814164001
2024-08-20,1642.77001953125,1660.2900390625,1637.449951171875,1649.56005859375,435814900.0,,0.0,0.0,Neutral,0.0,Neutral,-0.003596731859190072,,1648.699951171875,0.0,1623.9000244140625,0.0,1612.93994140625,-0.1027,1628.131982421875,1630.798391385973,60.29141961634473,4.95219586898429,-0.30771451524709414,5.259910384231384
2024-08-21,1635.3199462890625,1646.3800048828125,1633.6400146484375,1641.719970703125,229135100.0,,0.0,0.0,Neutral,0.0,Neutral,-0.004535067692745809,,1642.77001953125,0.0,1648.699951171875,0.0,1623.9000244140625,0.0,1632.7259765625,1632.3055763536695,57.325507149287894,5.946759861654527,0.9431803601332303,5.003579501521298
2024-08-22,1641.6600341796875,1642.1400146484375,1634.68994140625,1640.3299560546875,258146100.0,,0.0,0.0,Neutral,0.0,Neutral,0.0038769709285404463,,1635.3199462890625,0.0,1642.77001953125,0.0,1648.699951171875,0.0,1638.4699951171874,1635.4237289623422,59.16644623126438,7.163969318848785,2.1873381518763413,4.976631166972444
2024-08-23,1635.739990234375,1644.43994140625,1633.31005859375,1643.3299560546875,157513400.0,MSM Malaysia Holdings Berhad Downgrade to NEUTRAL - MIDF Malaysia,0.0,0.0,Neutral,0.0,Neutral,-0.003606132708390275,,1641.6600341796875,0.0,1635.3199462890625,0.0,1642.77001953125,0.0,1640.83798828125,1635.529149386353,56.706540102352086,7.563728558120374,3.262616233125148,4.301112324995226
2024-08-26,1638.9599609375,1643.949951171875,1634.719970703125,1639.8199462890625,191621700.0,,0.0,0.0,Neutral,0.0,Neutral,0.00196851010695398,,1635.739990234375,0.0,1641.6600341796875,0.0,1635.3199462890625,0.0,1638.889990234375,1636.6727532367354,57.735805376528596,8.047597664259001,4.2196125193519185,3.8279851449070827
2024-08-27,1652.2900390625,1653.1199951171875,1639.1600341796875,1639.1600341796875,281615500.0,Short selling in Notion Vtec's shares suspended for second time in a week - NST Online,0.0,0.15,Neutral,-0.2263,Negative,0.008133254284854674,,1638.9599609375,0.0,1635.739990234375,0.0,1641.6600341796875,0.0,1640.793994140625,1641.878515178657,61.786144108939155,9.39835493215378,5.2553610019122905,4.142993930241489
2024-08-28,1675.239990234375,1681.3699951171875,1657.77001953125,1657.77001953125,436809600.0,Customer churn prediction using machine learning: A Malaysian telecommunication industry case study - MMU Institutional Repository,0.0,0.0,Neutral,0.0,Neutral,0.013889783651359844,,1652.2900390625,-0.2263,1638.9599609375,0.0,1635.739990234375,0.0,1648.7780029296875,1652.9990068638963,67.55173679481649,12.18030211664086,6.640349224858005,5.539952891782855
2024-08-29,1653.550048828125,1684.6800537109375,1651.72998046875,1672.949951171875,333067600.0,Determinants of Foreign Direct Investment in Malaysia and other Asian Countries - TAR UMT Institutional Repository,-0.0375,0.225,Neutral,0.0,Neutral,-0.012947363680839263,,1675.239990234375,0.0,1652.2900390625,-0.2263,1638.9599609375,0.0,1651.156005859375,1653.182687518639,58.559248384257536,12.490831768755925,7.8104457336375885,4.680386035118336
2024-08-30,1678.800048828125,1679.8499755859375,1651.0999755859375,1658.47998046875,713923400.0,,0.0,0.0,Neutral,0.0,Neutral,0.015270175836464617,,1653.550048828125,0.0,1675.239990234375,0.0,1652.2900390625,-0.2263,1659.768017578125,1661.7218079551344,64.48616277345687,14.606023584301965,9.169561303770465,5.436462280531501
2024-09-02,1678.18994140625,1683.4300537109375,1671.9000244140625,1680.3599853515625,207989000.0,,0.0,0.0,Neutral,0.0,Neutral,-0.0003634187539491851,,1678.800048828125,0.0,1653.550048828125,0.0,1675.239990234375,0.0,1667.614013671875,1667.211185772173,64.24706039238887,16.048105200043892,10.54527008302515,5.502835117018742
2024-09-03,1676.6500244140625,1684.06005859375,1673.8599853515625,1677.8199462890625,216652100.0,,0.0,0.0,Neutral,0.0,Neutral,-0.0009176059003769277,,1678.18994140625,0.0,1678.800048828125,0.0,1653.550048828125,0.0,1672.4860107421875,1670.3574653194694,63.60601141007164,16.872214452886055,11.810658956997331,5.061555495888724
2024-09-04,1670.239990234375,1675.530029296875,1662.219970703125,1662.6500244140625,231641900.0,,0.0,0.0,Neutral,0.0,Neutral,-0.0038231199632300372,,1676.6500244140625,0.0,1678.18994140625,0.0,1678.800048828125,0.0,1671.4860107421875,1670.3183069577713,60.88280641956826,16.814266389321574,12.81138044346218,4.0028859458593935
2024-09-05,1664.8199462890625,1677.4599609375,1663.1800537109375,1670.550048828125,301092500.0,Bank Negara Malaysia keeps OPR unchanged at three pct - Selangor Journal | Bank Negara Malaysia keeps OPR unchanged at three pct - Selangor Journal,0.0,0.0,Neutral,0.0,Neutral,-0.0032450689583548575,,1670.239990234375,0.0,1676.6500244140625,0.0,1678.18994140625,0.0,1673.739990234375,1668.4855200682016,58.59829012011304,16.144881735457375,13.47808070186122,2.6668010335961547
2024-09-06,1653.1199951171875,1671.8299560546875,1648.4200439453125,1669.469970703125,338233700.0,,0.0,0.0,Neutral,0.0,Neutral,-0.007027757685120539,,1664.8199462890625,0.0,1670.239990234375,0.0,1676.6500244140625,0.0,1668.6039794921876,1663.3636784178636,53.89686994216321,14.503118374867654,13.683088236462506,0.8200301384051478
2024-09-09,1651.489990234375,1659.1099853515625,1642.31005859375,1647.199951171875,344983500.0,Monetary Stability - Bank Negara Malaysia,0.0,0.0,Neutral,0.0,Neutral,-0.000986017281036533,,1653.1199951171875,0.0,1664.8199462890625,0.0,1670.239990234375,0.0,1663.2639892578125,1659.4057823567007,53.255807057738444,12.921529957829534,13.530776580735912,-0.6092466229063778
2024-09-10,1660.3499755859375,1661.0899658203125,1649.530029296875,1653.800048828125,343812800.0,Monetary Policy Committee - Bank Negara Malaysia,0.0,0.0,Neutral,0.0,Neutral,0.005364843507350114,,1651.489990234375,0.0,1653.1199951171875,0.0,1664.8199462890625,0.0,1660.0039794921875,1659.720513433113,56.298526773912805,12.241919289245516,13.273005122437834,-1.0310858331923178
2024-09-11,1639.800048828125,1654.3800048828125,1638.9000244140625,1653.5699462890625,289597400.0,,0.0,0.0,Neutral,0.0,Neutral,-0.012376864552643752,,1660.3499755859375,0.0,1651.489990234375,0.0,1653.1199951171875,0.0,1653.9159912109376,1653.0803585647836,48.42505362246205,9.930641339854219,12.604532365921111,-2.673891026066892
2024-09-12,1638.31005859375,1649.8699951171875,1637.9100341796875,1644.0400390625,260029100.0,,0.0,0.0,Neutral,0.0,Neutral,-0.0009086414135917043,,1639.800048828125,0.0,1660.3499755859375,0.0,1651.489990234375,0.0,1648.614013671875,1648.1569252411057,47.90195880118649,7.8877817159095684,11.661182235918803,-3.7734005200092344
2024-09-13,1652.1500244140625,1652.25,1638.43994140625,1642.6300048828125,234704000.0,,0.0,0.0,Neutral,0.0,Neutral,0.008447708507748564,,1638.31005859375,0.0,1639.800048828125,0.0,1660.3499755859375,0.0,1648.42001953125,1649.487958298758,52.98245929947062,7.3014042786455775,10.789226644464158,-3.4878223658185803
2024-09-17,1664.280029296875,1664.989990234375,1651.550048828125,1654.31005859375,0.0,,0.0,0.0,Neutral,0.0,Neutral,0.00734195121724146,,1652.1500244140625,0.0,1638.31005859375,0.0,1639.800048828125,0.0,1650.97802734375,1654.4186486314636,56.94538103117159,7.726420587353914,10.176665433042109,-2.4502448456881947
2024-09-18,1660.5899658203125,1664.780029296875,1654.0,1664.3299560546875,174843900.0,,0.0,0.0,Neutral,0.0,Neutral,-0.002217213096116666,,1664.280029296875,0.0,1652.1500244140625,0.0,1638.31005859375,0.0,1651.026025390625,1656.47575436108,55.41520266903124,7.676996157728809,9.67673157797945,-1.9997354202506408
2024-09-19,1665.6500244140625,1665.8399658203125,1657.1300048828125,1663.27001953125,297365300.0,,0.0,0.0,Neutral,0.0,Neutral,0.003047145109810634,,1660.5899658203125,0.0,1664.280029296875,0.0,1652.1500244140625,0.0,1656.1960205078126,1659.5338443787407,57.1168766358931,7.95443757609678,9.332272777602915,-1.3778352015061355
2024-09-20,1668.8199462890625,1674.0400390625,1668.47998046875,1670.6800537109375,512720600.0,,0.0,0.0,Neutral,0.0,Neutral,0.0019031139966603217,,1665.6500244140625,0.0,1660.5899658203125,0.0,1664.280029296875,0.0,1662.297998046875,1662.6292116821812,58.19337255712449,8.334028608139079,9.132623943710147,-0.7985953355710684
2024-09-23,1665.300048828125,1671.6199951171875,1658.47998046875,1669.9100341796875,234422400.0,,0.0,0.0,Neutral,0.0,Neutral,-0.0021092134407697527,,1668.8199462890625,0.0,1665.6500244140625,0.0,1660.5899658203125,0.0,1664.9280029296874,1663.5194907308291,56.497393336934444,8.255664763332106,8.957232107634539,-0.7015673443024326
2024-09-24,1670.3699951171875,1671.469970703125,1665.510009765625,1667.25,209130800.0,,0.0,0.0,Neutral,0.0,Neutral,0.003044464144843051,,1665.300048828125,0.0,1668.8199462890625,0.0,1665.6500244140625,0.0,1666.14599609375,1665.8029921929485,58.37895315003432,8.50462709871249,8.86671110585013,-0.3620840071376392
2024-09-25,1673.3800048828125,1675.72998046875,1665.18994140625,1674.06005859375,239938800.0,Absolute poverty in urban households grew post-Covid-19 reversing previous years' downtrend - KRI report - NST Online | PRoFITABILITY IN coMMERCIAL - UiTM Institutional Repository | Untitled - UiTM Institutional Repository,0.008333333333333338,0.2666666666666666,Neutral,-0.296,Negative,0.0018020018166178264,,1670.3699951171875,0.0,1665.300048828125,0.0,1668.8199462890625,0.0,1668.70400390625,1668.3286630895698,59.49895366152824,8.842878971283199,8.861944678936743,-0.019065707653544095
2024-09-26,1671.3199462890625,1672.5999755859375,1666.18994140625,1670.18994140625,223455500.0,,0.0,0.0,Neutral,0.0,Neutral,-0.0012310763769968203,,1673.3800048828125,-0.296,1670.3699951171875,0.0,1665.300048828125,0.0,1669.83798828125,1669.3257574894008,58.34182517574785,8.842782414151543,8.858112225979703,-0.015329811828159734
2024-09-27,1660.0899658203125,1668.5899658203125,1658.489990234375,1668.5899658203125,204790600.0,,0.0,0.0,Neutral,0.0,Neutral,-0.0067192284120611845,,1671.3199462890625,0.0,1673.3800048828125,-0.296,1670.3699951171875,0.0,1668.0919921875,1666.2471602663713,52.363432028590395,7.846095417020933,8.655708864187948,-0.8096134471670151
2024-09-30,1648.9100341796875,1661.8900146484375,1647.280029296875,1661.8900146484375,279911900.0,,0.0,0.0,Neutral,0.0,Neutral,-0.006734533592039793,,1660.0899658203125,0.0,1671.3199462890625,0.0,1673.3800048828125,-0.296,1664.8139892578124,1660.4681182374768,47.18010948326546,6.083954699595097,8.141358031269379,-2.0574033316742817
2024-10-01,1656.3900146484375,1657.3199462890625,1643.1099853515625,1647.4200439453125,175516900.0,BNM Annual Report 2024 - Bank Negara Malaysia,0.0,0.0,Neutral,0.0,Neutral,0.00453631812148636,,1648.9100341796875,0.0,1660.0899658203125,0.0,1671.3199462890625,0.0,1662.0179931640625,1659.1087503744636,50.69655124699173,5.230720901972518,7.559230605410006,-2.328509703437488
2024-10-02,1639.31005859375,1647.300048828125,1633.0799560546875,1642.780029296875,209417000.0,Bursa Malaysia downtrend continues as 'cash is king' for investors - NST Online | Bursa in red amid rising Middle East tension - NST Online,0.0,0.0,Neutral,-0.3182,Negative,-0.010311554587771776,,1656.3900146484375,0.0,1648.9100341796875,0.0,1660.0899658203125,0.0,1655.20400390625,1652.5091864475592,43.564568019500136,3.140119911985721,6.675408466725149,-3.535288554739428
2024-10-03,1641.550048828125,1643.8199462890625,1630.449951171875,1640.699951171875,196807000.0,Untitled - UiTM Institutional Repository,0.0,0.0,Neutral,0.0,Neutral,0.0013664225523610796,,1639.31005859375,-0.3182,1656.3900146484375,0.0,1648.9100341796875,0.0,1649.2500244140624,1648.8561405744144,44.66403811044678,1.6450885007839133,5.669344473536902,-4.0242559727529885
2024-10-04,1629.969970703125,1639.2900390625,1625.3499755859375,1638.489990234375,207710900.0,Technical Watch - Mercury Securities,0.0,0.1,Neutral,0.296,Positive,-0.007054355810392043,,1641.550048828125,0.0,1639.31005859375,-0.3182,1656.3900146484375,0.0,1643.226025390625,1642.560750617318,40.29366618231017,-0.46874676868492315,4.441726225092537,-4.91047299377746
2024-10-07,1635.2900390625,1637.2900390625,1628.1199951171875,1633.5799560546875,204278000.0,,0.0,0.0,Neutral,0.0,Neutral,0.0032639057497974022,,1629.969970703125,0.296,1641.550048828125,0.0,1639.31005859375,-0.3182,1640.5020263671875,1640.1371800990453,43.050682539040544,-1.6951507514959303,3.214350829774843,-4.909501581270773
2024-10-08,1635.6199951171875,1638.8699951171875,1629.219970703125,1631.6300048828125,217848800.0,,0.0,0.0,Neutral,0.0,Neutral,0.00020177219135786295,,1635.2900390625,0.0,1629.969970703125,0.296,1641.550048828125,0.0,1636.3480224609375,1638.6314517717594,43.22578556225619,-2.6103693347888566,2.049406796862103,-4.659776131650959
2024-10-09,1634.9100341796875,1642.2900390625,1634.9100341796875,1637.6600341796875,157353300.0,,0.0,0.0,Neutral,0.0,Neutral,-0.00043406227584608104,,1635.6199951171875,0.0,1635.2900390625,0.0,1629.969970703125,0.296,1635.468017578125,1637.3909792410689,42.91999238403742,-3.3543081932400582,0.9686637988416706,-4.322971992081729
2024-10-10,1640.93994140625,1646.1400146484375,1638.6700439453125,1639.75,146543200.0,,0.0,0.0,Neutral,0.0,Neutral,0.003688219596491793,,1634.9100341796875,0.0,1635.6199951171875,0.0,1635.2900390625,0.0,1635.34599609375,1638.5739666294626,46.38895808078597,-3.417922298531721,0.09134657936699231,-3.5092688778987133
2024-10-11,1633.550048828125,1643.0699462890625,1631.8900146484375,1635.7900390625,301967800.0,Discover Sharlife's Crypto Screener - Sharlife,0.0,0.0,Neutral,0.0,Neutral,-0.004503450974440937,,1640.93994140625,0.0,1634.9100341796875,0.0,1635.6199951171875,0.0,1636.06201171875,1636.89932736235,42.944391272473624,-4.018318828299698,-0.7305865021663458,-3.2877323261333524
2024-10-14,1636.5400390625,1642.56005859375,1632.3699951171875,1637.1700439453125,208720300.0,Depreciation of US dollar against the ringgit could pose challenges for Top Glove - NST Online,0.5,0.5,Positive,0.2732,Positive,0.0018303634079164244,,1633.550048828125,0.0,1640.93994140625,0.0,1634.9100341796875,0.0,1636.31201171875,1636.7795645957333,44.732548733391845,-4.2044044232013675,-1.4253500863733501,-2.7790543368280174
2024-10-15,1641.969970703125,1643.6400146484375,1636.8900146484375,1638.56005859375,274146500.0,Liquidity Risk Policy Document - Bank Negara Malaysia | Liquidity Risk Policy Document - Bank Negara Malaysia | Liquidity Risk Policy Document - Bank Negara Malaysia,0.0,0.0,Neutral,-0.6486,Negative,0.003317933879415147,,1636.5400390625,0.2732,1633.550048828125,0.0,1640.93994140625,0.0,1637.5820068359376,1638.5096999648638,47.924457672285634,-3.869127599747344,-1.9141055890481489,-1.9550220106991951
2024-10-16,1632.6300048828125,1643.800048828125,1629.81005859375,1643.800048828125,272688900.0,,0.0,0.0,Neutral,0.0,Neutral,-0.005688268352625814,,1641.969970703125,-0.6486,1636.5400390625,0.2732,1633.550048828125,0.0,1637.1260009765624,1636.54980160418,43.292839631934235,-4.307422204077511,-2.3927689120540214,-1.9146532920234898
2024-10-17,1641.43994140625,1642.9300537109375,1633.719970703125,1634.469970703125,178991000.0,,0.0,0.0,Neutral,0.0,Neutral,0.005396162325259857,,1632.6300048828125,0.0,1641.969970703125,-0.6486,1636.5400390625,0.2732,1637.2260009765625,1638.17984820487,48.36222414421767,-3.8989410209387643,-2.69400333383097,-1.2049376871077944
2024-10-18,1645.989990234375,1649.31005859375,1641.7099609375,1643.2900390625,166904600.0,THE ROLE OF NEW MEDIA IN SPREADING AWARENESS OF THE INCREASING OVERNIGHT POLICY RATE (OPR) AMONG MALAYSIANS COMMUNITY - I-iECONS e-proceedings | Malaysia Press Release 2024: 2025 Budget Statement - Funding Societies Malaysia | BUDGET COMMENTARY - UHY Malaysia,0.13636363636363635,0.4545454545454545,Positive,0.0,Neutral,0.0027719861771042797,,1641.43994140625,0.0,1632.6300048828125,0.0,1641.969970703125,-0.6486,1639.7139892578125,1640.7832288813718,50.80812404548893,-3.171506671553061,-2.7895040013753882,-0.38200267017767287
2024-10-21,1645.6800537109375,1648.050048828125,1642.52001953125,1646.7099609375,130424800.0,Budget 2025 - SME BANK Malaysia,0.0,0.0,Neutral,0.0,Neutral,-0.00018829793940200457,,1645.989990234375,0.0,1641.43994140625,0.0,1632.6300048828125,0.0,1641.5419921875,1642.4155038245603,50.63219429609175,-2.590161229641353,-2.7496354470285813,0.1594742173872281
2024-10-22,1642.5400390625,1648.31005859375,1642.3499755859375,1647.4599609375,166832000.0,,0.0,0.0,Neutral,0.0,Neutral,-0.0019080347005220322,,1645.6800537109375,0.0,1645.989990234375,0.0,1641.43994140625,0.0,1641.656005859375,1642.4570155705403,48.78899786037001,-2.355659146199514,-2.670840186862768,0.31518104066325403
2024-10-23,1641.530029296875,1645.9000244140625,1641.530029296875,1644.2099609375,157102800.0,Ringgit continues downtrend amid uncertainty over US presidential election - thestar.com.my,0.0,0.0,Neutral,-0.34,Negative,-0.0006149072422012569,,1642.5400390625,0.0,1645.6800537109375,0.0,1645.989990234375,0.0,1643.4360107421876,1642.1480201459851,48.181418466312174,-2.2256579037671145,-2.5818037302436374,0.35614582647652293
2024-10-24,1632.22998046875,1643.0799560546875,1632.22998046875,1639.050048828125,183426400.0,,0.0,0.0,Neutral,0.0,Neutral,-0.0056654759048839765,,1641.530029296875,-0.34,1642.5400390625,0.0,1645.6800537109375,0.0,1641.5940185546874,1638.84200692024,42.88555789987006,-2.8403256926658287,-2.6335081227280757,-0.20681756993775302
2024-10-25,1618.300048828125,1635.280029296875,1617.5999755859375,1633.02001953125,187850900.0,,0.0,0.0,Neutral,0.0,Neutral,-0.008534294681086907,,1632.22998046875,0.0,1641.530029296875,-0.34,1642.5400390625,0.0,1636.0560302734375,1631.9946875562016,36.42708527824355,-4.400754254244248,-2.98695734903131,-1.413796905212938
2024-10-28,1610.469970703125,1630.3900146484375,1609.8699951171875,1622.3399658203125,165445500.0,"Policy insights into Budget 2025: fiscal reforms, social protection, energy and climate action - Institute of Strategic & International Studies (ISIS) Malaysia",0.044444444444444446,0.0555555555555555,Neutral,0.2732,Positive,-0.004838458807852164,,1618.300048828125,0.0,1632.22998046875,0.0,1641.530029296875,-0.34,1629.014013671875,1624.8197819385093,33.383712294389724,-6.197782815261689,-3.629122442277386,-2.5686603729843034
2024-10-29,1615.0799560546875,1619.050048828125,1609.699951171875,1612.3699951171875,191664000.0,,0.0,0.0,Neutral,0.0,Neutral,0.002862509351571285,,1610.469970703125,0.2732,1618.300048828125,0.0,1632.22998046875,0.0,1623.5219970703124,1621.5731733105688,36.73500506514137,-7.167333052227377,-4.336764564267384,-2.830568487959993
2024-10-30,1601.8800048828125,1615.3599853515625,1601.449951171875,1614.9000244140625,258086300.0,,0.0,0.0,Neutral,0.0,Neutral,-0.008172939749756858,,1615.0799560546875,0.0,1610.469970703125,0.2732,1618.300048828125,0.0,1615.5919921875,1615.00878383465,31.80168260110517,-8.898260732481276,-5.249063797910162,-3.6491969345711137
2024-11-01,1603.97998046875,1607.0400390625,1589.27001953125,1591.06005859375,200505300.0,,0.0,0.0,Neutral,0.0,Neutral,0.0013109443775665142,,1601.8800048828125,0.0,1615.0799560546875,0.0,1610.469970703125,0.2732,1609.9419921875,1611.3325160460167,33.33552406415033,-9.98547655223524,-6.196346348775178,-3.789130203460063
2024-11-04,1616.4300537109375,1616.4300537109375,1607.75,1607.75,149138400.0,,0.0,0.0,Neutral,0.0,Neutral,0.007761987926151681,,1603.97998046875,0.0,1601.8800048828125,0.0,1615.0799560546875,0.0,1609.5679931640625,1613.031695267657,41.70638531940441,-9.73032097799637,-6.903141274619417,-2.827179703376954
2024-11-05,1620.699951171875,1620.699951171875,1613.9100341796875,1618.199951171875,165303900.0,,0.0,0.0,Neutral,0.0,Neutral,0.002641560302058643,,1616.4300537109375,0.0,1603.97998046875,0.0,1601.8800048828125,0.0,1611.6139892578126,1615.587780569063,44.29006431317885,-9.078907314936714,-7.338294482682876,-1.740612832253838
2024-11-06,1634.1700439453125,1634.1700439453125,1623.52001953125,1624.4100341796875,186223800.0,Economic Report - MIDF Malaysia | Bursa Malaysia rises as Bank Negara holds OPR steady amid Trump victory - thestar.com.my,0.18333333333333335,0.35,Positive,0.0,Neutral,0.008311281038601681,,1620.699951171875,0.0,1616.4300537109375,0.0,1603.97998046875,0.0,1615.4320068359375,1621.781868361146,51.58082405101031,-7.390539838419954,-7.348743553830292,-0.04179628458966267
2024-11-07,1623.280029296875,1639.550048828125,1622.75,1636.1400146484375,248637300.0,,0.0,0.0,Neutral,0.0,Neutral,-0.0066639421575408475,,1634.1700439453125,0.0,1620.699951171875,0.0,1616.4300537109375,0.0,1619.71201171875,1622.2812553397223,46.30477888599025,-6.852241247994016,-7.249443092663037,0.39720184466902086
2024-11-08,1621.239990234375,1627.6199951171875,1621.239990234375,1627.6199951171875,124916600.0,,0.0,0.0,Neutral,0.0,Neutral,-0.0012567388409155944,,1623.280029296875,0.0,1634.1700439453125,0.0,1620.699951171875,0.0,1623.164013671875,1621.9341669712733,45.36857578069177,-6.5151472775976345,-7.102583929649956,0.5874366520523218
2024-11-11,1609.260009765625,1627.22998046875,1609.239990234375,1625.6300048828125,139228000.0,Foreign investors maintain selling streak on Bursa Malaysia with RM392mil outflow - thestar.com.my | Modern Design TV Cabinet (More Choice) - Shopee Malaysia,0.19166666666666665,0.3083333333333333,Positive,0.0,Neutral,-0.0073893936375317715,,1621.239990234375,0.0,1623.280029296875,0.0,1634.1700439453125,0.0,1621.7300048828124,1617.709447902724,40.22523644449822,-7.132463580035164,-7.108559859726998,-0.023903720308166676
2024-11-12,1608.4300537109375,1615.9599609375,1605.4300537109375,1610.02001953125,188480100.0,Neta Facing Financial Instability - Piston.my | Emergency Shower & Eyewash - method.com.my,0.0,0.0,Neutral,-0.3818,Negative,-0.0005157376990982954,,1609.260009765625,0.0,1621.239990234375,0.0,1623.280029296875,0.0,1619.276025390625,1614.6163165054618,39.88786024425027,-7.6010416381020605,-7.207056215402011,-0.3939854227000499
2024-11-13,1611.5,1611.5400390625,1602.7099609375,1608.6099853515625,137174800.0,PRUServices - Prudential | PRUServices - Prudential | PRUServices - Prudential,0.0,0.0,Neutral,0.0,Neutral,0.0019086601136180104,,1608.4300537109375,-0.3818,1609.260009765625,0.0,1621.239990234375,0.0,1614.7420166015625,1613.5775443369746,41.83127607758437,-7.636643641869114,-7.292973700695431,-0.3436699411736823
2024-11-14,1600.6800537109375,1615.8399658203125,1598.6400146484375,1614.8900146484375,196289600.0,,0.0,0.0,Neutral,0.0,Neutral,-0.006714208060231153,,1611.5,0.0,1608.4300537109375,-0.3818,1609.260009765625,0.0,1610.222021484375,1609.2783807949622,37.25917526495648,-8.44063929019444,-7.522506818595233,-0.9181324715992067
2024-11-15,1592.43994140625,1604.510009765625,1592.43994140625,1601.4300537109375,256533800.0,Foreign Direct Investment (FDI) Flows - Department of Statistics Malaysia,-0.012499999999999997,0.2625,Neutral,0.0,Neutral,-0.0051478821676974595,,1600.6800537109375,0.0,1611.5,0.0,1608.4300537109375,-0.3818,1604.46201171875,1603.6655676653916,34.193987116674364,-9.631691685237001,-7.944343791923587,-1.6873478933134143
2024-11-18,1604.0400390625,1605.4100341796875,1591.489990234375,1592.9100341796875,173933200.0,Foreign investors record RM259.8mil weekly net outflow from Bursa Malaysia - thestar.com.my,-0.0625,0.0625,Negative,0.0,Neutral,0.007284480472152799,,1592.43994140625,0.0,1600.6800537109375,0.0,1611.5,0.0,1603.418017578125,1603.7903914644278,41.49121901576256,-9.529725609797651,-8.2614201554984,-1.2683054542992522
2024-11-19,1602.3399658203125,1608.8800048828125,1601.02001953125,1603.1800537109375,161534500.0,,0.0,0.0,Neutral,0.0,Neutral,-0.0010598695798024194,,1604.0400390625,0.0,1592.43994140625,0.0,1600.6800537109375,0.0,1602.2,1603.3069162497227,40.77753784437295,-9.476855175598757,-8.504507159518472,-0.9723480160802858
2024-11-20,1598.1800537109375,1606.280029296875,1594.510009765625,1602.8800048828125,185770600.0,Bursa Malaysia continues downtrend as investors remain on cautious mode - NST Online,0.0,0.0,Neutral,-0.1027,Negative,-0.0025961482569932803,,1602.3399658203125,0.0,1604.0400390625,0.0,1592.43994140625,0.0,1599.5360107421875,1601.5979620701276,39.00939064572823,-9.659278961796645,-8.735461519974105,-0.9238174418225391
2024-11-21,1588.6800537109375,1599.93994140625,1588.6800537109375,1599.81005859375,204393700.0,2025 Budget Seminar - Chartered Tax Institute Of Malaysia,0.0,0.0,Neutral,0.0,Neutral,-0.005944261397795136,,1598.1800537109375,-0.1027,1602.3399658203125,0.0,1604.0400390625,0.0,1597.1360107421874,1597.2919926170641,35.25028771479711,-10.449961085321547,-9.078361433043593,-1.371599652277954
2024-11-22,1589.780029296875,1593.8499755859375,1587.739990234375,1593.0400390625,204266200.0,,0.0,0.0,Neutral,0.0,Neutral,0.0006923833300280791,,1588.6800537109375,0.0,1598.1800537109375,-0.1027,1602.3399658203125,0.0,1596.6040283203124,1594.7880048436677,36.01908111856894,-10.862606165725538,-9.435210379579981,-1.4273957861455564
2024-11-25,1597.449951171875,1609.2900390625,1588.4599609375,1593.8699951171875,637394100.0,,0.0,0.0,Neutral,0.0,Neutral,0.004824517690282137,,1589.780029296875,0.0,1588.6800537109375,0.0,1598.1800537109375,-0.1027,1595.2860107421875,1595.6753202864036,41.25657631383549,-10.450267590079193,-9.638221821679824,-0.8120457683993685
2024-11-26,1603.1500244140625,1607.760009765625,1596.030029296875,1600.5,176537000.0,Ta Ann Holdings Berhad Downgrade to NEUTRAL - MIDF Malaysia,0.0,0.0,Neutral,0.0,Neutral,0.0035682327562163163,,1597.449951171875,0.0,1589.780029296875,0.0,1588.6800537109375,0.0,1595.4480224609374,1598.1668883289565,44.86856702280768,-9.553412235537053,-9.62125990445127,0.0678476689142169
2024-11-27,1604.25,1609.4100341796875,1600.8299560546875,1601.3399658203125,244744300.0,Tan Chong Motor Holdings Berhad Downgrade to SELL - MIDF Malaysia,0.0,0.0,Neutral,0.0,Neutral,0.0006861339046166925,,1603.1500244140625,0.0,1597.449951171875,0.0,1589.780029296875,0.0,1596.66201171875,1600.1945922193042,45.564166964139986,-8.65412964907705,-9.427833853376425,0.773704204299376
2024-11-28,1597.489990234375,1608.010009765625,1597.489990234375,1606.3199462890625,186825600.0,"Bursa Malaysia falls below 1,600, tycoon Ananda Krishnan's companies share prices drop - NST Online | List of Approved Insurance and Takaful Brokers - Bank Negara Malaysia",0.0,0.0,Neutral,0.4404,Positive,-0.004213813162303293,,1604.25,0.0,1603.1500244140625,0.0,1597.449951171875,0.0,1598.4239990234375,1599.2930582243278,42.0525916858794,-8.390200998264163,-9.220307282353973,0.8301062840898101
2024-11-29,1594.2900390625,1603.5899658203125,1586.3900146484375,1596.3599853515625,264216600.0,Detailed Disclosure of International Reserves as at end-October 2024 - Bank Negara Malaysia,0.2,0.375,Positive,0.0,Neutral,-0.002003111876404007,,1597.489990234375,0.4404,1604.25,0.0,1603.1500244140625,0.0,1599.3260009765625,1597.6253851703852,40.46288815672982,-8.343071225745234,-9.044860071032225,0.7017888452869911
2024-12-02,1595.47998046875,1603.93994140625,1593.3699951171875,1596.8399658203125,169145800.0,Padini Holdings Berhad Downgrade to NEUTRAL Disappointing Start - MIDF Malaysia,-0.6,0.7,Negative,-0.4939,Negative,0.0007463769935800446,,1594.2900390625,0.0,1597.489990234375,0.4404,1604.25,0.0,1598.9320068359375,1596.9102502698402,41.350764805055626,-8.116144354746439,-8.859116927775068,0.742972573028629
2024-12-03,1606.9599609375,1606.9599609375,1594.0699462890625,1599.3199462890625,275533700.0,,0.0,0.0,Neutral,0.0,Neutral,0.0071953146446734895,,1595.47998046875,-0.4939,1594.2900390625,0.0,1597.489990234375,0.4404,1599.693994140625,1600.2601538257268,49.218828109474615,-6.930079055405486,-8.47330935330115,1.543230297895665
2024-12-04,1614.0899658203125,1616.030029296875,1606.530029296875,1606.969970703125,231303800.0,Explainer-What we know about South Korea's martial law declaration - thestar.com.my,0.0,0.0,Neutral,0.0,Neutral,0.004436952417067541,,1606.9599609375,0.0,1595.47998046875,-0.4939,1594.2900390625,0.0,1601.6619873046875,1604.8700911572553,53.40023632341475,-5.353075037573035,-7.849262490155527,2.4961874525824923
2024-12-05,1615.6400146484375,1617.780029296875,1610.77001953125,1616.1400146484375,190971200.0,,0.0,0.0,Neutral,0.0,Neutral,0.0009603236876187804,,1614.0899658203125,0.0,1606.9599609375,0.0,1595.47998046875,-0.4939,1605.2919921875,1608.460065654316,54.2815919547413,-3.932876256257714,-7.065985243375964,3.1331089871182503
2024-12-06,1613.25,1617.5699462890625,1611.25,1615.8499755859375,219299100.0,Anti-Bribery and Anti-Corruption Declaration - S & J Bar Code Sdn Bhd,0.0,0.0,Neutral,0.0,Neutral,-0.0014792989940630719,,1615.6400146484375,0.0,1614.0899658203125,0.0,1606.9599609375,0.0,1609.083984375,1610.0567104362106,52.628753455904295,-2.9660222399313625,-6.245992642687044,3.2799704027556817
2024-12-09,1611.4300537109375,1611.4300537109375,1602.93994140625,1610.6199951171875,151300500.0,Foreign selling on Bursa Malaysia continues with net outflow of RM761.4mil - thestar.com.my,-0.0625,0.0625,Negative,0.0,Neutral,-0.0011281241525259444,,1613.25,0.0,1615.6400146484375,0.0,1614.0899658203125,0.0,1612.2739990234375,1610.5144915277863,51.34662240922141,-2.3198956092883236,-5.4607732360073005,3.140877626718977
2024-12-10,1608.969970703125,1615.9300537109375,1607.8800048828125,1612.6500244140625,182557200.0,,0.0,0.0,Neutral,0.0,Neutral,-0.0015266458523267579,,1611.4300537109375,0.0,1613.25,0.0,1615.6400146484375,0.0,1612.6760009765626,1609.9996512528992,49.58804224936662,-1.983479422264736,-4.765314473258788,2.7818350509940517
2024-12-11,1603.199951171875,1605.010009765625,1598.9300537109375,1603.18994140625,178589300.0,,0.0,0.0,Neutral,0.0,Neutral,-0.0035861573778959155,,1608.969970703125,0.0,1611.4300537109375,0.0,1613.25,0.0,1610.497998046875,1607.7330845592244,45.63977962780805,-2.1575881907961048,-4.2437692167662515,2.0861810259701468
2024-12-12,1602.0799560546875,1605.949951171875,1597.1199951171875,1601.8299560546875,160848300.0,,0.0,0.0,Neutral,0.0,Neutral,-0.000698599770021735,,1603.199951171875,0.0,1608.969970703125,0.0,1611.4300537109375,0.0,1607.785986328125,1605.8487083910454,44.89259604709754,-2.3587546348535398,-3.866766300383709,1.5080116655301694
2024-12-13,1608.75,1611.97998046875,1603.739990234375,1603.8599853515625,145118100.0,,0.0,0.0,Neutral,0.0,Neutral,0.004163365205403613,,1602.0799560546875,0.0,1603.199951171875,0.0,1608.969970703125,0.0,1606.885986328125,1606.8158055940303,50.128955971546674,-1.9573999998326599,-3.484893040273499,1.5274930404408393
2024-12-16,1606.8499755859375,1609.4300537109375,1603.2099609375,1608.8800048828125,142536000.0,Foreign investors extend Bursa Malaysia sell-off with RM882.4mil outflow - thestar.com.my | Bursa Malaysia continues downtrend as investors stay on the sidelines - NST Online,-0.125,0.125,Negative,0.1779,Positive,-0.0011810563568376287,,1608.75,0.0,1602.0799560546875,0.0,1603.199951171875,0.0,1605.969970703125,1606.8271955913326,48.70909834691728,-1.7722107091308317,-3.1423565740449657,1.370145864914134
2024-12-17,1597.3299560546875,1606.81005859375,1594.510009765625,1605.260009765625,179740700.0,,0.0,0.0,Neutral,0.0,Neutral,-0.005924647400749716,,1606.8499755859375,0.1779,1608.75,0.0,1602.0799560546875,0.0,1603.6419677734375,1603.6614490791176,42.25162146749691,-2.3663550085482257,-2.9871562609456177,0.620801252397392
2024-12-18,1599.5799560546875,1602.3800048828125,1594.75,1597.3299560546875,145107900.0,China capital markets outflow hits record high - thestar.com.my,0.16,0.5399999999999999,Positive,0.0,Neutral,0.0014086006410081175,,1597.3299560546875,0.0,1606.8499755859375,0.1779,1608.75,0.0,1602.91796875,1602.3009514043076,44.13661296366138,-2.6253984909001247,-2.9148047069365193,0.2894062160363946
2024-12-19,1600.0899658203125,1600.72998046875,1590.8299560546875,1595.1800537109375,310879600.0,Insecure WiFi NetWork - Touch 'n Go eWallet Help Centre | Insecure WiFi NetWork - Touch 'n Go eWallet Help Centre | Insecure WiFi NetWork - Touch 'n Go eWallet Help Centre,-0.5,0.875,Negative,-0.0772,Negative,0.00031883980772229314,,1599.5799560546875,0.0,1597.3299560546875,0.0,1606.8499755859375,0.1779,1602.519970703125,1601.5639562096426,44.57821469724702,-2.757749175360914,-2.8833936006213983,0.12564442526048447
2024-12-20,1591.4100341796875,1606.280029296875,1591.4100341796875,1600.4100341796875,419509500.0,Customer Help Centre - CIMB Malaysia | BizChannel@CIMB: One-Stop Digital Banking Solution for Your Business - CIMB Malaysia | Customer Help Centre - CIMB Malaysia | BizChannel@CIMB: One-Stop Digital Banking Solution for Your Business - CIMB Malaysia | BizChannel@CIMB: One-Stop Digital Banking Solution for Your Business - CIMB Malaysia | Customer Help Centre - CIMB Malaysia,0.0,0.0,Neutral,0.9186,Positive,-0.005424652254584328,,1600.0899658203125,-0.0772,1599.5799560546875,0.0,1597.3299560546875,0.0,1599.0519775390626,1598.1793155329908,38.93682004982899,-3.5224315897846736,-3.0112011984540534,-0.5112303913306202
2024-12-23,1596.199951171875,1601.9000244140625,1592.5699462890625,1594.0999755859375,164811900.0,Foreign investors offload RM1.07bil on Bursa Malaysia for ninth week running - thestar.com.my | List of Registered Adjusters - Bank Negara Malaysia,-0.125,0.125,Negative,0.0,Neutral,0.003009857226806023,,1591.4100341796875,0.9186,1600.0899658203125,-0.0772,1599.5799560546875,0.0,1596.92197265625,1597.5195274126188,43.20799515560122,-3.699298432594105,-3.148820645282064,-0.5504777873120412
2024-12-24,1602.989990234375,1603.8900146484375,1596.6400146484375,1596.6400146484375,95048400.0,IHH Annual Report 2023 - INSAGE (MSC) SDN BHD | WARTA KERAJAAN PERSEKUTUAN FEDERAL GOVERNMENT GAZETTE - repositori.kpdn.gov.my,0.0,0.0,Neutral,0.0,Neutral,0.004253877502950143,,1596.199951171875,0.0,1591.4100341796875,0.9186,1600.0899658203125,-0.0772,1598.0539794921874,1599.3430150198708,48.687258190360616,-3.2540565359909124,-3.1698678234238336,-0.08418871256707883
2024-12-26,1613.699951171875,1615.280029296875,1602.7900390625,1603.5799560546875,120934600.0,,0.0,0.0,Neutral,0.0,Neutral,0.006681240059355664,,1602.989990234375,0.0,1596.199951171875,0.0,1591.4100341796875,0.9186,1600.877978515625,1604.1286604038721,55.912476172033934,-2.0137811685838187,-2.9386504924558308,0.924869323872012
2024-12-27,1628.1400146484375,1632.6300048828125,1616.68994140625,1617.56005859375,130614200.0,"Consulate General of Malaysia, Xian - kln.gov.my",0.05000000000000002,0.5,Neutral,0.0,Neutral,0.008948419107329242,,1613.699951171875,0.0,1602.989990234375,0.0,1596.199951171875,0.0,1606.48798828125,1612.1324451520607,63.396200762646075,0.13280751533352486,-2.3243588908979596,2.4571664062314844
2024-12-30,1637.6800537109375,1638.56005859375,1624.9200439453125,1626.1400146484375,134711300.0,Bursa Malaysia registers net outflow of RM231.9mil of foreign funds - thestar.com.my,-0.0625,0.0625,Negative,0.0,Neutral,0.005859470915687837,,1628.1400146484375,0.0,1613.699951171875,0.0,1602.989990234375,0.0,1615.7419921875,1620.6483146716862,67.34056076980953,2.5741230474302483,-1.3446625032323178,3.918785550662566
2024-12-31,1642.3299560546875,1644.5400390625,1632.8499755859375,1638.4300537109375,161319700.0,Detailed Disclosure of International Reserves as at end-November 2024 - Bank Negara Malaysia | Monetary and Financial Developments in November 2024 - Bank Negara Malaysia | Does Tax Policy Change Affect Tax Avoidance Behaviour? Evidence from the Thin Capitalisation Rule in Indonesia - eJournal UM,0.0,0.4,Neutral,-0.4019,Negative,0.0028393228171847973,,1637.6800537109375,0.0,1628.1400146484375,0.0,1613.699951171875,0.0,1624.9679931640626,1627.87552846602,69.08896668710999,4.828432291766148,-0.11004354423262463,4.938475835998773
