Date,Close,High,Low,Open,Volume,headline,Polarity,Subjectivity,Sentiment,VADER_Score,VADER_Sentiment,MACD,MACD_signal,MACD_hist,RSI_14,SMA_13,SMA_49,EMA_13,EMA_49
2019-01-02,1668.1099853515625,1694.0999755859375,1666.0699462890625,1693.510009765625,47769800,,0.0,0.0,Neutral,0.0,Neutral,,,,,,,,
2019-01-03,1675.8299560546875,1680.780029296875,1666.219970703125,1675.1600341796875,69484500,,0.0,0.0,Neutral,0.0,Neutral,,,,,,,,
2019-01-04,1669.780029296875,1676.550048828125,1668.1500244140625,1672.5799560546875,64869000,,0.0,0.0,Neutral,0.0,Neutral,,,,,,,,
2019-01-07,1679.1700439453125,1687.1300048828125,1673.030029296875,1674.9200439453125,144668500,,0.0,0.0,Neutral,0.0,Neutral,,,,,,,,
2019-01-08,1672.760009765625,1686.3699951171875,1670.6700439453125,1685.719970703125,176071900,,0.0,0.0,Neutral,0.0,Neutral,,,,,,,,
2019-01-09,1667.8299560546875,1684.0799560546875,1667.8299560546875,1679.06005859375,176278400,,0.0,0.0,Neutral,0.0,Neutral,,,,,,,,
2019-01-10,1678.8800048828125,1681.22998046875,1669.280029296875,1677.3800048828125,156200700,,0.0,0.0,Neutral,0.0,Neutral,,,,,,,,
2019-01-11,1683.219970703125,1684.989990234375,1676.75,1684.989990234375,139377800,,0.0,0.0,Neutral,0.0,Neutral,,,,,,,,
2019-01-14,1676.1600341796875,1684.18994140625,1672.27001953125,1683.050048828125,87794700,,0.0,0.0,Neutral,0.0,Neutral,,,,,,,,
2019-01-15,1679.4200439453125,1679.4200439453125,1672.550048828125,1674.8299560546875,136098300,Calculate your credit card repayment - Hong Leong Bank,0.0,0.0,Neutral,0.3818,Positive,,,,,,,,
2019-01-16,1673.0799560546875,1676.3399658203125,1668.4300537109375,1675.780029296875,111608800,,0.0,0.0,Neutral,0.0,Neutral,,,,,,,,
2019-01-17,1682.969970703125,1684.239990234375,1674.3599853515625,1680.2099609375,140150900,,0.0,0.0,Neutral,0.0,Neutral,,,,,,,,
2019-01-18,1692.219970703125,1692.219970703125,1681.8900146484375,1682.0799560546875,133706000,,0.0,0.0,Neutral,0.0,Neutral,,,,,1676.8792255108174,,1677.9705093448497,
2019-01-22,1702.1199951171875,1702.1199951171875,1688.18994140625,1698.8800048828125,128811400,,0.0,0.0,Neutral,0.0,Neutral,,,,71.35903879624021,1679.495380108173,,1681.4204358837553,
2019-01-23,1688.1400146484375,1691.22998046875,1680.8399658203125,1690.760009765625,127894400,,0.0,0.0,Neutral,0.0,Neutral,,,,57.95432963573489,1680.4423076923076,,1682.3803757072815,
2019-01-24,1693.5899658203125,1694.5899658203125,1686.8699951171875,1689.300048828125,153312500,,0.0,0.0,Neutral,0.0,Neutral,,,,61.0278329749432,1682.2738412710337,,1683.981745723429,
2019-01-25,1701.030029296875,1701.030029296875,1695.3800048828125,1699.5899658203125,130046000,,0.0,0.0,Neutral,0.0,Neutral,,,,64.80968298331007,1683.9553786057693,,1686.4172148053499,
2019-01-28,1697.5,1705.5,1693.6300048828125,1705.4100341796875,114151100,,0.0,0.0,Neutral,0.0,Neutral,,,,61.748008244605536,1685.8584547776443,,1688.0004698331572,
2019-01-29,1690.4100341796875,1694.7099609375,1688.47998046875,1694.7099609375,145706700,,0.0,0.0,Neutral,0.0,Neutral,,,,56.02347941675793,1687.5953838641826,,1688.3446933112332,
2019-01-30,1684.1099853515625,1691.22998046875,1681.5699462890625,1689.68994140625,111179200,,0.0,0.0,Neutral,0.0,Neutral,,,,51.458311251552104,1687.9976900540864,,1687.7397350312801,
2019-01-31,1683.530029296875,1695.4000244140625,1683.530029296875,1694.8599853515625,183261900,,0.0,0.0,Neutral,0.0,Neutral,,,,51.04594434987061,1688.0215407151443,,1687.1383484977937,
2019-02-04,1683.6099853515625,1699.6600341796875,1683.6099853515625,1698.969970703125,55504500,,0.0,0.0,Neutral,0.0,Neutral,,,,51.10412003271069,1688.5946138822114,,1686.6342966197608,
2019-02-07,1693.3900146484375,1693.47998046875,1685.6600341796875,1688.0,79976000,,0.0,0.0,Neutral,0.0,Neutral,,,,57.72228781326911,1689.6692270132212,,1687.599399195286,
2019-02-08,1686.52001953125,1690.4300537109375,1683.7099609375,1688.510009765625,112074900,,0.0,0.0,Neutral,0.0,Neutral,,,,52.36094095806579,1690.7030780498799,,1687.4452021004238,
2019-02-11,1688.56005859375,1689.739990234375,1681.6400146484375,1688.699951171875,85843900,,0.0,0.0,Neutral,0.0,Neutral,,,,53.735136061437565,1691.133084810697,,1687.6044673137562,
2019-02-12,1687.4100341796875,1692.219970703125,1683.72998046875,1692.219970703125,109831900,MPower Platinum Credit Card-i - HSBC Amanah,0.0,0.0,Neutral,0.3818,Positive,3.5845019195894565,,,52.81031598687691,1690.7630896935095,,1687.5766911517464,
2019-02-13,1685.300048828125,1688.4599609375,1683.6099853515625,1687.72998046875,101659700,,0.0,0.0,Neutral,0.0,Neutral,3.1223049794875806,,,51.073508620046425,1689.469247671274,,1687.2514565340862,
2019-02-14,1689.06005859375,1689.06005859375,1682.81005859375,1684.489990234375,97867800,,0.0,0.0,Neutral,0.0,Neutral,3.0245468455602804,,,53.97814153839669,1689.540020282452,,1687.5098282568954,
2019-02-15,1688.8299560546875,1693.8499755859375,1687.1199951171875,1692.2900390625,113332100,,0.0,0.0,Neutral,0.0,Neutral,2.895132186568844,,,53.76777031585849,1689.1738656850962,,1687.6984179422943,
2019-02-18,1692.739990234375,1695.6099853515625,1690.18994140625,1693.9200439453125,91243800,,0.0,0.0,Neutral,0.0,Neutral,3.0726575343248896,,,56.84555189589277,1688.5361703725962,,1688.418642555449,
2019-02-19,1706.56005859375,1710.1400146484375,1693.3699951171875,1694.030029296875,155030200,,0.0,0.0,Neutral,0.0,Neutral,4.279183900587213,,,65.57010156525419,1689.2330979567307,,1691.0102734180634,
2019-02-20,1726.1800537109375,1727.25,1711.43994140625,1712.8299560546875,179676200,,0.0,0.0,Neutral,0.0,Neutral,6.740830277798295,,,73.6994490263293,1691.984637920673,,1696.034527745617,
2019-02-21,1730.6800537109375,1730.6800537109375,1719.6700439453125,1722.3699951171875,163806400,,0.0,0.0,Neutral,0.0,Neutral,8.951626382133782,,,75.14877491503617,1695.5669508713943,,1700.9838885978056,
2019-02-22,1721.4200439453125,1732.27001953125,1716.1700439453125,1730.510009765625,130778600,,0.0,0.0,Neutral,0.0,Neutral,9.843028518105939,6.034240073808804,3.808788444297135,66.97038834166298,1698.4815673828125,,1703.9033393617353,
2019-02-25,1724.5799560546875,1724.5799560546875,1717.4100341796875,1722.3399658203125,108306900,,0.0,0.0,Neutral,0.0,Neutral,10.681322000677028,6.963656459182449,3.717665541494579,68.24057234492545,1701.6331035907451,,1706.857141746443,
2019-02-26,1719.0,1726.0,1715.1500244140625,1725.5699462890625,119649500,,0.0,0.0,Neutral,0.0,Neutral,10.771255476953684,7.725176262736696,3.046079214216988,63.59013919469883,1703.6031024639424,,1708.5918357826654,
2019-02-27,1713.449951171875,1717.5899658203125,1709.300048828125,1717.1400146484375,116938100,,0.0,0.0,Neutral,0.0,Neutral,10.276227889719166,8.23538658813319,2.040841301585976,59.26407495891,1705.6746356670674,,1709.2858522668382,
2019-02-28,1707.72998046875,1717.8800048828125,1706.9200439453125,1715.3800048828125,208301100,,0.0,0.0,Neutral,0.0,Neutral,9.314983793605734,8.4513060292277,0.8636777643780338,55.10340463651559,1707.1492450420674,,1709.0635848671113,
2019-03-01,1700.760009765625,1701.050048828125,1696.7099609375,1700.449951171875,128892800,,0.0,0.0,Neutral,0.0,Neutral,7.89970960188748,8.340986743759657,-0.4412771418721775,50.45505966911912,1708.1761662409856,,1707.8773598526132,
2019-03-04,1693.989990234375,1698.8699951171875,1688.219970703125,1688.219970703125,98568100,,0.0,0.0,Neutral,0.0,Neutral,6.160792826944544,7.904947960396635,-1.7441551334520913,46.36392509387459,1708.8446232722356,,1705.8934499071506,
2019-03-05,1685.6199951171875,1691.280029296875,1682.18994140625,1682.18994140625,106231900,,0.0,0.0,Neutral,0.0,Neutral,4.060493260852127,7.136057020487733,-3.0755637596356067,41.84624474765485,1708.5800030048076,,1702.9972420800132,
2019-03-06,1686.8199462890625,1688.3299560546875,1684.0799560546875,1684.97998046875,120497300,,0.0,0.0,Neutral,0.0,Neutral,2.4644085859051756,6.201727333571222,-3.7373187476660465,42.70813372318275,1708.4253868689905,,1700.6861998241632,
2019-03-07,1686.949951171875,1690.22998046875,1682.3299560546875,1682.3299560546875,107349800,,0.0,0.0,Neutral,0.0,Neutral,1.196201226260655,5.20062211210911,-4.004420885848455,42.807033874262814,1707.979999248798,,1698.7238785881223,
2019-03-08,1679.9000244140625,1688.280029296875,1678.6600341796875,1686.1300048828125,111301300,KARAOKE MANEKINEKO MALAYSIA - Karaoke Manekineko,0.0,0.0,Neutral,0.0,Neutral,-0.37342777096432656,4.085812135494423,-4.459239906458749,38.88676851836365,1705.929227388822,,1696.0347565632567,
2019-03-11,1664.6300048828125,1680.1800537109375,1664.6300048828125,1680.1400146484375,122405500,,0.0,0.0,Neutral,0.0,Neutral,-2.8170597083660596,2.705237766722326,-5.5222974750883855,32.041988964172475,1701.194608248197,,1691.5483634660504,
2019-03-12,1671.280029296875,1672.93994140625,1666.8399658203125,1667.9599609375,100522600,,0.0,0.0,Neutral,0.0,Neutral,-4.168996632463859,1.3303908868850889,-5.499387519348948,37.22423419679541,1696.6253756009614,,1688.6528871561682,
2019-03-13,1678.239990234375,1678.239990234375,1669.9200439453125,1671.1300048828125,106093600,,0.0,0.0,Neutral,0.0,Neutral,-4.625485981030806,0.13921551330190984,-4.764701494332716,42.1927624417785,1693.3038330078125,,1687.1653304530548,
2019-03-14,1674.52001953125,1678.8800048828125,1673.469970703125,1675.6600341796875,108432300,,0.0,0.0,Neutral,0.0,Neutral,-5.227172039775269,-0.9340619973135258,-4.293110042461743,40.35434777199656,1689.4530686598557,,1685.3588574642256,
2019-03-15,1680.5400390625,1683.25,1672.5999755859375,1674.5899658203125,235527300,,0.0,0.0,Neutral,0.0,Neutral,-5.158780105646201,-1.779005618980061,-3.3797744866661406,44.563948177564015,1686.494610126202,1689.5536785514987,1684.6704548354078,1687.7156804751085
2019-03-18,1690.93994140625,1690.93994140625,1681.3599853515625,1681.8299560546875,87929700,,0.0,0.0,Neutral,0.0,Neutral,-4.216785325209912,-2.266561560226031,-1.950223764983881,50.998096597608274,1684.7630709134614,1690.0195960220026,1685.5660957740995,1687.844650912354
2019-03-19,1687.6800537109375,1694.8900146484375,1687.6800537109375,1692.47998046875,70723100,Vaginal Tightening & Stress Urinary Incontinence - Venusys Medical Sdn Bhd,0.0,0.0,Neutral,-0.4215,Negative,-3.6907487142354967,-2.5513989910279244,-1.1393497232075722,49.07535767881942,1683.2207688551682,1690.261434749681,1685.8680897650763,1687.8380670242973
2019-03-20,1684.2099609375,1687.06005859375,1680.2900390625,1683.780029296875,93870500,,0.0,0.0,Neutral,0.0,Neutral,-3.5133684714471656,-2.7437928871117725,-0.7695755843353931,47.042172879889925,1681.9476881760818,1690.5559231505101,1685.6312142182796,1687.6929427808254
2019-03-21,1663.6600341796875,1689.6099853515625,1663.6600341796875,1687.6400146484375,118957800,Login to your CTOS ID Account - CTOS | Login to your CTOS ID Account - CTOS,0.0,0.0,Neutral,0.0,Neutral,-4.973667356251326,-3.1897677809396834,-1.7838995753116427,37.21040434487103,1679.6146146334136,1690.2393923389668,1682.4924742127664,1686.7316264367798
2019-03-22,1666.6600341796875,1673.449951171875,1657.010009765625,1669.5799560546875,96193500,,0.0,0.0,Neutral,0.0,Neutral,-5.821779959943797,-3.7161702167405064,-2.1056097432032903,39.207905496459084,1678.1561560997595,1690.1149030412946,1680.230697065184,1685.9287627464962
2019-03-25,1649.1500244140625,1654.260009765625,1648.06005859375,1652.1400146484375,87635300,,0.0,0.0,Neutral,0.0,Neutral,-7.816720471661938,-4.536280267724793,-3.280440203937145,32.6742679893738,1675.2584698016826,1689.733679946588,1675.7906009721667,1684.4576132131988
2019-03-26,1649.93994140625,1653.5799560546875,1647.1099853515625,1647.8199462890625,103876000,,0.0,0.0,Neutral,0.0,Neutral,-9.227615295179476,-5.47454727321573,-3.7530680219637453,33.21494812232626,1672.4115459735576,1689.14306640625,1672.0976496056073,1683.076906340921
2019-03-27,1642.72998046875,1650.219970703125,1641.8900146484375,1649.1700439453125,97583500,SIARAN AKHBAR - Bank Negara Malaysia,0.0,0.0,Neutral,0.0,Neutral,-10.803012792434629,-6.540240377059511,-4.262772415375118,30.784804886632514,1669.5523118239182,1688.3167400749362,1667.9022683003423,1681.463029306034
2019-03-28,1641.3299560546875,1645.2099609375,1638.68994140625,1642.9000244140625,91661100,,0.0,0.0,Neutral,0.0,Neutral,-12.025870183230381,-7.637366338293685,-4.388503844936697,30.320901246428974,1667.760000375601,1687.605922154018,1664.1062236938203,1679.8577063759801
2019-03-29,1643.6300048828125,1649.5999755859375,1639.260009765625,1648.3599853515625,142055400,,0.0,0.0,Neutral,0.0,Neutral,-12.663422703311198,-8.642577611297188,-4.02084509201401,32.130377705423115,1665.633075420673,1686.8755131935586,1661.181049577962,1678.4085983162533
2019-04-01,1628.6600341796875,1647.5899658203125,1628.43994140625,1646.4300537109375,100896200,,0.0,0.0,Neutral,0.0,Neutral,-14.212802851164497,-9.75662265927065,-4.456180191893846,27.182601873426364,1661.8192326472356,1685.9689841757015,1656.5351902353514,1676.4186557507908
2019-04-02,1632.8299560546875,1639.3199462890625,1630.97998046875,1633.8299560546875,101492100,,0.0,0.0,Neutral,0.0,Neutral,-14.93209207268842,-10.791716541954205,-4.1403755307342145,30.397807517399713,1658.6123046875,1684.9457185706315,1653.1487282095422,1674.6751077629467
2019-04-03,1643.2099609375,1645.5400390625,1635.800048828125,1638.27001953125,81246900,,0.0,0.0,Neutral,0.0,Neutral,-14.497436890094605,-11.532860611582286,-2.964576278512318,37.764402378127265,1655.7407602163462,1683.9455142897002,1651.728904313536,1673.416501889929
2019-04-04,1645.0699462890625,1645.6099853515625,1637.5699462890625,1644.010009765625,106616000,,0.0,0.0,Neutral,0.0,Neutral,-13.843307224518185,-11.994949934169467,-1.8483572903487175,39.01006008826171,1652.2122990534856,1682.7812275789222,1650.777624595754,1672.282639665894
2019-04-05,1641.81005859375,1645.0899658203125,1640.300048828125,1645.0799560546875,65502900,,0.0,0.0,Neutral,0.0,Neutral,-13.433102006675199,-12.282580348670614,-1.1505216580045854,37.589989732802906,1648.683837890625,1681.8357182716836,1649.496543738325,1671.0637364230083
2019-04-08,1644.3499755859375,1645.719970703125,1640.3800048828125,1643.6700439453125,83680300,,0.0,0.0,Neutral,0.0,Neutral,-12.756017907772502,-12.377267860490992,-0.3787500472815104,39.439779026867065,1645.617685171274,1680.8308205117985,1648.7613197165554,1669.9951859895255
2019-04-09,1641.93994140625,1645.56005859375,1639.2099609375,1645.18994140625,98177100,,0.0,0.0,Neutral,0.0,Neutral,-12.272424626296697,-12.356299213652134,0.08387458735543696,38.28038083431213,1643.9469088040864,1679.6249003507653,1647.7868371007974,1668.8729762061944
2019-04-10,1639.4599609375,1642.1300048828125,1635.8900146484375,1641.8299560546875,86807000,,0.0,0.0,Neutral,0.0,Neutral,-11.951517510097347,-12.275342872941177,0.3238253628438308,37.07267325601069,1641.8545954777644,1678.440409757653,1646.5972833631836,1667.6964555954467
2019-04-11,1624.22998046875,1639.3299560546875,1622.449951171875,1639.3299560546875,105835100,,0.0,0.0,Neutral,0.0,Neutral,-12.778822142945728,-12.376038726942088,-0.40278341600363987,30.672759026498,1639.9376690204326,1677.0897964166136,1643.4019543782647,1665.9577965903786
2019-04-12,1630.1700439453125,1631.0899658203125,1623.43994140625,1624.530029296875,100767200,,0.0,0.0,Neutral,0.0,Neutral,-12.80751646806766,-12.462334275167203,-0.3451821929004577,35.359806183944045,1638.4169076772837,1675.9889812858737,1641.5116814592716,1664.5262864845758
2019-04-15,1631.3299560546875,1638.8699951171875,1630.8299560546875,1634.949951171875,73256000,,0.0,0.0,Neutral,0.0,Neutral,-12.591514571981406,-12.488170334530045,-0.10334423745136156,36.2659262843174,1637.5399827223557,1674.9236736686862,1640.0571492586168,1663.19843326738
2019-04-16,1629.4599609375,1635.469970703125,1626.989990234375,1631.5799560546875,90054600,,0.0,0.0,Neutral,0.0,Neutral,-12.427962673319144,-12.476128802287866,0.04816612896872208,35.404260756623,1636.6269061748799,1673.8185711296237,1638.543265212743,1661.8488943741847
2019-04-17,1620.9000244140625,1627.77001953125,1615.530029296875,1627.0699462890625,103910200,,0.0,0.0,Neutral,0.0,Neutral,-12.841038456313072,-12.549110733092908,-0.291927723220164,31.6922611224025,1634.878446138822,1672.3391835738203,1636.022802241503,1660.2109395757798
2019-04-18,1619.72998046875,1620.550048828125,1609.8299560546875,1617.6700439453125,138129600,,0.0,0.0,Neutral,0.0,Neutral,-13.111673547386545,-12.661623295951637,-0.4500502514349076,31.210568072357802,1634.1915189302886,1670.9761215521364,1633.6952562739668,1658.5917012114985
2019-04-19,1622.0699462890625,1625.219970703125,1618.68994140625,1620.6400146484375,75776100,,0.0,0.0,Neutral,0.0,Neutral,-12.987624866153055,-12.726823609991921,-0.2608012561611339,33.39099785715982,1633.3638258713943,1669.619180484694,1632.0344977046948,1657.1308310146012
2019-04-22,1622.06005859375,1630.9100341796875,1621.1600341796875,1622.56005859375,115059500,,0.0,0.0,Neutral,0.0,Neutral,-12.743217369471722,-12.730102361887882,-0.01311500758384021,33.38618217975322,1631.7369103064905,1668.2855075135524,1630.6095778317028,1655.7280001177671
2019-04-23,1627.43994140625,1629.4200439453125,1620.9300537109375,1624.1199951171875,106178700,,0.0,0.0,Neutral,0.0,Neutral,-11.977343723274316,-12.57955063416517,0.6022069108908532,38.57684185349539,1630.3807560847356,1667.1046889947386,1630.1567726280668,1654.5964777693064
2019-04-24,1638.010009765625,1640.9599609375,1633.699951171875,1633.699951171875,134534900,,0.0,0.0,Neutral,0.0,Neutral,-10.397609986351654,-12.143162504602468,1.7455525182508147,47.27048261501327,1630.0884446364182,1666.0628512635524,1631.278663647718,1653.933019049159
2019-04-25,1635.6800537109375,1640.1300048828125,1632.510009765625,1637.3399658203125,120413200,,0.0,0.0,Neutral,0.0,Neutral,-9.227301017497211,-11.559990207181418,2.3326891896842064,45.733877791928215,1629.4215275691106,1664.978159378986,1631.9074336567496,1653.20290043563
2019-04-26,1638.3800048828125,1639.1800537109375,1632.5799560546875,1638.6600341796875,114937300,,0.0,0.0,Neutral,0.0,Neutral,-7.9898571334019834,-10.845963592425532,2.8561064590235485,47.84943155163126,1629.147686298077,1663.8687719228317,1632.8320866890444,1652.609984613517
2019-04-29,1637.4000244140625,1637.489990234375,1631.8299560546875,1637.300048828125,63429800,,0.0,0.0,Neutral,0.0,Neutral,-7.007472393986745,-10.078265352737775,3.0707929587510296,47.1312236380433,1628.989229642428,1662.4573426538584,1633.4846492211898,1652.0015862055388
2019-04-30,1642.2900390625,1643.449951171875,1634.5400390625,1634.6199951171875,139943400,,0.0,0.0,Neutral,0.0,Neutral,-5.767853866717587,-9.216183055533739,3.4483291888161514,51.07726434005761,1630.3784649188701,1660.7453015385843,1634.7425620556628,1651.6131243198172
2019-05-02,1632.239990234375,1644.3499755859375,1631.27001953125,1642.4599609375,87894400,,0.0,0.0,Neutral,0.0,Neutral,-5.5326255382890395,-8.4794715520848,2.94684601379576,43.83569214156341,1630.5376915564905,1658.7363206513073,1634.3850517954788,1650.8381989563995
2019-05-03,1637.300048828125,1637.4100341796875,1625.56005859375,1631.530029296875,82569700,,0.0,0.0,Neutral,0.0,Neutral,-4.881628577901665,-7.759902957248173,2.8782743793465073,47.84503290384254,1630.9969294621394,1657.019586057079,1634.8014799429998,1650.2966729512686
2019-05-06,1632.800048828125,1633.6600341796875,1623.6099853515625,1632.0400390625,64595700,,0.0,0.0,Neutral,0.0,Neutral,-4.674931488391167,-7.142908663476772,2.467977175085605,44.7832801984674,1631.2538592998799,1655.1465267259248,1634.5155612123035,1649.5968079863428
2019-05-07,1639.3699951171875,1641.8599853515625,1626.06005859375,1626.77001953125,165442400,,0.0,0.0,Neutral,0.0,Neutral,-3.9356154722581778,-6.501450025233053,2.5658345529748754,49.83107863879697,1632.6746262770432,1653.5214245854593,1635.2090517701442,1649.1877354715766
2019-05-08,1633.550048828125,1635.56005859375,1627.3800048828125,1635.56005859375,147577400,,0.0,0.0,Neutral,0.0,Neutral,-3.7757981781505805,-5.956319655816559,2.1805214776659785,45.8338449934244,1633.7377084585337,1651.890814333546,1634.9720513498557,1648.5622280058385
2019-05-09,1618.530029296875,1630.43994140625,1618.3299560546875,1629.6099853515625,133418700,,0.0,0.0,Neutral,0.0,Neutral,-4.805734355594495,-5.726202595772146,0.9204682401776507,37.47829132378502,1633.4654071514424,1650.070407166773,1632.6231910565728,1647.3609400574799
2019-05-10,1610.27001953125,1620.4000244140625,1610.27001953125,1615.9100341796875,98812400,,0.0,0.0,Neutral,0.0,Neutral,-6.216816363606313,-5.82432534933898,-0.3924910142673328,33.82623588722673,1632.5584810697114,1648.223672672194,1629.4298808386695,1645.8773032364306
2019-05-13,1601.0899658203125,1611.469970703125,1598.5999755859375,1610.550048828125,107076500,,0.0,0.0,Neutral,0.0,Neutral,-7.983830012196222,-6.256226281910429,-1.727603730285793,30.293170663890663,1630.5315598707932,1646.3277538066009,1625.381321550333,1644.0858097397859
2019-05-14,1599.18994140625,1603.719970703125,1572.030029296875,1580.8499755859375,173978800,,0.0,0.0,Neutral,0.0,Neutral,-9.428827496262329,-6.89074652478081,-2.538080971481519,29.603968615517957,1627.545400766226,1644.5638751594388,1621.6396958154642,1642.2899750064444
2019-05-15,1611.4300537109375,1617.4300537109375,1601.0400390625,1601.4300537109375,147144300,,0.0,0.0,Neutral,0.0,Neutral,-9.477077791424335,-7.408012778109516,-2.0690650133148196,39.200470462931236,1625.6800161508413,1643.0253059231504,1620.1811755148176,1641.055578154624
2019-05-16,1599.18994140625,1610.780029296875,1599.18994140625,1609.219970703125,95600000,,0.0,0.0,Neutral,0.0,Neutral,-10.383299057906243,-8.003070034068863,-2.38022902383738,34.18224629709515,1622.6653958834136,1641.2342853156888,1617.1824277850224,1639.3809526846892
2019-05-17,1605.3599853515625,1610.9599609375,1599.3199462890625,1599.3199462890625,85616600,,0.0,0.0,Neutral,0.0,Neutral,-10.482776042470732,-8.499011235749236,-1.9837648067214957,38.45896892638887,1620.2007774939905,1639.713060028699,1615.4935074373852,1638.020113991364
2019-05-21,1603.739990234375,1614.22998046875,1603.6500244140625,1608.739990234375,100448000,,0.0,0.0,Neutral,0.0,Neutral,-10.57048239536698,-8.913305467672785,-1.657176927694195,37.765113554448284,1617.2353891225962,1638.4704066685267,1613.814433551241,1636.6489090410844
2019-05-23,1601.8699951171875,1605.1300048828125,1589.7900390625,1599.93994140625,149289000,,0.0,0.0,Neutral,0.0,Neutral,-10.667910260740655,-9.26422642628636,-1.403683834454295,36.936711819673384,1614.8992356520432,1637.0538753587373,1612.1080852035193,1635.2577524841283
2019-05-24,1598.3199462890625,1606.8499755859375,1592.969970703125,1594.1600341796875,99444600,,0.0,0.0,Neutral,0.0,Neutral,-10.90586578530565,-9.592554298090219,-1.3133114872154312,35.351327812558125,1611.9007662259614,1635.4228540537308,1610.1383510728826,1633.7802402363257
2019-05-27,1601.3499755859375,1604.43994140625,1597.25,1604.43994140625,71164500,,0.0,0.0,Neutral,0.0,Neutral,-10.726303066791843,-9.819304051830544,-0.9069990149612988,37.805067172711276,1609.4815298227163,1633.9295878507653,1608.882868860462,1632.48302965031
2019-05-28,1614.5699462890625,1614.5699462890625,1602.1500244140625,1604.260009765625,384159000,,0.0,0.0,Neutral,0.0,Neutral,-9.40879839572085,-9.737202920608606,0.3284045248877554,47.217964157209764,1607.5738337590144,1632.5832594268177,1609.6953084931192,1631.76650631586
2019-05-29,1623.6700439453125,1626.6400146484375,1611.47998046875,1614.6800537109375,116436500,,0.0,0.0,Neutral,0.0,Neutral,-7.543408901412022,-9.29844411676929,1.7550352153572675,52.54240793038442,1606.8138333834136,1631.2104043765944,1611.691699272004,1631.442647821038
2019-05-30,1636.5,1639.4200439453125,1620.280029296875,1620.97998046875,130813400,,0.0,0.0,Neutral,0.0,Neutral,-4.972484354198741,-8.43325216425518,3.4607678100564385,58.845696164141266,1608.1961388221155,1630.1659134845345,1615.2357422331463,1631.6449419081964
2019-05-31,1650.760009765625,1650.760009765625,1634.1400146484375,1639.760009765625,159714600,,0.0,0.0,Neutral,0.0,Neutral,-1.7640101053727903,-7.099403752478702,5.335393647105912,64.49090944716065,1611.3107534555288,1629.4832614198024,1620.310637594929,1632.4095446224933
2019-06-03,1655.31005859375,1656.6800537109375,1642.6600341796875,1649.9300537109375,105242100,,0.0,0.0,Neutral,0.0,Neutral,1.132821307835684,-5.452958740415825,6.585780048251509,66.08929952055936,1615.4815298227163,1629.3128537547832,1625.310554880475,1633.3255651813436
2019-06-04,1644.0899658203125,1655.8900146484375,1644.0899658203125,1654.02001953125,61533700,,0.0,0.0,Neutral,0.0,Neutral,2.494458788590009,-3.8634752346146586,6.357934023204668,59.032620543004256,1618.9353778545674,1628.852240114796,1627.9933278718804,1633.7561412069024
2019-06-07,1649.3299560546875,1651.989990234375,1646.800048828125,1650.9300537109375,102539800,,0.0,0.0,Neutral,0.0,Neutral,3.9508468188334973,-2.3006108239250276,6.251457642758525,61.12051448673492,1621.8507549579326,1628.8559121890944,1631.0414176122815,1634.3790938008137
2019-06-10,1655.469970703125,1656.0,1651.8499755859375,1651.9300537109375,93023500,Everyday Global Account - HSBC Malaysia,-0.1,0.3,Negative,0.0,Neutral,5.536669414839025,-0.7331547761722172,6.269824191011242,63.46985139729048,1626.1799879807693,1628.968769929847,1634.5312109109734,1635.222728876906
2019-06-11,1651.199951171875,1657.3599853515625,1649.81005859375,1655.800048828125,111042200,,0.0,0.0,Neutral,0.0,Neutral,6.375398729275275,0.6885559249172813,5.686842804357994,60.72186225422572,1629.7061391977163,1629.1416264748086,1636.9124595196738,1635.8618177687047
2019-06-12,1650.739990234375,1650.739990234375,1642.1099853515625,1646.6700439453125,90831900,,0.0,0.0,Neutral,0.0,Neutral,6.92317667885618,1.935480075705061,4.987696603151119,60.41840845146861,1633.321523813101,1629.3336679886797,1638.8878210503456,1636.4569446673315
2019-06-13,1643.739990234375,1646.219970703125,1640.300048828125,1644.0799560546875,96232000,,0.0,0.0,Neutral,0.0,Neutral,6.715046278341333,2.8913933162323158,3.8236529621090174,55.84447844832662,1636.5422926682693,1629.3359125876914,1639.5809880766355,1636.7482664900133
2019-06-14,1638.6300048828125,1649.5699462890625,1636.3199462890625,1649.4200439453125,83903000,,0.0,0.0,Neutral,0.0,Neutral,6.067822246721107,3.526679102330074,2.5411431443910333,52.70758580136142,1639.64306640625,1629.539381377551,1639.4451333346608,1636.8235360257252
2019-06-17,1638.4000244140625,1644.0400390625,1637.4599609375,1638.9300537109375,84794700,,0.0,0.0,Neutral,0.0,Neutral,5.473242899691513,3.915991861802362,1.5572510378891513,52.564476538793286,1642.4930701622595,1629.653056242028,1639.2958320602897,1636.8865955612587
2019-06-18,1652.760009765625,1652.760009765625,1636.1800537109375,1636.6600341796875,100923800,,0.0,0.0,Neutral,0.0,Neutral,6.090557138471695,4.350904917136228,1.7396522213354668,59.88795129372618,1645.4307673527644,1629.847955197704,1641.219286018195,1637.5215321294334
2019-06-19,1666.5400390625,1666.9000244140625,1652.5799560546875,1654.5699462890625,109775000,,0.0,0.0,Neutral,0.0,Neutral,7.604061433124571,5.001536220333897,2.602525212790674,65.4072007691804,1648.7284592848557,1630.2861203563457,1644.8365364530957,1638.682272406756
2019-06-20,1675.4300537109375,1675.4300537109375,1660.8299560546875,1660.8299560546875,132199500,,0.0,0.0,Neutral,0.0,Neutral,9.412374383133738,5.8837038528938645,3.5286705302398733,68.425603965644,1651.7230788010818,1630.972242705676,1649.2070389185017,1640.1521836589231
2019-06-21,1682.22998046875,1682.22998046875,1672.0899658203125,1672.239990234375,219305100,,0.0,0.0,Neutral,0.0,Neutral,11.26432456244629,6.95982799480435,4.304496567641941,70.5428381094456,1654.1438457782451,1631.745304029815,1653.9246019971088,1641.835295531316
2019-06-24,1676.1300048828125,1679.280029296875,1674.4000244140625,1679.280029296875,87859800,,0.0,0.0,Neutral,0.0,Neutral,12.100306570010389,7.987923709845559,4.11238286016483,66.25107899487637,1655.745380108173,1632.443060427296,1657.0968024093522,1643.2070839053756
2019-06-25,1676.6099853515625,1677.760009765625,1672.4100341796875,1675.8199462890625,111387800,,0.0,0.0,Neutral,0.0,Neutral,12.655672037033355,8.921473375283119,3.734198661750236,66.42417587612874,1658.2469200721155,1633.2012241908483,1659.8843999725252,1644.543199963223
2019-06-26,1674.489990234375,1677.1700439453125,1672.5899658203125,1674.22998046875,82354800,,0.0,0.0,Neutral,0.0,Neutral,12.777446829061546,9.692668066038806,3.08477876302274,64.84225968797678,1660.1823073167068,1634.226938675861,1661.9709128670754,1645.741071574069
2019-06-27,1672.699951171875,1676.72998046875,1670.72998046875,1670.72998046875,118539600,,0.0,0.0,Neutral,0.0,Neutral,12.584447361088905,10.271023925048826,2.313423436040079,63.46782768019973,1661.5076904296875,1635.094895966199,1663.503632624904,1646.8194267579813
2019-06-28,1672.1300048828125,1677.3399658203125,1670.81005859375,1671.4200439453125,120364900,,0.0,0.0,Neutral,0.0,Neutral,12.244358645332113,10.665690869105486,1.5786677762266272,63.009865329375074,1663.117694561298,1635.9275500239157,1664.735971518891,1647.8318498829747
2019-07-01,1683.6199951171875,1683.6199951171875,1674.9100341796875,1674.9100341796875,88667200,,0.0,0.0,Neutral,0.0,Neutral,12.75495093920108,11.083542883124606,1.6714080560764746,68.01975679015672,1665.6469257061299,1637.0328568439095,1667.4336891757905,1649.263375692343
2019-07-02,1691.0,1694.550048828125,1684.06005859375,1685.780029296875,182396400,,0.0,0.0,Neutral,0.0,Neutral,13.59835040864823,11.586504388229331,2.011846020418899,70.75914824380078,1669.2823110727163,1638.4634685905612,1670.8003050078205,1650.9328406646493
2019-07-03,1690.050048828125,1690.050048828125,1683.239990234375,1689.25,102458400,,0.0,0.0,Neutral,0.0,Neutral,14.028386931870273,12.07488089695752,1.9535060349127527,69.92880480777697,1673.2376990685095,1639.8985720264668,1673.5502684107214,1652.4975289911883
2019-07-04,1687.47998046875,1690.81005859375,1685.6400146484375,1688.6500244140625,84268400,,0.0,0.0,Neutral,0.0,Neutral,14.000422778297661,12.459989273225549,1.5404335050721123,67.61695896883117,1677.0130803034856,1641.2334706831953,1675.5402272761542,1653.8968270502908
2019-07-05,1682.530029296875,1687.5999755859375,1677.0799560546875,1687.5999755859375,88226700,,0.0,0.0,Neutral,0.0,Neutral,13.424096663886985,12.652810751357837,0.771285912529148,63.277898187190345,1679.3030818058894,1642.4675517179528,1676.5387704219713,1655.042155140154
2019-07-08,1677.6400146484375,1679.6600341796875,1672.8800048828125,1679.6500244140625,79839500,,0.0,0.0,Neutral,0.0,Neutral,12.429491312676873,12.608146863621645,-0.1786555509447716,59.23395750127001,1680.1569260817307,1643.4920430086097,1676.6960910257521,1655.9460695204853
2019-07-09,1682.8699951171875,1682.8699951171875,1677.97998046875,1679.1500244140625,88883400,,0.0,0.0,Neutral,0.0,Neutral,11.92580190040212,12.471677870977741,-0.5458759705756204,62.02894569566097,1680.729229266827,1644.4075529137435,1677.5780773245287,1657.0230265443533
2019-07-10,1678.969970703125,1683.68994140625,1674.1300048828125,1682.68994140625,87430200,,0.0,0.0,Neutral,0.0,Neutral,11.084153810456428,12.19417305887348,-1.1100192484170517,58.79188564093416,1680.4784592848557,1645.2910206074616,1677.7769192357568,1657.9009043107042
2019-07-11,1679.260009765625,1681.780029296875,1674.699951171875,1681.219970703125,85988000,,0.0,0.0,Neutral,0.0,Neutral,10.321564789866898,11.819651405072165,-1.498086615205267,58.96340043014535,1680.719228891226,1646.1253064213968,1677.9887893114524,1658.7552685289008
2019-07-12,1669.449951171875,1682.0400390625,1668.989990234375,1681.030029296875,126112400,,0.0,0.0,Neutral,0.0,Neutral,8.823901312811131,11.220501386619958,-2.396600073808827,51.2009840972756,1680.16845703125,1646.7793865593112,1676.7689552915128,1659.1830558346196
2019-07-15,1672.3699951171875,1672.3699951171875,1664.3800048828125,1670.4000244140625,75675700,,0.0,0.0,Neutral,0.0,Neutral,7.7828989453673785,10.532980898369443,-2.7500819530020646,53.17693748737321,1680.005380483774,1647.3932632134886,1676.1405324094665,1659.7105334059222
2019-07-16,1668.93994140625,1672.469970703125,1666.3699951171875,1671.489990234375,93222700,,0.0,0.0,Neutral,0.0,Neutral,6.604982276607188,9.747381174016994,-3.142398897409805,50.58579992200969,1679.7161489633413,1648.142241808833,1675.111876551864,1660.0797097259353
2019-07-17,1657.530029296875,1667.7900390625,1656.760009765625,1667.5,88444600,,0.0,0.0,Neutral,0.0,Neutral,4.696650219405001,8.737234983094595,-4.040584763689594,43.068041984776585,1678.5930739182693,1648.555098553093,1672.6001840868657,1659.9777225087728
2019-07-18,1648.9300537109375,1659.93994140625,1648.9300537109375,1657.800048828125,101531000,,0.0,0.0,Neutral,0.0,Neutral,2.4619572478538885,7.4821794360464535,-5.020222188192565,38.43195290510486,1675.9246168870193,1648.8842823262116,1669.2187368903046,1659.5358157568594
2019-07-19,1658.18994140625,1658.93994140625,1649.550048828125,1649.550048828125,86279200,,0.0,0.0,Neutral,0.0,Neutral,1.4217534281976896,6.2700942344767014,-4.848340806279012,45.2641683108044,1673.4007662259614,1649.2683628627233,1667.6431946782968,1659.4819807828349
2019-07-22,1655.4000244140625,1658.280029296875,1647.699951171875,1658.280029296875,73533400,,0.0,0.0,Neutral,0.0,Neutral,0.3680191264897985,5.089679212879322,-4.721660086389523,43.69102372937391,1670.735379732572,1649.714280731824,1665.8941703548348,1659.318702528084
2019-07-23,1655.6700439453125,1658.3499755859375,1654.02001953125,1654.72998046875,108738200,,0.0,0.0,Neutral,0.0,Neutral,-0.440210111688657,3.9837013479657264,-4.423911459654383,43.894264080869974,1668.2884615384614,1650.4722402144453,1664.4335808677604,1659.1727561847733
2019-07-24,1652.4100341796875,1659.3800048828125,1651.3599853515625,1653.8800048828125,154536400,,0.0,0.0,Neutral,0.0,Neutral,-1.3284792669301169,2.9212652249865583,-4.249744491916675,41.92668915392443,1665.9715388371394,1651.332240513393,1662.715931340893,1658.90224730457
2019-07-25,1656.5799560546875,1656.5799560546875,1650.3199462890625,1653.739990234375,113375000,,0.0,0.0,Neutral,0.0,Neutral,-1.6766339339492333,2.0016853931994,-3.678319327148633,45.304012747042876,1664.351534329928,1652.4646892936862,1661.8393634428635,1658.8093556545746
2019-07-26,1647.9599609375,1653.77001953125,1647.9599609375,1653.739990234375,141697300,,0.0,0.0,Neutral,0.0,Neutral,-2.617932683167737,1.0777617779259725,-3.6956944610937095,40.11095793901491,1661.6661470853364,1653.459995814732,1659.856591656383,1658.3753798658915
2019-07-29,1642.68994140625,1648.7099609375,1637.25,1647.9599609375,78401400,,0.0,0.0,Neutral,0.0,Neutral,-3.7459838859524552,0.11301264515028697,-3.858996531102742,37.296202072797136,1658.8753756009614,1654.0979527064733,1657.4042130492212,1657.747962327506
2019-07-31,1634.8699951171875,1642.72998046875,1626.3199462890625,1640.9200439453125,196276700,,0.0,0.0,Neutral,0.0,Neutral,-5.210908789986206,-0.9517716418770117,-4.259137148109194,33.53557954258115,1655.4607590895432,1654.826117067921,1654.1850390589307,1656.8328436390932
2019-08-01,1639.0699462890625,1639.1300048828125,1627.949951171875,1628.800048828125,138091900,,0.0,0.0,Neutral,0.0,Neutral,-5.964219561030859,-1.9542612257077812,-4.009958335323078,37.19820369498252,1653.1238356370193,1655.5140754544004,1652.0257400918067,1656.1223277450918
2019-08-02,1626.760009765625,1631.4200439453125,1623.6600341796875,1631.3900146484375,116380700,,0.0,0.0,Neutral,0.0,Neutral,-7.468441231827228,-3.0570972269316705,-4.4113440048955574,31.68663192250284,1649.6153752253606,1655.9838717713649,1648.4163500452094,1654.947835025913
2019-08-05,1610.4100341796875,1621.6800537109375,1610.4100341796875,1621.1199951171875,123498200,UOB Balance Transfer - UOB Malaysia,0.0,0.0,Neutral,0.0,Neutral,-9.866123599200137,-4.4189025013853644,-5.447221097814772,26.145521697277673,1645.1130746694712,1656.1581582828444,1642.9868763501347,1653.166322992064
2019-08-06,1611.7900390625,1617.219970703125,1588.97998046875,1592.8399658203125,183727500,,0.0,0.0,Neutral,0.0,Neutral,-11.52212935393527,-5.839547871895346,-5.682581482039924,27.30109310890873,1641.5946138822114,1656.4330581353636,1638.530185309044,1651.5112716348813
2019-08-07,1604.699951171875,1611.47998046875,1602.800048828125,1611.0999755859375,366237100,,0.0,0.0,Neutral,0.0,Neutral,-13.25385449944497,-7.322409197405271,-5.931445302039698,25.125902573232523,1638.1922983022837,1656.501424984056,1633.6972947180202,1649.638818816361
2019-08-08,1616.02001953125,1620.6500244140625,1605.8399658203125,1607.1800537109375,113077000,,0.0,0.0,Neutral,0.0,Neutral,-13.556552741481482,-8.569237906220515,-4.9873148352609675,34.14728453049466,1634.948458158053,1656.5310183155293,1631.1719696913387,1648.2940668449564
2019-08-09,1615.050048828125,1620.760009765625,1613.27001953125,1613.300048828125,94084900,,0.0,0.0,Neutral,0.0,Neutral,-13.716595434591682,-9.598709411894749,-4.117886022696933,33.77180181190339,1631.8446138822114,1656.3551000478317,1628.868838139451,1646.964306124283
2019-08-13,1592.8800048828125,1615.239990234375,1591.2900390625,1615.239990234375,149253200,,0.0,0.0,Neutral,0.0,Neutral,-15.454221045234362,-10.769811738562673,-4.684409306671689,26.578127376721667,1627.0146108774038,1655.4648960658483,1623.7275762456457,1644.8009340746241
2019-08-14,1600.31005859375,1603.0400390625,1596.8199462890625,1598.3599853515625,110009700,,0.0,0.0,Neutral,0.0,Neutral,-16.04678131543278,-11.825205653936695,-4.221575661496086,31.819744046788514,1623.0069204477163,1654.4353052256058,1620.3822165810893,1643.0212990553891
2019-08-15,1600.2900390625,1600.2900390625,1581.260009765625,1584.9100341796875,129951400,,0.0,0.0,Neutral,0.0,Neutral,-16.329765634287014,-12.72611765000676,-3.6036479842802542,31.813153929237913,1618.6769268329326,1653.3124476841517,1617.5119055070052,1641.3120486556736
2019-08-16,1599.219970703125,1600.1700439453125,1590.1800537109375,1598.06005859375,110266200,,0.0,0.0,Neutral,0.0,Neutral,-16.450744378475974,-13.471042995700603,-2.979701382775371,31.43835478401732,1614.9276968149038,1652.3967334980866,1614.8987719635938,1639.6283655375717
2019-08-19,1596.449951171875,1602.030029296875,1594.8399658203125,1595.510009765625,103561700,,0.0,0.0,Neutral,0.0,Neutral,-16.57902564347023,-14.09263952525453,-2.4863861182157017,30.43864671626629,1611.3707744891826,1651.317549724968,1612.2632261362055,1637.9012289629438
2019-08-20,1602.75,1603.4300537109375,1597.1300048828125,1598.3699951171875,106942400,,0.0,0.0,Neutral,0.0,Neutral,-15.988028145214003,-14.471717249246426,-1.5163108959675764,35.46501565399407,1608.9000056340144,1650.2416319555166,1610.9041938310334,1636.495179804426
2019-08-21,1594.5899658203125,1601.9000244140625,1594.5899658203125,1601.239990234375,96427600,,0.0,0.0,Neutral,0.0,Neutral,-15.993739063817657,-14.776121612160674,-1.2176174516569827,32.21777394775364,1605.4784686748799,1649.0863261320153,1608.5735898295018,1634.8189712450614
2019-08-22,1602.469970703125,1605.530029296875,1594.1700439453125,1596.260009765625,113714400,,0.0,0.0,Neutral,0.0,Neutral,-15.18734421949307,-14.858366133627154,-0.32897808586591637,38.11092588210878,1603.6100041316106,1648.101223692602,1607.7016442400195,1633.525011223384
2019-08-23,1609.3299560546875,1609.3299560546875,1594.5899658203125,1595.77001953125,84127400,,0.0,0.0,Neutral,0.0,Neutral,-13.835242940544276,-14.653741495010578,0.8184985544663022,42.77533320181749,1603.5269211989182,1647.3989780970983,1607.9342602135434,1632.557209016636
2019-08-26,1600.530029296875,1600.530029296875,1590.510009765625,1598.280029296875,89033000,,0.0,0.0,Neutral,0.0,Neutral,-13.3202262047771,-14.387038436963884,1.0668122321867841,38.741655366944634,1602.6607666015625,1646.6214275749362,1606.8765129397339,1631.2761218278456
2019-08-27,1590.8399658203125,1601.4000244140625,1590.8399658203125,1601.4000244140625,210071500,,0.0,0.0,Neutral,0.0,Neutral,-13.537922131240293,-14.217215175819167,0.6792930445788734,34.845092584409656,1601.5946138822114,1645.6508141342474,1604.5855776369594,1629.6586755875442
2019-08-28,1589.8199462890625,1592.1300048828125,1585.6600341796875,1590.3900146484375,92700600,,0.0,0.0,Neutral,0.0,Neutral,-13.635572382315786,-14.10088661711849,0.4653142348027046,34.452277648763044,1599.5792236328125,1644.366323042889,1602.476201730117,1628.0651264156047
2019-08-29,1595.1800537109375,1597.3900146484375,1584.8299560546875,1593.3599853515625,92439100,,0.0,0.0,Neutral,0.0,Neutral,-13.129100934178723,-13.906529480530537,0.777428546351814,38.38320624020471,1598.050762469952,1642.9099968112246,1601.4338948702343,1626.749723507418
2019-08-30,1612.1400146484375,1612.1400146484375,1601.5899658203125,1602.239990234375,150191400,,0.0,0.0,Neutral,0.0,Neutral,-11.229742078838626,-13.371172000192157,2.141429921353531,48.83811253689962,1599.5323016826924,1641.6183633609694,1602.963340552835,1626.1653351530585
2019-09-03,1591.52001953125,1616.3399658203125,1591.52001953125,1612.780029296875,105352900,,0.0,0.0,Neutral,0.0,Neutral,-11.25856603823263,-12.948650807800252,1.6900847695676227,39.96043025525858,1598.8561448317307,1639.7671396683672,1601.3285804068942,1624.7795225281861
2019-09-04,1599.8900146484375,1600.9100341796875,1591.1099853515625,1593.969970703125,95861600,,0.0,0.0,Neutral,0.0,Neutral,-10.485154247347282,-12.455951495709659,1.970797248362377,44.3801230242455,1598.8253737229568,1638.211221500319,1601.123071012829,1623.7839422129962
2019-09-05,1599.75,1603.7900390625,1592.8399658203125,1598.1700439453125,108502500,,0.0,0.0,Neutral,0.0,Neutral,-9.770885160946591,-11.918938228757046,2.148053067810455,44.32134697197714,1598.8661452073318,1636.6426503706953,1600.9269180109964,1622.8225845244763
2019-09-06,1604.469970703125,1606.4000244140625,1599.5799560546875,1601.6600341796875,91206400,,0.0,0.0,Neutral,0.0,Neutral,-8.723401630771377,-11.279830909159912,2.556429278388535,46.87555816316741,1599.4830697866587,1635.2136703802614,1601.4330683955861,1622.0884799716223
2019-09-10,1595.8499755859375,1597.780029296875,1589.780029296875,1590.8299560546875,174806400,,0.0,0.0,Neutral,0.0,Neutral,-8.490946605016461,-10.722054048331223,2.2311074433147624,42.996276362371596,1598.9522986778845,1633.645303531569,1600.6354837084937,1621.0389397961947
2019-09-11,1602.300048828125,1602.300048828125,1595.280029296875,1597.8800048828125,128033000,,0.0,0.0,Neutral,0.0,Neutral,-7.6975250401048925,-10.117148246685957,2.419623206581065,46.560073993418655,1599.545381986178,1632.2202023875957,1600.8732787255838,1620.2893841574719
2019-09-12,1601.0,1608.3900146484375,1601.0,1603.2099609375,120542700,,0.0,0.0,Neutral,0.0,Neutral,-7.091884973655851,-9.512095592079937,2.420210618424086,45.9366991171272,1599.4323073167068,1630.5340800382653,1600.8913817647863,1619.517808791173
2019-09-13,1601.25,1603.6800537109375,1596.3299560546875,1600.68994140625,87804400,,0.0,0.0,Neutral,0.0,Neutral,-6.516618426168634,-8.913000158897677,2.3963817327290435,46.086185186875724,1598.810772235577,1628.702447385204,1600.9426129412454,1618.7870964395258
2019-09-17,1604.300048828125,1609.969970703125,1597.0899658203125,1609.9200439453125,140900100,,0.0,0.0,Neutral,0.0,Neutral,-5.74833882089456,-8.280067891297055,2.531729070402495,47.97614329007933,1599.1007737379807,1626.952447385204,1601.4222466393712,1618.2076145350698
2019-09-18,1599.489990234375,1599.5699462890625,1594.0899658203125,1599.5699462890625,102870800,,0.0,0.0,Neutral,0.0,Neutral,-5.464610598362015,-7.716976432710047,2.2523658343480326,45.280329146668564,1599.7661602313701,1625.1567332987884,1601.1462100100862,1617.458909563042
2019-09-19,1596.280029296875,1599.1700439453125,1592.6500244140625,1598.6500244140625,82675500,,0.0,0.0,Neutral,0.0,Neutral,-5.436106902237043,-7.260802526615446,1.8246956243784034,43.52274954849985,1600.2630896935095,1623.3965292171556,1600.4510413367705,1616.611754352395
2019-09-20,1597.4100341796875,1597.6099853515625,1590.02001953125,1597.6099853515625,246858500,,0.0,0.0,Neutral,0.0,Neutral,-5.2616821707210875,-6.860978455436575,1.5992962847154875,44.3417799025933,1600.4346266526443,1621.759182676977,1600.0166117429017,1615.8436855454868
2019-09-23,1592.9300537109375,1597.5899658203125,1590.969970703125,1597.5899658203125,83778400,,0.0,0.0,Neutral,0.0,Neutral,-5.422439786889981,-6.573270721727257,1.1508309348372752,41.75636851252493,1598.9569373497595,1619.9236736686862,1599.004246309764,1614.9271402721047
2019-09-24,1592.3299560546875,1593.5,1585.5799560546875,1593.5,100387100,,0.0,0.0,Neutral,0.0,Neutral,-5.534466338667244,-6.3655098451152545,0.8310435064480108,41.408085588866804,1599.0192401592549,1618.1555101044323,1598.0507762733246,1614.0232529034079
2019-09-25,1589.5799560546875,1593.989990234375,1586.1400146484375,1592.52001953125,74123200,,0.0,0.0,Neutral,0.0,Neutral,-5.778538806997858,-6.248115637491775,0.4695768304939172,39.77099988438031,1598.2261587289663,1616.3253049266582,1596.8406590992338,1613.045521029459
2019-09-26,1593.0,1593.050048828125,1589.2099609375,1589.47998046875,95044500,,0.0,0.0,Neutral,0.0,Neutral,-5.631087362821745,-6.1247099825577695,0.4936226197360245,42.7997792950866,1597.7069279597356,1614.765101841518,1596.2919935136292,1612.2437001882806
2019-09-27,1584.1400146484375,1592.050048828125,1583.449951171875,1590.239990234375,73331700,,0.0,0.0,Neutral,0.0,Neutral,-6.158170249556861,-6.1314020359575885,-0.026768213599272173,37.53389165942877,1596.143085186298,1612.9644899952168,1594.5559965328878,1611.1195527666869
2019-09-30,1583.9100341796875,1586.68994140625,1578.530029296875,1584.260009765625,92489700,,0.0,0.0,Neutral,0.0,Neutral,-6.5192943691552045,-6.208980502597113,-0.3103138665580918,37.405243027140195,1595.224628155048,1611.2291857661032,1593.0351447681448,1610.0311720232069
2019-10-01,1589.43994140625,1589.6400146484375,1583.8399658203125,1584.93994140625,71303900,,0.0,0.0,Neutral,0.0,Neutral,-6.286800218354983,-6.224544445748688,-0.06225577260629578,42.507953415676006,1594.2353891225962,1609.8395921356823,1592.5215442878741,1609.2075227985285
2019-10-02,1574.9000244140625,1589.06005859375,1574.9000244140625,1588.8499755859375,87431300,,0.0,0.0,Neutral,0.0,Neutral,-7.1928816526506125,-6.418211887129073,-0.7746697655215398,34.536014748864474,1592.2276986929087,1608.3287752112565,1590.0041843059012,1607.83522286315
2019-10-03,1564.1199951171875,1572.0400390625,1563.1300048828125,1571.9599609375,90318700,,0.0,0.0,Neutral,0.0,Neutral,-8.680749710010105,-6.870719451705279,-1.8100302583048258,30.038120816457024,1589.3715444711538,1606.4089803890306,1586.3064429932278,1606.0866137533114
2019-10-04,1557.6700439453125,1564.7900390625,1551.9599609375,1563.8900146484375,76431100,,0.0,0.0,Neutral,0.0,Neutral,-10.262058398746149,-7.548987241113453,-2.7130711576326956,27.7125249096744,1585.7846210186299,1604.4144909917093,1582.2155288435258,1604.1499509609914
2019-10-07,1559.0,1560.3699951171875,1555.550048828125,1557.7900390625,44082500,,0.0,0.0,Neutral,0.0,Neutral,-11.277935567624354,-8.294776906415635,-2.9831586612087193,28.934288422362627,1582.6700063852163,1602.4416329520088,1578.8990247230222,1602.3439529225516
2019-10-08,1558.7900390625,1565.1600341796875,1556.2099609375,1560.4599609375,78376500,,0.0,0.0,Neutral,0.0,Neutral,-11.962076266828944,-9.028236778498297,-2.933839488330648,28.851384200922098,1579.786160982572,1600.5310208067601,1576.026312485805,1600.6017963681495
2019-10-09,1551.22998046875,1555.4200439453125,1548.6199951171875,1554.72998046875,87647500,,0.0,0.0,Neutral,0.0,Neutral,-12.964845576911557,-9.81555853818095,-3.1492870387306073,25.966379168978165,1576.2338491586538,1598.3810213050065,1572.4839793405115,1598.6269237321735
2019-10-10,1551.8699951171875,1553.1800537109375,1548.449951171875,1550.699951171875,69706900,,0.0,0.0,Neutral,0.0,Neutral,-13.551688220241658,-10.562784474593093,-2.9889037456485656,26.63521114622621,1573.0753831129807,1596.4200015943877,1569.5391244514653,1596.756646587574
2019-10-11,1556.8399658203125,1558.260009765625,1550.9599609375,1550.9599609375,78630200,,0.0,0.0,Neutral,0.0,Neutral,-13.460565127214068,-11.142340605117287,-2.3182245220967808,31.788607567168654,1570.3453838641826,1594.6679612763073,1567.7249589327294,1595.1599793568837
2019-10-14,1567.5899658203125,1568.9599609375,1562.6500244140625,1562.6500244140625,67604000,,0.0,0.0,Neutral,0.0,Neutral,-12.378225779375498,-11.389517639968929,-0.9887081394065689,41.380177498929605,1568.6538461538462,1593.2948994539222,1567.7056742023842,1594.057178815421
2019-10-15,1566.22998046875,1568.239990234375,1563.1300048828125,1567.030029296875,84407300,,0.0,0.0,Neutral,0.0,Neutral,-11.497665568750335,-11.41114722572521,-0.08651834302512462,40.60233047586036,1566.5946138822114,1591.808369539222,1567.494860811865,1592.944090881554
2019-10-16,1574.9000244140625,1574.9000244140625,1567.8699951171875,1568.0999755859375,104215600,,0.0,0.0,Neutral,0.0,Neutral,-9.985113002751177,-11.125940381130405,1.1408273783792282,47.39167809194111,1565.8838454026443,1590.7500024912308,1568.5527413264647,1592.2223282228545
2019-10-17,1574.5,1577.0400390625,1569.2099609375,1573.0400390625,96261500,,0.0,0.0,Neutral,0.0,Neutral,-8.718185013956145,-10.644389307695555,1.92620429373941,47.12403809253577,1565.1599966195913,1590.017144650829,1569.4023497083983,1591.5134350939402
2019-10-18,1571.1500244140625,1576.8699951171875,1567.719970703125,1572.719970703125,102591400,,0.0,0.0,Neutral,0.0,Neutral,-7.893459599231846,-10.094203366002812,2.200743766770966,44.84024508649615,1563.7530799278845,1589.1877565967793,1569.6520175234934,1590.698898666745
2019-10-21,1570.9300537109375,1572.06005859375,1565.0799560546875,1568.780029296875,48984300,,0.0,0.0,Neutral,0.0,Neutral,-7.174900773708487,-9.510342847543948,2.335442073835461,44.68709956812881,1563.4476975661057,1588.498575015944,1569.8345941216999,1589.9081448685126
2019-10-22,1574.0899658203125,1574.0899658203125,1567.699951171875,1570.27001953125,92716700,,0.0,0.0,Neutral,0.0,Neutral,-6.278089323064023,-8.863892142647963,2.5858028195839395,47.462954731652076,1564.214618389423,1587.642859634088,1570.442504364359,1589.2754177065847
2019-10-23,1568.7900390625,1573.22998046875,1564.0799560546875,1571.6600341796875,81163100,,0.0,0.0,Neutral,0.0,Neutral,-5.926700271779964,-8.276453768474363,2.349753496694399,43.51819303685654,1565.0700026292068,1586.6987778021364,1570.2064378926648,1588.4560025608212
2019-10-24,1571.1099853515625,1571.4300537109375,1565.6400146484375,1569.469970703125,85709400,,0.0,0.0,Neutral,0.0,Neutral,-5.3987877752447275,-7.700920569828436,2.3021327945837085,45.64768871922819,1566.0015399639424,1586.2544916892539,1570.3355161010788,1587.7621618724509
2019-10-25,1570.0,1573.1500244140625,1567.9000244140625,1572.9200439453125,70214800,,0.0,0.0,Neutral,0.0,Neutral,-5.0122023114140575,-7.163176918145561,2.150974606731504,44.77781722052054,1566.8638446514424,1585.6359190648916,1570.2875852294962,1587.0516753975528
2019-10-29,1577.7900390625,1577.97998046875,1570.1800537109375,1573.1600341796875,136240000,,0.0,0.0,Neutral,0.0,Neutral,-4.030775230078007,-6.536696580532051,2.5059213504540443,51.729992964506785,1568.9069260817307,1585.1767353914222,1571.359364348497,1586.6812099441506
2019-10-30,1580.0,1583.0,1575.3299560546875,1583.0,103994200,,0.0,0.0,Neutral,0.0,Neutral,-3.03962293794757,-5.837281852015154,2.7976589140675845,53.51781130281217,1571.070772611178,1584.7844910913584,1572.5937408701404,1586.4139615463846
2019-10-31,1597.97998046875,1599.77001953125,1579.1400146484375,1579.1400146484375,192718900,,0.0,0.0,Neutral,0.0,Neutral,-0.7941391054328051,-4.828653302698685,4.03451419726588,64.90626815127905,1574.2353891225962,1584.8157161790498,1576.2203465270845,1586.8766023032792
2019-11-01,1593.3399658203125,1596.8399658203125,1583.0,1595.72998046875,88597000,,0.0,0.0,Neutral,0.0,Neutral,0.6040494991455034,-3.7421127423298475,4.346162241475351,60.768450988140245,1576.2161583533655,1584.6236746651787,1578.6660064261173,1587.1351368439605
2019-11-04,1603.56005859375,1603.56005859375,1595.199951171875,1598.280029296875,105488800,,0.0,0.0,Neutral,0.0,Neutral,2.5078907125891874,-2.492112051346041,5.000002763935228,65.92171669822413,1579.0877028245193,1584.8067377830039,1582.2222995929221,1587.7921337139521
2019-11-05,1606.739990234375,1606.739990234375,1597.760009765625,1599.0699462890625,136828000,,0.0,0.0,Neutral,0.0,Neutral,4.224594008270742,-1.1487708394226843,5.373364847693426,67.35841617106857,1581.5369309645432,1584.8938810387435,1585.7248268274154,1588.550047974769
2019-11-06,1603.25,1609.6400146484375,1597.1800537109375,1609.4300537109375,86576200,,0.0,0.0,Neutral,0.0,Neutral,5.243042167007843,0.12959176186342114,5.113450405144422,64.16134156728704,1583.7484694260818,1584.7698003029336,1588.2284229949275,1589.1380460557784
2019-11-07,1609.3299560546875,1609.3299560546875,1601.1800537109375,1604.8499755859375,106440400,,0.0,0.0,Neutral,0.0,Neutral,6.466232607224356,1.3969199309356082,5.069312676288748,67.09174038551589,1586.6853872445913,1584.9493906449297,1591.2429277177505,1589.9457224557348
2019-11-08,1609.72998046875,1614.18994140625,1606.02001953125,1607.0899658203125,109606800,,0.0,0.0,Neutral,0.0,Neutral,7.382794214701107,2.594094787688708,4.788699427012399,67.28129824252933,1589.6699969951924,1585.3349011479593,1593.8839352536077,1590.7370927762554
2019-11-11,1608.1500244140625,1611.4300537109375,1601.989990234375,1610.6600341796875,87810000,,0.0,0.0,Neutral,0.0,Neutral,7.890727250786767,3.6534212803083204,4.237305970478447,65.67227567878642,1592.2900015024038,1585.708984375,1595.9219479908156,1591.4336100417677
2019-11-12,1609.72998046875,1614.2099609375,1605.7099609375,1612.1800537109375,102461500,,0.0,0.0,Neutral,0.0,Neutral,8.324794046945271,4.587695833635711,3.7370982133095607,66.53417006994437,1595.439227764423,1586.0059216557718,1597.894524059092,1592.165464858847
2019-11-13,1597.219970703125,1610.8800048828125,1593.9100341796875,1610.8800048828125,120634300,,0.0,0.0,Neutral,0.0,Neutral,7.572055925345239,5.184567851977617,2.3874880733676225,54.80145654297932,1597.4476881760818,1585.7014309630101,1597.7981592939539,1592.3676450926182
2019-11-14,1593.550048828125,1598.0899658203125,1592.6300048828125,1595.4000244140625,83645300,Malaysian Qualifications Register (MQR) - mqa.gov.my,0.0,0.0,Neutral,0.0,Neutral,6.603255299585953,5.468305341499285,1.1349499580866684,51.90954629890609,1599.2592303936299,1585.7428601323343,1597.191286370264,1592.4149412420384
2019-11-15,1594.75,1596.8499755859375,1592.219970703125,1593.7900390625,77516500,,0.0,0.0,Neutral,0.0,Neutral,5.864695298248307,5.54758333284909,0.31711196539921715,52.78684437166571,1600.5638427734375,1585.6379618742028,1596.8425311745118,1592.5083435923568
2019-11-18,1604.3599853515625,1604.3599853515625,1592.469970703125,1593.0899658203125,57599800,,0.0,0.0,Neutral,0.0,Neutral,5.98582580617699,5.63523182751467,0.35059397866232,59.20536814413072,1602.4376878004807,1585.7320432079082,1597.916453199805,1592.982409262725
2019-11-19,1605.31005859375,1605.31005859375,1595.1500244140625,1601.0899658203125,80138500,CASHLITE - CIMB Malaysia,0.0,0.0,Neutral,0.0,Neutral,6.088303405142369,5.725846143040211,0.3624572621021587,59.787408677498775,1603.0015399639424,1585.7491878587373,1598.9726825417972,1593.475515235966
2019-11-20,1601.1400146484375,1604.3800048828125,1598.3199462890625,1601.4200439453125,87737000,Cash Plus Personal Loan - CIMB Malaysia | Hire Purchase - CIMB Malaysia,0.0,0.3,Neutral,0.0,Neutral,5.766556669034571,5.733988248239083,0.032568420795488606,56.010081163604866,1603.601543719952,1585.8571478396045,1599.2823014141745,1593.7820952124648
2019-11-21,1592.18994140625,1601.3599853515625,1587.0699462890625,1601.3599853515625,97583900,,0.0,0.0,Neutral,0.0,Neutral,4.7347941907241875,5.5341494367361035,-0.799355246011916,48.87308725241544,1602.7269193209136,1585.6508191167093,1598.2691071273284,1593.7184090602163
2019-11-22,1596.8399658203125,1600.06005859375,1589.25,1589.8699951171875,93254800,,0.0,0.0,Neutral,0.0,Neutral,4.243417624614267,5.2760030743117365,-1.0325854496974696,52.27562316418477,1601.9653789813701,1585.5659204599808,1598.064944083469,1593.8432713306202
2019-11-25,1591.3499755859375,1596.300048828125,1588.719970703125,1595.0799560546875,56368900,,0.0,0.0,Neutral,0.0,Neutral,3.3721300099671225,4.895228461442814,-1.5230984514756916,48.19734117244539,1601.0499924879807,1585.3638791454082,1597.105662869536,1593.7435395008329
2019-11-26,1583.8699951171875,1595.9200439453125,1583.699951171875,1589.6400146484375,255822800,,0.0,0.0,Neutral,0.0,Neutral,2.054374832779331,4.327057735710118,-2.2726829029307867,43.24687252368933,1599.091533954327,1584.9469392737565,1595.2148531906291,1593.348597725487
2019-11-27,1587.1800537109375,1590.510009765625,1582.4599609375,1587.6400146484375,72429300,How can we help you? - Touch 'n Go eWallet Help Centre,0.0,0.0,Neutral,0.6597,Positive,1.2625841420876895,3.7141630169856326,-2.451578874897943,45.89524211515254,1597.356924203726,1584.6957160794004,1594.0670246935306,1593.101855964905
2019-11-28,1583.77001953125,1588.510009765625,1582.280029296875,1588.0799560546875,68597800,,0.0,0.0,Neutral,0.0,Neutral,0.3558213684700604,3.042494687282518,-2.6866733188124576,43.636105420631694,1595.4815392127405,1584.440409757653,1592.596023956062,1592.7285825075587
2019-11-29,1561.739990234375,1585.699951171875,1560.719970703125,1585.699951171875,113618700,,0.0,0.0,Neutral,0.0,Neutral,-2.116041504838222,2.01078744885837,-4.126828953696592,32.50447027645548,1591.7900015024038,1583.7124496771364,1588.1880191386783,1591.4890388166314
2019-12-02,1570.550048828125,1570.550048828125,1561.97998046875,1562.550048828125,75988700,,0.0,0.0,Neutral,0.0,Neutral,-3.3257750761074476,0.9434749438652066,-4.269250019972654,39.18584823494223,1589.7384690504807,1583.2557148836097,1585.6683090943136,1590.651479217091
2019-12-03,1562.27001953125,1568.8499755859375,1556.1700439453125,1568.8499755859375,85943900,,0.0,0.0,Neutral,0.0,Neutral,-4.896186620571825,-0.2244573690221997,-4.671729251549626,35.6173133477391,1587.3323129507212,1582.6422467912946,1582.3256962995904,1589.5162208296574
2019-12-04,1560.9300537109375,1560.9300537109375,1550.9200439453125,1553.989990234375,106194700,,0.0,0.0,Neutral,0.0,Neutral,-6.177660897535361,-1.415098074724832,-4.762562822810529,35.06085870048085,1584.7307786207932,1582.0575549067282,1579.2691759297827,1588.3727741449086
2019-12-05,1563.5799560546875,1567.3399658203125,1560.1300048828125,1561.93994140625,102869400,,0.0,0.0,Neutral,0.0,Neutral,-6.899876045540623,-2.51205366888799,-4.3878223766526325,37.15198849575323,1581.5938532902644,1581.4571458466198,1577.0278588047693,1587.3810614212998
2019-12-06,1568.43994140625,1569.010009765625,1561.5799560546875,1561.5799560546875,67750300,,0.0,0.0,Neutral,0.0,Neutral,-6.999391919260233,-3.409521318962439,-3.5898706002977945,40.91016359300026,1578.7576904296875,1581.1367361886162,1575.8010134621236,1586.6234166206978
2019-12-09,1562.7099609375,1567.780029296875,1560.02001953125,1566.1800537109375,76676600,,0.0,0.0,Neutral,0.0,Neutral,-7.454687505359743,-4.2185545562419,-3.2361329491178434,38.023226624039495,1575.801532451923,1580.704081632653,1573.9308631014633,1585.6668783933699
2019-12-10,1561.7900390625,1564.8199462890625,1559.22998046875,1561.469970703125,72435300,,0.0,0.0,Neutral,0.0,Neutral,-7.799830948823683,-4.934809834758257,-2.865021114065426,37.564904457437656,1573.4630784254807,1580.139797911352,1572.1964596673256,1584.711804820135
2019-12-11,1563.18994140625,1568.030029296875,1558.760009765625,1558.760009765625,94604400,,0.0,0.0,Neutral,0.0,Neutral,-7.869682394784604,-5.521784346763527,-2.3478980480210776,38.77435125170262,1570.8746150090144,1579.9008166254782,1570.9098142014577,1583.8509302835796
2019-12-12,1567.3399658203125,1572.510009765625,1559.8299560546875,1559.8299560546875,124138400,,0.0,0.0,Neutral,0.0,Neutral,-7.503670242266935,-5.918161525864209,-1.5855087164027264,42.34024481156579,1569.0276911808894,1579.9665303132972,1570.3998358612942,1583.190491705049
2019-12-13,1571.1600341796875,1579.22998046875,1571.1600341796875,1576.510009765625,125142500,,0.0,0.0,Neutral,0.0,Neutral,-6.826661874820047,-6.099861595655376,-0.7268002791646708,45.48752937698472,1568.0500018780049,1580.2418362364476,1570.5084356210646,1582.7092734040345
2019-12-16,1569.3499755859375,1573.4100341796875,1565.5899658203125,1568.4300537109375,77939800,,0.0,0.0,Neutral,0.0,Neutral,-6.362837635725555,-6.152456803669413,-0.210380832056142,44.25490483208948,1566.678457406851,1580.4530602279974,1570.3429413303322,1582.1749014913105
2019-12-17,1576.949951171875,1576.949951171875,1564.25,1571.8699951171875,105202000,,0.0,0.0,Neutral,0.0,Neutral,-5.3206657476910095,-5.986098592473732,0.6654328447827229,50.33977594778779,1566.153836763822,1580.8236706792093,1571.2867998791241,1581.9659034785332
2019-12-18,1599.1099853515625,1599.1099853515625,1599.1099853515625,1599.1099853515625,0,,0.0,0.0,Neutral,0.0,Neutral,-2.675762929367238,-5.324031459852434,2.648268530485196,63.016252340328656,1569.0284517728364,1581.8008136360013,1575.2615406609011,1582.6516667534543
2019-12-19,1596.010009765625,1603.5899658203125,1585.760009765625,1587.1300048828125,84325300,,0.0,0.0,Neutral,0.0,Neutral,-0.820344096460758,-4.423293987174099,3.602949890713341,60.68264950967736,1570.9869103064905,1582.7016302614795,1578.2256076758617,1583.186000473941
2019-12-20,1610.1800537109375,1610.1800537109375,1591.949951171875,1598.27001953125,170098700,,0.0,0.0,Neutral,0.0,Neutral,1.7730541539779097,-3.184024358943698,4.9570785129216075,66.74485701399682,1574.6722975510818,1583.7902034837373,1582.7905285380155,1584.2657626034209
2019-12-23,1614.1800537109375,1615.1099853515625,1601.22998046875,1606.449951171875,65777100,,0.0,0.0,Neutral,0.0,Neutral,4.103801453848746,-1.7264591963852092,5.830260650233955,68.23382367472513,1578.7684513972356,1584.741021603954,1587.2747464198615,1585.4623342477214
2019-12-24,1604.22998046875,1613.8699951171875,1602.0999755859375,1613.8299560546875,34847100,Lawyer or Law Firm - Malaysian Bar,-0.2,0.4,Negative,0.0,Neutral,5.089380516150186,-0.3632912538781303,5.452671770028316,60.92612425540063,1581.8953763521636,1585.5165318080358,1589.69692271256,1586.2130400965625
2019-12-26,1603.550048828125,1607.1199951171875,1602.6600341796875,1604.6800537109375,22687500,,0.0,0.0,Neutral,0.0,Neutral,5.749319644728075,0.8592309258431109,4.890088718884964,60.44969465571019,1584.5961538461538,1586.101226183833,1591.6759407290695,1586.906520445825
2019-12-27,1610.6099853515625,1610.9100341796875,1598.47998046875,1599.9300537109375,63765200,UOB Easi Payment Plan TERMS AND CONDITIONS - UOB Malaysia,0.0,0.0,Neutral,0.0,Neutral,6.764032477879709,2.040191236250431,4.7238412416292785,63.629931944992485,1588.280771108774,1586.8381646603955,1594.3808042465685,1587.8546590420544
2019-12-30,1615.6700439453125,1617.4300537109375,1608.760009765625,1609.449951171875,82149800,,0.0,0.0,Neutral,0.0,Neutral,7.885603816427192,3.2092737522857835,4.676330064141409,65.75533840639807,1592.4253868689905,1587.7467364875638,1597.422124203532,1588.9672744381846
2019-12-31,1588.760009765625,1610.68994140625,1588.760009765625,1609.3699951171875,104601300,,0.0,0.0,Neutral,0.0,Neutral,6.527793975411896,3.872977796911006,2.65481617850089,49.26641699299977,1594.392315204327,1588.1106131417412,1596.184679283831,1588.9589838512823
2020-01-02,1602.5,1603.719970703125,1590.97998046875,1590.97998046875,69876500,,0.0,0.0,Neutral,0.0,Neutral,6.485659628920757,4.395514163312956,2.090145465607801,55.41415176112372,1597.096933218149,1588.690409757653,1597.0868679575694,1589.5006244972308
2020-01-03,1611.3800048828125,1612.6199951171875,1604.3399658203125,1606.31005859375,109697200,,0.0,0.0,Neutral,0.0,Neutral,7.087114195638833,4.933834169778132,2.1532800258607008,58.882021724270366,1600.1907771183894,1589.5595927335778,1599.1287446611757,1590.375799712654
2020-01-06,1597.760009765625,1611.1600341796875,1593.0799560546875,1611.1600341796875,57241400,,0.0,0.0,Neutral,0.0,Neutral,6.391079112401485,5.225283158302803,1.165795954098682,52.17846210788762,1602.3761643629807,1590.1034707828444,1598.9332111046685,1590.6711681147729
2020-01-07,1611.0400390625,1612.5999755859375,1596.4200439453125,1596.56005859375,96579400,,0.0,0.0,Neutral,0.0,Neutral,6.83229522628335,5.546685571898913,1.2856096543844364,57.284825441299596,1604.9984788161057,1590.9410226004463,1600.6627579557876,1591.485922952682
2020-01-08,1589.0999755859375,1604.06005859375,1587.4300537109375,1604.06005859375,93682000,Car Loan Calculator - Perodua,0.0,0.0,Neutral,0.0,Neutral,5.349911958672919,5.507330849253715,-0.1574188905807956,48.13925021825501,1604.2284780649038,1591.171837631537,1599.010931902952,1591.390485058012
2020-01-09,1595.6500244140625,1599.010009765625,1589.97998046875,1593.719970703125,97468500,,0.0,0.0,Neutral,0.0,Neutral,4.650043926649687,5.335873464732909,-0.6858295380832224,50.671245673849256,1604.2007868840144,1591.4912258848851,1598.5308022616823,1591.560866632254
2020-01-10,1591.4599609375,1597.8499755859375,1589.0699462890625,1596.6500244140625,77260800,,0.0,0.0,Neutral,0.0,Neutral,3.7144722404480035,5.0115932198759285,-1.297120979427925,49.02240206110083,1602.7607797475962,1591.3581642617985,1597.5206820725134,1591.5568304044637
2020-01-13,1584.72998046875,1595.239990234375,1581.5699462890625,1593.0999755859375,76066600,,0.0,0.0,Neutral,0.0,Neutral,2.402279773803457,4.489730530661434,-2.0874507568579768,46.410186091725365,1600.495389498197,1591.182450275032,1595.6934389862615,1591.283756407035
2020-01-14,1580.5999755859375,1587.469970703125,1571.8900146484375,1584.989990234375,96081600,,0.0,0.0,Neutral,0.0,Neutral,1.0173732662788098,3.795259077784909,-2.777885811506099,44.831417745360575,1598.6776968149038,1590.7138771524235,1593.5372299290725,1590.8564051741912
2020-01-15,1585.1400146484375,1585.1400146484375,1573.9200439453125,1579.93994140625,84830800,,0.0,0.0,Neutral,0.0,Neutral,0.2829069161809912,3.092788645464126,-2.8098817292831346,46.96713566979818,1597.2615403395432,1590.273061324139,1592.3376277461248,1590.627749553161
2020-01-16,1587.8800048828125,1588.22998046875,1575.77001953125,1582.1199951171875,95089400,,0.0,0.0,Neutral,0.0,Neutral,-0.07717897378825,2.458795121613651,-2.535974095401901,48.26874072993392,1595.5130803034856,1589.9593879544004,1591.7008244799374,1590.517839766347
2020-01-17,1595.81005859375,1595.81005859375,1586.760009765625,1586.93994140625,147653500,,0.0,0.0,Neutral,0.0,Neutral,0.27417886114017165,2.021871869518955,-1.7476930083787834,51.944830079189046,1593.9853891225962,1589.6834716796875,1592.2878579247679,1590.7295285194432
2020-01-20,1588.8800048828125,1596.3900146484375,1588.8800048828125,1596.3900146484375,82673100,,0.0,0.0,Neutral,0.0,Neutral,-0.006490126738754043,1.6161994702674134,-1.6226895970061674,48.68866770066838,1593.994619516226,1589.257961973852,1591.8010217759172,1590.6555475739779
2020-01-21,1587.3299560546875,1592.5899658203125,1587.0999755859375,1589.2900390625,113059900,,0.0,0.0,Neutral,0.0,Neutral,-0.34996413912404023,1.2229667483891227,-1.572930887513163,47.96443764672455,1592.8276930588943,1588.833062619579,1591.162298101456,1590.5225239132062
2020-01-22,1577.97998046875,1595.3800048828125,1576.9000244140625,1584.6400146484375,169768500,,0.0,0.0,Neutral,0.0,Neutral,-1.3609465130718945,0.7061840960969192,-2.0671306091688137,43.73815185726572,1590.2584604116587,1588.1851034359056,1589.2791098682123,1590.020822175428
2020-01-23,1574.43994140625,1577.7900390625,1571.5799560546875,1575.27001953125,109508300,,0.0,0.0,Neutral,0.0,Neutral,-2.419913637098489,0.08096454945783765,-2.5008781865563265,42.22126561383205,1588.464608999399,1587.7202048788265,1587.1592286593607,1589.397586944661
2020-01-24,1572.81005859375,1575.2099609375,1568.6400146484375,1573.5999755859375,80187200,,0.0,0.0,Neutral,0.0,Neutral,-3.352030512622605,-0.605634462958251,-2.746396049664354,41.50750557632806,1585.5238412710337,1587.2969397720026,1585.1093472214166,1588.7340858106245
2020-01-28,1551.6400146484375,1551.6400146484375,1551.6400146484375,1551.6400146484375,0,,0.0,0.0,Neutral,0.0,Neutral,-5.732900168427022,-1.6310876040520055,-4.101812564375017,33.5694332250459,1582.642305814303,1586.417144152583,1580.3280139967055,1587.250322964137
2020-01-29,1550.469970703125,1554.4200439453125,1547.93994140625,1551.6300048828125,173163500,,0.0,0.0,Neutral,0.0,Neutral,-7.626258530652649,-2.8301217893721344,-4.796136741280515,33.19161586329777,1579.1669170673076,1585.317347935268,1576.0625792404796,1585.7791088736965
2020-01-30,1545.5899658203125,1545.5899658203125,1545.5899658203125,1545.5899658203125,0,,0.0,0.0,Neutral,0.0,Neutral,-9.412038166573439,-4.146505064812396,-5.265533101761043,31.5944449283336,1575.638455904447,1584.0985705317282,1571.7093487518844,1584.171543151561
2020-01-31,1531.06005859375,1552.4599609375,1530.68994140625,1544.25,232272000,,0.0,0.0,Neutral,0.0,Neutral,-11.862974490093848,-5.6897989498686865,-6.173175540225161,27.37121819895866,1571.510000375601,1582.6683673469388,1565.9023073007224,1582.0470837692485
2020-02-03,1521.949951171875,1528.06005859375,1517.6099853515625,1522.1400146484375,154060300,,0.0,0.0,Neutral,0.0,Neutral,-14.374765369923807,-7.426792233879711,-6.947973136044096,25.10529906281495,1566.9984600360576,1581.234898158482,1559.6233992823156,1579.6431984653536
2020-02-04,1535.800048828125,1542.5899658203125,1527.699951171875,1528.3199462890625,167916100,,0.0,0.0,Neutral,0.0,Neutral,-15.074026612369835,-8.956239109577735,-6.117787502792099,34.04480124512614,1563.2030780498799,1579.9891855668047,1556.2200635031456,1577.8894724798645
2020-02-05,1536.7900390625,1539.8900146484375,1529.0999755859375,1539.6400146484375,192358700,,0.0,0.0,Neutral,0.0,Neutral,-15.37112350314078,-10.239215988290345,-5.131907514850434,34.645285910446376,1559.2730806790864,1578.8757174744899,1553.4443457259108,1576.2454951431698
2020-02-06,1552.77001953125,1555.6300048828125,1540.8800048828125,1540.8800048828125,154660000,,0.0,0.0,Neutral,0.0,Neutral,-14.153965947085453,-11.022165980049369,-3.131799967036084,43.57530034360167,1555.9623084435095,1578.241024095185,1553.348013412388,1575.306476118693
2020-02-07,1554.489990234375,1554.9100341796875,1546.0799560546875,1554.2900390625,124357000,,0.0,0.0,Neutral,0.0,Neutral,-12.901848079874526,-11.398102400014402,-1.503745679860124,44.455030467285,1553.316922701322,1577.573879942602,1553.5111529583862,1574.4738166833201
2020-02-10,1542.800048828125,1557.0699462890625,1540.1099853515625,1557.0699462890625,101850300,,0.0,0.0,Neutral,0.0,Neutral,-12.706345383499638,-11.65975099671145,-1.046594386788188,39.90152681162874,1549.8915452223557,1576.737758091518,1551.9809952254918,1573.2068659691124
2020-02-11,1551.47998046875,1554.6700439453125,1543.22998046875,1544.8900146484375,103140000,,0.0,0.0,Neutral,0.0,Neutral,-11.715955899241635,-11.670991977217488,-0.044963922024146896,44.45127660370314,1547.8530836838943,1576.5283701371172,1551.9094216888145,1572.337790549098
2020-02-12,1542.93994140625,1555.6600341796875,1538.6600341796875,1551.02001953125,182740200,Localized Muscle Spasm - DoctorOnCall,0.0,0.0,Neutral,0.0,Neutral,-11.487751232523806,-11.634343828278752,0.14659259575494588,41.150420529152825,1545.4300067608174,1575.964898557079,1550.6280673627339,1571.161876583384
2020-02-13,1539.1600341796875,1545.9200439453125,1536.760009765625,1544.75,98000800,,0.0,0.0,Neutral,0.0,Neutral,-11.479574919322204,-11.603390046487442,0.12381512716523879,39.74367250826721,1542.841543344351,1575.4932662029655,1548.989776908013,1569.881802887236
2020-02-14,1544.4599609375,1544.4599609375,1534.969970703125,1538.719970703125,95266500,,0.0,0.0,Neutral,0.0,Neutral,-10.91956142921822,-11.4666243230336,0.5470628938153794,42.70140840848182,1542.2892315204326,1575.1571418606504,1548.342660340797,1568.8649292092466
2020-02-17,1537.1199951171875,1545.9200439453125,1537.1199951171875,1542.969970703125,75684400,,0.0,0.0,Neutral,0.0,Neutral,-10.941889313757429,-11.361677321178366,0.41978800742093725,39.78852296958857,1541.2623103215144,1574.6171426578444,1546.73942245171,1567.5951318455643
2020-02-18,1537.0799560546875,1537.8699951171875,1532.8900146484375,1536.510009765625,100882100,,0.0,0.0,Neutral,0.0,Neutral,-10.837882774564605,-11.256918411855615,0.41903563729101023,39.7725847587714,1540.607694185697,1573.977142956792,1545.3594986807068,1566.3745248139292
2020-02-19,1534.1600341796875,1539.9000244140625,1530.8299560546875,1539.219970703125,100665400,,0.0,0.0,Neutral,0.0,Neutral,-10.86581577491711,-11.178697884467915,0.31288210955080586,38.5595162157922,1540.8461538461538,1573.394491390306,1543.7595751805611,1565.0859451885594
2020-02-20,1534.97998046875,1540.1800537109375,1531.1500244140625,1537.0999755859375,125662200,,0.0,0.0,Neutral,0.0,Neutral,-10.698464823075255,-11.082651272189384,0.3841864491141287,39.12103929500164,1541.8484637920674,1572.8473473373724,1542.505347364588,1563.881706599767
2020-02-21,1531.199951171875,1533.9100341796875,1527.5699462890625,1529.010009765625,106739500,,0.0,0.0,Neutral,0.0,Neutral,-10.746970376533,-11.01551509305811,0.2685447165251098,37.42300638752514,1541.494610126202,1572.1944903938138,1540.8902907656293,1562.5744363826514
2020-02-24,1490.06005859375,1510.4200439453125,1486.7099609375,1501.469970703125,255636600,,0.0,0.0,Neutral,0.0,Neutral,-13.944315498704782,-11.601275174187444,-2.3430403245173377,24.804289799029817,1537.8999962439905,1570.6173494300065,1533.6288290267894,1559.6738612710953
2020-02-25,1500.8800048828125,1503.300048828125,1481.4599609375,1481.4599609375,174202800,,0.0,0.0,Neutral,0.0,Neutral,-15.427318776507263,-12.366483894651408,-3.0608348818558557,31.359733729030296,1533.908456655649,1569.1830631178252,1528.95042557765,1557.322107015564
2020-02-26,1495.18994140625,1508.4300537109375,1485.239990234375,1489.3299560546875,199950000,,0.0,0.0,Neutral,0.0,Neutral,-16.867314228454234,-13.266649961411973,-3.6006642670422604,29.884270501381835,1529.346914438101,1567.6695930325254,1524.1274992674503,1554.8368203911914
2020-02-27,1505.5899658203125,1508.27001953125,1494.93994140625,1496.72998046875,133612600,,0.0,0.0,Neutral,0.0,Neutral,-16.973664111012113,-14.008052791332002,-2.965611319680111,35.827304770463314,1526.484600360577,1566.213266800861,1521.4792802035736,1552.8669462083562
2020-02-28,1482.6400146484375,1494.0899658203125,1473.77001953125,1484.9000244140625,312195000,,0.0,0.0,Neutral,0.0,Neutral,-18.694319934578743,-14.945306219981351,-3.7490137145973925,29.82054291680477,1521.189218374399,1563.8363286232461,1515.9308136956972,1550.0578689459594
2020-03-02,1466.93994140625,1478.6800537109375,1456.0799560546875,1471.3399658203125,231463500,,0.0,0.0,Neutral,0.0,Neutral,-21.08179891612781,-16.172604759210643,-4.909194156917167,26.54210989902755,1515.3430645282451,1561.2022455955039,1508.9321176543476,1546.7331518443712
2020-03-03,1478.6400146484375,1481.3599853515625,1466.9000244140625,1476.300048828125,179122500,,0.0,0.0,Neutral,0.0,Neutral,-21.778743285017526,-17.29383246437202,-4.484910820645506,32.49790321008763,1510.6876784104568,1558.5177550023916,1504.6046743677891,1544.0094263565338
2020-03-04,1489.949951171875,1491.0699462890625,1474.949951171875,1478.3299560546875,185113600,MaxiHome Flexi Loan - Home Financing - Maybank2u,0.0,0.0,Neutral,0.0,Neutral,-21.174374355240616,-18.06994084254574,-3.104433512694875,37.75183010510647,1506.494600736178,1555.9824467873086,1502.5111424826587,1541.8470473491475
2020-03-05,1491.030029296875,1497.31005859375,1486.3499755859375,1492.3599853515625,140555700,,0.0,0.0,Neutral,0.0,Neutral,-20.373402444672138,-18.53063316297102,-1.8427692817011163,38.246152706794476,1502.94921875,1553.6722437021683,1500.8709834561182,1539.8143666270566
2020-03-06,1483.0999755859375,1486.8399658203125,1479.739990234375,1486.8399658203125,169355600,,0.0,0.0,Neutral,0.0,Neutral,-20.146281700288,-18.853762870434416,-1.2925188298535844,35.98656150884389,1498.7969125600962,1551.2140789421237,1498.3322680460926,1537.5457909854117
2020-03-09,1424.1600341796875,1459.81005859375,1422.6500244140625,1459.81005859375,255462000,,0.0,0.0,Neutral,0.0,Neutral,-24.44051254891542,-19.97111280613062,-4.469399742784802,24.43261548918626,1490.3353740985576,1547.4089778977998,1487.7362346366062,1533.0103607131828
2020-03-10,1430.469970703125,1446.72998046875,1414.949951171875,1415.8599853515625,220291600,,0.0,0.0,Neutral,0.0,Neutral,-27.023057308233547,-21.381501706551205,-5.641555601682342,27.12997524193851,1482.296142578125,1543.6293845663265,1479.5553397889662,1528.9087451127805
2020-03-11,1443.8299560546875,1454.0,1428.5899658203125,1431.3499755859375,195734000,,0.0,0.0,Neutral,0.0,Neutral,-27.672709700643054,-22.639743305369578,-5.032966395273476,32.61447210118048,1475.5753737229568,1540.6716283681442,1474.451713541212,1525.5055935504565
2020-03-12,1419.4300537109375,1432.699951171875,1419.4300537109375,1431.4100341796875,232856800,,0.0,0.0,Neutral,0.0,Neutral,-29.812769058862614,-24.074348456068186,-5.738420602794427,28.409034961051077,1470.1422964242788,1536.935507015306,1466.5914764226015,1521.2625719568757
2020-03-13,1344.75,1369.0,1320.9599609375,1363.760009765625,442093200,,0.0,0.0,Neutral,0.0,Neutral,-37.107090287299116,-26.680896822314374,-10.426193464984742,19.935985817864164,1458.132296048678,1531.4940783442282,1449.1855512193729,1514.2020690786005
2020-03-16,1280.6300048828125,1319.3699951171875,1278.47998046875,1319.3699951171875,343898600,,0.0,0.0,Neutral,0.0,Neutral,-47.5141268683592,-30.84754283152334,-16.666584036835857,15.626554080803302,1441.627685546875,1525.0220374282526,1425.1061874570073,1504.859186510769
2020-03-17,1256.5799560546875,1278.4300537109375,1211.949951171875,1217.280029296875,431606800,,0.0,0.0,Neutral,0.0,Neutral,-57.04483888974278,-36.08700204316723,-20.957836846575546,14.371688385686141,1422.4730694110576,1517.7881581831953,1401.0310115423902,1494.9280172925255
2020-03-18,1239.010009765625,1275.22998046875,1226.260009765625,1254.4300537109375,292176800,News Release - HSBC Malaysia,0.0,0.0,Neutral,0.0,Neutral,-65.26342848066906,-41.9222873306676,-23.341141150001462,13.517655569370902,1403.7322998046875,1510.6434650031888,1377.8851541457095,1484.6912969914495
2020-03-19,1219.719970703125,1242.8199462890625,1207.800048828125,1227.7099609375,280828500,,0.0,0.0,Neutral,0.0,Neutral,-72.49755815967774,-48.03734149646963,-24.460216663208108,12.630242515356898,1384.7153789813701,1502.9714230907207,1355.290127939626,1474.0924439399164
2020-03-20,1303.280029296875,1304.550048828125,1220.5400390625,1220.5400390625,396283500,,0.0,0.0,Neutral,0.0,Neutral,-70.67338091883357,-52.564549380942424,-18.10883153789115,33.11401255832102,1371.2261493389424,1497.090199996014,1347.8601138478045,1467.2599473541948
2020-03-23,1259.8800048828125,1259.8800048828125,1259.8800048828125,1259.8800048828125,0,,0.0,0.0,Neutral,0.0,Neutral,-71.90089778118772,-56.43181906099149,-15.469078720196237,29.274983950372857,1353.5284611628606,1490.4606086575254,1335.2915268528056,1458.9647496553396
2020-03-24,1291.1400146484375,1311.219970703125,1271.3399658203125,1271.3399658203125,199940700,,0.0,0.0,Neutral,0.0,Neutral,-69.54956807345297,-59.055368863483785,-10.494199209969189,35.11035845144107,1338.1523061899038,1484.553262515944,1328.9841679664676,1452.2517602550633
2020-03-25,1324.5,1341.8599853515625,1304.969970703125,1322.18994140625,208580500,,0.0,0.0,Neutral,0.0,Neutral,-64.25357510546269,-60.095010111879574,-4.158564993583113,40.730513162937655,1325.9523080679087,1479.2340785435267,1328.3435725426866,1447.1416898448608
2020-03-26,1328.0899658203125,1336.739990234375,1309.2099609375,1333.72998046875,173835400,,0.0,0.0,Neutral,0.0,Neutral,-59.085679351650924,-59.89314395983384,0.8074646081829187,41.31951377412868,1318.5623028094951,1473.932241011639,1328.307343010919,1442.3796208838787
2020-03-27,1343.0899658203125,1353.3499755859375,1335.5699462890625,1335.5699462890625,194261000,,0.0,0.0,Neutral,0.0,Neutral,-53.16683590519824,-58.547882348906725,5.381046443708485,43.831199827189934,1311.8407639723557,1468.7746880978955,1330.4191462694039,1438.4080346813362
2020-03-30,1328.8800048828125,1336.22998046875,1317.3900146484375,1336.22998046875,144260500,,0.0,0.0,Neutral,0.0,Neutral,-49.057233668317394,-56.649752612788866,7.592518944471472,41.99728495005675,1302.9984600360576,1463.4685656489157,1330.1992689284623,1434.0269134893952
2020-03-31,1350.8900146484375,1352.199951171875,1335.9100341796875,1336.5999755859375,260583600,,0.0,0.0,Neutral,0.0,Neutral,-43.52261878725449,-54.02432584768199,10.501707060427506,45.781333346742485,1297.7261493389424,1458.6432607222578,1333.1550897456016,1430.701437535757
2020-04-01,1322.6600341796875,1344.9000244140625,1322.6600341796875,1344.9000244140625,189037100,,0.0,0.0,Neutral,0.0,Neutral,-40.94236205131051,-51.407933088407695,10.465571037097185,41.996901929531305,1296.0269211989182,1453.4326495735013,1331.6557960933283,1426.379781401514
2020-04-02,1330.9000244140625,1332.6099853515625,1316.93994140625,1320.6199951171875,154382300,,0.0,0.0,Neutral,0.0,Neutral,-37.79689260073428,-48.68572499087302,10.888832390138738,43.46590745843117,1299.8938457782451,1448.4624471859056,1331.5478287105761,1422.560591122016
2020-04-03,1330.6500244140625,1333.8199462890625,1324.4100341796875,1331.56005859375,138072800,,0.0,0.0,Neutral,0.0,Neutral,-34.92170265967593,-45.93292052463361,11.011217864957679,43.42996897439057,1305.591543344351,1443.5204056720345,1331.4195709539315,1418.8841684536978
2020-04-06,1341.68994140625,1343.050048828125,1324.4300537109375,1332.6099853515625,150403500,,0.0,0.0,Neutral,0.0,Neutral,-31.390415707508055,-43.0244195612085,11.634003853700442,45.57018847053009,1313.489999624399,1439.2357102997448,1332.886766732834,1415.7963993718
2020-04-07,1369.9200439453125,1369.9200439453125,1352.6300048828125,1355.510009765625,182160000,,0.0,0.0,Neutral,0.0,Neutral,-26.014038369132095,-39.62234332279322,13.608304953661126,50.705873762793814,1325.0438514122595,1435.5510179169323,1338.1772349060452,1413.9613451547405
2020-04-08,1361.3900146484375,1367.1600341796875,1358.199951171875,1366.4599609375,149272300,,0.0,0.0,Neutral,0.0,Neutral,-22.185778821504073,-36.135030422535394,13.949251601031321,49.19541473547536,1329.5138502854568,1431.7918352399554,1341.4933462978156,1411.8584919344883
2020-04-09,1369.760009765625,1371.3499755859375,1366.530029296875,1368.8900146484375,131792500,,0.0,0.0,Neutral,0.0,Neutral,-18.265908866618247,-32.561206111351964,14.295297244733717,50.74584734992548,1337.9661583533655,1428.4999975087692,1345.5314410789313,1410.174552647734
2020-04-10,1357.5,1362.1600341796875,1354.280029296875,1361.6199951171875,81993900,,0.0,0.0,Neutral,0.0,Neutral,-15.964633654018371,-29.241891619885248,13.277257965866877,48.41517212257025,1343.070772611178,1425.143876056282,1347.2412352105125,1408.0675705418244
2020-04-13,1356.030029296875,1359.6800537109375,1352.780029296875,1357.93994140625,73131100,,0.0,0.0,Neutral,0.0,Neutral,-14.09696972697111,-26.21290724130242,12.11593751433131,48.12974361540748,1345.4961594801682,1421.4751001474808,1348.4967772228501,1405.9860688920264
2020-04-14,1371.6600341796875,1373.800048828125,1357.8299560546875,1361.010009765625,114404000,,0.0,0.0,Neutral,0.0,Neutral,-11.226213044450787,-23.215568401932096,11.989355357481308,51.409929907020576,1348.8477032001201,1418.1051000478317,1351.8058139309696,1404.613027503533
2020-04-15,1387.7900390625,1394.6600341796875,1375.1199951171875,1375.6199951171875,166219900,,0.0,0.0,Neutral,0.0,Neutral,-7.562386615420564,-20.08493204462979,12.522545429209227,54.60065762580727,1352.2861703725962,1414.7381616709183,1356.9464175211883,1403.9401079658915
2020-04-16,1386.530029296875,1398.530029296875,1378.300048828125,1381.9599609375,162695500,,0.0,0.0,Neutral,0.0,Neutral,-4.706199888903257,-17.009185613484483,12.302985724581227,54.30069186994175,1356.7207876352163,1411.3104073660713,1361.172647774858,1403.2437048191307
2020-04-17,1407.3399658203125,1414.6700439453125,1395.550048828125,1395.550048828125,161977100,,0.0,0.0,Neutral,0.0,Neutral,-0.7547629316266011,-13.758301077112908,13.003538145486306,58.368644475952095,1361.0630915715144,1408.5459158761162,1367.7679789242086,1403.407555259178
2020-04-20,1413.1199951171875,1428.949951171875,1411.68994140625,1411.68994140625,183669900,,0.0,0.0,Neutral,0.0,Neutral,2.810778479456303,-10.444485165799067,13.25526364525537,59.448382531620055,1368.0215501051682,1405.722242705676,1374.2468383803484,1403.7960528534984
2020-04-21,1381.72998046875,1407.22998046875,1381.72998046875,1407.22998046875,166167900,,0.0,0.0,Neutral,0.0,Neutral,3.0682154138542046,-7.741945049868413,10.810160463722617,51.61859154350211,1371.9315467247595,1402.4322435028698,1375.3158586786915,1402.9134099581083
2020-04-22,1381.8900146484375,1383.0899658203125,1359.5400390625,1366.4000244140625,190817200,,0.0,0.0,Neutral,0.0,Neutral,3.247711859253741,-5.544013668043982,8.791725527297723,51.65355228286867,1375.8730844350962,1399.2226512675384,1376.2550238172266,1402.0724741457216
2020-04-23,1381.6400146484375,1395.3399658203125,1378.780029296875,1388.739990234375,147390800,,0.0,0.0,Neutral,0.0,Neutral,3.331388996142323,-3.768933135206721,7.100322131349044,51.590835091214714,1378.9461669921875,1395.8997952208226,1377.0243082216853,1401.2551757658302
2020-04-24,1369.8499755859375,1377.7099609375,1367.489990234375,1376.1700439453125,143980200,,0.0,0.0,Neutral,0.0,Neutral,2.4184675229507775,-2.5314530035752214,4.9499205265259985,48.59422012149433,1378.9407771183894,1392.486121352838,1375.9994035594357,1399.9989677586345
2020-04-27,1370.1600341796875,1378.4000244140625,1370.1600341796875,1371.5999755859375,74707700,,0.0,0.0,Neutral,0.0,Neutral,1.7003887919124736,-1.6850846444776824,3.385473436390156,48.6786448581707,1379.6153940054087,1389.0795923349808,1375.1652079337575,1398.8054104154767
2020-04-28,1372.199951171875,1377.3699951171875,1367.43994140625,1371.97998046875,145151500,,0.0,0.0,Neutral,0.0,Neutral,1.2811422664938164,-1.0918392622833826,2.372981528777199,49.26896135816555,1379.8030818058894,1385.7742845184948,1374.7415998249173,1397.7411920457325
2020-04-29,1380.300048828125,1386.22998046875,1372.1700439453125,1372.3900146484375,122355200,,0.0,0.0,Neutral,0.0,Neutral,1.5842344910490738,-0.5566245116168913,2.140859002665965,51.647280622367944,1381.5569317157451,1382.6175512197067,1375.535663968233,1397.0435463170284
2020-04-30,1407.780029296875,1418.4200439453125,1383.9599609375,1383.9599609375,189319500,,0.0,0.0,Neutral,0.0,Neutral,3.995781148922333,0.35385662049095357,3.6419245284313795,58.718060828952225,1385.5377009465144,1380.0987773038903,1380.1420018723247,1397.473005636222
2020-05-04,1376.5899658203125,1388.8299560546875,1375.3900146484375,1388.8299560546875,116486800,What you need to know listing at Bursa Malaysia Listing and the requirements - Hills & Cheryl Corporate Advisory,0.0,0.0,Neutral,0.0,Neutral,3.3515373568304767,0.9533927677588583,2.3981445890716184,49.81409994293053,1385.9169264573318,1377.7830611248405,1379.6345681506086,1396.6376840435858
2020-05-05,1389.550048828125,1398.0699462890625,1378.75,1378.75,79911100,,0.0,0.0,Neutral,0.0,Neutral,3.8424465647110537,1.5312035271492974,2.3112430375617565,53.003116722900046,1386.0523118239182,1375.511021205357,1381.0510653902538,1396.3541786349672
2020-05-06,1376.9300537109375,1393.56005859375,1376.9300537109375,1387.75,105301100,,0.0,0.0,Neutral,0.0,Neutral,3.1765502189191466,1.8602728655032674,1.3162773534158791,49.691834452142146,1385.3138521634614,1373.0975541095345,1380.4623494360658,1395.5772136380058
2020-05-08,1382.31005859375,1392.22998046875,1382.02001953125,1382.1199951171875,127071100,,0.0,0.0,Neutral,0.0,Neutral,3.0478107338774407,2.097780439178102,0.9500302946993386,51.094520519774335,1383.3884746844951,1370.581637635523,1380.7263078871636,1395.0465274362355
2020-05-12,1379.9300537109375,1388.4100341796875,1377.56005859375,1379.43994140625,139615300,,0.0,0.0,Neutral,0.0,Neutral,2.7223556397443645,2.2226954792913545,0.49966016045301,50.42472018468775,1380.8354022686299,1368.4855159837373,1380.61255729056,1394.4418684872235
2020-05-13,1397.1300048828125,1400.6700439453125,1379.0999755859375,1383.219970703125,186890100,,0.0,0.0,Neutral,0.0,Neutral,3.8084213359463774,2.539840650622359,1.2685806853240185,55.01436365213686,1382.02001953125,1367.0608234016263,1382.972192660882,1394.549393943047
2020-05-14,1397.25,1411.0799560546875,1388.800048828125,1400.3399658203125,180103600,,0.0,0.0,Neutral,0.0,Neutral,4.62549895529969,2.9569723115578253,1.668526643741865,55.045632128136546,1383.2015568659856,1365.3998026945153,1385.0118794236132,1394.6574181853252
2020-05-15,1403.43994140625,1408.18994140625,1398.7099609375,1403.469970703125,114462900,,0.0,0.0,Neutral,0.0,Neutral,5.706731744120134,3.506924198070287,2.199807546049847,56.716947379219945,1384.8784743088943,1363.6342922911351,1387.644459706847,1395.0087191141622
2020-05-18,1410.1600341796875,1416.93994140625,1405.6500244140625,1409.3900146484375,100010700,,0.0,0.0,Neutral,0.0,Neutral,7.024893247269347,4.210518007910099,2.814375239359248,58.51996117317893,1387.979248046875,1361.9838842275192,1390.8609703458242,1395.6147717167833
2020-05-19,1423.969970703125,1428.1199951171875,1418.760009765625,1419.77001953125,171866300,Honda Civic - Honda Malaysia,0.0,0.0,Neutral,0.0,Neutral,9.079232458190063,5.184260897966092,3.894971560223971,62.0212130371479,1392.1184739332932,1360.7771494339922,1395.5908275397244,1396.748979676237
2020-05-20,1435.1199951171875,1435.1199951171875,1420.1800537109375,1429.260009765625,101428000,,0.0,0.0,Neutral,0.0,Neutral,11.474751081449995,6.442358934662872,5.032392146787123,64.61799484264364,1396.958477313702,1361.0008221061862,1401.2378514793622,1398.283820293875
2020-05-21,1452.1099853515625,1455.1300048828125,1437.1300048828125,1437.489990234375,168060000,,0.0,0.0,Neutral,0.0,Neutral,14.576142373852008,8.0691156225007,6.507026751351308,68.18739765450403,1402.4823185847356,1361.4424550581953,1408.505299175391,1400.4368668961824
2020-05-22,1436.760009765625,1451.43994140625,1435.22998046875,1451.3699951171875,144048200,,0.0,0.0,Neutral,0.0,Neutral,15.615397984988704,9.5783720949983,6.037025889990403,62.09269051801016,1404.7115478515625,1361.298170440051,1412.5416864025674,1401.88979261096
2020-05-27,1451.72998046875,1458.239990234375,1446.4200439453125,1446.9100341796875,189841100,,0.0,0.0,Neutral,0.0,Neutral,17.44586203288077,11.151870082574796,6.293991950305973,65.34582648931685,1410.4915489783655,1361.957352618782,1418.1400141263077,1403.8834001252717
2020-05-28,1457.5,1458.72998046875,1449.25,1453.530029296875,189529500,,0.0,0.0,Neutral,0.0,Neutral,19.141459502720636,12.749787966603964,6.391671536116672,66.53782161953329,1415.7184682992788,1364.2583730269453,1423.7628692511212,1406.0280641202608
2020-05-29,1473.25,1473.77001953125,1448.8399658203125,1450.5400390625,595843500,,0.0,0.0,Neutral,0.0,Neutral,21.508193024644015,14.501468978211975,7.006724046432041,69.61058574090217,1423.127694936899,1368.1893933354593,1430.832459358104,1408.7169415554504
2020-06-02,1507.68994140625,1509.739990234375,1480.1700439453125,1484.510009765625,225473000,,0.0,0.0,Neutral,0.0,Neutral,25.864709565400062,16.774117095649594,9.090592469750469,75.01369325684732,1432.7723013070913,1373.3140869140625,1441.8120996506964,1412.6758615494823
2020-06-03,1538.530029296875,1542.010009765625,1492.3399658203125,1515.6800537109375,292940300,,0.0,0.0,Neutral,0.0,Neutral,31.443358201821184,19.707965316883914,11.73539288493727,78.67077194202929,1444.9722994290864,1379.4267403738838,1455.6289467430076,1417.7100282593779
2020-06-04,1561.8399658203125,1561.8399658203125,1541.5,1541.68994140625,261501300,,0.0,0.0,Neutral,0.0,Neutral,37.3152475604104,23.229421765589212,14.085825794821186,80.94134113545589,1457.6422964242788,1386.4087810905612,1470.801949468337,1423.4752257618152
2020-06-05,1556.3299560546875,1564.1300048828125,1547.5699462890625,1561.1700439453125,189450200,,0.0,0.0,Neutral,0.0,Neutral,41.05094075110219,26.793725562691804,14.257215188410385,78.80577220748185,1469.8792161207932,1391.5730653101084,1483.02023612353,1428.78941497353
2020-06-09,1575.1600341796875,1590.8299560546875,1567.969970703125,1572.800048828125,290834700,,0.0,0.0,Neutral,0.0,Neutral,45.01206340619001,30.43739313139145,14.57467027479856,80.68162292129841,1483.0884540264424,1398.0073516222894,1496.1830644172667,1434.6442397417761
2020-06-10,1575.27001953125,1578.0999755859375,1570.449951171875,1576.260009765625,165205700,,0.0,0.0,Neutral,0.0,Neutral,47.61132285453232,33.87217907601963,13.739143778512691,80.69237214258331,1495.7892221304087,1403.8059231505101,1507.4812008621216,1440.269270933355
2020-06-11,1557.25,1586.219970703125,1550.9000244140625,1577.6500244140625,212285100,,0.0,0.0,Neutral,0.0,Neutral,47.66770607390845,36.6312844755974,11.036421598311051,73.47845009737831,1506.041532076322,1408.5559231505101,1514.59102931039,1444.9485000960208
2020-06-12,1546.02001953125,1546.02001953125,1509.1600341796875,1512.3900146484375,186027200,,0.0,0.0,Neutral,0.0,Neutral,46.27282034145196,38.55959164876831,7.71322869268365,69.31932742990989,1514.5723031850962,1413.00347526706,1519.080885056227,1448.9913608734298
2020-06-15,1498.8299560546875,1548.050048828125,1490.43994140625,1548.050048828125,218572900,,0.0,0.0,Neutral,0.0,Neutral,40.888186053317895,39.02531052967823,1.8628755236396657,55.18386291857223,1518.1661470853364,1416.1818424147002,1516.1878951988645,1450.98490468068
2020-06-16,1517.7099609375,1528.760009765625,1517.469970703125,1518.9200439453125,143663500,,0.0,0.0,Neutral,0.0,Neutral,37.70959050707461,38.76216652515751,-1.0525760180829025,58.803402396922664,1524.39306640625,1420.0355149872448,1516.4053331615266,1453.6539069309526
2020-06-17,1526.3199462890625,1528.6300048828125,1510.7099609375,1527.97998046875,154681700,,0.0,0.0,Neutral,0.0,Neutral,35.476335386272694,38.10500029738055,-2.6286649111078546,60.37511072119611,1530.1307560847356,1423.6157176737884,1517.8217064654605,1456.560548505277
2020-06-18,1504.9100341796875,1525.68994140625,1503.3499755859375,1524.510009765625,200979200,,0.0,0.0,Neutral,0.0,Neutral,31.61443214174801,36.806886666254044,-5.192454524506033,54.778584242990384,1533.7776817908655,1427.3351054288903,1515.9771818532074,1458.4945279322533
2020-06-19,1507.260009765625,1512.93994140625,1496.7900390625,1497.9599609375,254830200,CelcomDigi l More Device Savings For You! - Celcom Online Shop | CelcomDigi l More Device Savings For You! - Celcom Online Shop,0.625,0.5,Positive,0.7639,Positive,28.41590848247438,35.128691029498114,-6.7127825470237354,55.268707397567546,1536.3938363882212,1430.934288803412,1514.7318715549814,1460.4451472055882
2020-06-22,1511.239990234375,1511.6500244140625,1502.6400146484375,1505.949951171875,98222800,Fixed Deposit Rates - UOB Malaysia | Lending & Financing Rates - UOB Malaysia,0.1,0.2,Positive,0.0,Neutral,25.903605955109242,33.283674014620345,-7.380068059511103,56.135815802221806,1536.6669170673076,1434.619798309949,1514.2330313663233,1462.4769409267396
2020-06-23,1507.0400390625,1511.5400390625,1492.3199462890625,1511.1500244140625,109465200,,0.0,0.0,Neutral,0.0,Neutral,23.305041135570036,31.287947438810285,-7.982906303240249,54.92581286545799,1534.244610126202,1437.994290098852,1513.2054610372059,1464.2594648521701
2020-06-24,1502.6300048828125,1507.3800048828125,1496.989990234375,1507.3800048828125,92440000,,0.0,0.0,Neutral,0.0,Neutral,20.651746414923764,29.160707234032984,-8.50896081910922,53.61889985244874,1529.6899977463943,1440.702656648597,1511.6946815865783,1465.794286453396
2020-06-25,1489.199951171875,1498.6099853515625,1484.4000244140625,1494.43994140625,93460100,,0.0,0.0,Neutral,0.0,Neutral,17.266263401409105,26.78181846750821,-9.515555066099104,49.737614122855724,1524.526151216947,1443.3110227000957,1508.4811486701924,1466.730513042135
2020-06-26,1488.1400146484375,1495.5699462890625,1483.050048828125,1491.969970703125,94462100,,0.0,0.0,Neutral,0.0,Neutral,14.332499569561833,24.291954687918935,-9.959455118357102,49.4334796218487,1517.832303560697,1445.7269411670918,1505.5752723813703,1467.5868931063872
2020-06-29,1494.4300537109375,1494.969970703125,1476.280029296875,1485.18994140625,104824100,,0.0,0.0,Neutral,0.0,Neutral,12.372402822307322,21.908044314796616,-9.535641492489294,51.3352303076716,1511.6138446514424,1448.5214320591517,1503.9830982855942,1468.6606195305692
2020-06-30,1500.969970703125,1509.1199951171875,1492.0699462890625,1493.4100341796875,140817600,,0.0,0.0,Neutral,0.0,Neutral,11.217421224008376,19.76991969663897,-8.552498472630592,53.30173433580712,1507.2846116286057,1451.4793900470345,1503.5526514880987,1469.9529935774713
2020-07-01,1514.4300537109375,1517.010009765625,1497.5400390625,1503.9300537109375,114831700,,0.0,0.0,Neutral,0.0,Neutral,11.25842606671631,18.06762097065444,-6.809194903938128,57.140466349918995,1504.8546142578125,1454.3930639150192,1505.1065660913614,1471.7320759828099
2020-07-02,1536.280029296875,1536.3599853515625,1513.2099609375,1514.780029296875,132430200,,0.0,0.0,Neutral,0.0,Neutral,12.905269211685209,17.03515061886059,-4.129881407175382,62.525742529784175,1507.7353891225962,1457.423471878986,1509.5599179778633,1474.3139941153725
2020-07-03,1552.6500244140625,1552.6500244140625,1538.1600341796875,1543.47998046875,85868800,,0.0,0.0,Neutral,0.0,Neutral,15.354330896303281,16.69898667434913,-1.3446557780458477,65.97511059936554,1510.423086313101,1460.8136758609694,1515.715647468749,1477.44743532732
2020-07-06,1576.9000244140625,1577.8199462890625,1553.7900390625,1553.7900390625,120130400,,0.0,0.0,Neutral,0.0,Neutral,19.032606223040602,17.165710584087424,1.866895638953178,70.33170358875523,1514.3138615534856,1464.2740852200254,1524.456272746651,1481.4255388907895
2020-07-07,1566.719970703125,1587.6400146484375,1562.8800048828125,1582.030029296875,152251200,,0.0,0.0,Neutral,0.0,Neutral,20.885466012369307,17.9096616697438,2.975804342625505,66.48325616501067,1519.0684720552886,1467.4087785993304,1530.4939438832903,1484.837316163283
2020-07-08,1583.5,1584.6700439453125,1562.0799560546875,1562.0799560546875,127417600,,0.0,0.0,Neutral,0.0,Neutral,23.437703614444445,19.01527005868393,4.422433555760513,69.45057859009957,1524.933086688702,1471.526534099968,1538.066237614249,1488.7838235167517
2020-07-09,1583.25,1590.6300048828125,1579.9000244140625,1583.93994140625,164873700,IFSB-FIS Regional Workshop on Liquidity Risk Management and Stress Testing Standards - Labuan FSA,0.0,0.0,Neutral,-0.5994,Negative,25.15028061191697,20.24227216933054,4.9080084425864285,69.35206541980844,1530.4723182091345,1475.6359215561224,1544.5210608122136,1492.5624705760815
2020-07-10,1591.8399658203125,1591.8399658203125,1574.0799560546875,1578.9200439453125,145111600,,0.0,0.0,Neutral,0.0,Neutral,26.89066977096536,21.571951689657503,5.318718081307857,70.88047190037561,1536.995389498197,1479.9257164779974,1551.2809043847992,1496.5335703858507
2020-07-13,1606.4300537109375,1608.3399658203125,1595.75,1596.4000244140625,136029500,,0.0,0.0,Neutral,0.0,Neutral,29.111657806839958,23.079892913093996,6.031764893745962,73.31469811164291,1544.980008638822,1484.7538813376914,1559.1593542885335,1500.9294297188542
2020-07-14,1598.75,1617.3599853515625,1577.3299560546875,1608.280029296875,144740400,,0.0,0.0,Neutral,0.0,Neutral,29.90733750693107,24.44538183186141,5.46195567506966,69.99765493263055,1553.4069354717549,1489.418982680963,1564.815160818743,1504.8422525301
2020-07-15,1585.56005859375,1605.260009765625,1585.56005859375,1601.52001953125,133790000,,0.0,0.0,Neutral,0.0,Neutral,29.137719866253747,25.38384943873988,3.753870427513867,64.59253085384505,1560.9007850060095,1493.773270587532,1567.778717643744,1508.070964772646
2020-07-16,1573.47998046875,1599.530029296875,1572.1099853515625,1583.3199462890625,94192100,,0.0,0.0,Neutral,0.0,Neutral,27.239036338757387,25.754886818743383,1.4841495200140038,60.02124150321996,1566.9815486027644,1497.7157181720345,1568.5931837616022,1510.6873254004902
2020-07-17,1596.3299560546875,1599.5899658203125,1563.010009765625,1563.010009765625,181775800,,0.0,0.0,Neutral,0.0,Neutral,27.26383748117837,26.05667695123038,1.2071605299479913,65.0585445842497,1574.3169320913462,1501.5636758609694,1572.5555798034716,1514.113030626658
2020-07-20,1589.449951171875,1609.02001953125,1580.3900146484375,1607.3499755859375,136294000,,0.0,0.0,Neutral,0.0,Neutral,26.423737274689074,26.13008901592212,0.2936482587669538,62.50484305203982,1580.0876934344951,1505.9077571946748,1574.9690614275291,1517.1265074484668
2020-07-21,1595.9300537109375,1601.81005859375,1587.8599853515625,1588.4200439453125,147303200,,0.0,0.0,Neutral,0.0,Neutral,25.981345152781614,26.10034024329402,-0.11899509051240642,63.940540159375125,1584.6761568509614,1510.119594029018,1577.9634888965875,1520.2786492989655
2020-07-22,1586.97998046875,1599.5699462890625,1586.27001953125,1594.050048828125,118174700,,0.0,0.0,Neutral,0.0,Neutral,24.624691976379836,25.805210589911184,-1.1805186135313477,60.49515605609539,1587.316922701322,1514.406327228157,1579.2515591211823,1522.9467025457568
2020-07-23,1606.4200439453125,1607.800048828125,1585.449951171875,1586.969970703125,104270000,,0.0,0.0,Neutral,0.0,Neutral,24.831938090134145,25.61055608995578,-0.778617999821634,64.9170943053847,1589.5876934344951,1518.980000398597,1583.1327712389152,1526.285636201739
2020-07-24,1589.6099853515625,1605.2099609375,1585.1099853515625,1603.300048828125,117983500,,0.0,0.0,Neutral,0.0,Neutral,23.370352016906054,25.162515275345836,-1.792163258439782,58.789138161930325,1591.3484637920674,1523.259182676977,1584.058087540722,1528.8186101677318
2020-07-27,1591.47998046875,1595.0,1585.239990234375,1594.6800537109375,89988600,,0.0,0.0,Neutral,0.0,Neutral,22.108079324814526,24.551628085239575,-2.443548760425049,59.24996786094127,1591.9623084435095,1527.225508709343,1585.1183579590117,1531.3250649797724
2020-07-28,1609.93994140625,1609.93994140625,1593.239990234375,1594.6400146484375,138510800,,0.0,0.0,Neutral,0.0,Neutral,22.339764790984418,24.109255426388543,-1.769490635404125,63.57957740701153,1594.015380859375,1531.5661197584502,1588.6642984514745,1534.4696600368313
2020-07-29,1611.4200439453125,1618.010009765625,1589.97998046875,1610.1300048828125,112190000,,0.0,0.0,Neutral,0.0,Neutral,22.384771386786497,23.764358618468137,-1.37958723168164,63.91066685780518,1595.5215407151443,1535.8106116470026,1591.9151192363086,1537.5476753931705
2020-07-30,1603.75,1614.3499755859375,1584.949951171875,1614.02001953125,126475200,,0.0,0.0,Neutral,0.0,Neutral,21.55308049741211,23.322102994256934,-1.7690224968448227,60.82483651567959,1595.3153827373799,1539.7614272759886,1593.6058164882645,1540.1957683774438
2020-08-03,1572.6099853515625,1599.3399658203125,1570.1800537109375,1595.010009765625,148578200,,0.0,0.0,Neutral,0.0,Neutral,18.17174794264338,22.292031983934223,-4.120284041290844,50.222478179290505,1593.3046123798076,1542.7948969626914,1590.6064120401643,1541.4923370564084
2020-08-04,1575.93994140625,1580.8699951171875,1549.6199951171875,1578.239990234375,142530200,,0.0,0.0,Neutral,0.0,Neutral,15.581107843496284,20.949847155846633,-5.36873931235035,51.20203053187022,1592.5646033653845,1545.6687734175703,1588.5112019496053,1542.870241230402
2020-08-05,1568.1300048828125,1579.9100341796875,1566.8699951171875,1578.8199462890625,115800000,,0.0,0.0,Neutral,0.0,Neutral,12.750826700203561,19.31004306471802,-6.559216364514459,48.77760665191694,1592.153066781851,1548.036528918208,1585.5996023686348,1543.8806317764984
2020-08-06,1588.5699462890625,1588.5699462890625,1575.4000244140625,1577.469970703125,88750000,,0.0,0.0,Neutral,0.0,Neutral,12.018598034017486,17.851754058577914,-5.833156024560427,54.80866298470338,1591.556142953726,1551.134690888074,1586.0239372144104,1545.6682043570008
2020-08-07,1578.1400146484375,1591.0799560546875,1578.1400146484375,1590.5400390625,78209400,,0.0,0.0,Neutral,0.0,Neutral,10.475933187080955,16.376589884278523,-5.900656697197569,51.477920822695246,1590.6861478365386,1553.714487503986,1584.8976625621287,1546.9670767686582
2020-08-10,1571.6600341796875,1579.2900390625,1558.0699462890625,1579.2900390625,65970000,,0.0,0.0,Neutral,0.0,Neutral,8.630987264628402,14.8274693603485,-6.196482095720098,49.46660250977028,1588.8192232572114,1556.044284119898,1583.0065727932085,1547.9547950650995
2020-08-11,1564.739990234375,1581.9300537109375,1564.739990234375,1580.1700439453125,80677300,What is the interest rate offered by JCL? - JCL Malaysia,0.0,0.0,Neutral,0.4588,Positive,6.535131685706119,13.169001825420025,-6.633870139713906,47.33943017902388,1587.1084547776443,1557.9114267777422,1580.3970609990895,1548.6262028718704
2020-08-12,1556.6400146484375,1564.3800048828125,1539.6099853515625,1558.8199462890625,147372000,,0.0,0.0,Neutral,0.0,Neutral,4.172453260199518,11.369692112375924,-7.197238852176406,44.90527908242291,1583.2792217548076,1558.9104078643177,1577.0031972347106,1548.946755342933
2020-08-13,1576.4200439453125,1576.4200439453125,1561.1700439453125,1564.1300048828125,103047400,,0.0,0.0,Neutral,0.0,Neutral,3.8516966797365058,9.866093025848041,-6.0143963461115355,51.46795559049387,1582.2646108774038,1559.6836734693877,1576.9198896219393,1550.0456868870283
2020-08-14,1564.5899658203125,1579.6300048828125,1561.1800537109375,1578.7900390625,113661000,,0.0,0.0,Neutral,0.0,Neutral,2.61278775139931,8.415431970958295,-5.802644219558985,47.80062586788371,1580.1961482121394,1559.7397959183672,1575.1584719359928,1550.6274580443596
2020-08-17,1560.739990234375,1567.550048828125,1543.0400390625,1561.93994140625,102190000,,0.0,0.0,Neutral,0.0,Neutral,1.3052366895631167,6.99339291467926,-5.688156225116144,46.63599228595735,1576.4115365835337,1559.829796615912,1573.0986888357618,1551.03195933196
2020-08-18,1577.8499755859375,1577.8499755859375,1557.25,1559.6400146484375,122344500,,0.0,0.0,Neutral,0.0,Neutral,1.6308267211315979,5.920879675969728,-4.2900529548381305,52.208868359602164,1573.8292236328125,1559.8846933793047,1573.777444085787,1552.1046799821193
2020-08-19,1575.3800048828125,1584.3599853515625,1570.699951171875,1576.3800048828125,108285500,,0.0,0.0,Neutral,0.0,Neutral,1.6702990063433845,5.07076354204446,-3.400464535701076,51.374788107903534,1571.6469163161057,1559.8869379783164,1574.0063813425052,1553.035692978147
2020-08-21,1577.1199951171875,1579.010009765625,1568.97998046875,1574.7900390625,194313500,,0.0,0.0,Neutral,0.0,Neutral,1.8209924791933645,4.420809329474242,-2.5998168502808774,51.95706927446234,1571.9938401442307,1560.2924480827487,1574.451183310317,1553.9990650637085
2020-08-24,1568.5799560546875,1581.27001953125,1567.0999755859375,1578.550048828125,119426200,,0.0,0.0,Neutral,0.0,Neutral,1.237048437503745,3.784057151080143,-2.547008713576398,48.86421208895839,1571.4276874248799,1560.752854950574,1573.6124365595128,1554.5823007033475
2020-08-25,1554.9599609375,1569.5799560546875,1552.9200439453125,1563.3499755859375,125072300,,0.0,0.0,Neutral,0.0,Neutral,-0.32105033313973763,2.9630356542361667,-3.2840859873759043,44.33177183382311,1570.4146071213943,1561.8983652543047,1570.9477971849396,1554.5974071127134
2020-08-26,1549.5799560546875,1558.949951171875,1538.260009765625,1554.75,129083600,,0.0,0.0,Neutral,0.0,Neutral,-1.9672984736332637,1.9769688286622809,-3.9442673022955446,42.64894331101635,1567.4153771033655,1562.548773317921,1567.8952484520466,1554.3967090703923
2020-08-27,1554.780029296875,1554.780029296875,1544.1199951171875,1548.2099609375,132430100,,0.0,0.0,Neutral,0.0,Neutral,-2.8198540119803965,1.0176042605337456,-3.837458272514142,44.82890013059487,1565.6184551532451,1563.1295913384886,1566.0216457155936,1554.4120418794516
2020-08-28,1525.2099609375,1558.2900390625,1525.2099609375,1555.050048828125,265628700,,0.0,0.0,Neutral,0.0,Neutral,-5.814541393918034,-0.34882487035661036,-5.465716523561424,36.364255675692576,1562.0453725961538,1563.5438755580358,1560.191405033009,1553.2439586417736
2020-09-01,1521.4300537109375,1541.989990234375,1520.199951171875,1541.550048828125,215671500,,0.0,0.0,Neutral,0.0,Neutral,-8.396074917567375,-1.9582748797987635,-6.437800037768612,35.44297016285249,1558.713839017428,1563.8330601283483,1554.654069129856,1551.97140244454
2020-09-02,1537.5400390625,1537.5400390625,1523.68994140625,1525.1199951171875,146423000,,0.0,0.0,Neutral,0.0,Neutral,-9.037835115543203,-3.374186926947652,-5.663648188595551,42.16789212968133,1557.244610126202,1564.369795818718,1552.2092076916624,1551.3941479092582
2020-09-03,1515.4000244140625,1544.1800537109375,1507.5799560546875,1540.6400146484375,227392200,,0.0,0.0,Neutral,0.0,Neutral,-11.203798432174153,-4.940109227992952,-6.263689204181201,36.53512555445801,1552.550762469952,1564.5404077646683,1546.9507529377197,1549.9543829694503
2020-09-04,1515.8599853515625,1519.280029296875,1498.719970703125,1504.6199951171875,123115500,,0.0,0.0,Neutral,0.0,Neutral,-12.736407583441633,-6.499368899082689,-6.237038684358944,36.72423142925523,1548.8023024338943,1564.8104073660713,1542.5092147111259,1548.5906070647347
2020-09-07,1516.3800048828125,1520.8900146484375,1507.5699462890625,1514.6300048828125,94876900,,0.0,0.0,Neutral,0.0,Neutral,-13.750542453497928,-7.949603609965737,-5.800938843532191,36.95295961667278,1545.3899958683894,1565.365102339764,1538.7764704499382,1547.3021829774577
2020-09-08,1519.3199462890625,1519.3199462890625,1494.18994140625,1518.5,177379900,,0.0,0.0,Neutral,0.0,Neutral,-14.153865986479332,-9.190456085268456,-4.963409901210875,38.31063597393369,1540.887685922476,1566.001427475287,1535.9969669983848,1546.1828935099218
2020-09-09,1496.719970703125,1505.739990234375,1490.530029296875,1505.739990234375,233845100,,0.0,0.0,Neutral,0.0,Neutral,-16.11140964468518,-10.574646797151802,-5.53676284753338,32.514227649319636,1534.8369140625,1566.0481604751276,1530.3859675276335,1544.2043765976498
2020-09-10,1490.1199951171875,1504.030029296875,1474.22998046875,1502.219970703125,280828000,,0.0,0.0,Neutral,0.0,Neutral,-17.987985667004523,-12.057314571122348,-5.930671095882175,31.037353999218567,1528.1446063701924,1565.8267324019453,1524.6336857547126,1542.0410013384312
2020-09-11,1504.8499755859375,1505.8900146484375,1477.469970703125,1486.22998046875,323100600,Effective Liquidity (Cash Flow) Management - Forster Consulting & Partners,0.6,0.8,Positive,0.4767,Positive,-18.078205069696196,-13.261492670837118,-4.816712398859078,37.82515549218905,1523.2423001802886,1565.6312206034759,1521.8074414448877,1540.5533603083315
2020-09-14,1511.3599853515625,1515.6600341796875,1506.4100341796875,1513.4300537109375,247327400,,0.0,0.0,Neutral,0.0,Neutral,-17.42355333757041,-14.093904804183778,-3.3296485333866332,40.60750044312946,1519.888455904447,1565.1226482780612,1520.31494771727,1539.3856253100607
2020-09-15,1531.280029296875,1532.0400390625,1503.18994140625,1510.3599853515625,182127100,,0.0,0.0,Neutral,0.0,Neutral,-15.123027211776616,-14.299729285702346,-0.8232979260742699,48.24026159717149,1518.4807692307693,1564.6865259287308,1521.8813879429276,1539.0614014695332
2020-09-17,1513.0699462890625,1541.1400146484375,1508.010009765625,1541.1400146484375,314591800,,0.0,0.0,Neutral,0.0,Neutral,-14.60093470687184,-14.359970369936246,-0.24096433693559405,42.82240572016309,1515.2723013070913,1563.3838712731185,1520.6226105638043,1538.0217432623142
2020-09-18,1506.6300048828125,1524.0699462890625,1503.4300537109375,1511.780029296875,284135400,,0.0,0.0,Neutral,0.0,Neutral,-14.539222973819733,-14.395820890712944,-0.14340208310678904,41.06588353744482,1513.8430739182693,1562.157545440051,1518.6236668950912,1536.766073727134
2020-09-21,1499.4300537109375,1511.77001953125,1496.969970703125,1510.4200439453125,156236400,Laman Web Rasmi Jabatan Meteorologi Malaysia - met.gov.my,0.0,0.0,Neutral,0.0,Neutral,-14.899539253955936,-14.496564563361543,-0.4029746905943927,39.133202075384595,1512.1507662259614,1560.4418322504782,1515.8817221544978,1535.272632926486
2020-09-22,1505.780029296875,1511.9000244140625,1494.9300537109375,1495.280029296875,135822100,,0.0,0.0,Neutral,0.0,Neutral,-14.505492255709214,-14.498350101831079,-0.007142153878135105,41.73752725768428,1509.7076885516826,1558.8608124402106,1514.4386231748374,1534.0929287813015
2020-09-23,1496.47998046875,1509.1500244140625,1491.1700439453125,1507.2900390625,145529900,,0.0,0.0,Neutral,0.0,Neutral,-14.77334545698227,-14.553349172861317,-0.21999628412095262,39.09890508482939,1508.2523005558894,1556.9146902901787,1511.8731027882536,1532.5884108487994
2020-09-24,1500.800048828125,1506.5999755859375,1492.97998046875,1494.719970703125,209154000,,0.0,0.0,Neutral,0.0,Neutral,-14.47022390273628,-14.536724118836311,0.06650021610003165,40.96590157106915,1507.0938439002405,1554.758975904815,1510.2912379368067,1531.3168763679723
2020-09-25,1509.1400146484375,1516.0,1505.050048828125,1507.949951171875,161816600,,0.0,0.0,Neutral,0.0,Neutral,-13.4025362503221,-14.30988654513347,0.9073502948113692,44.502993084560984,1506.5369215745193,1552.9302006935586,1510.1267774670398,1530.4298018991908
2020-09-28,1511.6600341796875,1519.050048828125,1507.3499755859375,1510.260009765625,126847900,,0.0,0.0,Neutral,0.0,Neutral,-12.212266175421291,-13.890362471191034,1.678096295769743,45.564325165234365,1505.9476975661057,1551.4220369300065,1510.3458141402753,1529.6790111904106
2020-09-29,1503.9000244140625,1517.3299560546875,1503.9000244140625,1512.75,171248200,,0.0,0.0,Neutral,0.0,Neutral,-11.75957938949,-13.464205854850828,1.7046264653608283,42.846978914809476,1506.500009390024,1550.0020378268496,1509.4249870365306,1528.6478517193568
2020-09-30,1504.8199462890625,1512.949951171875,1497.780029296875,1505.77001953125,110856400,,0.0,0.0,Neutral,0.0,Neutral,-11.197513873281878,-13.010867458537039,1.813353585255161,43.27883450528714,1507.6307748647837,1548.134486607143,1508.7671240726067,1527.694735502145
2020-10-01,1496.77001953125,1503.8599853515625,1491.1300048828125,1501.5799560546875,84881100,,0.0,0.0,Neutral,0.0,Neutral,-11.271701556382595,-12.66303427810615,1.391332721723554,40.40191957542679,1507.0092397836538,1546.2430594308037,1507.05325199527,1526.457746863309
2020-10-02,1500.300048828125,1501.8499755859375,1489.6600341796875,1494.8399658203125,122647500,,0.0,0.0,Neutral,0.0,Neutral,-10.919775591467214,-12.314382540778364,1.3946069493111501,42.2158930538794,1506.158475435697,1544.291426678093,1506.088508685678,1525.4114389419017
2020-10-05,1512.4300537109375,1513.3699951171875,1498.81005859375,1501.0799560546875,147917700,,0.0,0.0,Neutral,0.0,Neutral,-9.551972516150045,-11.761900535852702,2.209928019702657,48.065442859578575,1504.708477313702,1542.769999601403,1506.9944436892868,1524.892183532663
2020-10-06,1509.469970703125,1522.3199462890625,1508.1800537109375,1515.699951171875,114933600,,0.0,0.0,Neutral,0.0,Neutral,-8.607609520257938,-11.13104233273375,2.5234328124758125,46.81986245154085,1504.4315561147837,1540.791426678093,1507.3480904055496,1524.2752950194813
2020-10-07,1489.56005859375,1510.3499755859375,1489.56005859375,1509.239990234375,136587800,,0.0,0.0,Neutral,0.0,Neutral,-9.357886663024601,-10.776411198791921,1.41852453576732,39.420259231964714,1503.1184833233174,1538.7495914381377,1504.8069430038638,1522.886685562452
2020-10-08,1519.4300537109375,1519.4300537109375,1495.280029296875,1495.52001953125,89887800,The MAE app lets you bank seamlessly and manage all your lifestyle needs. - Maybank2u,0.1,0.1,Positive,0.0,Neutral,-7.456276418943617,-10.11238424282226,2.656107823878644,51.7425886060327,1504.6569448617788,1537.279184769611,1506.8959588191601,1522.7484202883913
2020-10-09,1530.3499755859375,1532.530029296875,1512.739990234375,1516.93994140625,87613900,,0.0,0.0,Neutral,0.0,Neutral,-5.010334153137137,-9.091974224885236,4.081640071748099,55.32060060130462,1506.5469407301682,1535.6548997528698,1510.2465326429856,1523.052482500293
2020-10-12,1518.4300537109375,1526.02001953125,1512.739990234375,1525.9200439453125,111076300,,0.0,0.0,Neutral,0.0,Neutral,-3.9877767536806914,-8.071134730644328,4.083357976963637,50.885435163829314,1508.2354079026443,1533.7571448501276,1511.4156070812646,1522.8675853487189
2020-10-13,1525.199951171875,1527.0400390625,1512.4599609375,1514.1800537109375,134541300,,0.0,0.0,Neutral,0.0,Neutral,-2.6011342443600824,-6.977134633387479,4.376000389027396,53.181246267104214,1510.112323467548,1532.1540826291455,1513.384799094209,1522.9608799816451
2020-10-14,1523.25,1524.22998046875,1516.0999755859375,1523.5699462890625,217994300,,0.0,0.0,Neutral,0.0,Neutral,-1.6406425229122306,-5.90983621129243,4.2691936883801995,52.421167035893596,1511.1977069561299,1531.1467359893177,1514.7941135093222,1522.9724447823794
2020-10-15,1513.949951171875,1524.030029296875,1512.9599609375,1521.43994140625,134270100,,0.0,0.0,Neutral,0.0,Neutral,-1.6113079750423367,-5.050130564042412,3.4388225890000754,48.83617517650319,1511.3738544170674,1529.8816341477998,1514.6735188896869,1522.611545037959
2020-10-16,1503.8399658203125,1520.31005859375,1503.8399658203125,1519.3299560546875,152911800,"Survey shows Malaysians blame politics, not pandemic, for economic woes - NST Online",0.2,0.2,Positive,-0.6486,Negative,-2.376457141080664,-4.515395879450063,2.138938738369399,45.21604612468532,1511.3692345252405,1528.5695925342793,1513.125868451205,1521.860681869253
2020-10-19,1518.1099853515625,1521.9100341796875,1505.9200439453125,1507.2099609375,132510200,,0.0,0.0,Neutral,0.0,Neutral,-1.8105017143602709,-3.9744170464321047,2.163915332071834,50.76389731096309,1512.3915452223557,1527.1316341477998,1513.8378851512562,1521.7106540085454
2020-10-20,1510.969970703125,1520.969970703125,1510.68994140625,1518.5,130512500,,0.0,0.0,Neutral,0.0,Neutral,-1.916030662937601,-3.562739769733204,1.646709106795603,48.13719171635025,1513.4838491586538,1525.760816924426,1513.4281830872374,1521.2810266763286
2020-10-21,1492.4000244140625,1513.199951171875,1492.18994140625,1512.0400390625,183844000,,0.0,0.0,Neutral,0.0,Neutral,-3.4582381680679646,-3.541839449400156,0.08360128133219158,42.04385472781,1512.8761549729568,1524.1432657047194,1510.424160419641,1520.125786585838
2020-10-22,1498.800048828125,1500.050048828125,1485.77001953125,1492.949951171875,163496000,,0.0,0.0,Neutral,0.0,Neutral,-4.1165670217571915,-3.6567849638715635,-0.459782057885628,44.6445558957683,1511.8276930588943,1522.797552614796,1508.7635730494246,1519.2727570755294
2020-10-23,1494.6400146484375,1502.6700439453125,1489.8299560546875,1499.760009765625,130007200,,0.0,0.0,Neutral,0.0,Neutral,-4.91729386993029,-3.908886745083309,-1.0084071248469813,43.28490509871748,1510.6869272085337,1521.532246492347,1506.7459218492836,1518.2874473784457
2020-10-26,1494.6099853515625,1497.5400390625,1482.1500244140625,1495.56005859375,102464600,,0.0,0.0,Neutral,0.0,Neutral,-5.49100192713945,-4.225309781494538,-1.2656921456449126,43.27465977973198,1511.0753831129807,1519.8626534598213,1505.0122166353235,1517.3403488973704
2020-10-27,1500.3499755859375,1504.550048828125,1489.97998046875,1492.1099853515625,140621900,,0.0,0.0,Neutral,0.0,Neutral,-5.420021817343013,-4.464252188664233,-0.9557696286787802,45.91011560781775,1509.607684795673,1518.5516332509567,1504.346182199697,1516.660733964913
2020-10-28,1495.199951171875,1505.6400146484375,1492.1099853515625,1505.47998046875,105403500,,0.0,0.0,Neutral,0.0,Neutral,-5.713472148198889,-4.714096180571164,-0.9993759676277252,43.93769852779558,1506.903836763822,1517.2140814333545,1503.039577767151,1515.8023026531914
2020-10-30,1466.8900146484375,1494.8699951171875,1461.050048828125,1494.31005859375,165737400,,0.0,0.0,Neutral,0.0,Neutral,-8.136615097055937,-5.398599963868119,-2.738015133187819,35.02870340036688,1502.939218374399,1514.9495924346302,1497.8753544644778,1513.8458111330012
2020-11-02,1466.4599609375,1468.0899658203125,1452.1300048828125,1465.469970703125,114250300,,0.0,0.0,Neutral,0.0,Neutral,-9.976670237949293,-6.314214018684354,-3.6624562192649384,34.912893484132084,1498.4207575871394,1512.7267343949297,1493.3874411034813,1511.9503771251811
2020-11-03,1461.449951171875,1470.68994140625,1460.5999755859375,1469.1099853515625,92265300,2x Guinness World Records Holder - ESCAPE Penang | 2x Guinness World Records Holder - ESCAPE Penang,0.0,0.0,Neutral,0.5948,Positive,-11.704273532055822,-7.392225921358648,-4.312047610697174,33.52243569891459,1493.6669076772837,1510.3661212531888,1488.8249425418232,1509.930360087049
2020-11-04,1464.6099853515625,1473.530029296875,1462.3699951171875,1464.489990234375,88912900,,0.0,0.0,Neutral,0.0,Neutral,-12.672344343223585,-8.448249605731636,-4.224094737491949,35.273460292321474,1489.8715256911057,1508.2442851163903,1485.3656629432148,1508.1175450976295
2020-11-05,1501.489990234375,1501.489990234375,1467.8399658203125,1468.8599853515625,128922500,,0.0,0.0,Neutral,0.0,Neutral,-10.344395508407388,-8.827478786266788,-1.5169167221406,51.37202632136233,1489.6907583383413,1507.1530612244899,1487.6691382705235,1507.8524429030992
2020-11-06,1519.6400146484375,1519.6400146484375,1497.3199462890625,1500.800048828125,139420600,,0.0,0.0,Neutral,0.0,Neutral,-6.9547539266357035,-8.452933814340572,1.4981798877048682,57.03553002239611,1489.8084528996394,1506.5420420121172,1492.2364063245113,1508.3239457729128
2020-11-09,1524.3199462890625,1533.050048828125,1513.2099609375,1521.6300048828125,109245000,,0.0,0.0,Neutral,0.0,Neutral,-3.8464674974866284,-7.531640550969783,3.6851730534831546,58.381491130309726,1490.8353740985576,1505.9204076650192,1496.8197691765902,1508.9637857935588
2020-11-10,1575.0699462890625,1575.0699462890625,1516.5400390625,1521.949951171875,592756400,,0.0,0.0,Neutral,0.0,Neutral,2.6810670837267025,-5.489099024030486,8.17016610775719,69.52924719439221,1497.194598858173,1506.9379583864795,1507.9983659069433,1511.608032213379
2020-11-11,1570.0799560546875,1572.68994140625,1550.43994140625,1572.68994140625,242168200,,0.0,0.0,Neutral,0.0,Neutral,7.366616983829999,-2.9179558224583895,10.284572806288388,67.61159236822549,1502.6776686448318,1507.930813536352,1516.8671644994783,1513.9469091670312
2020-11-12,1590.780029296875,1592.280029296875,1558.7099609375,1565.989990234375,283572200,,0.0,0.0,Neutral,0.0,Neutral,12.604969705694202,0.1866292831721288,12.418340422522073,71.16452439832906,1510.0730543870193,1509.0173439492985,1527.4261451848206,1517.020233972225
2020-11-13,1589.68994140625,1592.18994140625,1572.0,1588.3800048828125,178410200,,0.0,0.0,Neutral,0.0,Neutral,16.47848725199742,3.4450008769371876,13.033486375060233,70.72453549559161,1517.3868971604568,1510.5334647042412,1536.3209732164535,1519.927022269586
2020-11-16,1599.6600341796875,1602.22998046875,1587.06005859375,1593.3499755859375,328920300,,0.0,0.0,Neutral,0.0,Neutral,20.12084045393931,6.780168792337612,13.340671661601696,72.40500581467876,1525.026132436899,1512.2436697823662,1545.3694104969156,1523.1163427459899
2020-11-17,1610.1500244140625,1613.3399658203125,1593.02001953125,1599.6199951171875,467715300,,0.0,0.0,Neutral,0.0,Neutral,23.582046993200947,10.14054443251028,13.441502560690667,74.09020629598491,1533.8684457632212,1514.1573436503509,1554.6237839136509,1526.5976900127125
2020-11-18,1604.75,1611.5799560546875,1595.0899658203125,1611.0799560546875,237706200,Template for for the Jurnal Teknologi - Universiti Teknologi Malaysia,0.0,0.0,Neutral,0.0,Neutral,25.594306043714596,13.231296754751146,12.36300928896345,71.66400048567519,1544.4730600210337,1515.9008141342474,1561.7846719259865,1529.723782412204
2020-11-19,1583.6800537109375,1596.550048828125,1583.6800537109375,1595.7900390625,174677700,,0.0,0.0,Neutral,0.0,Neutral,25.19839584036049,15.624716571873016,9.573679268487474,62.99576717295157,1553.489990234375,1517.6755097058356,1564.912583609551,1531.882033264153
2020-11-20,1593.75,1599.489990234375,1579.489990234375,1584.989990234375,192318500,,0.0,0.0,Neutral,0.0,Neutral,25.404349136115115,17.580643084721437,7.823706051393678,65.16447155117615,1563.6669170673076,1519.7904077646683,1569.0322145224723,1534.3567519335868
2020-11-23,1597.47998046875,1600.5799560546875,1592.7099609375,1593.260009765625,139314000,,0.0,0.0,Neutral,0.0,Neutral,25.573748603103923,19.179264188397937,6.394484414705985,65.96026293947133,1573.887685922476,1521.680816027583,1573.0961810862264,1536.8816810749934
2020-11-24,1578.3900146484375,1599.97998046875,1578.3900146484375,1588.530029296875,186434400,,0.0,0.0,Neutral,0.0,Neutral,23.892183976439583,20.121848146006265,3.770335830433318,58.583958665191574,1579.8030724158655,1523.0487758091517,1573.852443023685,1538.5420144179311
2020-11-25,1597.5799560546875,1600.199951171875,1582.31005859375,1582.31005859375,196393300,,0.0,0.0,Neutral,0.0,Neutral,23.833264748908277,20.864131466586667,2.969133282321611,63.05643846164208,1585.7984525240386,1524.401835538903,1577.2420877423997,1540.9035320834014
2020-11-26,1612.1099853515625,1612.780029296875,1590.6500244140625,1597.68994140625,184343200,,0.0,0.0,Neutral,0.0,Neutral,24.674589460434618,21.626223065356257,3.048366395078361,66.04625797022717,1592.551532451923,1526.423060825893,1582.22321597228,1543.7517902141276
2020-11-27,1607.5899658203125,1618.6800537109375,1605.6800537109375,1615.199951171875,204625000,,0.0,0.0,Neutral,0.0,Neutral,24.691983736654038,22.239375199615814,2.4526085370382233,64.30286598596548,1595.0530724158655,1528.4834681919642,1585.847037379142,1546.305317238375
2020-11-30,1562.7099609375,1614.77001953125,1562.7099609375,1606.77001953125,415540700,,0.0,0.0,Neutral,0.0,Neutral,20.84405027310686,21.960310214314024,-1.116259941207165,50.1482045892246,1594.4861497145432,1529.7748948700573,1582.5417407446216,1546.96150298634
2020-12-01,1602.260009765625,1604.5699462890625,1580.1700439453125,1580.1700439453125,218992400,,0.0,0.0,Neutral,0.0,Neutral,20.746738203647283,21.717595812180676,-0.9708576085333931,58.76283692559945,1595.3692251352163,1531.7438740632972,1585.3586363190507,1549.1734432575115
2020-12-02,1598.719970703125,1605.5999755859375,1592.9300537109375,1604.489990234375,221580800,,0.0,0.0,Neutral,0.0,Neutral,20.151670210296743,21.40441069180389,-1.2527404815071463,57.800050683371914,1596.0638427734375,1533.8304044762435,1587.2673983739187,1551.155304355336
2020-12-03,1628.260009765625,1628.260009765625,1599.3599853515625,1601.1300048828125,181778200,,0.0,0.0,Neutral,0.0,Neutral,21.81227053718385,21.485982660879884,0.32628787630396516,63.21599106781792,1598.2638408954326,1536.4316281688457,1593.1234857155912,1554.2394925717476
2020-12-04,1621.8499755859375,1628.8199462890625,1618.5400390625,1627.9100341796875,156357300,,0.0,0.0,Neutral,0.0,Neutral,22.353396037793345,21.659465336262578,0.6939307015307676,61.37526447806771,1599.163837139423,1538.7318314532845,1597.2272699827836,1556.9439118923153
2020-12-07,1622.8900146484375,1627.5899658203125,1618.97998046875,1624.0699462890625,155252700,,0.0,0.0,Neutral,0.0,Neutral,22.605581286416054,21.848688526293273,0.7568927601227813,61.57078745883264,1600.5592228816106,1541.0018310546875,1600.8933763635914,1559.58175600256
2020-12-08,1631.699951171875,1631.719970703125,1624.949951171875,1625.43994140625,202623800,,0.0,0.0,Neutral,0.0,Neutral,23.24833581884286,22.128617984803192,1.119717834039669,63.267060596836025,1604.2530611478364,1543.6099928252552,1605.2943156219176,1562.4664838093324
2020-12-09,1646.530029296875,1654.1500244140625,1638.77001953125,1640.989990234375,246630400,,0.0,0.0,Neutral,0.0,Neutral,24.67000630500229,22.636895648843012,2.033110656159277,65.98859724287115,1608.3130634014424,1546.5020353356185,1611.1851318611973,1565.8290256288342
2020-12-10,1654.3900146484375,1658.0699462890625,1647.6500244140625,1651.6700439453125,173122000,,0.0,0.0,Neutral,0.0,Neutral,26.129718408471035,23.33546020076862,2.7942582077024163,67.36853060886341,1612.6907583383413,1549.718769929847,1617.3572579736604,1569.3714651896182
2020-12-11,1684.5799560546875,1689.77001953125,1660.489990234375,1660.760009765625,295540900,,0.0,0.0,Neutral,0.0,Neutral,29.38390733780193,24.54514962817528,4.838757709626648,72.05793131268817,1620.8592153695913,1553.479584363042,1626.9605005566643,1573.979804824221
2020-12-14,1662.739990234375,1695.9599609375,1662.449951171875,1682.4599609375,361491200,CONTACT US - bsn.com.my | Security Tips - bsn.com.my | Security Alert - bsn.com.my | Security Tips - bsn.com.my,0.0,0.0,Neutral,0.8126,Positive,29.85640672026898,25.607401046594024,4.249005673674954,64.80274628399246,1625.8715256911057,1556.5471340880101,1632.0718562249087,1577.5302122406272
2020-12-15,1674.02001953125,1679.0999755859375,1655.8800048828125,1661.5400390625,226532100,,0.0,0.0,Neutral,0.0,Neutral,30.786185989812793,26.64315803523778,4.143027954575015,66.66935535815595,1630.6338360126201,1559.9052983498086,1638.0644509829576,1581.3898045322521
2020-12-16,1681.4100341796875,1695.8699951171875,1679.3900146484375,1694.3299560546875,191726100,P 13 Annual Report 2018 Table A.15 Interest Rates (%) As at end-year 2012 2013 2014 2015 2016 2017 2018 Overnight interbank 3.00 - Bank Negara Malaysia | Monthly Statistical Bulletin May 2003 - Bank Negara Malaysia | Exchange Rates - Bank Negara Malaysia | Decrease in Statutory Reserve Requirement (SRR) Ratio - Bank Negara Malaysia | Instruments - Bank Negara Malaysia | Statement by Financial Markets Committee - Bank Negara Malaysia | Exchange Rates - Bank Negara Malaysia | Exchange Rates - Bank Negara Malaysia | List of Approved and Registered Intermediaries - Bank Negara Malaysia | CURRENT BANKNOTE SERIES - Bank Negara Malaysia | National Summary Data Page for Malaysia - Bank Negara Malaysia | Exchange Rates - Bank Negara Malaysia | List of Approved and Registered Intermediaries - Bank Negara Malaysia | Bank Negara Malaysia Annual Report 2012 - Bank Negara Malaysia | About Money Services Business - Bank Negara Malaysia | Notice 4 Foreign Exchange Policy Notices Page 1 of 10 NOTICE 4: PAYMENT AND RECEIPT TABLE OF CONTENTS No. Content Page 1. PART A - Bank Negara Malaysia | Overview on Malaysian Payment Systems - Bank Negara Malaysia | Legislation & Guidelines - Bank Negara Malaysia | Dynamic Hedging Programme for Institutional Investors - Bank Negara Malaysia | Bank Negara Malaysia Annual Report 2011 - Bank Negara Malaysia | Bank Negara Malaysia Annual Report 2017 - Bank Negara Malaysia | Leverage Ratio - Bank Negara Malaysia | Home - Bnm Bank Notes - Bank Negara Malaysia | List of Approved and Registered Intermediaries - Bank Negara Malaysia | About Money Services Business - Bank Negara Malaysia | National Summary Data Page for Malaysia - Bank Negara Malaysia,-0.03125,0.1729166666666666,Neutral,0.9186,Positive,31.753322643150568,27.66519095682034,4.088131686330229,67.87149486062322,1636.3123028094951,1563.8206039740114,1644.256677153919,1585.3906137181493
2020-12-17,1674.3499755859375,1684.300048828125,1669.68994140625,1684.27001953125,149955400,,0.0,0.0,Neutral,0.0,Neutral,31.58599400631374,28.44935156671902,3.13664243959472,65.44308165315783,1644.8999962439905,1566.982235032685,1648.5557197870646,1588.9489881928607
2020-12-18,1652.489990234375,1678.1099853515625,1644.800048828125,1676.8399658203125,217881000,"Monetary Stability - Bank Negara Malaysia | Monetary Policy in 2009 - Bank Negara Malaysia | 1997 Bank Negara Malaysia Annual Report - Bank Negara Malaysia | 2002 Annual Report: Annex - Bank Negara Malaysia | Monetary Stability - Bank Negara Malaysia | Monetary Policy in 2009 - Bank Negara Malaysia | Monetary Policy Statement - Bank Negara Malaysia | Development of the Financial Sector - Bank Negara Malaysia | ESG, ISLAMIC FINANCE HELP SHIELD ECONOMIES DURING PANDEMIC - Cagamas Berhad | Generating Liquidity in the Housing Market by Using Sukuk in Malaysia - Cagamas Berhad | Who we are - Bank Negara Malaysia | Item 1. Submission by applicant seeking registration 2. Submission on behalf of the applicant (third party) Descript - Bank Negara Malaysia | Newly published: Guidelines on Data Management and MIS Framework for Development Financial Institutions - Bank Negara Malaysia | Legal Entity Identifier (LEI) - Bank Negara Malaysia | MALAYSIAN BANKNOTES AND COINS: PAST SERIES - Bank Negara Malaysia | Governors - Bank Negara Malaysia | Who we are - Bank Negara Malaysia | Monetary Policy in 2009 - Bank Negara Malaysia | Quarterly Bulletin 2014 - Bank Negara Malaysia | 1997 Bank Negara Malaysia Annual Report - Bank Negara Malaysia | Introduction of Bank Negara Monetary Notes-Istithmar - Bank Negara Malaysia | Monetary Policy Statement - Bank Negara Malaysia | MONETARY POLICY IN 2013 - Bank Negara Malaysia | Monetary Stability - Bank Negara Malaysia",0.0143939393939393,0.1507575757575757,Neutral,0.7672,Positive,29.35112522853842,28.6297062990829,0.7214189294555204,58.467564376500725,1648.7638408954326,1569.474888392857,1649.117758422395,1591.4906282745212
2020-12-21,1647.8900146484375,1657.8199462890625,1641.9200439453125,1651.8599853515625,120517100,Consolidation of the Banking Sector - Bank Negara Malaysia,0.0,0.0,Neutral,0.0,Neutral,26.89872428492413,28.283509896251147,-1.3847856113270183,57.088601964495915,1652.546151968149,1572.1169284119899,1648.9423664546866,1593.7466037294778
2020-12-22,1631.9200439453125,1647.3599853515625,1625.3900146484375,1646.800048828125,170479700,,0.0,0.0,Neutral,0.0,Neutral,23.396831588852592,27.306174234771436,-3.9093426459188443,52.462456114633575,1652.8276930588943,1574.2948894889987,1646.5106060962048,1595.2735413381113
2020-12-23,1647.5,1652.5899658203125,1627.530029296875,1631.550048828125,115592000,Bank Negara Malaysia Opens Public Service Centres (BNMLINK) Nationwide - Bank Negara Malaysia,0.0,0.0666666666666666,Neutral,0.0,Neutral,21.629398402973038,26.170819068411756,-4.541420665438718,56.19211403975049,1654.800771859976,1576.830603774713,1646.6519480824613,1597.362599684587
2020-12-24,1641.1700439453125,1649.7099609375,1636.97998046875,1649.0799560546875,70670800,,0.0,0.0,Neutral,0.0,Neutral,19.493214672887007,24.83529818930681,-5.342083516419802,54.3271588336976,1656.2069279597356,1579.4269321986608,1645.8688189200116,1599.1148974550158
2020-12-28,1643.9000244140625,1655.9599609375,1639.9200439453125,1642.22998046875,97323000,,0.0,0.0,Neutral,0.0,Neutral,17.815197774482158,23.43127810634188,-5.61608033185972,55.020506601692404,1657.1453951322114,1582.2853007413903,1645.587562562019,1600.9063025333776
2020-12-29,1634.989990234375,1645.760009765625,1630.8299560546875,1644.3699951171875,132040100,,0.0,0.0,Neutral,0.0,Neutral,15.586718016104669,21.862366088294436,-6.275648072189767,52.23344677292993,1656.2576998197114,1584.6706069634886,1644.0736236580701,1602.2696500414174
2020-12-30,1644.4100341796875,1645.31005859375,1631.77001953125,1635.5999755859375,122722900,,0.0,0.0,Neutral,0.0,Neutral,14.41458817237367,20.372810505110284,-5.958222332736614,54.83811271568458,1655.490009014423,1587.393873565051,1644.1216823040154,1603.955265406948
2020-12-31,1627.2099609375,1644.260009765625,1627.2099609375,1644.260009765625,122930600,,0.0,0.0,Neutral,0.0,Neutral,11.959898398878977,18.69022808386402,-6.730329684985044,49.52758886304477,1651.076932466947,1590.145096759407,1641.705722108799,1604.88545322817
2021-01-04,1602.5699462890625,1629.1700439453125,1593.1199951171875,1629.010009765625,519385300,,0.0,0.0,Neutral,0.0,Neutral,7.934828052831108,16.53914807765744,-8.604320024826333,43.08995525119706,1646.448467548077,1592.2628497688138,1636.1148969916937,1604.7928329506055
2021-01-05,1608.3499755859375,1608.3499755859375,1589.81005859375,1603.0699462890625,214185500,,0.0,0.0,Neutral,0.0,Neutral,5.151942477155671,14.261706957557088,-9.109764480401417,44.89925410990344,1641.3969257061299,1594.583461216518,1632.1484796480145,1604.9351186560186
2021-01-06,1591.969970703125,1610.780029296875,1586.25,1610.780029296875,177008600,Establishment of Bank Negara Malaysia TELELINK 1-300-88-LINK - Bank Negara Malaysia,0.0,0.0,Neutral,0.0,Neutral,1.6062403690700648,11.730613639859685,-10.12437327078962,40.92814254749082,1634.5169208233174,1596.5703996930804,1626.4086926558875,1604.4165127379028
2021-01-07,1602.949951171875,1602.949951171875,1572.6199951171875,1589.530029296875,344222000,,0.0,0.0,Neutral,0.0,Neutral,-0.31414022373587613,9.321662867140574,-9.63580309087645,44.47338840409801,1629.0246112530049,1598.6642767458545,1623.0574438724573,1604.3578502752619
2021-01-08,1633.18994140625,1633.18994140625,1595.1199951171875,1601.949951171875,419320700,Glossary - Bank Negara Malaysia,0.0,0.0,Neutral,0.0,Neutral,0.597174945596862,7.576765282831832,-6.97959033723497,52.86382944653347,1627.5399921123799,1601.4803989955358,1624.504943520142,1605.5111339205014
2021-01-11,1617.25,1627.219970703125,1607.530029296875,1627.219970703125,312214300,,0.0,0.0,Neutral,0.0,Neutral,0.032800621976321054,6.06797235066073,-6.035171728684409,48.6875345418948,1625.1830679086538,1604.5489701251595,1623.4685230172645,1605.9806885636813
2021-01-12,1612.0400390625,1621.0999755859375,1590.7099609375,1615.8399658203125,294833700,,0.0,0.0,Neutral,0.0,Neutral,-0.8253562091733784,4.689306638693909,-5.514662847867287,47.370276414115885,1623.653836763822,1607.5199921277106,1621.8358824522984,1606.223062583634
2021-01-13,1636.68994140625,1637.31005859375,1617.6800537109375,1617.6800537109375,215713300,PAYMENT SYSTEMS IN MALAYSIA - Bank Negara Malaysia,0.0,0.0,Neutral,0.0,Neutral,0.47807844010162626,3.847060998975452,-3.368982558873826,53.74649467167639,1622.822293795072,1611.0963184590241,1623.9578908742915,1607.4417377365385
2021-01-14,1635.7099609375,1646.239990234375,1632.199951171875,1638.0,211876200,,0.0,0.0,Neutral,0.0,Neutral,1.4156646556718897,3.3607817303147396,-1.9451170746428499,53.46914845019057,1622.4022874098557,1614.588154695472,1625.6367580261785,1608.5724666645767
2021-01-15,1627.010009765625,1637.8800048828125,1626.25,1637.27001953125,135442000,Dutch government quits over child benefits scandal - NST Online,0.0,0.0,Neutral,-0.0772,Negative,1.4400946210471375,2.976644308461219,-1.5365496874140816,50.95526437902506,1621.103055513822,1617.1497877471302,1625.8329368460995,1609.3099683886187
2021-01-18,1609.52001953125,1625.3499755859375,1608.6400146484375,1625.3499755859375,108538700,,0.0,0.0,Neutral,0.0,Neutral,0.04761067640743022,2.3908375820504615,-2.3432269056430313,46.247766063181686,1619.143826998197,1618.984073561065,1623.5025200868354,1609.318370434324
2021-01-19,1601.8800048828125,1618.4100341796875,1601.8800048828125,1611.06005859375,137672400,,0.0,0.0,Neutral,0.0,Neutral,-1.6533692029026952,1.58199622505983,-3.2353654279625252,44.32154846346999,1615.872286283053,1620.566931899713,1620.4135893434036,1609.0208358122636
2021-01-20,1601.5400390625,1616.8399658203125,1601.5400390625,1606.550048828125,163315800,,0.0,0.0,Neutral,0.0,Neutral,-2.9943237127811244,0.6667322374916392,-3.6610559502727638,44.2332629773965,1613.897676908053,1621.107137874681,1617.7173678747033,1608.721603942273
2021-01-21,1594.800048828125,1615.219970703125,1594.31005859375,1608.4300537109375,147155800,,0.0,0.0,Neutral,0.0,Neutral,-4.548468789499111,-0.3763079679065109,-4.1721608215926,42.42881651854398,1613.2999924879807,1621.611629563935,1614.4434651537638,1608.1647417377071
2021-01-22,1596.739990234375,1605.699951171875,1595.02001953125,1596.06005859375,218347800,"MASB 15 Property, Plant and Equipment - Malaysian Accounting Standards Board | MASB 27 Borrowing Costs - Malaysian Accounting Standards Board",0.0,0.0,Neutral,0.0,Neutral,-5.559516258343592,-1.4129496259939271,-4.146566632349665,43.14769768921946,1612.4069166917068,1621.7332614198024,1611.9143973081368,1607.7077516775737
2021-01-25,1576.6199951171875,1601.5400390625,1575.8800048828125,1600.5400390625,273030500,,0.0,0.0,Neutral,0.0,Neutral,-7.893305010993345,-2.709020702993811,-5.184284307999533,37.86651458452679,1611.2261493389424,1621.4665278220664,1606.8723398522868,1606.464241415158
2021-01-26,1575.31005859375,1609.18994140625,1575.31005859375,1590.5899658203125,342432600,,0.0,0.0,Neutral,0.0,Neutral,-9.736316149429285,-4.114479792280906,-5.621836357148379,37.544315095214,1609.1000037560095,1620.9695895448024,1602.3634425296386,1605.2180741023017
2021-01-27,1580.6199951171875,1593.0799560546875,1580.3699951171875,1585.06005859375,247946400,,0.0,0.0,Neutral,0.0,Neutral,-10.645730895343604,-5.420730012893445,-5.225000882450159,39.781109295308866,1605.056161733774,1620.3669358856823,1599.2572357564313,1604.234150942897
2021-01-29,1566.4000244140625,1597.52001953125,1560.5400390625,1597.1600341796875,478916100,,0.0,0.0,Neutral,0.0,Neutral,-12.371273092587444,-6.810838628832245,-5.560434463755199,36.05688123765422,1601.1446251502405,1619.584283322704,1594.5633484218072,1602.7207858817437
2021-02-02,1580.489990234375,1585.1800537109375,1571.300048828125,1575.030029296875,315294100,Portal Rasmi Kementerian Kewangan - Portal Rasmi Kementerian Kewangan,0.0,0.0,Neutral,0.0,Neutral,-12.458224570943457,-7.940315817254488,-4.517908753688969,41.86448312644528,1598.7176983173076,1619.5191799864476,1592.5528686807454,1601.831554055849
2021-02-03,1582.989990234375,1597.9300537109375,1582.5400390625,1584.02001953125,278473600,,0.0,0.0,Neutral,0.0,Neutral,-12.18494467995788,-8.789241589795168,-3.395703090162712,42.85619818202899,1594.586932842548,1619.2995879504144,1591.1867431884068,1601.07789150299
2021-02-04,1584.9000244140625,1586.550048828125,1576.3299560546875,1582.0999755859375,187635200,,0.0,0.0,Neutral,0.0,Neutral,-11.679609335877785,-9.36731513901169,-2.3122941968660946,43.64714468103255,1590.678476186899,1619.0428541533802,1590.2886405063575,1600.430776819433
2021-02-05,1578.6300048828125,1590.469970703125,1574.68994140625,1587.699951171875,137659000,,0.0,0.0,Neutral,0.0,Neutral,-11.650762868383481,-9.824004684886049,-1.8267581834974322,41.61104499126138,1586.9569373497595,1619.0477519132653,1588.6231211315653,1599.5587459419683
2021-02-08,1573.3299560546875,1586.06005859375,1572.77001953125,1580.43994140625,184060700,,0.0,0.0,Neutral,0.0,Neutral,-11.918186051155544,-10.242840958139949,-1.6753450930155953,39.915982613600605,1584.173086313101,1618.5528539540817,1586.4383832634398,1598.509594346477
2021-02-09,1586.1300048828125,1588.9599609375,1574.22998046875,1574.6700439453125,196502000,,0.0,0.0,Neutral,0.0,Neutral,-10.970799338535016,-10.388432634218963,-0.582366704316053,45.6719415377457,1582.9615478515625,1618.022650271046,1586.3943292090646,1598.0144107679303
2021-02-10,1596.8499755859375,1596.8499755859375,1586.8699951171875,1586.93994140625,165986600,,0.0,0.0,Neutral,0.0,Neutral,-9.24836707924078,-10.160419523223329,0.9120524439825495,49.99268897357108,1582.6007737379807,1617.803466796875,1587.8879929771895,1597.9678333606505
2021-02-11,1599.4200439453125,1602.5,1594.52001953125,1602.18994140625,69045700,,0.0,0.0,Neutral,0.0,Neutral,-7.588468920592959,-9.646029402697256,2.0575604821042965,50.998870970880574,1582.9561579777644,1618.5526521643815,1589.5354288297785,1598.025921784037
2021-02-15,1608.0699462890625,1614.9200439453125,1607.0,1607.0,114171800,,0.0,0.0,Neutral,0.0,Neutral,-5.511479932172506,-8.819119508592307,3.3076395764198008,54.32952684903478,1583.8276930588943,1618.6712222975127,1592.1832170382477,1598.427682764238
2021-02-16,1606.1400146484375,1613.010009765625,1605.4000244140625,1612.0400390625,198115800,,0.0,0.0,Neutral,0.0,Neutral,-3.9753551298740604,-7.850366632848658,3.8750115029745977,53.456476259164134,1586.0984637920674,1618.8226517657845,1594.177045268275,1598.7361760396057
2021-02-17,1595.2900390625,1609.510009765625,1593.800048828125,1609.510009765625,194961500,,0.0,0.0,Neutral,0.0,Neutral,-3.592060472479943,-6.998705400774916,3.4066449282949725,48.71674947017968,1587.6353853665864,1618.1497952208226,1594.3360443817355,1598.5983305605214
2021-02-18,1575.8399658203125,1599.31005859375,1575.8399658203125,1599.31005859375,192950300,Overview Investor(Group) - lottechem.my,0.0,0.0,Neutral,0.0,Neutral,-4.802396022645098,-6.559443525148953,1.7570475025038546,41.596615851480855,1587.2676908052886,1617.2108154296875,1591.6937474443894,1597.687995970913
2021-02-19,1584.9300537109375,1584.9300537109375,1573.8399658203125,1580.1800537109375,186226900,,0.0,0.0,Neutral,0.0,Neutral,-4.970801239931234,-6.241715068105409,1.2709138281741756,45.598394666705666,1588.6930776742788,1616.4361223493304,1590.7275054824677,1597.177678280514
2021-02-22,1570.4599609375,1587.510009765625,1570.4599609375,1587.510009765625,179953300,,0.0,0.0,Neutral,0.0,Neutral,-6.200404736940072,-6.233453001872343,0.033048264932270754,40.80526490845319,1587.9215369591345,1615.1863266302614,1587.8321419760437,1596.1089695867936
2021-02-23,1565.050048828125,1580.6800537109375,1565.050048828125,1573.6700439453125,235770800,,0.0,0.0,Neutral,0.0,Neutral,-7.5246693574308665,-6.491696272984048,-1.0329730844468186,39.148399533104424,1586.5415414663462,1613.5234698860013,1584.577557240627,1594.8666127564468
2021-02-24,1557.550048828125,1581.550048828125,1557.550048828125,1571.010009765625,414859700,,0.0,0.0,Neutral,0.0,Neutral,-9.074737999040963,-7.008304618195432,-2.066433380845531,36.91081042825714,1584.4376971905049,1611.5471440529336,1580.7164846102696,1593.3739501993139
2021-02-25,1581.5400390625,1587.1099853515625,1565.77001953125,1566.9000244140625,349181300,,0.0,0.0,Neutral,0.0,Neutral,-8.272032010106841,-7.261050096577714,-1.0109819135291271,47.288989498485364,1584.6615459735576,1609.4442886041136,1580.8341352463026,1592.9005937538413
2021-02-26,1577.75,1586.22998046875,1563.56005859375,1580.969970703125,399365000,Mechanomyography and Torque during FES-Evoked Muscle Contractions to Fatigue in Individuals with Spinal Cord Injury - UM Research Repository,0.0,0.0,Neutral,-0.5859,Negative,-7.851202433903836,-7.379080564042939,-0.47212186986089755,46.00152074185256,1585.0015493539663,1607.7097990074935,1580.3935444968308,1592.2945700036876
2021-03-01,1567.1400146484375,1584.4599609375,1563.1800537109375,1578.699951171875,291083800,,0.0,0.0,Neutral,0.0,Neutral,-8.278400857414681,-7.558944622717288,-0.7194562346973932,42.51216187531081,1583.540780874399,1605.5285744180485,1578.5001830899175,1591.2883877894774
2021-03-02,1569.8699951171875,1583.4300537109375,1568.6700439453125,1572.030029296875,311452100,,0.0,0.0,Neutral,0.0,Neutral,-8.300983506733246,-7.70735239952048,-0.593631107212766,43.69559910846356,1581.4653977614182,1603.2522470902422,1577.2672990938133,1590.4316520825857
2021-03-03,1588.449951171875,1588.449951171875,1568.6500244140625,1576.9000244140625,321230300,,0.0,0.0,Neutral,0.0,Neutral,-6.741916626403963,-7.514265244897177,0.772348618493214,51.07719738296605,1580.6215444711538,1601.4991853675065,1578.8648208192508,1590.352384046157
2021-03-04,1581.260009765625,1590.4599609375,1577.3900146484375,1588.8900146484375,246614300,,0.0,0.0,Neutral,0.0,Neutral,-6.017151101557374,-7.214842416229217,1.197691314671843,48.431146643021016,1578.5592416616587,1600.0455122967155,1579.206990668733,1589.9886890749358
2021-03-05,1600.1199951171875,1600.1199951171875,1579.739990234375,1582.6800537109375,232875700,,0.0,0.0,Neutral,0.0,Neutral,-3.8762430856520496,-6.547122550113785,2.670879464461735,55.014462675981605,1578.096163236178,1599.070613938935,1582.194562732798,1590.3939413166258
2021-03-08,1611.81005859375,1625.68994140625,1607.47998046875,1607.47998046875,257561700,,0.0,0.0,Neutral,0.0,Neutral,-1.2221791139700144,-5.482133862885031,4.259954748915017,58.546899849237924,1579.366933969351,1598.6602060746172,1586.4253478557912,1591.2505860077108
2021-03-09,1624.780029296875,1625.219970703125,1612.2900390625,1615.989990234375,218665000,,0.0,0.0,Neutral,0.0,Neutral,1.905785240320256,-4.004550042243974,5.91033528256423,62.10254482641655,1583.1315542367788,1598.196533203125,1591.9045880616602,1592.5917637392772
2021-03-10,1639.8299560546875,1642.199951171875,1628.8199462890625,1629.030029296875,229133700,Malaysia Foreign Exchange Rate Depreciation Does Political - UTAR Institutional Repository,-0.0625,0.1125,Negative,0.0,Neutral,5.535315171053298,-2.0965769995845194,7.631892170637817,65.77140013653711,1587.3546236478364,1598.1691844706634,1598.7510692035212,1594.4812914318936
2021-03-11,1629.4100341796875,1636.72998046875,1626.22998046875,1636.72998046875,185399900,,0.0,0.0,Neutral,0.0,Neutral,7.484664623382287,-0.18032867499115834,7.664993298373445,61.34344265627458,1591.8892446664663,1597.8734703842474,1603.1309213429736,1595.8784411418053
2021-03-12,1615.68994140625,1632.010009765625,1615.68994140625,1630.5899658203125,166695300,,0.0,0.0,Neutral,0.0,Neutral,7.8321570542671,1.4221684708604934,6.409988583406607,55.99763522379009,1595.7846210186299,1597.4795918367347,1604.9250670662989,1596.6709011523828
2021-03-15,1620.9200439453125,1624.739990234375,1619.2099609375,1619.6199951171875,151420400,,0.0,0.0,Neutral,0.0,Neutral,8.432369764723035,2.8242087296330016,5.608161035090033,57.517459861056594,1600.6592360276443,1597.000204280931,1607.210063763301,1597.6408668641
2021-03-16,1623.9599609375,1625.52001953125,1617.9200439453125,1623.800048828125,154718200,,0.0,0.0,Neutral,0.0,Neutral,9.049027007166615,4.069172385139725,4.97985462202689,58.41649113813519,1603.9223069411057,1596.933877750319,1609.6029062167581,1598.6936306270359
2021-03-17,1624.969970703125,1625.6700439453125,1616.9100341796875,1625.6099853515625,201888500,,0.0,0.0,Neutral,0.0,Neutral,9.509610788023792,5.157260065716539,4.3523507223072535,58.72899679389848,1607.5546123798076,1597.391021105708,1611.798201143382,1599.7446842300794
2021-03-18,1627.989990234375,1635.1500244140625,1626.1800537109375,1626.1800537109375,174422500,,0.0,0.0,Neutral,0.0,Neutral,10.003008632635328,6.126409779100297,3.8765988535350315,59.70413482755764,1612.235379732572,1597.7918377311862,1614.111313870667,1600.8744964702512
2021-03-19,1626.18994140625,1631.0400390625,1615.1600341796875,1631.0400390625,323782900,,0.0,0.0,Neutral,0.0,Neutral,10.131985856424762,6.92752499456519,3.2044608618595722,58.81217048118548,1616.5676832932693,1598.4902044802295,1615.8368320900358,1601.887114267691
2021-03-22,1616.72998046875,1628.469970703125,1616.72998046875,1628.469970703125,153698000,,0.0,0.0,Neutral,0.0,Neutral,9.362931403052698,7.414606276262692,1.9483251267900066,54.22706894912497,1618.7430701622595,1598.771429567921,1615.9644247155666,1602.4808289157334
2021-03-23,1595.2900390625,1616.780029296875,1595.2900390625,1616.780029296875,164102600,,0.0,0.0,Neutral,0.0,Neutral,6.9433870735242635,7.3203624357150066,-0.376975362190743,45.558119450121545,1619.8223031850962,1597.9979621731504,1613.010941050843,1602.193197321604
2021-03-24,1602.4000244140625,1602.77001953125,1585.43994140625,1591.6600341796875,124110000,,0.0,0.0,Neutral,0.0,Neutral,5.535784084718898,6.963446765515785,-1.427662680796887,48.49847741844206,1619.9976900540864,1597.694901446907,1611.4950958170173,1602.2014704053022
2021-03-25,1597.72998046875,1608.050048828125,1594.3299560546875,1607.8599853515625,110480800,,0.0,0.0,Neutral,0.0,Neutral,3.9973362535815795,6.370224663128945,-2.3728884095473655,46.7138415567716,1618.9146071213943,1597.4028594347894,1609.528650767265,1602.02261080784
2021-03-26,1601.4200439453125,1603.010009765625,1593.239990234375,1598.739990234375,98128000,,0.0,0.0,Neutral,0.0,Neutral,3.0408099822618624,5.704341726955528,-2.6635317446936657,48.33170981488375,1617.117685171274,1596.683065609056,1608.370278364129,1601.9985081333389
2021-03-29,1611.280029296875,1611.280029296875,1597.8299560546875,1603.5899658203125,118893300,,0.0,0.0,Neutral,0.0,Neutral,3.0432932452297337,5.17213203061037,-2.128838785380636,52.48319146228051,1614.9215369591345,1596.184495575574,1608.7859570688072,1602.3697689798803
2021-03-30,1609.18994140625,1610.6099853515625,1601.0799560546875,1606.1500244140625,195281600,,0.0,0.0,Neutral,0.0,Neutral,2.8438267591834574,4.7064709763249875,-1.86264421714153,51.53787226006113,1613.3661452073318,1595.820820711097,1608.8436691170134,1602.6425758769349
2021-03-31,1573.510009765625,1608.9599609375,1564.06005859375,1608.9599609375,282957300,Causes Of Fan Wobbling Noise And Action To Improve - KDK Fans Malaysia,0.1,0.1,Positive,0.6369,Positive,-0.19112103750285314,3.72695257355942,-3.918073611062273,38.71729901918427,1610.1215350811299,1595.0859225526149,1603.7960034953865,1601.4772732324825
2021-04-01,1582.6400146484375,1586.260009765625,1576.3299560546875,1579.969970703125,129797600,PREFERRED SAVINGS ACCOUNT-i - CIMB Malaysia,0.0,0.0,Neutral,0.0,Neutral,-1.8384316449671587,2.6138757298541044,-4.452307374821263,42.64877255012817,1607.1769174429087,1594.6932696906888,1600.7737193743937,1600.7237828891207
2021-04-02,1585.3499755859375,1588.719970703125,1582.6500244140625,1586.510009765625,71636100,,0.0,0.0,Neutral,0.0,Neutral,-2.8919296057160864,1.5127146627400663,-4.404644268456153,43.8012197887525,1604.2069185697114,1594.3628602319834,1598.5703274046145,1600.1088305969934
2021-04-05,1584.239990234375,1590.6700439453125,1582.199951171875,1584.8900146484375,62205300,,0.0,0.0,Neutral,0.0,Neutral,-3.77290912317153,0.45558990555774703,-4.228499028729277,43.416388013423756,1601.0738431490386,1594.147348832111,1596.5231363802948,1599.4740769824884
2021-04-06,1578.9100341796875,1589.06005859375,1575.1800537109375,1588.27001953125,110036800,,0.0,0.0,Neutral,0.0,Neutral,-4.845320805048459,-0.6045922365634941,-4.240728568484965,41.52955668456331,1597.2984619140625,1593.7834721779336,1594.0069789230652,1598.6515152703764
2021-04-07,1600.5899658203125,1600.5899658203125,1580.9000244140625,1584.3800048828125,135168300,,0.0,0.0,Neutral,0.0,Neutral,-3.9008588203146246,-1.2638455533137203,-2.6370132670009045,50.88044330027834,1595.3292330228364,1594.2726552535078,1594.947405622672,1598.729053292374
2021-04-08,1602.4000244140625,1609.3900146484375,1596.6400146484375,1599.81005859375,270051300,"EXAMINING THE RELATIONSHIP BETWEEN OPERATIONAL RISK, CREDIT RISK AND LIQUIDITY RISK WITH PERFORMANCE OF MALAYSIA BANKS BY MAYTHA - UUM eThesis",0.0,0.0,Neutral,-0.6329,Negative,-2.9720493567588164,-1.6054863140027393,-1.366563042756077,51.57673288810181,1594.2269287109375,1594.8255116988203,1596.0120654500136,1598.8758921372414
2021-04-09,1612.25,1615.489990234375,1605.3699951171875,1614.949951171875,286765100,,0.0,0.0,Neutral,0.0,Neutral,-1.4247270880664473,-1.569334468815481,0.1446073807490338,55.29087752232634,1595.5315410907451,1595.471022002551,1598.331770385726,1599.4108564517517
2021-04-12,1608.4200439453125,1613.9599609375,1603.3199462890625,1613.9599609375,148809600,,0.0,0.0,Neutral,0.0,Neutral,-0.5017249150992029,-1.3558125580722256,0.8540876429730226,53.5703081468421,1595.994619516226,1596.328573421556,1599.77295232281,1599.771223951494
2021-04-13,1597.7099609375,1608.7900390625,1594.8900146484375,1608.7099609375,118420400,,0.0,0.0,Neutral,0.0,Neutral,-0.6272229976987092,-1.2100946459975221,0.582871648298813,48.98019931023193,1595.9930795522837,1596.6800013950892,1599.4782392677657,1599.6887734309341
2021-04-14,1598.280029296875,1601.3699951171875,1592.8699951171875,1600.18994140625,102835400,,0.0,0.0,Neutral,0.0,Neutral,-0.6729243272186523,-1.1026605822417481,0.42973625502309587,49.229560319311496,1595.7515399639424,1596.9920430086097,1599.3070664147815,1599.6324236655717
2021-04-15,1608.25,1608.25,1597.780029296875,1599.81005859375,271930500,,0.0,0.0,Neutral,0.0,Neutral,0.09426373938640609,-0.8632757179161173,0.9575394573025234,53.50921111183613,1595.5184607872595,1597.4685731226084,1600.584628355527,1599.9771267189487
2021-04-16,1608.3800048828125,1609.760009765625,1600.300048828125,1607.43994140625,247719600,,0.0,0.0,Neutral,0.0,Neutral,0.7046335401771557,-0.5496938662974628,1.2543274064746184,53.564177982419395,1595.4561579777644,1598.0757159797513,1601.6982535737106,1600.3132418455034
2021-04-19,1600.2900390625,1608.6199951171875,1596.050048828125,1608.1099853515625,184998100,,0.0,0.0,Neutral,0.0,Neutral,0.5294600874365187,-0.33386307555066647,0.8633231629871851,49.63171129553778,1597.5161602313701,1598.625921755421,1601.4970800721092,1600.3123137341831
2021-04-20,1607.5699462890625,1607.5699462890625,1591.8299560546875,1600.4300537109375,146388800,,0.0,0.0,Neutral,0.0,Neutral,0.9669155361270896,-0.07370735321511526,1.040622889342205,52.97722421602786,1599.433847280649,1599.0634715800384,1602.364632388817,1600.6026190363782
2021-04-21,1596.5799560546875,1605.72998046875,1596.5799560546875,1604.8699951171875,141522500,,0.0,0.0,Neutral,0.0,Neutral,0.4219379283856597,0.025421703105039738,0.39651622528061997,47.814045568775946,1600.2976919320913,1599.0579609773597,1601.53825005537,1600.4417125171105
2021-04-22,1607.72998046875,1609.0999755859375,1598.18994140625,1599.8900146484375,176049300,,0.0,0.0,Neutral,0.0,Neutral,0.8796133977625686,0.1962600420365455,0.6833533557260232,52.83630319219413,1602.1046142578125,1599.2275515186543,1602.4227829715674,1600.733243235176
2021-04-23,1608.4300537109375,1610.81005859375,1605.43994140625,1607.280029296875,153568100,,0.0,0.0,Neutral,0.0,Neutral,1.2840132589276436,0.4138106854147652,0.8702025735128784,53.14122510087282,1604.3753849909856,1599.234900649713,1603.2809645057632,1601.0411156542064
2021-04-26,1623.469970703125,1623.469970703125,1609.43994140625,1610.739990234375,214928700,,0.0,0.0,Neutral,0.0,Neutral,2.785983585326221,0.8882452653970564,1.8977383199291649,59.23827793293812,1606.1353853665864,1599.5885732222578,1606.1651082482435,1601.938269856163
2021-04-27,1606.6800537109375,1623.25,1603.8199462890625,1623.2099609375,191167600,,0.0,0.0,Neutral,0.0,Neutral,2.5916252652036746,1.22892126535838,1.3627039998452946,51.22518217032624,1606.464618389423,1599.8210225007972,1606.2386718857713,1602.127941210354
2021-04-28,1608.5,1608.5,1597.7900390625,1606.52001953125,140500200,,0.0,0.0,Neutral,0.0,Neutral,2.554996937566557,1.4941363998000154,1.0608605377665414,51.983382856855734,1606.1761568509614,1600.4875538105866,1606.5617187592325,1602.3828235619396
2021-04-30,1601.6500244140625,1615.5999755859375,1600.050048828125,1615.2099609375,218697900,,0.0,0.0,Neutral,0.0,Neutral,1.9507459567780643,1.5854583111956253,0.365287645582439,48.90210270365701,1605.6553861177886,1600.8287777024873,1605.8600481384938,1602.3535115960244
2021-05-03,1590.72998046875,1602.0899658203125,1588.8900146484375,1602.0899658203125,130410800,,0.0,0.0,Neutral,0.0,Neutral,0.5839846063142886,1.385163570219358,-0.8011789639050695,44.38534971676039,1605.1184645432693,1601.242451570472,1603.698609899959,1601.8885703509334
2021-05-04,1588.25,1597.4200439453125,1587.8699951171875,1591.6700439453125,121073200,,0.0,0.0,Neutral,0.0,Neutral,-0.6913281085794551,0.9698652344595955,-1.6611933430390506,43.404854080087496,1604.346923828125,1601.7159199617347,1601.4916656285363,1601.343027536896
2021-05-05,1575.6700439453125,1592.1800537109375,1575.3800048828125,1591.97998046875,129302100,,0.0,0.0,Neutral,0.0,Neutral,-2.686155611977256,0.23866106517222518,-2.9248166771494812,38.73095076521378,1601.8407733623799,1602.0857157804528,1597.802862530933,1600.3161081932326
2021-05-06,1578.3299560546875,1578.3299560546875,1556.0,1572.0899658203125,249623100,,0.0,0.0,Neutral,0.0,Neutral,-4.006256472159748,-0.6103224422941695,-3.395934029865579,40.197292238898704,1599.5292311448318,1602.0202038823343,1595.0210187486123,1599.4366621076908
2021-05-07,1587.449951171875,1590.0400390625,1573.4000244140625,1578.6700439453125,135461200,,0.0,0.0,Neutral,0.0,Neutral,-4.267347205436863,-1.3417273949227084,-2.9256198105141547,45.052973542354415,1598.541532076322,1602.2181620695153,1593.9394376662212,1598.957193670258
2021-05-10,1583.9200439453125,1591.52001953125,1580.0,1587.47998046875,120560600,,0.0,0.0,Neutral,0.0,Neutral,-4.704862775730817,-2.01435447108433,-2.6905083046464866,43.57811247827039,1596.7223088191106,1602.5606116470026,1592.5080957060916,1598.3557076812601
2021-05-11,1577.6400146484375,1581.260009765625,1571.9599609375,1579.31005859375,113321700,,0.0,0.0,Neutral,0.0,Neutral,-5.494999958182461,-2.7104835685039568,-2.7845163896785046,41.006177419030344,1595.265390249399,1602.719183474171,1590.3840841264268,1597.5270799599473
2021-05-12,1582.52001953125,1583.1300048828125,1572.989990234375,1576.2900390625,125837600,Sukuk Market Liquidity Determinants: A Case Study on Sovereign Sukuk in Indonesia - eJournal UM,0.0,0.0,Neutral,0.0,Neutral,-5.662144085312548,-3.300815671865675,-2.3613284134468726,43.782722096004036,1593.326162484976,1602.598164461097,1589.2606463271159,1596.9267975427992
2021-05-17,1583.4599609375,1583.4599609375,1583.4599609375,1583.4599609375,0,,0.0,0.0,Neutral,0.0,Neutral,-5.653590521906608,-3.771370641873862,-1.8822198800327459,44.326240043201125,1591.4053861177886,1602.6430614237884,1588.4319769857423,1596.3881240785872
2021-05-18,1591.3199462890625,1591.3199462890625,1580.25,1583.25,133726000,,0.0,0.0,Neutral,0.0,Neutral,-4.955453251627205,-4.008187163824531,-0.9472660878026735,48.78530978582794,1588.9323073167068,1602.4634685905612,1588.8445440290739,1596.1853969670062
2021-05-19,1580.52001953125,1591.3199462890625,1574.280029296875,1591.219970703125,183977300,,0.0,0.0,Neutral,0.0,Neutral,-5.213539823950441,-4.249257695849714,-0.9642821281007272,43.61609849491887,1586.9199969951924,1601.824896364796,1587.6553262436705,1595.558781869576
2021-05-20,1575.3199462890625,1585.3199462890625,1570.3199462890625,1577.8499755859375,185675800,,0.0,0.0,Neutral,0.0,Neutral,-5.77115150165514,-4.5536364570108,-1.2175150446443403,41.34452616467816,1584.367685171274,1600.815506915657,1585.8931291072981,1594.7492284463553
2021-05-21,1562.1700439453125,1574.699951171875,1552.0699462890625,1569.4300537109375,174750200,TM Lee - Star Media Group Events,0.0,0.0,Neutral,0.0,Neutral,-7.191253698199716,-5.081159905248583,-2.110093792951133,36.20890586119754,1581.3307635967549,1599.2306107501595,1582.5041169413003,1593.4460610663136
2021-05-24,1571.8199462890625,1576.9599609375,1563.5699462890625,1563.780029296875,143036100,,0.0,0.0,Neutral,0.0,Neutral,-7.4521249905983495,-5.555352922318537,-1.8967720682798124,41.91123289924913,1579.8761455829326,1598.0553028340241,1580.9778068481237,1592.5810164752236
2021-05-25,1577.8199462890625,1577.8199462890625,1567.3699951171875,1569.0,166737100,,0.0,0.0,Neutral,0.0,Neutral,-7.092954350847094,-5.862873208024249,-1.2300811428228453,45.19181211249704,1579.0738337590144,1597.2824457908164,1580.526683911115,1591.990573667777
2021-05-27,1593.9000244140625,1593.9000244140625,1593.9000244140625,1593.9000244140625,0,,0.0,0.0,Neutral,0.0,Neutral,-5.447980188923793,-5.779894604204158,0.331914415280365,52.87332489530803,1580.4761399489182,1596.7310168207907,1582.437161125822,1592.0669516976284
2021-05-28,1594.43994140625,1594.6199951171875,1580.780029296875,1585.1700439453125,171210500,,0.0,0.0,Neutral,0.0,Neutral,-4.054027222924333,-5.434721127948194,1.3806939050238611,53.11095215118421,1581.7153695913462,1596.128567442602,1584.1518440230261,1592.1618712859731
2021-05-31,1583.550048828125,1585.969970703125,1568.469970703125,1571.0400390625,110858000,,0.0,0.0,Neutral,0.0,Neutral,-3.7844084697790095,-5.104658596314358,1.3202501265353481,47.86821625950105,1581.4153771033655,1595.2832629145407,1584.0658732808974,1591.817398387659
2021-06-01,1585.9000244140625,1588.300048828125,1580.0999755859375,1585.739990234375,123977600,,0.0,0.0,Neutral,0.0,Neutral,-3.342579103965818,-4.7522426978446495,1.4096635938788316,49.03731352436841,1581.5676832932693,1594.4242840202487,1584.3278948713496,1591.5807034287152
2021-06-02,1597.93994140625,1598.6099853515625,1585.469970703125,1585.469970703125,150289300,,0.0,0.0,Neutral,0.0,Neutral,-1.9978752071119743,-4.201369199698115,2.2034939925861403,54.64884309200696,1583.1292161207932,1593.8477534080039,1586.272472947764,1591.8350729478166
2021-06-03,1590.5699462890625,1599.719970703125,1586.6099853515625,1599.0799560546875,125694200,,0.0,0.0,Neutral,0.0,Neutral,-1.5094842977614462,-3.662992219310781,2.153507921549335,50.950511232199915,1583.7484412560095,1593.3138751594388,1586.8863977108067,1591.7844678814665
2021-06-04,1578.449951171875,1590.31005859375,1573.3399658203125,1590.300048828125,151652300,,0.0,0.0,Neutral,0.0,Neutral,-2.076476964481799,-3.3456891683449848,1.269212203863186,45.49754511885836,1583.363055889423,1592.9701998963649,1585.681191062388,1591.2510872130829
2021-06-08,1587.9599609375,1591.550048828125,1577.1800537109375,1581.43994140625,189900000,,0.0,0.0,Neutral,0.0,Neutral,-1.738405175457956,-3.0242323697675793,1.2858271943096233,50.01779902987163,1583.1045954777644,1592.6755047233737,1586.0067296159755,1591.1194421620596
2021-06-09,1581.47998046875,1590.77001953125,1581.47998046875,1589.510009765625,156299700,,0.0,0.0,Neutral,0.0,Neutral,-1.9706447493658743,-2.8135148456872385,0.8428700963213642,47.14839877856375,1583.178438626803,1592.3438720703125,1585.360051166372,1590.733863694327
2021-06-10,1579.9000244140625,1586.280029296875,1579.9000244140625,1583.3499755859375,116791600,,0.0,0.0,Neutral,0.0,Neutral,-2.2561777218970747,-2.702047420929206,0.44586969903213136,46.44872381316096,1583.530752328726,1591.9046879982461,1584.5800473446136,1590.3005101231165
2021-06-11,1575.1600341796875,1584.0899658203125,1571.5799560546875,1583.27001953125,118198800,,0.0,0.0,Neutral,0.0,Neutral,-2.832293343324409,-2.728096605408247,-0.10419673791616191,44.32361261335309,1584.5299823467549,1591.1675452407526,1583.2343311781956,1589.6948910853791
2021-06-14,1582.4599609375,1587.469970703125,1578.199951171875,1582.4599609375,146222800,,0.0,0.0,Neutral,0.0,Neutral,-2.669058794322609,-2.7162890431911197,0.04723024886851057,48.250427087116236,1585.3484450120193,1590.622035435268,1583.1237068580963,1589.405493879464
2021-06-15,1581.3699951171875,1586.0999755859375,1578.6300048828125,1586.0999755859375,144042400,,0.0,0.0,Neutral,0.0,Neutral,-2.597700694083187,-2.692571373369533,0.09487067928634607,47.70935892941465,1585.6215256911057,1590.7824432995856,1582.8731766093952,1589.0840739289729
2021-06-16,1578.3199462890625,1584.949951171875,1576.4599609375,1582.9200439453125,156285700,,0.0,0.0,Neutral,0.0,Neutral,-2.75549866230358,-2.7051568311563425,-0.05034183114723767,46.14980887880428,1584.4230581430288,1590.69427863919,1582.222715135062,1588.6535088233766
2021-06-17,1570.8599853515625,1578.75,1568.6700439453125,1578.75,139278200,,0.0,0.0,Neutral,0.0,Neutral,-3.44282445393128,-2.8526903557113306,-0.5901340982199494,42.49125279657205,1582.6092153695913,1590.3985645527741,1580.5994680231336,1587.941767884504
2021-06-18,1589.050048828125,1589.050048828125,1565.739990234375,1571.0899658203125,301725900,,0.0,0.0,Neutral,0.0,Neutral,-2.4910339056070825,-2.7803590656904813,0.2893251600833988,52.40019561944481,1583.0322922926682,1590.4967290138711,1581.806693852418,1587.9860991222488
2021-06-21,1572.239990234375,1580.6500244140625,1567.8399658203125,1580.510009765625,109189500,,0.0,0.0,Neutral,0.0,Neutral,-3.0579145443916786,-2.835870161430721,-0.22204438296095752,44.72991603324103,1581.9815204326924,1590.3606056680485,1580.4400219069835,1587.3562547667336
2021-06-22,1574.02001953125,1577.5699462890625,1571.2099609375,1571.56005859375,130993000,,0.0,0.0,Neutral,0.0,Neutral,-3.3252071289380183,-2.933737554932181,-0.3914695740058374,45.637363317495705,1580.1415264423076,1589.8183618662308,1579.5228787104502,1586.8228053573143
2021-06-23,1564.760009765625,1573.6600341796875,1564.5400390625,1571.760009765625,113746300,,0.0,0.0,Neutral,0.0,Neutral,-4.2354205354110945,-3.1940741510279635,-1.041346384383131,41.79316714052338,1578.1561467097356,1589.050198301977,1577.4138974326181,1585.9402935336468
2021-06-24,1555.7099609375,1567.5899658203125,1554.1500244140625,1565.9599609375,155098200,,0.0,0.0,Neutral,0.0,Neutral,-5.622225013547677,-3.6797043235319062,-1.9425206900157708,38.38968333819108,1576.4069166917068,1587.8963199537627,1574.3133350761727,1584.7310802298007
2021-06-25,1559.6800537109375,1563.469970703125,1556.1600341796875,1556.1600341796875,119037900,,0.0,0.0,Neutral,0.0,Neutral,-6.327979240832747,-4.2093593069920745,-2.118619933840672,40.672185365748504,1574.2315392127405,1586.9016262755101,1572.2228663097105,1583.7290391690462
2021-06-28,1544.7099609375,1557.5799560546875,1539.5999755859375,1557.4599609375,115406200,,0.0,0.0,Neutral,0.0,Neutral,-8.003002298372166,-4.968087905268093,-3.0349143931040734,35.35355997122977,1571.403076171875,1585.819993622449,1568.2924512565378,1582.1682760397844
2021-06-29,1548.31005859375,1549.260009765625,1541.719970703125,1542.3900146484375,106857400,,0.0,0.0,Neutral,0.0,Neutral,-8.936952717901704,-5.761860867794816,-3.175091850106888,37.471220395036426,1568.9730788010818,1584.800198301977,1565.4378237332826,1580.813947341943
2021-06-30,1532.6300048828125,1551.949951171875,1531.6600341796875,1547.300048828125,146788700,,0.0,0.0,Neutral,0.0,Neutral,-10.817665135010884,-6.773021721238029,-4.044643413772855,32.48060836538295,1565.7015380859375,1583.2569330955039,1560.7509924689298,1578.8865896435777
2021-07-01,1534.22998046875,1541.1099853515625,1531.8399658203125,1533.3399658203125,104833600,Bolts and tightening system - pjmotors.com.my,0.0,0.0,Neutral,0.0,Neutral,-12.040246154266242,-7.826466607843672,-4.21377954642257,33.45453209508324,1561.9915395883413,1581.7436672911351,1556.9622764689043,1577.1003252765847
2021-07-02,1533.3499755859375,1536.0,1529.6800537109375,1533.699951171875,87817700,,0.0,0.0,Neutral,0.0,Neutral,-12.931097813516772,-8.847392848978293,-4.083704964538478,33.17112349964566,1558.2976919320913,1580.3775435467155,1553.5890906284806,1575.3503112889587
2021-07-05,1532.3599853515625,1535.8800048828125,1525.4000244140625,1534.0400390625,87054900,,0.0,0.0,Neutral,0.0,Neutral,-13.560669157113125,-9.79004811060526,-3.7706210465078644,32.834135714934234,1554.7623103215144,1578.8426463847259,1550.5563613032066,1573.630698251463
2021-07-06,1531.6300048828125,1536.469970703125,1530.75,1531.9200439453125,99833000,,0.0,0.0,Neutral,0.0,Neutral,-13.957617578724467,-10.623562004229102,-3.3340555744953644,32.57137821194537,1551.744619516226,1577.5171371771364,1547.8525961002933,1571.9506705167169
2021-07-07,1530.1500244140625,1531.030029296875,1523.4200439453125,1530.9599609375,101657600,LIQUIDITY ANALYSIS: A CASE STUDY IN CTRM AC MELAKA - UiTM Institutional Repository,0.0,0.0,Neutral,0.0,Neutral,-14.227617005371712,-11.344373004457626,-2.883244000914086,32.01204275269876,1547.213848407452,1575.933872767857,1545.3236572879748,1570.2786446726107
2021-07-08,1508.7099609375,1525.9000244140625,1501.2099609375,1525.9000244140625,190293600,,0.0,0.0,Neutral,0.0,Neutral,-15.987335386141694,-12.27296548079444,-3.7143699053472545,25.247857252224634,1542.326923076923,1573.8987688337054,1540.093129237907,1567.8158973232062
2021-07-09,1520.5799560546875,1522.800048828125,1508.3599853515625,1508.3599853515625,137225100,,0.0,0.0,Neutral,0.0,Neutral,-16.236946069577243,-13.065761598551001,-3.1711844710262422,33.611648120476914,1538.2161489633413,1571.7989726163903,1537.3055330688758,1565.9264596724654
2021-07-12,1512.8900146484375,1525.4200439453125,1509.25,1522.22998046875,70680200,,0.0,0.0,Neutral,0.0,Neutral,-16.860916192202467,-13.824792517281296,-3.0361236749211713,31.17785881327613,1534.2261493389424,1569.8848901865433,1533.817601865956,1563.8050018715044
2021-07-13,1519.56005859375,1520.030029296875,1513.5400390625,1513.8299560546875,97812800,MPSAS 5 - anm.gov.my,0.0,0.0,Neutral,0.0,Neutral,-16.625551202129373,-14.384944254250913,-2.24060694787846,35.537875326595184,1531.4453876201924,1568.069789341518,1531.7808099699268,1562.0352041403942
2021-07-14,1512.3199462890625,1522.8699951171875,1509.5699462890625,1520.77001953125,149335700,The Impact of Stock Market Development on Economic Growth in Malaysia - TAR UMT Institutional Repository,0.2,0.2,Positive,0.3818,Positive,-16.829242277493222,-14.873803858899375,-1.9554384185938467,33.087538934432914,1527.8023024338943,1566.2467265226403,1529.0006865869464,1560.0465938263408
2021-07-15,1520.8199462890625,1523.949951171875,1511.5999755859375,1512.5699462890625,130878500,,0.0,0.0,Neutral,0.0,Neutral,-16.118980387507918,-15.122839164621086,-0.9961412228868323,38.452913614702155,1525.964608999399,1564.819991131218,1527.8320094015344,1558.4775279248495
2021-07-16,1522.47998046875,1525.3699951171875,1511.780029296875,1523.9000244140625,109839000,,0.0,0.0,Neutral,0.0,Neutral,-15.246390933584053,-15.14754951841368,-0.09884141517037293,39.473665552001044,1523.9776799128606,1563.477745834662,1527.067433839708,1557.0376260266055
2021-07-19,1519.969970703125,1533.800048828125,1518.72998046875,1522.6700439453125,135999200,,0.0,0.0,Neutral,0.0,Neutral,-14.589218881943225,-15.03588339111959,0.44666450917636524,38.43568223573424,1523.0038311298076,1562.341009646046,1526.053510534482,1555.5549198136662
2021-07-21,1516.52001953125,1521.5699462890625,1515.3399658203125,1521.3699951171875,157913600,,0.0,0.0,Neutral,0.0,Neutral,-14.183291369360859,-14.865364986767844,0.682073617406985,36.995702390040435,1521.6415264423076,1561.0795823700573,1524.6915832483062,1553.9935238023693
2021-07-22,1527.6199951171875,1527.6199951171875,1518.010009765625,1519.0,115176100,,0.0,0.0,Neutral,0.0,Neutral,-12.818155905418052,-14.455923170497886,1.6377672650798338,44.2347175210914,1521.2007587139424,1559.8585628587373,1525.1099278010036,1552.938582654962
2021-07-23,1523.43994140625,1529.6500244140625,1523.1600341796875,1528.2099609375,81841000,,0.0,0.0,Neutral,0.0,Neutral,-11.93598105556157,-13.951934747510624,2.015953691949054,42.26530004015618,1520.5146014873799,1558.6242750518177,1524.8713583160388,1551.7586370050135
2021-07-26,1512.530029296875,1525.72998046875,1512.530029296875,1524.469970703125,88319400,,0.0,0.0,Neutral,0.0,Neutral,-11.979102226870964,-13.557368243382692,1.5782660165117282,37.564457305195965,1519.0453725961538,1557.2954998405612,1523.108311313301,1550.189492696688
2021-07-27,1514.5999755859375,1517.3900146484375,1511.8499755859375,1515.72998046875,111563800,,0.0,0.0,Neutral,0.0,Neutral,-11.711248714360863,-13.188144337578327,1.4768956232174641,38.95181057476837,1517.8492149939905,1555.9093764947386,1521.8928347808207,1548.7659120122578
2021-07-28,1515.3900146484375,1516.3499755859375,1509.81005859375,1511.4599609375,80066500,,0.0,0.0,Neutral,0.0,Neutral,-11.304907390863264,-12.811496948235316,1.5065895573720525,39.50433766823523,1518.363065279447,1554.5201939174108,1520.9638604761947,1547.4308761177049
2021-07-29,1512.9300537109375,1520.0400390625,1511.510009765625,1514.969970703125,112971300,,0.0,0.0,Neutral,0.0,Neutral,-11.053954150762365,-12.459988388740726,1.4060342379783606,38.340732801170226,1517.7746112530049,1552.9204001913265,1519.8161737954438,1546.0508432214342
2021-07-30,1494.5999755859375,1512.010009765625,1494.5999755859375,1511.97998046875,166143200,MONETARY AND FINANCIAL DEVELOPMENTS Interest rates lowered in line with OPR reductions - Bank Negara Malaysia | MONETARY AND FINANCIAL DEVELOPMENTS Interest rates lowered in line with OPR reductions - Bank Negara Malaysia,0.0,0.0,Neutral,0.6124,Positive,-12.193595831301536,-12.406709877252888,0.21311404595135208,31.010874947896312,1516.367685171274,1551.1669299067282,1516.2138597655144,1543.9928085160143
2021-08-02,1493.0,1499.739990234375,1486.22998046875,1497.3900146484375,102338600,,0.0,0.0,Neutral,0.0,Neutral,-13.07515251286668,-12.540398404375647,-0.5347541084910326,30.46342106574467,1514.3246037409856,1549.4869310028698,1512.8975940847267,1541.9530961753737
2021-08-03,1500.260009765625,1500.260009765625,1489.739990234375,1493.1500244140625,139077200,,0.0,0.0,Neutral,0.0,Neutral,-13.037680159423417,-12.639854755385201,-0.3978254040382154,35.98570835810108,1513.3969163161057,1548.2234609175703,1511.0922248962836,1540.2853727189836
2021-08-04,1491.3299560546875,1497.8800048828125,1483.72998046875,1497.280029296875,133527200,,0.0,0.0,Neutral,0.0,Neutral,-13.572112883274485,-12.826306380963059,-0.7458065023114262,32.560419389366544,1511.1284555288462,1546.5808080556442,1508.2690436331986,1538.3271560524117
2021-08-05,1495.780029296875,1498.9200439453125,1491.010009765625,1493.6500244140625,121413400,,0.0,0.0,Neutral,0.0,Neutral,-13.48116842955551,-12.95727879068155,-0.5238896388739605,35.83792419589936,1509.0746131310095,1544.9065240353955,1506.4848987280097,1536.6252709821902
2021-08-06,1489.800048828125,1498.5899658203125,1486.050048828125,1494.8599853515625,114709800,,0.0,0.0,Neutral,0.0,Neutral,-13.733319582358945,-13.112486949017029,-0.6208326333419159,33.48303446289434,1506.7538499098557,1542.7820347377233,1504.101348742312,1534.7522620960274
2021-08-09,1496.72998046875,1497.199951171875,1491.760009765625,1491.760009765625,82638200,,0.0,0.0,Neutral,0.0,Neutral,-13.22155377823924,-13.134300314861473,-0.08725346337776685,38.52435908280169,1505.2315392127405,1540.787953902264,1503.0482961318032,1533.2313708309364
2021-08-11,1504.43994140625,1514.52001953125,1498.530029296875,1499.4300537109375,130603000,Reference Rate Framework - Bank Negara Malaysia,0.0,0.0,Neutral,0.0,Neutral,-12.054885067424948,-12.918417265374169,0.8635321979492208,43.64206382071359,1503.448458158053,1539.1734619140625,1503.2471025995815,1532.079713653949
2021-08-12,1501.969970703125,1505.2900390625,1497.1800537109375,1505.2900390625,80529000,,0.0,0.0,Neutral,0.0,Neutral,-11.200485477521397,-12.574830907803616,1.3743454302822187,42.42362359251292,1501.7969219501201,1537.4606036750638,1503.0646551858022,1530.875323935916
2021-08-13,1505.1099853515625,1507.5400390625,1498.800048828125,1503.3599853515625,64811000,,0.0,0.0,Neutral,0.0,Neutral,-10.152957730256958,-12.090456272294285,1.9374985420373267,44.543337428067446,1501.2261493389424,1535.5661147759886,1503.3568452094823,1529.8447103925416
2021-08-16,1502.9000244140625,1502.9000244140625,1493.5999755859375,1499.9200439453125,96664900,,0.0,0.0,Neutral,0.0,Neutral,-9.392835065958707,-11.55093203102717,2.158096965068463,43.33413057510452,1500.326153094952,1533.776932696907,1503.2915850958511,1528.7669229534024
2021-08-17,1523.5899658203125,1524.7099609375,1505.27001953125,1505.27001953125,143637800,,0.0,0.0,Neutral,0.0,Neutral,-7.039776854218189,-10.648700995665374,3.6089241414471847,55.51087205952853,1500.9569185697114,1532.6573411591198,1506.1913537707742,1528.5598446680788
2021-08-18,1525.239990234375,1526.3399658203125,1518.949951171875,1524.97998046875,98883800,,0.0,0.0,Neutral,0.0,Neutral,-4.984361471770171,-9.515833090886334,4.531471619116163,56.31706161285184,1501.903836763822,1531.3773417570153,1508.9125875512887,1528.4270504907306
2021-08-19,1514.949951171875,1524.6800537109375,1513.780029296875,1524.6800537109375,86339400,,0.0,0.0,Neutral,0.0,Neutral,-4.1380492714561115,-8.440276327000289,4.3022270555441775,50.20683328011615,1503.469219501202,1530.019586057079,1509.7750680685153,1527.8879665179763
2021-08-20,1518.030029296875,1522.6800537109375,1515.7900390625,1517.22998046875,71866900,,0.0,0.0,Neutral,0.0,Neutral,-3.18212266270325,-7.388645594140881,4.206522931437631,51.889457361830004,1505.3946063701924,1528.7569330955039,1510.9543482439954,1527.4936490291323
2021-08-23,1522.4300537109375,1524.8599853515625,1519.530029296875,1519.989990234375,96734800,FORMAT INSTRUCTIONS FOR SOMChE 2004 PAPERS - Journal of Engineering Science and Technology (JESTEC) | Get your Touch 'n Go Card refund for - customerservice.touchngo.com.my,0.0,0.0,Neutral,0.0,Neutral,-2.0459147092801686,-6.320099417168739,4.27418470788857,54.26698317744164,1507.0999943659856,1527.6808110451211,1512.5937347392728,1527.2911052164045
2021-08-24,1553.3699951171875,1553.3699951171875,1522.81005859375,1524.2099609375,201073600,,0.0,0.0,Neutral,0.0,Neutral,1.3357354485647193,-4.788932444022047,6.124667892586766,66.72089336202123,1511.872305063101,1527.087138273278,1518.4189147932607,1528.3342608124358
2021-08-25,1569.800048828125,1569.800048828125,1554.5799560546875,1554.5799560546875,171038200,,0.0,0.0,Neutral,0.0,Neutral,5.280613954317687,-2.7750231643541,8.055637118671786,71.20518947828344,1517.566152719351,1526.85101692044,1525.7590767982413,1529.9928923330633
2021-08-26,1585.739990234375,1590.9100341796875,1570.719970703125,1570.719970703125,221320600,"Preparing Our Financial Sector for Risks from Climate Change - Bank Negara Malaysia | HADA LABO, Kouji Tightening & Hydrating Gel Emulsion 50ml - Watsons Malaysia",0.0,0.0,Neutral,-0.2732,Negative,9.582715072949668,-0.3034755168933465,9.886190589843014,74.75876568242643,1524.9461482121394,1527.0024463887116,1534.327778717689,1532.2227762491157
2021-08-27,1590.1600341796875,1594.52001953125,1577.31005859375,1582.9000244140625,183093000,,0.0,0.0,Neutral,0.0,Neutral,13.196698485487559,2.3965592835828344,10.800139201904724,75.65592432928715,1532.133075420673,1527.3963249362246,1542.3038152122601,1534.5402665663385
2021-08-30,1601.3800048828125,1604.9000244140625,1592.0999755859375,1593.18994140625,310815000,,0.0,0.0,Neutral,0.0,Neutral,16.77281764273357,5.271810955412982,11.50100668732059,77.81183093950186,1539.5900033804087,1527.6479566924427,1550.7432708794818,1537.2138560989972
2021-09-01,1586.8900146484375,1604.97998046875,1586.8900146484375,1603.4300537109375,239935300,,0.0,0.0,Neutral,0.0,Neutral,18.227580523386905,7.862964869007767,10.364615654379138,69.27889194074174,1546.122314453125,1527.9469367825254,1555.9070914179042,1539.2009024409747
2021-09-02,1582.18994140625,1593.5699462890625,1581.52001953125,1588.31005859375,147320300,,0.0,0.0,Neutral,0.0,Neutral,18.784695678101343,10.047311030826481,8.737384647274862,66.72295862912551,1552.051541841947,1528.1136698820153,1559.6617842733822,1540.9204639995855
2021-09-03,1589.18994140625,1589.18994140625,1579.93994140625,1585.1700439453125,140548700,,0.0,0.0,Neutral,0.0,Neutral,19.56551586281398,11.950951997223981,7.61456386559,68.58206532633324,1558.689227764423,1528.6122399154974,1563.8800924352206,1542.851243095852
2021-09-06,1581.5899658203125,1592.1600341796875,1577.7900390625,1590.6700439453125,115666800,,0.0,0.0,Neutral,0.0,Neutral,19.348034868336526,13.430368571446492,5.917666296890035,64.37685060682499,1563.1507662259614,1529.1404032804528,1566.4100743473768,1544.4007920048305
2021-09-07,1583.47998046875,1586.3699951171875,1580.1400146484375,1581.75,139656100,,0.0,0.0,Neutral,0.0,Neutral,19.107923749253132,14.565879607007819,4.542044142245313,64.9523882080288,1567.6307654747595,1529.6261160714287,1568.848632364716,1545.9639595433873
2021-09-08,1597.6300048828125,1597.6300048828125,1579.1800537109375,1581.719970703125,180612500,,0.0,0.0,Neutral,0.0,Neutral,19.83082526164253,15.618868737934761,4.211956523707769,68.99160678612348,1573.9907696063701,1530.7061169682718,1572.9602570101583,1548.0306013569643
2021-09-09,1578.8900146484375,1592.739990234375,1577.449951171875,1592.1800537109375,192149900,,0.0,0.0,Neutral,0.0,Neutral,18.676280783859056,16.23035114711962,2.445929636739436,59.25205064519581,1578.6723069411057,1531.3301977040817,1573.8073652441983,1549.2649778886232
2021-09-10,1575.969970703125,1583.8399658203125,1572.6099853515625,1576.1400146484375,173719400,,0.0,0.0,Neutral,0.0,Neutral,17.325950057378805,16.449470929171458,0.8764791282073467,57.88090703387532,1582.790762094351,1532.2146868024554,1574.1163088811877,1550.3331776012033
2021-09-13,1570.1300048828125,1573.780029296875,1562.1099853515625,1573.780029296875,130906600,,0.0,0.0,Neutral,0.0,Neutral,15.604685689913595,16.280513881319887,-0.6758281914062927,55.133031644931016,1584.0799936147837,1532.947340361926,1573.54683688142,1551.1250506924675
2021-09-14,1555.510009765625,1573.1800537109375,1548.8900146484375,1569.550048828125,185018900,"Govt, PH MoU a sign of positive economic growth, stability - Portal Rasmi Kementerian Kewangan",0.2136363636363636,0.3727272727272727,Positive,0.7351,Positive,12.91201814833562,15.606814734723034,-2.6947965863874153,48.87714153833725,1582.9807598407451,1533.3995859574297,1570.9701472934494,1551.3004490553938
2021-09-15,1555.260009765625,1560.56005859375,1549.6500244140625,1554.8599853515625,205564200,,0.0,0.0,Neutral,0.0,Neutral,10.635289810650875,14.612509749908604,-3.977219939257729,48.77522281765904,1580.6361459585337,1533.8669333944515,1568.7258419323316,1551.458831483803
2021-09-17,1548.510009765625,1556.739990234375,1543.0799560546875,1556.3499755859375,326712900,,0.0,0.0,Neutral,0.0,Neutral,8.191866870178046,13.328381173962493,-5.1365143037844465,45.98697449331757,1577.4322979266826,1534.2114232900192,1565.8378659085165,1551.3408786150758
2021-09-20,1527.8900146484375,1547.6700439453125,1526.9000244140625,1547.6199951171875,177366500,,0.0,0.0,Neutral,0.0,Neutral,4.539249663933333,11.570554871956661,-7.031305208023328,38.70754584773461,1571.7792217548076,1534.1653006417412,1560.4167442999337,1550.4028440564102
2021-09-21,1530.43994140625,1533.1099853515625,1521.43994140625,1524.7099609375,175388100,,0.0,0.0,Neutral,0.0,Neutral,1.8291961563713812,9.622283128839605,-7.793086972468224,39.972961506417334,1567.4369084284856,1534.6087696308991,1556.1343438865504,1549.6043279504038
2021-09-22,1529.02001953125,1529.7900390625,1520.7099609375,1524.6300048828125,169897700,,0.0,0.0,Neutral,0.0,Neutral,-0.4281808000532692,7.612190343061031,-8.0403711431143,39.4841177654571,1563.346914438101,1534.7810158242985,1552.2608689786505,1548.7809556136374
2021-09-23,1539.3399658203125,1539.72998046875,1531.1800537109375,1532.3299560546875,165616300,,0.0,0.0,Neutral,0.0,Neutral,-1.3686578476965678,5.816020704909512,-7.18467855260608,44.7706550148833,1559.5123009314905,1535.3208107461735,1550.4150256703165,1548.4033160219044
2021-09-24,1532.06005859375,1543.3499755859375,1525.6400146484375,1542.4000244140625,137450600,,0.0,0.0,Neutral,0.0,Neutral,-2.670634939020829,4.118689576123444,-6.789324515144273,41.98438732562834,1555.7023080679087,1535.5759127869899,1547.7928875165214,1547.7495857247782
2021-09-27,1533.050048828125,1533.510009765625,1526.1400146484375,1532.8900146484375,150078500,,0.0,0.0,Neutral,0.0,Neutral,-3.5812942945640316,2.578692801985949,-6.159987096549981,42.50837817123833,1551.8230825570913,1535.9989761041136,1545.6867677038933,1547.161604248912
2021-09-28,1546.8199462890625,1546.8199462890625,1526.280029296875,1533.510009765625,164396500,,0.0,0.0,Neutral,0.0,Neutral,-3.1555080173270653,1.431852638123346,-4.587360655450412,49.35949430935675,1547.9146165114182,1536.5295883490114,1545.8486503589177,1547.147937930518
2021-09-29,1547.6500244140625,1547.6500244140625,1528.68994140625,1541.9599609375,124104800,,0.0,0.0,Neutral,0.0,Neutral,-2.7197375164453206,0.6015346072096128,-3.3212721236549334,49.74825368350851,1545.5115403395432,1537.0432627152422,1546.1059895096528,1547.1680213898599
2021-09-30,1537.800048828125,1549.3599853515625,1532.56005859375,1546.4300537109375,231802200,,0.0,0.0,Neutral,0.0,Neutral,-3.1330807603146695,-0.1453884662952437,-2.9876922940194257,45.30380041487264,1542.5753925030049,1537.4071418606504,1544.919426555149,1546.7933024873905
2021-10-01,1524.47998046875,1539.469970703125,1521.0799560546875,1536.489990234375,144760700,,0.0,0.0,Neutral,0.0,Neutral,-4.4837901138339475,-1.0130687958029845,-3.470721318030963,40.088107205285986,1539.0638521634614,1537.5695900430485,1541.9995056856633,1545.9007696066449
2021-10-04,1522.469970703125,1532.72998046875,1519.6600341796875,1529.0400390625,119364900,,0.0,0.0,Neutral,0.0,Neutral,-5.651283518961918,-1.9407117404347711,-3.710571778527147,39.3518676466298,1536.5223106971155,1537.464487503986,1539.2095721167293,1544.9635376505041
2021-10-05,1530.4200439453125,1530.4200439453125,1515.5400390625,1522.239990234375,115647300,,0.0,0.0,Neutral,0.0,Neutral,-5.867390360993568,-2.7260474645465305,-3.1413428964470373,43.752024319562636,1534.611544095553,1537.6069385762116,1537.9539252350985,1544.3817979022965
2021-10-06,1559.4200439453125,1559.4200439453125,1531.1300048828125,1531.3699951171875,211713700,,0.0,0.0,Neutral,0.0,Neutral,-3.656449677559749,-2.9121279071491744,-0.7443217704105747,56.22764525973868,1535.4507774939905,1538.5638776506696,1541.0205136222721,1544.983327744017
2021-10-07,1561.2900390625,1561.2900390625,1551.97998046875,1558.239990234375,157809100,,0.0,0.0,Neutral,0.0,Neutral,-1.7333888515317994,-2.6763800960256994,0.9429912444938999,56.89160882246962,1538.020010141226,1539.5167360889668,1543.9161601137334,1545.6355961967563
2021-10-08,1563.9000244140625,1567.300048828125,1558.56005859375,1562.1500244140625,135219100,,0.0,0.0,Neutral,0.0,Neutral,0.001240414586618499,-2.140855993903236,2.1420964084898544,57.852552417413506,1540.5938626802886,1540.5067362882653,1546.7709978709233,1546.3661733254485
2021-10-11,1570.8199462890625,1575.6300048828125,1567.8800048828125,1567.8800048828125,160435600,,0.0,0.0,Neutral,0.0,Neutral,1.912282861949052,-1.3302282227327784,3.2425110846818304,60.374623309717784,1543.8092416616587,1541.6881626674108,1550.2065619306577,1547.3443242439928
2021-10-12,1583.9100341796875,1583.9100341796875,1563.719970703125,1572.3399658203125,194652300,Management of Customer Information and Permitted Disclosures - Bank Negara Malaysia,0.0,0.0,Neutral,0.0,Neutral,4.431969478798919,-0.17778868242643897,4.609758161225358,64.68019091325772,1547.2377084585337,1543.510816924426,1555.021343680519,1548.8069526414206
2021-10-13,1600.3800048828125,1600.3800048828125,1581.81005859375,1582.8699951171875,160913300,,0.0,0.0,Neutral,0.0,Neutral,7.6694199671353545,1.3916530474859197,6.277766919649435,69.21292631148518,1552.4930889423076,1545.7022455955039,1561.5011524237038,1550.8698747310762
2021-10-14,1592.52001953125,1601.6600341796875,1588.6300048828125,1601.6600341796875,120281800,TNB assures that Malaysia's coal inventory in 'good position9 despite tightening global supply - tnb.com.my,0.35,0.3,Positive,0.6369,Positive,9.491475849129984,3.011617607814733,6.479858241315251,64.9303662170603,1557.0677020733174,1547.5851029376595,1565.9324191533535,1552.535880523083
2021-10-15,1598.280029296875,1599.760009765625,1592.6700439453125,1595.1700439453125,132390000,Pages - e-Search - Suruhanjaya Syarikat Malaysia (SSM),0.0,0.0,Neutral,0.0,Neutral,11.270335500382544,4.663361186328295,6.6069743140542485,66.56314677190232,1561.0261699969951,1549.7677574936224,1570.5535063167138,1554.3656464740347
2021-10-18,1605.969970703125,1609.6199951171875,1602.7099609375,1602.8900146484375,153516900,,0.0,0.0,Neutral,0.0,Neutral,13.149034706843622,6.360495890431361,6.788538816412261,68.66095978413401,1565.5123197115386,1552.0165318080358,1575.6130012290585,1556.4298194431983
2021-10-20,1606.3199462890625,1613.3499755859375,1601.31005859375,1611.8299560546875,155600800,,0.0,0.0,Neutral,0.0,Neutral,14.49902177053491,7.988201066452071,6.510820704082839,68.75703095343104,1570.7830810546875,1554.3944888990752,1579.9997076662019,1558.4254245170328
2021-10-21,1591.6199951171875,1608.9200439453125,1590.3399658203125,1608.4300537109375,180339300,How big a concrete floor slab can be casted without cracks? - Academy of Concrete Technology Sdn Bhd | Lembaga Hasil Dalam Negeri Malaysia - hasil.gov.my,0.1,0.2333333333333333,Positive,0.0,Neutral,14.2188272480862,9.234326302778896,4.984500945307303,60.38384096003396,1575.9476975661057,1556.331019810268,1581.6597487306285,1559.753207341039
2021-10-22,1588.0799560546875,1591.9100341796875,1582.219970703125,1591.719970703125,87464300,,0.0,0.0,Neutral,0.0,Neutral,13.554867429237902,10.098434528070698,3.4564329011672044,58.53513723098946,1580.994619516226,1558.0379588847259,1582.576921205494,1560.886277289585
2021-10-25,1587.93994140625,1593.3699951171875,1586.77001953125,1586.77001953125,75804200,,0.0,0.0,Neutral,0.0,Neutral,12.869030306570039,10.652553683770567,2.2164766227994726,58.45890346917635,1585.4192270132212,1559.7924480827487,1583.3430669484594,1561.9684238542516
2021-10-26,1584.199951171875,1589.1099853515625,1583.0699462890625,1588.0400390625,103545400,,0.0,0.0,Neutral,0.0,Neutral,11.886691114198129,10.89938116985608,0.9873099443420497,56.3478944924616,1587.3253737229568,1561.406529017857,1583.465478980376,1562.8576849469566
2021-10-27,1583.0799560546875,1591.6400146484375,1581.760009765625,1587.219970703125,109028100,,0.0,0.0,Neutral,0.0,Neutral,10.892246938584776,10.89795432360182,-0.005707385017043265,55.69923173402318,1589.0015211838943,1563.0428541533802,1583.4104042767062,1563.6665757912658
2021-10-28,1566.8599853515625,1581.489990234375,1566.8599853515625,1581.0799560546875,126028300,,0.0,0.0,Neutral,0.0,Neutral,8.695095041902277,10.457382467261912,-1.7622874253596343,47.221169004677805,1589.2292104867788,1563.9259157764668,1581.0460587159714,1563.7943121736776
2021-10-29,1562.31005859375,1570.6500244140625,1559.6600341796875,1568.8699951171875,144120400,,0.0,0.0,Neutral,0.0,Neutral,6.511633215765642,9.668232616962658,-3.156599401197017,45.1453043722046,1588.5746037409856,1564.682447783801,1578.3694872699398,1563.7349420304804
2021-11-01,1530.9200439453125,1545.989990234375,1526.0400390625,1545.989990234375,229544000,,0.0,0.0,Neutral,0.0,Neutral,2.2226903519281223,8.179124163955752,-5.95643381202763,34.03048845673679,1584.4984506460337,1565.0083680444834,1571.5909953664216,1562.4223461070737
2021-11-02,1537.6300048828125,1544.0,1532.2099609375,1532.2099609375,143617700,,0.0,0.0,Neutral,0.0,Neutral,-0.6276547840061539,6.417768374363371,-7.045423158369525,37.56886522306471,1579.6715275691106,1565.4083675462373,1566.7394252973347,1561.4306524581032
2021-11-03,1531.3299560546875,1543.8699951171875,1530.3499755859375,1543.1500244140625,140157900,Untitled - Portal Rasmi Kementerian Kewangan | FAQ 1. What type of monetary and fiscal data is available on the MOF website? - Portal Rasmi Kementerian Kewangan,0.4,0.4,Positive,0.0,Neutral,-3.356246409172627,4.4629654176561715,-7.8192118268287985,35.63618240214471,1574.964599609375,1565.5899982063138,1561.6809296912422,1560.2266246019665
2021-11-05,1531.72998046875,1540.6099853515625,1525.449951171875,1535.77001953125,122048000,Untitled - Portal Rasmi Kementerian Kewangan,0.0,0.0,Neutral,0.0,Neutral,-5.423873268689249,2.4855976803870874,-7.909470949076336,35.86180184880877,1569.8453650841345,1565.1483652543047,1557.4022226594577,1559.0867588366377
2021-11-08,1535.4100341796875,1538.1199951171875,1531.4200439453125,1534.2099609375,96941100,,0.0,0.0,Neutral,0.0,Neutral,-6.68843278260988,0.650791587787694,-7.339224370397574,38.014471488735076,1564.4176776592549,1564.4465282206634,1554.2604814480621,1558.1396898503597
2021-11-09,1524.030029296875,1536.1600341796875,1520.0799560546875,1535.550048828125,119440000,,0.0,0.0,Neutral,0.0,Neutral,-8.510769739636771,-1.1815206776971992,-7.3292490619395725,34.19268191405783,1558.0876840444712,1563.1871412627552,1549.941845426464,1556.7753034282202
2021-11-10,1520.739990234375,1526.1500244140625,1516.75,1526.030029296875,100293300,,0.0,0.0,Neutral,0.0,Neutral,-10.103991044405575,-2.9660147510388746,-7.1379762933667,33.15489367814993,1552.6353759765625,1561.7704056720345,1545.7701518275942,1555.3338909004665
2021-11-11,1518.8499755859375,1522.719970703125,1517.739990234375,1520.47998046875,97057300,,0.0,0.0,Neutral,0.0,Neutral,-11.387866556627841,-4.650385112156668,-6.7374814444711735,32.54382092736577,1547.3099928635818,1560.0861193598532,1541.9244123645005,1553.8745342878854
2021-11-12,1531.219970703125,1532.6400146484375,1520.6700439453125,1522.68994140625,136842900,,0.0,0.0,Neutral,0.0,Neutral,-11.277195435127624,-5.975747176750859,-5.301448258376764,40.299380806199345,1542.9469181941106,1558.9499960140306,1540.3952064128755,1552.9683517444948
2021-11-15,1522.3399658203125,1534.6600341796875,1520.27001953125,1531.3800048828125,91980600,,0.0,0.0,Neutral,0.0,Neutral,-11.77034870169632,-7.134667481739951,-4.6356812199563695,37.00982812774677,1538.188457782452,1557.7285679408483,1537.8158863282238,1551.7432163075275
2021-11-16,1522.8900146484375,1528.0999755859375,1518.9300537109375,1521.469970703125,105897000,,0.0,0.0,Neutral,0.0,Neutral,-11.978708776659687,-8.103475740723898,-3.875233035935789,37.35096259167321,1533.5584622896636,1556.375508211097,1535.6836189453973,1550.5890882411638
2021-11-17,1525.1300048828125,1525.1300048828125,1519.0699462890625,1522.4200439453125,119348000,,0.0,0.0,Neutral,0.0,Neutral,-11.826755668242868,-8.848131726227692,-2.978623942015176,38.80442037243821,1530.3484637920674,1555.2232641103317,1534.1759597935995,1549.5707249068296
2021-11-18,1523.7900390625,1525.1199951171875,1519.9100341796875,1524.5799560546875,110251600,,0.0,0.0,Neutral,0.0,Neutral,-11.679818105511458,-9.414469002084445,-2.2653491034270132,38.23299616984484,1527.3853853665864,1554.0051020408164,1532.692256832014,1548.5394974730564
2021-11-19,1525.5400390625,1527.5,1523.1400146484375,1525.3800048828125,109830900,,0.0,0.0,Neutral,0.0,Neutral,-11.291991603593488,-9.789973522386255,-1.5020180812072326,39.486310694803564,1526.9715388371394,1552.533878248565,1531.6705114363692,1547.6195191366342
2021-11-22,1526.8699951171875,1529.260009765625,1522.7099609375,1526.760009765625,113642900,,0.0,0.0,Neutral,0.0,Neutral,-10.753361905664633,-9.98265119904193,-0.7707107066227028,40.474836610269854,1526.1438457782451,1551.472245196907,1530.9847233907717,1546.7895381758563
2021-11-23,1522.8800048828125,1531.72998046875,1521.510009765625,1527.25,124348300,,0.0,0.0,Neutral,0.0,Neutral,-10.527102965520498,-10.091541552337645,-0.43556141318285313,38.445743760554166,1525.4938495342549,1550.3887765066963,1529.8269064610633,1545.8331568441345
2021-11-24,1522.27001953125,1525.97998046875,1521.1199951171875,1524.2099609375,93203000,Interest Rates & Volumes - Bank Negara Malaysia,0.0,0.0,Neutral,0.4588,Positive,-10.278527379884963,-10.12893871784711,-0.14958866203785348,38.13102146370653,1524.7661602313701,1549.4120421117666,1528.7473511853757,1544.890631351619
2021-11-25,1517.5999755859375,1523.1600341796875,1515.4300537109375,1520.3199462890625,82655700,,0.0,0.0,Neutral,0.0,Neutral,-10.339179331165269,-10.170986840510741,-0.16819249065452802,35.72012552028367,1523.3961557241587,1548.6383679448343,1527.1548689568845,1543.7990051209918
2021-11-26,1512.219970703125,1518.43994140625,1508.969970703125,1518.1700439453125,238900400,,0.0,0.0,Neutral,0.0,Neutral,-10.698047439416769,-10.276398960291946,-0.42164847912482273,33.12198426406937,1522.4876896784856,1547.7599998007015,1525.0213120634903,1542.5358437442771
2021-11-29,1510.5699462890625,1516.5999755859375,1501.510009765625,1507.7900390625,453704100,,0.0,0.0,Neutral,0.0,Neutral,-10.988922720343453,-10.418903712302248,-0.5700190080412053,32.34493518203158,1521.7053786057693,1546.9857127909759,1522.9568312385722,1541.2572078460685
2021-11-30,1513.97998046875,1519.6199951171875,1511.27001953125,1512.5799560546875,684033900,,0.0,0.0,Neutral,0.0,Neutral,-10.819561051802793,-10.499035180202357,-0.3205258716004362,35.70216814890112,1521.3307635967549,1546.7018345424108,1521.6744239857408,1540.1661187509758
2021-12-01,1496.9300537109375,1509.9000244140625,1495.75,1507.47998046875,226840300,,0.0,0.0,Neutral,0.0,Neutral,-11.923678562238365,-10.78396385660956,-1.1397147056288048,28.17415275394039,1518.6930776742788,1546.0179592833226,1518.1395139464832,1538.4366761493743
2021-12-02,1501.739990234375,1501.739990234375,1491.8299560546875,1498.3399658203125,211493000,,0.0,0.0,Neutral,0.0,Neutral,-12.269146876952163,-11.08100046067808,-1.1881464162740834,32.49831548176064,1517.1084641676682,1545.4612239915498,1515.7967248447535,1536.9688087127743
2021-12-06,1483.449951171875,1503.760009765625,1483.449951171875,1503.6600341796875,210885300,,0.0,0.0,Neutral,0.0,Neutral,-13.859028052987696,-11.636605979140004,-2.2224220738476923,26.070889408280436,1514.0746131310095,1544.320611447704,1511.1757571771996,1534.8280544111383
2021-12-07,1497.969970703125,1497.969970703125,1484.3499755859375,1484.93994140625,177743200,"Control of Corruption, Political Stability, Foreign Investors, Government Expenditure and Economic Growth Trends in the Southeast Asian Region - IPN Journal",0.01875,0.10625,Neutral,0.3818,Positive,-13.78843165504668,-12.06697111432134,-1.7214605407253387,36.76344871314393,1511.985379732572,1543.6248953683037,1509.2892162523317,1533.3537310628178
2021-12-08,1494.030029296875,1501.239990234375,1491.8800048828125,1500.5699462890625,138474400,,0.0,0.0,Neutral,0.0,Neutral,-13.890285282742525,-12.431633948005578,-1.4586513347369472,35.272674661226205,1509.6961482121394,1542.8285684390944,1507.1093324015524,1531.78078299218
2021-12-09,1501.7900390625,1501.7900390625,1491.8199462890625,1493.06005859375,99381700,,0.0,0.0,Neutral,0.0,Neutral,-13.192759166069436,-12.58385899161835,-0.6089001744510867,40.39900162470382,1507.8692251352163,1541.909590740593,1506.3494333531164,1530.5811532349928
2021-12-10,1488.8800048828125,1505.4100341796875,1488.8800048828125,1501.6500244140625,130085000,Liquidity Risk and Regulation in the Organization of the Islamic Cooperation (OIC) Banking Industry - Universiti Sains Malaysia,0.0,0.0,Neutral,-0.2732,Negative,-13.525779787955116,-12.772243150885703,-0.7535366370694128,35.37889731189608,1504.9469181941106,1540.7102025868942,1503.8538007145016,1528.9131073009055
2021-12-13,1494.8599853515625,1501.8800048828125,1491.8499755859375,1491.8800048828125,152423300,,0.0,0.0,Neutral,0.0,Neutral,-13.155517961008627,-12.84889811291029,-0.30661984809833776,39.150747322620624,1502.791532076322,1539.8338747608418,1502.5689699483676,1527.5509824229318
2021-12-14,1480.9200439453125,1492.8900146484375,1479.9200439453125,1492.8900146484375,147863700,,0.0,0.0,Neutral,0.0,Neutral,-13.82752447132384,-13.044623384593,-0.7829010867308401,34.147169826452114,1499.6107647235576,1538.9448964644453,1499.4762662336454,1525.685744883827
2021-12-15,1482.81005859375,1484.6300048828125,1475.3699951171875,1482.1199951171875,130742800,Bringing 5G to the Country - digital-nasional.com.my,0.0,0.0,Neutral,0.0,Neutral,-14.045676272734454,-13.244833962221293,-0.8008423105131612,35.35352264748727,1496.9346172626201,1538.1355105030293,1497.0953794279462,1523.9707174322239
2021-12-16,1484.6400146484375,1491.68994140625,1483.7900390625,1485.4599609375,145137700,,0.0,0.0,Neutral,0.0,Neutral,-13.91054883901893,-13.377976937580822,-0.5325719014381072,36.56520180081789,1494.8130821814905,1537.2012241908483,1495.3160416023022,1522.3974893208724
2021-12-17,1502.010009765625,1502.010009765625,1482.3900146484375,1485.4300537109375,275103300,,0.0,0.0,Neutral,0.0,Neutral,-12.260514357795955,-13.154484421623849,0.8939700638278936,46.76484566430473,1494.1546255258413,1536.0295908402422,1496.2723227684912,1521.5819901386626
2021-12-20,1493.9000244140625,1502.6099853515625,1490.77001953125,1497.5699462890625,144587300,,0.0,0.0,Neutral,0.0,Neutral,-11.474981736930886,-12.818583884685257,1.3436021477543711,43.26686107913835,1492.6100135216345,1534.6542844188457,1495.933423003573,1520.4747115096786
2021-12-21,1492.5899658203125,1496.239990234375,1490.010009765625,1492.800048828125,116475100,"THE EFFECT OF INFLATION RATE, INTEREST RATE AND UNEMPLOYMENT RATE ON THE ECONOMIC GROWTH OF MALAYSIA - UMS Official Website",0.2,0.2,Positive,0.5319,Positive,-10.8332730273562,-12.421521713219446,1.5882486858632472,42.71109198172781,1492.2761606069712,1533.1989771006058,1495.4557862631073,1519.359321682104
2021-12-22,1500.3199462890625,1502.18994140625,1492.739990234375,1492.739990234375,116438200,,0.0,0.0,Neutral,0.0,Neutral,-9.590417071893171,-11.855300784954192,2.264883713061021,47.034299529099584,1492.1669264573318,1531.7602015904017,1496.1506662668153,1518.5977466663824
2021-12-23,1516.4200439453125,1516.4200439453125,1499.81005859375,1499.81005859375,123965700,,0.0,0.0,Neutral,0.0,Neutral,-7.22303875162288,-10.928848378287931,3.705809626665051,54.701761828207076,1494.7030874399038,1530.3828548509248,1499.0462916494578,1518.5106385575396
2021-12-24,1516.449951171875,1517.9599609375,1513.93994140625,1516.6400146484375,51488600,,0.0,0.0,Neutral,0.0,Neutral,-5.283555573775402,-9.799789817385426,4.516234243610024,54.714876118807226,1496.1246243990386,1528.669996611926,1501.532528724089,1518.428211062113
2021-12-27,1533.9100341796875,1535.9300537109375,1515.0999755859375,1517.3699951171875,110161500,"Beauty, Perfume & Accessories - Victoria's Secret Malaysia - Victoria's Secret Malaysia",-0.4,0.7,Negative,0.5859,Positive,-2.3109788774165736,-8.302027629391656,5.991048751975082,61.68835022676557,1499.1923170823318,1527.4738744618942,1506.1578866463174,1519.047483986816
2021-12-28,1539.8900146484375,1542.199951171875,1535.8599853515625,1535.97998046875,115107800,,0.0,0.0,Neutral,0.0,Neutral,0.5213343993164017,-6.537355223650045,7.058689622966447,63.747418356873744,1502.1230844350962,1526.2822415098851,1510.9767620751918,1519.8811852132808
2021-12-29,1545.0400390625,1545.0400390625,1536.449951171875,1540.3900146484375,115519200,,0.0,0.0,Neutral,0.0,Neutral,3.145270288484653,-4.6008301212231055,7.746100409707759,65.46868134989185,1506.443087064303,1525.0387735172194,1515.8429445019501,1520.8875393672495
2021-12-30,1543.6099853515625,1547.75,1539.5699462890625,1544.72998046875,105401000,,0.0,0.0,Neutral,0.0,Neutral,5.0511386202827,-2.6704363729219445,7.721574993204644,64.5521511982017,1510.193087064303,1523.758978396046,1519.8096646233234,1521.796437206622
2021-12-31,1567.530029296875,1567.530029296875,1531.81005859375,1542.989990234375,165322800,,0.0,0.0,Neutral,0.0,Neutral,8.394929125217459,-0.45736327329406357,8.852292398511523,71.69105008170004,1516.8553936298076,1523.2673464405293,1526.626859576688,1523.6257808902321
2022-01-03,1549.050048828125,1556.280029296875,1545.530029296875,1553.6400146484375,65775200,,0.0,0.0,Neutral,0.0,Neutral,9.444852826730767,1.5230799467109026,7.921772880019864,61.40255190501026,1521.9507774939905,1522.4708177216198,1529.8301723268933,1524.6427516077479
2022-01-04,1541.9000244140625,1551.3299560546875,1536.52001953125,1550.9200439453125,104133100,,0.0,0.0,Neutral,0.0,Neutral,9.589436652985796,3.1363512879658817,6.4530853650199145,57.938043878697265,1526.3553936298076,1521.5312275789222,1531.5544369107747,1525.3330425200004
2022-01-05,1547.949951171875,1549.530029296875,1540.239990234375,1542.4100341796875,122004900,,0.0,0.0,Neutral,0.0,Neutral,10.076048490099765,4.524290728392659,5.5517577617071066,59.99487240286925,1529.8892352764424,1520.7914316605547,1533.8966532337893,1526.2377188660753
2022-01-06,1533.3599853515625,1546.5,1532.5999755859375,1546.4599609375,126065800,,0.0,0.0,Neutral,0.0,Neutral,9.178598399721068,5.455152262658341,3.7234461370627265,53.23422346634314,1532.9246168870193,1519.7767383808991,1533.8199863934713,1526.5226095254948
2022-01-07,1543.1099853515625,1543.1700439453125,1531.5400390625,1534.81005859375,108158900,,0.0,0.0,Neutral,0.0,Neutral,9.1486463528463,6.193851080695933,2.954795272150366,56.742327198120606,1536.810772235577,1519.2920445033483,1535.1471291017701,1527.1861045585374
2022-01-10,1550.1700439453125,1550.1700439453125,1540.31005859375,1543.3800048828125,143108700,,0.0,0.0,Neutral,0.0,Neutral,9.58411712869588,6.871904290295923,2.7122128383999566,59.13292338074026,1540.6453951322114,1519.0442891023597,1537.2932597937047,1528.1054621340083
2022-01-11,1564.2900390625,1564.2900390625,1546.18994140625,1549.010009765625,209789300,,0.0,0.0,Neutral,0.0,Neutral,10.942458604835565,7.6860151532038525,3.2564434516317124,63.479887912144854,1544.3277024489182,1519.7253094108737,1541.1499425463899,1529.552845211148
2022-01-12,1563.199951171875,1567.3499755859375,1555.699951171875,1564.3900146484375,129352500,,0.0,0.0,Neutral,0.0,Neutral,11.795027295951286,8.50781758175334,3.287209714197946,62.92342461106326,1547.923856295072,1520.247145049426,1544.299943778602,1530.8987294495769
2022-01-13,1569.510009765625,1570.1400146484375,1560.2900390625,1561.9599609375,147237200,,0.0,0.0,Neutral,0.0,Neutral,12.831944451216259,9.372642955645924,3.459301495570335,64.84452435817101,1550.6623159555288,1521.026329819037,1547.9013817767482,1532.4431806622188
2022-01-14,1555.3299560546875,1565.22998046875,1549.9300537109375,1565.22998046875,166786800,,0.0,0.0,Neutral,0.0,Neutral,12.36693857083651,9.971502078684042,2.3954364921524682,57.61935751740856,1551.8500037560095,1521.507961973852,1548.9626066735968,1533.3586516779174
2022-01-17,1542.9200439453125,1555.31005859375,1541.0699462890625,1553.800048828125,136687800,,0.0,0.0,Neutral,0.0,Neutral,10.8717194527444,10.151545553496113,0.7201738992482873,52.143521407631965,1551.6869272085337,1521.661227479273,1548.0993834266992,1533.741107368613
2022-01-19,1530.3299560546875,1541.699951171875,1525.550048828125,1541.699951171875,187807400,,0.0,0.0,Neutral,0.0,Neutral,8.572019748403363,9.835640392477563,-1.2636206440741997,47.23868456812806,1550.6653864933894,1521.7897974131058,1545.5608938021262,1533.6046613160559
2022-01-20,1527.75,1532.8199462890625,1525.449951171875,1529.43994140625,151951800,,0.0,0.0,Neutral,0.0,Neutral,6.466765425842823,9.161865399150615,-2.6950999733077925,46.27802989371264,1547.6053842397837,1521.9328588368942,1543.0164804018225,1533.3704748634134
2022-01-21,1527.06005859375,1531.25,1520.800048828125,1528.81005859375,132758900,,0.0,0.0,Neutral,0.0,Neutral,4.688616252673455,8.267215569855184,-3.5785993171817285,46.00857080798634,1545.913846529447,1522.1004115513392,1540.7369915720978,1533.1180582126267
2022-01-24,1521.8599853515625,1525.8199462890625,1518.8199462890625,1521.719970703125,120098100,,0.0,0.0,Neutral,0.0,Neutral,2.8272272543442796,7.179217906753003,-4.351990652408723,43.93230069944443,1544.372305063101,1521.9093914421237,1538.0402763977359,1532.667735298184
2022-01-25,1508.9100341796875,1517.0899658203125,1503.3399658203125,1517.0899658203125,158204700,,0.0,0.0,Neutral,0.0,Neutral,0.3036103985882619,5.804096405120055,-5.500486006531793,39.18927291715803,1541.3692345252405,1521.63531120456,1533.878813223729,1531.7174272534442
2022-01-26,1515.760009765625,1520.1500244140625,1508.780029296875,1508.780029296875,140010100,Internship Programme - Bank Negara Malaysia | Internship Programme - Bank Negara Malaysia,0.0,0.0,Neutral,0.0,Neutral,-1.1306054433518966,4.4171560354256645,-5.547761478777561,42.712473493328744,1540.015390249399,1521.489800900829,1531.290412729714,1531.0791305539315
2022-01-27,1515.989990234375,1518.6099853515625,1510.6400146484375,1516.47998046875,120210600,,0.0,0.0,Neutral,0.0,Neutral,-2.2230484109734334,3.089115146145845,-5.312163557119279,42.83222887712294,1537.9292367788462,1521.3032699896364,1529.104638087523,1530.475564941149
2022-01-28,1520.02001953125,1522.949951171875,1517.9599609375,1518.25,103982800,,0.0,0.0,Neutral,0.0,Neutral,-2.7321333173536004,1.924865453445956,-4.656998770799556,45.00185523084489,1535.6100041316106,1521.2263308155293,1527.806835436627,1530.057343124753
2022-01-31,1512.27001953125,1523.6300048828125,1512.27001953125,1519.719970703125,101180600,,0.0,0.0,Neutral,0.0,Neutral,-3.7180872090495996,0.7962749209468449,-4.514362129996444,41.72254389608035,1531.6084641676682,1520.9555140904017,1525.5872903072875,1529.345850181013
2022-02-03,1525.72998046875,1526.6199951171875,1515.25,1515.9200439453125,129274700,,0.0,0.0,Neutral,0.0,Neutral,-3.374457764976114,-0.03787161623774682,-3.336586148738367,48.71272796429009,1528.7261587289663,1520.9322484853317,1525.607674616068,1529.2012153925223
2022-02-04,1522.760009765625,1526.800048828125,1518.8199462890625,1526.300048828125,94910600,,0.0,0.0,Neutral,0.0,Neutral,-3.3036977977606057,-0.6910368525423186,-2.612660945218287,47.362776274810635,1525.1300048828125,1520.929799605389,1525.200865351719,1528.9435671674464
2022-02-07,1530.6500244140625,1535.1199951171875,1525.22998046875,1525.22998046875,197023100,,0.0,0.0,Neutral,0.0,Neutral,-2.5812072213172996,-1.0690709262973148,-1.5121362950199848,51.229501386183536,1523.2315486027644,1521.1008201132015,1525.9793166463394,1529.011825457311
2022-02-08,1530.0899658203125,1534.72998046875,1529.0999755859375,1533.3299560546875,151107200,,0.0,0.0,Neutral,0.0,Neutral,-2.030414922792488,-1.2613397255963497,-0.7690751971961385,50.94342710123807,1522.244619516226,1521.3557178730866,1526.5665522426214,1529.054951071831
2022-02-09,1551.510009765625,1551.510009765625,1531.18994140625,1531.18994140625,221080100,Travelling back in time: Capitalizing on the potential of Nostalgia - MARKETING Magazine Asia,0.0,0.5,Neutral,0.0,Neutral,0.13297759075226168,-0.9824762623266273,1.115453853078889,60.11664915226416,1523.8738544170674,1522.1575554049746,1530.1299033173364,1529.9531534195828
2022-02-10,1570.0999755859375,1570.0999755859375,1550.4200439453125,1550.4200439453125,201197900,SAFI Naturals Refreshing & Pore Tightening Facial Cleanser - safi.com.my,0.25,0.5,Positive,0.0,Neutral,3.309388057506112,-0.12410339836007944,3.4334914558661915,66.05008568165903,1527.1315448467549,1523.3724539620537,1535.8399136414223,1531.5590263062368
2022-02-11,1578.8900146484375,1578.8900146484375,1562.9100341796875,1564.300048828125,159819400,,0.0,0.0,Neutral,0.0,Neutral,6.461514609862661,1.1930202032844688,5.268494406578192,68.44085046766725,1531.1184645432693,1524.6971485371491,1541.989928070996,1533.4522658399246
2022-02-14,1583.8399658203125,1585.0799560546875,1575.0999755859375,1576.989990234375,168289300,,0.0,0.0,Neutral,0.0,Neutral,9.252361835706324,2.80488852976884,6.447473305937484,69.73342684053031,1535.8861553485576,1526.4708202128509,1547.968504892327,1535.4677738391401
2022-02-15,1599.6099853515625,1599.6099853515625,1585.5400390625,1585.9599609375,221071000,,0.0,0.0,Neutral,0.0,Neutral,12.591490287670013,4.762208881349075,7.829281406320938,73.46254536062185,1542.8630746694712,1528.468167051977,1555.3458592436466,1538.033462299637
2022-02-16,1603.199951171875,1613.7099609375,1597.3499755859375,1606.6500244140625,179739900,,0.0,0.0,Neutral,0.0,Neutral,15.350502840684612,6.879867673216182,8.47063516746843,74.24061973218043,1549.5892240084136,1530.9120446029974,1562.1821580905364,1540.6401218545266
2022-02-17,1605.02001953125,1614.8199462890625,1601.93994140625,1609.9200439453125,201735200,,0.0,0.0,Neutral,0.0,Neutral,17.482378495324838,9.000369837637914,8.482008657686924,74.64648518913609,1556.4376878004807,1533.0967394770407,1568.301852582067,1543.2153177615955
2022-02-18,1603.050048828125,1607.4200439453125,1599.800048828125,1601.739990234375,178641400,,0.0,0.0,Neutral,0.0,Neutral,18.796273399476604,10.959550550005652,7.836722849470952,73.30028668333718,1562.8246131310095,1535.3216378348213,1573.2658806172183,1545.6087070042565
2022-02-21,1582.68994140625,1603.3800048828125,1578.6099853515625,1601.6600341796875,189244500,,0.0,0.0,Neutral,0.0,Neutral,17.987307579622893,12.3651019559291,5.622205623693793,61.04661336926317,1568.2415301983174,1536.97265625,1574.6121750156515,1547.0919563803361
2022-02-22,1576.9599609375,1581.050048828125,1567.18994140625,1579.93994140625,189714900,,0.0,0.0,Neutral,0.0,Neutral,16.691426428901423,13.230366850523566,3.4610595783778564,58.10276662656972,1572.1822979266826,1538.770206373565,1574.9475730044871,1548.2866765626227
2022-02-23,1586.1400146484375,1592.3399658203125,1579.93994140625,1582.260009765625,166551000,,0.0,0.0,Neutral,0.0,Neutral,16.218231220189864,13.827939724456826,2.390291495733038,61.32091850983024,1577.0576829176682,1540.6330641143177,1576.5464932393372,1549.8008100860552
2022-02-24,1573.8900146484375,1586.0699462890625,1565.239990234375,1585.56005859375,241575600,,0.0,0.0,Neutral,0.0,Neutral,14.685463108290833,13.999444401223627,0.6860187070672055,55.225084530574854,1580.3838360126201,1542.5304104551976,1576.1669962977803,1550.7643782685504
2022-02-25,1591.719970703125,1600.489990234375,1579.0699462890625,1579.0699462890625,213621200,a11 liquidity creation on bank's performance between single and dual banking system in southeast - UTAR Institutional Repository,-0.0714285714285714,0.2142857142857142,Negative,0.2732,Positive,14.73955338272367,14.147466197523638,0.5920871852000325,61.26134395157793,1585.1246056189905,1544.753061722736,1578.3888497842581,1552.4026019659334
2022-02-28,1608.280029296875,1613.489990234375,1595.739990234375,1595.739990234375,382513300,,0.0,0.0,Neutral,0.0,Neutral,15.934989999712798,14.504970957961472,1.4300190417513257,65.86431294777569,1589.4915301983174,1547.276327327806,1582.6590182860605,1554.637699059171
2022-03-01,1596.43994140625,1620.43994140625,1593.5699462890625,1608.56005859375,268878900,,0.0,0.0,Neutral,0.0,Neutral,15.745481876452459,14.753073141659671,0.9924087347927877,60.34351509777849,1591.5176814152644,1549.2034687898597,1584.6277215889447,1556.309788753054
2022-03-02,1598.0999755859375,1606.3800048828125,1592.6199951171875,1601.1300048828125,284332800,,0.0,0.0,Neutral,0.0,Neutral,15.54999553921266,14.912457621170269,0.6375379180423906,60.83913725959814,1592.995370718149,1551.3299984056123,1586.552329302801,1557.9813962263693
2022-03-03,1618.5400390625,1618.5400390625,1600.1800537109375,1608.68994140625,255937300,Round Ligament Discomfort in Pregnancy: Non-Invasive Care - mychiro.com.my,-0.2,0.4,Negative,0.1027,Positive,16.85017517581082,15.30000113209838,1.5501740437124383,66.40641345691162,1595.6646071213943,1553.9004080636162,1591.1220021256152,1560.4037419398144
2022-03-04,1603.93994140625,1616.280029296875,1598.1700439453125,1616.0,237853300,,0.0,0.0,Neutral,0.0,Neutral,16.512129492011127,15.54242680408093,0.9697026879301962,59.86024454731277,1595.9976806640625,1556.015101841518,1592.953136308563,1562.1451899184717
2022-03-07,1572.56005859375,1606.56005859375,1565.5699462890625,1606.27001953125,280535900,BNM Statement of Assets & Liabilities - 28 February 2022 - Bank Negara Malaysia,0.0,0.0,Neutral,-0.0258,Neutral,13.555867954224595,15.145115034109665,-1.5892470798850695,48.739403529735625,1593.6407658503606,1557.1608164261797,1590.0398394921613,1562.561784665483
2022-03-08,1546.8699951171875,1566.8399658203125,1540.9000244140625,1566.449951171875,311082900,,0.0,0.0,Neutral,0.0,Neutral,9.035876011056871,13.923267229499107,-4.887391218442236,41.87975558439432,1589.1676870492788,1557.7816336495537,1583.872718867165,1561.934113083551
2022-03-09,1562.3299560546875,1568.0,1543.9100341796875,1550.3199462890625,321135900,,0.0,0.0,Neutral,0.0,Neutral,6.624872073263759,12.463588198252038,-5.838716124988279,46.73787314578139,1586.035372220553,1558.3616320551657,1580.7951813225257,1561.9499468023962
2022-03-10,1580.530029296875,1581.27001953125,1567.77001953125,1570.7099609375,324240800,,0.0,0.0,Neutral,0.0,Neutral,6.112269451027714,11.193324448807175,-5.081054997779461,51.84133055141268,1585.8692251352163,1559.1910201092155,1580.7573024617186,1562.6931501021752
2022-03-11,1568.219970703125,1575.1400146484375,1560.6300048828125,1575.1400146484375,178057100,,0.0,0.0,Neutral,0.0,Neutral,4.659003241500386,9.886460207345818,-5.227456965845432,48.459174301043426,1585.1969181941106,1559.6640799386162,1578.966255067634,1562.9142229262131
2022-03-14,1567.43994140625,1572.5999755859375,1556.0999755859375,1570.699951171875,204245200,,0.0,0.0,Neutral,0.0,Neutral,3.4050857460631505,8.590185315089284,-5.185099569026134,48.24439133409773,1583.7584510216345,1560.1504055723851,1577.3196388302933,1563.0952516654147
2022-03-15,1557.4100341796875,1566.739990234375,1554.1700439453125,1564.9000244140625,243167000,,0.0,0.0,Neutral,0.0,Neutral,1.5837607985608884,7.188900411783606,-5.605139613222717,45.45459617716515,1582.4907602163462,1559.9438750597894,1574.4754095944927,1562.8678429659856
2022-03-16,1571.3199462890625,1571.3199462890625,1554.260009765625,1554.260009765625,228365200,,0.0,0.0,Neutral,0.0,Neutral,1.2483708706554353,6.000794503557972,-4.752423632902537,49.79090340997306,1580.9215275691106,1560.398362763074,1574.0246291222884,1563.2059270989084
2022-03-17,1590.8800048828125,1592.9000244140625,1577.56005859375,1577.56005859375,348316600,,0.0,0.0,Neutral,0.0,Neutral,2.531721089938401,5.306979820834058,-2.775258730895657,55.18607559607442,1579.5830641526443,1561.3979542012116,1576.4325399452205,1564.3128902102646
2022-03-18,1591.260009765625,1594.760009765625,1583.25,1593.6800537109375,643455100,,0.0,0.0,Neutral,0.0,Neutral,3.5386571658982575,4.953315289846898,-1.4146581239486409,55.286598337132844,1579.1846078725962,1562.281832948023,1578.550749919564,1565.390774992479
2022-03-21,1587.1600341796875,1589.489990234375,1579.31005859375,1588.0699462890625,160876100,,0.0,0.0,Neutral,0.0,Neutral,3.960177040026565,4.754687639882832,-0.7945105998562667,53.882253150196405,1578.3430739182693,1563.3797931281888,1579.7806476710102,1566.2615453599672
2022-03-22,1585.81005859375,1591.6700439453125,1583.969970703125,1585.530029296875,168581900,,0.0,0.0,Neutral,0.0,Neutral,4.137607070849754,4.631271526076216,-0.49366445522646263,53.401264455966036,1575.8253831129807,1564.2512231943558,1580.6419920885444,1567.0434858893184
2022-03-23,1597.8800048828125,1601.8299560546875,1588.780029296875,1588.780029296875,163151000,,0.0,0.0,Neutral,0.0,Neutral,5.192311704145368,4.743479561690047,0.44883214245532077,57.08948555522352,1575.3592341496394,1565.2248958665498,1583.1045653448687,1568.2769466490581
2022-03-24,1598.969970703125,1601.1600341796875,1593.530029296875,1595.8499755859375,139118600,,0.0,0.0,Neutral,0.0,Neutral,6.046424440066858,5.004068537365409,1.0423559027014484,57.4172551717131,1577.3907658503606,1565.9326495735013,1585.3710518246196,1569.5046676112208
2022-03-25,1603.300048828125,1603.68994140625,1596.6300048828125,1596.6300048828125,151106400,,0.0,0.0,Neutral,0.0,Neutral,6.9921153008021975,5.401677890052767,1.5904374107494306,58.7647921628175,1581.7315392127405,1566.7510189134248,1587.9323371108349,1570.856482859897
2022-03-28,1597.949951171875,1606.1400146484375,1595.3699951171875,1606.1400146484375,136648600,,0.0,0.0,Neutral,0.0,Neutral,7.226570546170024,5.766656421276219,1.459914124893805,56.390345283156485,1584.4715388371394,1567.3314258808991,1589.3634248338408,1571.940221592376
2022-03-29,1583.4200439453125,1598.2099609375,1579.27001953125,1597.9300537109375,165623300,Interest Rate Policy - Bank Negara Malaysia | Reduction of the 3-month Intervention Rate and the Introduction of a New Liquidity Framework - Bank Negara Malaysia | New Liquidity Framework for the Discount Houses - Bank Negara Malaysia | PURSUIT OF POWER AND PROFIT LED TO HUMAN RIGHTS VIOLATIONS GLOBALLY AND IN MALAYSIA - Amnesty Malaysia,0.0681818181818181,0.2522727272727272,Positive,0.3612,Positive,6.168825554568002,5.847090247934576,0.32173530663342653,50.43063061190057,1584.69384765625,1567.904692980708,1588.514370421194,1572.3994144864935
2022-03-30,1583.219970703125,1591.4000244140625,1580.8800048828125,1585.550048828125,151449700,UOB Business Banking Rates and Fees - UOB Malaysia,0.0,0.0,Neutral,0.0,Neutral,5.253847703599149,5.72844173906749,-0.4745940354683409,50.35171810139698,1585.8476938100962,1568.7271404655612,1587.758027604327,1572.8322367351586
2022-03-31,1587.3599853515625,1589.06005859375,1575.5400390625,1585.1700439453125,220511000,Economic & Monetary Review 2021 - Bank Negara Malaysia,0.2,0.2,Positive,0.0,Neutral,4.807369385437823,5.544227268341557,-0.7368578829037338,52.02460869122276,1587.3800048828125,1569.891018614477,1587.7011644253607,1573.4133466798146
2022-04-01,1602.4100341796875,1602.4100341796875,1582.0899658203125,1588.2900390625,165218100,,0.0,0.0,Neutral,0.0,Neutral,5.603353294701037,5.556052473613454,0.0473008210875836,57.61561422922154,1590.841543344351,1571.4146927814095,1589.8024315331218,1574.5732141798096
2022-04-04,1598.9200439453125,1602.3199462890625,1594.77001953125,1602.030029296875,111270500,Fluoxetine Affects Intestinal Motility via 5-HT and Muscarinic Receptors in ex vivo Mouse Model - - UKM Journal Article Repository | Introductory Medical Physiology: Skeletal Muscle Constraction - UPM Press,0.0,0.0,Neutral,0.0,Neutral,5.8847277542627126,5.621787529743306,0.26294022451940613,55.98622964141671,1592.964627779447,1572.8812230947067,1591.1049475920063,1575.5470873704296
2022-04-05,1596.7900390625,1601.6800537109375,1594.4100341796875,1601.6600341796875,133372500,,0.0,0.0,Neutral,0.0,Neutral,5.868200485440866,5.671070120882819,0.19713036455804733,54.96456751618621,1593.4192457932693,1574.4104078643177,1591.9171035163627,1576.3968054381123
2022-04-06,1604.719970703125,1605.5,1595.18994140625,1596.1199951171875,144055900,,0.0,0.0,Neutral,0.0,Neutral,6.42096483036903,5.821049062780061,0.5999157675889695,58.034916174647876,1594.4546274038462,1576.3657126913265,1593.746084543043,1577.529732048713
2022-04-07,1600.7900390625,1606.1300048828125,1597.949951171875,1605.510009765625,183691800,,0.0,0.0,Neutral,0.0,Neutral,6.4673700998739605,5.950313270198841,0.5170568296751199,55.99739822845622,1595.5030893179087,1578.101019411671,1594.7523637601084,1578.4601443292645
2022-04-08,1607.2900390625,1608.1099853515625,1599.199951171875,1603.72998046875,121401200,Term Loan for Business - Hong Leong Bank,0.0,0.0,Neutral,0.0,Neutral,6.948543799914887,6.14995937614205,0.7985844237728372,58.58716181697715,1597.1553955078125,1579.9642857142858,1596.5434602318787,1579.613340118594
2022-04-11,1604.6099853515625,1613.4599609375,1603.219970703125,1607.949951171875,130839000,,0.0,0.0,Neutral,0.0,Neutral,7.032552598790744,6.326478020671789,0.7060745781189546,57.095071171456674,1597.673086313101,1581.6906115473532,1597.6958209632621,1580.6132059279125
2022-04-12,1597.1300048828125,1603.97998046875,1597.1300048828125,1603.8699951171875,171551400,,0.0,0.0,Neutral,0.0,Neutral,6.4215348101031395,6.34548937855806,0.07604543154507937,53.035318478703864,1597.5315504807693,1583.4224479830996,1597.6149900946266,1581.2738778861085
2022-04-13,1597.1800537109375,1605.1099853515625,1596.1300048828125,1599.6199951171875,170038600,,0.0,0.0,Neutral,0.0,Neutral,5.873629784627383,6.251117459771924,-0.3774876751445415,53.05936919492277,1597.060781625601,1584.8806127431442,1597.5528563255282,1581.9101249191017
2022-04-14,1595.699951171875,1602.3800048828125,1595.699951171875,1601.0999755859375,155439300,GUIDELINES ON INDUCTION OF LABOUR - Portal Rasmi Kementerian Kesihatan Malaysia,0.0,0.0,Neutral,0.0,Neutral,5.259352655743896,6.052764498966319,-0.7934118432224224,52.207887478942695,1596.887704702524,1586.3691829759248,1597.288155589292,1582.4617179692127
2022-04-15,1589.010009765625,1596.6199951171875,1589.010009765625,1596.5799560546875,88773900,,0.0,0.0,Neutral,0.0,Neutral,4.184475218590023,5.6791066428910595,-1.4946314243010361,48.425204854219025,1597.3177020733174,1587.5602030851403,1596.1055633287683,1582.7236496410692
2022-04-18,1581.1400146484375,1591.6400146484375,1581.1400146484375,1591.6400146484375,100095100,,0.0,0.0,Neutral,0.0,Neutral,2.6668425708041923,5.076653828473686,-2.409811257669494,44.35391024905298,1597.157705453726,1588.6020408163265,1593.9676278030067,1582.660304241364
2022-04-20,1593.75,1597.0699462890625,1584.8699951171875,1585.8199462890625,217355100,,0.0,0.0,Neutral,0.0,Neutral,2.45334753211273,4.551992569201495,-2.0986450370887653,51.40388294725902,1597.6492450420674,1589.4640814333545,1593.936538116863,1583.1038920717094
2022-04-21,1598.3199462890625,1599.9100341796875,1594.1300048828125,1598.3900146484375,157702500,"Rates, Tariff and Charges - HSBC Malaysia | BANKING - MIDF Malaysia",0.0,0.0,Neutral,-0.2732,Negative,2.6226750828971035,4.166129071940617,-1.5434539890435133,53.69356574119034,1597.3346228966345,1590.039999202806,1594.56273928432,1583.7125342404036
2022-04-22,1601.969970703125,1603.3199462890625,1594.719970703125,1598.0699462890625,146615600,,0.0,0.0,Neutral,0.0,Neutral,3.016621122007564,3.936227481954006,-0.9196063599464424,55.49712803382952,1597.5692326472356,1590.5110187141263,1595.6209152012923,1584.4428316989124
2022-04-25,1589.97998046875,1599.3800048828125,1589.97998046875,1599.3800048828125,178307100,The Definitive Guide for Industrial REITs in Malaysia - Industrial Malaysia,0.0,0.0,Neutral,0.0,Neutral,2.3344243975200243,3.6158668650672103,-1.281442467547186,48.77652278482768,1597.045381986178,1590.636325135523,1594.8150673823577,1584.664317649706
2022-04-26,1596.6800537109375,1602.68994140625,1592.469970703125,1599.719970703125,161400900,,0.0,0.0,Neutral,0.0,Neutral,2.307815434434815,3.3542565789407313,-1.0464411445059163,52.25591103637547,1596.4269268329326,1590.5765306122448,1595.0814940007263,1585.144947092155
2022-04-27,1585.97998046875,1593.3399658203125,1585.1700439453125,1591.6500244140625,139713500,,0.0,0.0,Neutral,0.0,Neutral,1.4071009690005667,2.9648254569526986,-1.557724487952132,46.78981736490598,1595.2876915564905,1590.2251026387116,1593.7812777818726,1585.1783484272187
2022-04-28,1597.31005859375,1600.5999755859375,1590.1700439453125,1593.6199951171875,185350000,,0.0,0.0,Neutral,0.0,Neutral,1.589201554839974,2.689700676530154,-1.1004991216901798,52.46040377018482,1594.520000751202,1590.0677564971302,1594.2853893264264,1585.66361683388
2022-04-29,1600.4300537109375,1605.02001953125,1595.780029296875,1602.02001953125,154247500,,0.0,0.0,Neutral,0.0,Neutral,1.9626508943490535,2.544290720093934,-0.5816398257448805,53.91680649736206,1594.198467548077,1590.0142872090241,1595.1631985242138,1586.2542743089623
2022-05-05,1582.97998046875,1615.1700439453125,1576.8399658203125,1614.3399658203125,226169700,The 5 key sectors in Bursa Main Market you should know - fsmone.com.my,0.0833333333333333,0.6666666666666666,Positive,0.0,Neutral,0.8408443815465034,2.203601452384448,-1.3627570708379446,45.517679770569046,1593.1100041316106,1590.020206373565,1593.4227388020047,1586.1233025553538
2022-05-06,1564.3399658203125,1578.5400390625,1563.9300537109375,1574.1500244140625,240641800,,0.0,0.0,Neutral,0.0,Neutral,-1.534598862621806,1.4559613893831975,-2.9905602520050034,38.60039843930624,1590.5838435246394,1589.762655452806,1589.2680569474774,1585.2519690859522
2022-05-09,1549.1800537109375,1563.800048828125,1546.6400146484375,1563.800048828125,165661500,"ADVANCING DEMOCRATIC REPRESENTATION, STABILITY AND ACCOUNTABILITY: Regulating Change of Party Affiliation in Malaysia - sunwayuniversity.edu.my",0.0,0.0,Neutral,0.4019,Positive,-4.587550531448869,0.24725900521678423,-4.834809536665653,34.06607460324324,1587.005389873798,1589.0083705357142,1583.5411993422574,1583.8090924709516
2022-05-10,1554.5799560546875,1559.0400390625,1548.72998046875,1551.550048828125,204417900,,0.0,0.0,Neutral,0.0,Neutral,-6.496423013433741,-1.101477398513321,-5.39494561492042,36.90897870118538,1584.356924203726,1588.6142877072705,1579.4038788726048,1582.6399270143008
2022-05-11,1555.9300537109375,1559.4599609375,1552.93994140625,1555.47998046875,163931700,ALLOWABLE AND NON-ALLOWABLE EXPENSES - Lembaga Hasil Dalam Negeri Malaysia,0.0,0.0,Neutral,0.0,Neutral,-7.810244968183042,-2.443230912447265,-5.367014055735777,37.63303419635548,1582.417696439303,1587.883881238042,1576.050475278081,1581.5715320821662
2022-05-12,1538.800048828125,1559.7099609375,1538.800048828125,1556.93994140625,207028200,,0.0,0.0,Neutral,0.0,Neutral,-10.117083128872764,-3.978001355732365,-6.139081773140399,32.53165668346544,1578.1907771183894,1586.4659224529655,1570.7289857852302,1579.8606727520046
2022-05-13,1544.4100341796875,1551.3299560546875,1541.1500244140625,1545.97998046875,261766800,,0.0,0.0,Neutral,0.0,Neutral,-11.361620370554874,-5.454725158696867,-5.906895211858007,35.61005766184354,1574.0438608022837,1585.404087611607,1566.969135555867,1578.4426472091118
2022-05-17,1548.5999755859375,1558.1099853515625,1548.02001953125,1555.6800537109375,247756000,,0.0,0.0,Neutral,0.0,Neutral,-11.87296766572672,-6.7383736601028374,-5.134594005623882,37.88946184101006,1569.9384765625,1584.3938835299746,1564.3449698458774,1577.2489403441848
2022-05-18,1554.9100341796875,1558.8900146484375,1547.469970703125,1554.1500244140625,208475500,Monetary Policy Committee Meeting Schedule - Bank Negara Malaysia | Overnight Policy Rate Decisions - Bank Negara Malaysia,0.0,0.0,Neutral,0.0,Neutral,-11.63492491610964,-7.7176839113041975,-3.917241004805442,41.26182163901284,1567.2407883864182,1583.0953120017539,1562.9971218935646,1576.3553840976049
2022-05-19,1549.4100341796875,1554.530029296875,1545.02001953125,1550.239990234375,222552600,,0.0,0.0,Neutral,0.0,Neutral,-11.75457888816345,-8.525062906676048,-3.2295159814874026,39.26084405201105,1563.6046330378606,1581.982456752232,1561.0561093630108,1575.2775701008882
2022-05-20,1549.1199951171875,1558.510009765625,1549.1199951171875,1552.3800048828125,180829200,,0.0,0.0,Neutral,0.0,Neutral,-11.73750658193012,-9.167551641726863,-2.5699549402032567,39.15301456992624,1560.7692495492788,1581.5040881098532,1559.3509501850363,1574.2312671015402
2022-05-23,1542.530029296875,1556.4300537109375,1540.0899658203125,1553.1500244140625,161612400,,0.0,0.0,Neutral,0.0,Neutral,-12.11606536377326,-9.757254386136143,-2.3588109776371162,36.68750114257567,1556.555401141827,1581.4155173788265,1556.9479614867275,1572.9632175893535
2022-05-24,1531.300048828125,1547.8399658203125,1531.300048828125,1547.8399658203125,185458500,,0.0,0.0,Neutral,0.0,Neutral,-13.170421080800907,-10.439887725069097,-2.7305333557318097,32.88695231191063,1551.2377084585337,1580.7822539660394,1553.2839739640701,1571.2966908389044
2022-05-25,1535.56005859375,1538.8199462890625,1531.219970703125,1531.77001953125,145386500,Real Carrotene - aprilskin my,0.2,0.3,Positive,0.0,Neutral,-13.506563144680968,-11.053222808991471,-2.4533403356894965,35.61185125535262,1547.5900221604568,1579.8644994618942,1550.7519860540244,1569.8672255490983
2022-05-26,1541.1500244140625,1541.75,1535.8900146484375,1539.719970703125,175471800,,0.0,0.0,Neutral,0.0,Neutral,-13.170078164679353,-11.476593880129048,-1.6934842845503049,39.105694091012694,1545.806180513822,1579.312051578444,1549.3802772483157,1568.718537503697
2022-05-27,1546.760009765625,1546.760009765625,1531.56005859375,1540.699951171875,171414000,,0.0,0.0,Neutral,0.0,Neutral,-12.308843771508919,-11.643043858405022,-0.6657999131038963,42.47903951195317,1545.6200232872595,1578.8900121572067,1549.005953322217,1567.8401963941742
2022-05-30,1543.02001953125,1547.02001953125,1540.56005859375,1546.3499755859375,143220900,,0.0,0.0,Neutral,0.0,Neutral,-11.792162555994992,-11.672867597923016,-0.11929495807197554,40.85418635240741,1544.7307974008413,1578.5963383888711,1548.1508199235075,1566.8473893196572
2022-05-31,1570.0999755859375,1570.0999755859375,1537.949951171875,1544.3499755859375,745939000,,0.0,0.0,Neutral,0.0,Neutral,-9.092747302372118,-11.156843538812836,2.0640962364407187,54.44240172805463,1545.820791391226,1578.571441027583,1551.2864135895688,1566.9774927703083
2022-06-01,1553.4100341796875,1563.8900146484375,1552.219970703125,1563.4000244140625,276242600,,0.0,0.0,Neutral,0.0,Neutral,-8.205591106985594,-10.566593052447388,2.361001945461794,47.23910058138002,1546.9446364182693,1577.8067477479274,1551.589787959586,1566.4347944266835
2022-06-02,1549.9000244140625,1555.5400390625,1546.2900390625,1554.719970703125,221159300,,0.0,0.0,Neutral,0.0,Neutral,-7.697015480997607,-9.992677538157432,2.2956620571598254,45.86470700911214,1547.366943359375,1576.962666414222,1551.3483931673684,1565.7734036261786
2022-06-03,1537.8299560546875,1551.6700439453125,1537.510009765625,1551.239990234375,155523600,,0.0,0.0,Neutral,0.0,Neutral,-8.173697973851858,-9.628881625296318,1.4551836514444592,41.4036830205694,1546.5384803185095,1575.9559301259567,1549.417187865557,1564.6556657233189
2022-06-07,1525.9300537109375,1541.4300537109375,1525.9300537109375,1538.739990234375,170810900,,0.0,0.0,Neutral,0.0,Neutral,-9.403299567198019,-9.583765213676658,0.18046564647863939,37.52814999701803,1544.3092510516826,1574.7338892099808,1546.0618829863256,1563.1066412428236
2022-06-08,1523.8599853515625,1532.719970703125,1523.8599853515625,1525.9000244140625,184381000,,0.0,0.0,Neutral,0.0,Neutral,-10.424636188177828,-9.751939408576892,-0.6726967796009369,36.88141550881262,1542.3438626802886,1573.223276566486,1542.8901833242167,1561.536775007173
2022-06-09,1509.7099609375,1526.8299560546875,1508.0,1523.31005859375,218442900,,0.0,0.0,Neutral,0.0,Neutral,-12.23480630102813,-10.248512787067138,-1.986293513960991,32.72935649923453,1539.3123215895432,1571.4016437141263,1538.1501515546859,1559.463702444386
2022-06-10,1493.949951171875,1505.6800537109375,1493.3199462890625,1505.6800537109375,201280200,,0.0,0.0,Neutral,0.0,Neutral,-14.770811512615637,-11.15297253217684,-3.6178389804387976,28.835599081899574,1535.5753925030049,1569.1700090680804,1531.8358372142843,1556.8431523934853
2022-06-13,1464.8299560546875,1483.760009765625,1458.8499755859375,1483.760009765625,260416300,,0.0,0.0,Neutral,0.0,Neutral,-18.912344419787587,-12.70484690969899,-6.207497510088597,23.316026343599987,1530.4623084435095,1566.453274473852,1522.263568477199,1553.1626245399334
2022-06-14,1481.280029296875,1481.719970703125,1451.1800537109375,1457.8599853515625,239619000,,0.0,0.0,Neutral,0.0,Neutral,-20.62935331155927,-14.289748190071046,-6.3396051214882245,31.314428227244164,1526.2869215745193,1564.368784378986,1516.4087771657241,1550.287320730211
2022-06-15,1459.050048828125,1480.9599609375,1453.18994140625,1480.8800048828125,228046100,,0.0,0.0,Neutral,0.0,Neutral,-23.512827628129116,-16.134364077682662,-7.378463550446455,27.1875255820286,1519.9715388371394,1561.8347043407207,1508.2146731174957,1546.6378298541274
2022-06-16,1472.77001953125,1476.02001953125,1461.93994140625,1469.0999755859375,238653100,,0.0,0.0,Neutral,0.0,Neutral,-24.409536878433073,-17.789398637832747,-6.620138240600326,33.05183903220207,1514.280001126803,1559.496133609694,1503.1511511766037,1543.683117441212
2022-06-17,1456.739990234375,1461.030029296875,1445.6400146484375,1460.9300537109375,422332000,,0.0,0.0,Neutral,0.0,Neutral,-26.112664276245823,-19.454051765515363,-6.65861251073046,30.010591585137405,1507.643075796274,1556.5232755699935,1496.520985327714,1540.2053923529386
2022-06-20,1441.239990234375,1454.4000244140625,1437.22998046875,1454.4000244140625,135252900,FORMAT INSTRUCTIONS FOR SOMChE 2004 PAPERS - Journal of Engineering Science and Technology (JESTEC),0.0,0.0,Neutral,0.0,Neutral,-28.385910365401514,-21.24042348549259,-7.145486879908923,27.38652349920993,1497.7307692307693,1553.3053152901787,1488.62370031438,1536.2467762681958
2022-06-21,1457.8800048828125,1457.8800048828125,1443.260009765625,1443.300048828125,220812900,,0.0,0.0,Neutral,0.0,Neutral,-28.51604889218197,-22.69554856683047,-5.8205003253514995,34.05308257939261,1490.382305438702,1550.4704166334502,1484.2317438241562,1533.1121054127805
2022-06-22,1431.0999755859375,1461.530029296875,1431.0999755859375,1461.1300048828125,213442200,,0.0,0.0,Neutral,0.0,Neutral,-30.42933869163585,-24.242306591791547,-6.187032099844302,29.37837639259466,1481.2438401442307,1546.927151426977,1476.6414912186963,1529.0316202197066
2022-06-23,1431.050048828125,1441.469970703125,1427.780029296875,1434.5,138751900,,0.0,0.0,Neutral,0.0,Neutral,-31.58556458708358,-25.710958190849958,-5.874606396233624,29.37028146447271,1473.030001126803,1543.4630699936224,1470.1284280200434,1525.1123573640434
2022-06-24,1436.699951171875,1440.72998046875,1431.300048828125,1431.300048828125,144218900,,0.0,0.0,Neutral,0.0,Neutral,-31.68078566194049,-26.904923685068066,-4.775861976872424,31.664955226177455,1466.1661470853364,1539.9816396285078,1465.352931327448,1521.5758611163567
2022-06-27,1438.1199951171875,1441.030029296875,1431.6500244140625,1438.8199462890625,112772600,,0.0,0.0,Neutral,0.0,Neutral,-31.2810746148441,-27.780153871023273,-3.500920743820828,32.26064488193461,1459.5707632211538,1536.5838847257653,1461.4625118688393,1518.2376264763898
2022-06-28,1454.739990234375,1455.4599609375,1431.3499755859375,1438.97998046875,141126700,,0.0,0.0,Neutral,0.0,Neutral,-29.28561962996605,-28.08124702281183,-1.2043726071542196,38.96656226341438,1455.342303936298,1533.6779660594707,1460.5021516353445,1515.6977210267091
2022-06-29,1451.47998046875,1459.8599853515625,1445.22998046875,1450.449951171875,252629700,,0.0,0.0,Neutral,0.0,Neutral,-27.64854747633717,-27.994707113516903,0.3461596371797313,38.168395324190165,1452.0753831129807,1530.704495176977,1459.2132700401169,1513.129011404391
2022-06-30,1444.219970703125,1460.300048828125,1444.219970703125,1455.5,298977000,,0.0,0.0,Neutral,0.0,Neutral,-26.630004004212196,-27.721766491655963,1.0917624874437664,36.381162227817,1450.489999624399,1527.6130670041455,1457.0713701348325,1510.3726497763403
2022-07-01,1449.739990234375,1452.3199462890625,1441.6199951171875,1441.6199951171875,124199100,,0.0,0.0,Neutral,0.0,Neutral,-25.088180591886612,-27.195049311702093,2.1068687198154805,38.730313831913215,1448.0638427734375,1524.7708217075892,1456.024030149053,1507.9473433946616
2022-07-04,1437.52001953125,1449.5,1437.52001953125,1449.5,121107100,,0.0,0.0,Neutral,0.0,Neutral,-24.56910657174535,-26.669860763710748,2.1007541919653967,35.59667472734344,1446.407686673678,1521.8398013990752,1453.3806000607956,1505.130250440125
2022-07-05,1440.81005859375,1444.6700439453125,1435.5799560546875,1441.8699951171875,143105000,,0.0,0.0,Neutral,0.0,Neutral,-23.619981570104983,-26.059884924989596,2.4399033548846134,37.072895405662095,1443.949228140024,1518.7185781050703,1451.5848084226463,1502.55744276627
2022-07-06,1420.8499755859375,1448.0899658203125,1419.5,1442.5699462890625,174436600,,0.0,0.0,Neutral,0.0,Neutral,-24.199448870638435,-25.687797714119366,1.4883488434809315,32.244095942262106,1441.188457782452,1515.0967419682718,1447.1941180174024,1499.2891440790565
2022-07-07,1418.68994140625,1425.8499755859375,1418.68994140625,1421.0400390625,177874100,,0.0,0.0,Neutral,0.0,Neutral,-24.549980691708015,-25.460234309637098,0.910253617929083,31.76195626700634,1439.453838641827,1511.356333207111,1443.1220927872378,1496.0651759721443
2022-07-08,1425.7900390625,1427.199951171875,1420.6300048828125,1421.260009765625,127603700,,0.0,0.0,Neutral,0.0,Neutral,-23.978452468495107,-25.1638779414087,1.1854254729135931,35.19230012856592,1436.985379732572,1508.0055180763711,1440.6460851122754,1493.2541704957587
2022-07-12,1426.0799560546875,1426.18994140625,1418.5,1426.18994140625,180406300,,0.0,0.0,Neutral,0.0,Neutral,-23.234287947017037,-24.77795994253037,1.543671995513332,35.33524637218987,1436.5992243840144,1504.5238834303252,1438.56520953262,1490.5672019181159
2022-07-13,1411.3199462890625,1421.4300537109375,1410.3299560546875,1421.4300537109375,159991500,,0.0,0.0,Neutral,0.0,Neutral,-23.56391153175491,-24.535150260375282,0.9712387286203708,31.52307533752007,1435.081524188702,1500.9593929368623,1434.6730290692547,1487.3973116929537
2022-07-14,1420.06005859375,1420.06005859375,1408.8299560546875,1408.8299560546875,137943400,Page 1 of 6 1. Definitions Capitalized terms used in these General Terms and Conditions shall have the meaning as specified here - Shell Malaysia,0.05,0.5,Neutral,0.0,Neutral,-22.856412087722447,-24.19940262584472,1.3429905381222724,35.93093435611267,1433.801532451923,1497.3420459980866,1432.5854618584683,1484.7038215689854
2022-07-15,1418.43994140625,1420.06005859375,1415.4599609375,1420.06005859375,115312500,Assessing the impact of liquidity on the value of assets return - Universiti Utara Malaysia,0.0,0.0,Neutral,0.4767,Positive,-22.170871591398054,-23.793696418955385,1.6228248275573307,35.475085366269525,1432.2876821664663,1493.6279620735013,1430.5646732224372,1482.053266362476
2022-07-18,1429.5400390625,1429.5400390625,1416.7099609375,1420.8900146484375,164058300,,0.0,0.0,Neutral,0.0,Neutral,-20.49562983290889,-23.134083101746086,2.638453268837196,40.99818538725233,1430.3492243840144,1490.4965346978636,1430.4182969138749,1479.952737270477
2022-07-19,1428.760009765625,1430.8599853515625,1417.1600341796875,1428.68994140625,120980400,,0.0,0.0,Neutral,0.0,Neutral,-19.01177461181578,-22.309621403760026,3.297846791944245,40.73431860338887,1428.601534329928,1487.7295968191963,1430.1813987498394,1477.9050281702828
2022-07-20,1436.97998046875,1438.3699951171875,1430.02001953125,1430.02001953125,150338100,,0.0,0.0,Neutral,0.0,Neutral,-16.976827421116695,-21.243062607231362,4.266235186114667,44.768461417966535,1428.0446120042068,1485.4397994060905,1431.152624709684,1476.2680262622214
2022-07-21,1450.3199462890625,1451.3299560546875,1440.050048828125,1441.1600341796875,147979100,,0.0,0.0,Neutral,0.0,Neutral,-14.124870640217978,-19.819424213828686,5.694553573610708,50.6404875380428,1428.0892240084136,1483.3120441047513,1433.8908135067381,1475.230103063295
2022-07-22,1465.800048828125,1468.47998046875,1450.72998046875,1451.0899658203125,172149500,,0.0,0.0,Neutral,0.0,Neutral,-10.49458440545527,-17.954456252154003,7.459871846698732,56.42941406121914,1430.2646108774038,1481.47265625,1438.4492756955076,1474.852900893888
2022-07-25,1469.219970703125,1469.219970703125,1461.280029296875,1463.780029296875,151287500,,0.0,0.0,Neutral,0.0,Neutral,-7.257932369325317,-15.815151475588266,8.557219106262949,57.61217068292509,1432.4499887319712,1480.0526546556123,1442.8450892680244,1474.6275836862576
2022-07-26,1463.68994140625,1466.489990234375,1459.1199951171875,1466.489990234375,129765300,,0.0,0.0,Neutral,0.0,Neutral,-5.080524337699899,-13.668226048010593,8.587701710310695,55.01169415627152,1435.745370718149,1478.4053058235013,1445.822925287771,1474.1900779950572
2022-07-27,1470.7099609375,1470.9599609375,1460.969970703125,1464.1300048828125,131413600,,0.0,0.0,Neutral,0.0,Neutral,-2.7566786028769457,-11.485916558983865,8.72923795610692,57.626438538502036,1439.7469106820913,1476.815713687819,1449.3782160948751,1474.050873312755
2022-07-28,1491.199951171875,1491.199951171875,1472.3900146484375,1472.3900146484375,193900200,,0.0,0.0,Neutral,0.0,Neutral,0.7299425311696268,-9.042744740953168,9.772687272122795,64.17191556669755,1444.7784423828125,1475.5155079121491,1455.3527496773038,1474.7368364271197
2022-07-29,1492.22998046875,1497.530029296875,1488.0699462890625,1491.1700439453125,196951200,,0.0,0.0,Neutral,0.0,Neutral,3.5354749016842106,-6.527100812425692,10.062575714109903,64.46904503441357,1449.8669057992788,1474.3485680404974,1460.6209255046533,1475.4365621887848
2022-08-01,1502.0699462890625,1503.8299560546875,1490.68994140625,1492.6700439453125,118037000,,0.0,0.0,Neutral,0.0,Neutral,6.4782057998422715,-3.9260394899720996,10.404245289814371,67.26223135846811,1456.847675030048,1473.3883629623724,1466.5422141881404,1476.5018975527958
2022-08-02,1495.050048828125,1503.0,1490.719970703125,1501.3299560546875,159324800,,0.0,0.0,Neutral,0.0,Neutral,8.149946668468829,-1.5108422582839138,9.660788926752742,63.43118245204175,1462.6161358173076,1472.4193837691328,1470.6147619938527,1477.2438236038088
2022-08-03,1490.5699462890625,1490.5699462890625,1483.010009765625,1488.5799560546875,149070000,,0.0,0.0,Neutral,0.0,Neutral,9.009451173040588,0.5932164279809866,8.416234745059601,61.04164139054937,1468.1645977313701,1471.5881571867028,1473.4655026074543,1477.776868511219
2022-08-04,1507.7099609375,1507.7099609375,1491.6600341796875,1491.6600341796875,190421100,,0.0,0.0,Neutral,0.0,Neutral,10.947474945750855,2.66406813153496,8.283406814215894,66.27595008692721,1474.1776686448318,1471.0197878467793,1478.3575680831752,1478.97419220827
2022-08-05,1501.550048828125,1505.530029296875,1497.77001953125,1505.0699462890625,174897900,Tun Ismail Ali Chair (TIAC) - Tun Ismail Ali Chair,0.0,0.0,Neutral,0.0,Neutral,11.849723090052294,4.501199123238427,7.348523966813866,62.99992855105505,1479.7769024188701,1470.2116250797194,1481.6707796181681,1479.8772264730642
2022-08-08,1496.030029296875,1501.5799560546875,1490.4100341796875,1501.5799560546875,122167900,,0.0,0.0,Neutral,0.0,Neutral,11.981229644034102,5.997205227397562,5.984024416636539,60.131502717328246,1484.3192138671875,1469.1763193558672,1483.7221010008407,1480.5233385860165
2022-08-09,1497.6800537109375,1501.030029296875,1495.0,1498.52001953125,102724400,,0.0,0.0,Neutral,0.0,Neutral,12.07934949407013,7.213634080732076,4.865715413338053,60.70740489464361,1487.9622990534856,1468.251013930963,1485.7160942451403,1481.2096071910134
2022-08-10,1492.3299560546875,1496.25,1490.219970703125,1495.719970703125,266326400,,0.0,0.0,Neutral,0.0,Neutral,11.591779198938184,8.089263104373298,3.5025160945648857,57.792359627425675,1490.0030611478364,1466.6638706752233,1486.6609316465044,1481.6544211455603
2022-08-11,1505.56005859375,1505.56005859375,1497.81005859375,1497.81005859375,216126900,,0.0,0.0,Neutral,0.0,Neutral,12.133072427247953,8.89802496894823,3.2350474582997233,62.57777289487681,1492.7984525240386,1465.6873405612246,1489.3608069246825,1482.6106466434878
2022-08-12,1506.18994140625,1511.800048828125,1504.2099609375,1505.0699462890625,267605700,,0.0,0.0,Neutral,0.0,Neutral,12.469140993704514,9.612248173899488,2.856892819805026,62.7940556727526,1496.0676832932693,1464.795298050861,1491.7649689934779,1483.5538184339982
2022-08-15,1504.010009765625,1510.1099853515625,1503.02001953125,1506.4200439453125,316946800,,0.0,0.0,Neutral,0.0,Neutral,12.41644642351389,10.173087823822367,2.243358599691522,61.46994903628056,1498.6292255108174,1464.1050950653698,1493.5142605323563,1484.3720660872632
2022-08-16,1518.780029296875,1518.780029296875,1503.8599853515625,1504.0899658203125,470904500,,0.0,0.0,Neutral,0.0,Neutral,13.411898715190773,10.82085000209605,2.5910487130947235,66.60770605578912,1500.7507699819712,1463.9591761997767,1497.1236560701448,1485.7483846156476
2022-08-17,1518.1600341796875,1527.8399658203125,1516.5699462890625,1519.550048828125,341134600,,0.0,0.0,Neutral,0.0,Neutral,13.989511028777997,11.45458220743244,2.5349288213455576,66.20860735524707,1502.745389498197,1463.842850665657,1500.1288529429366,1487.0448505982092
2022-08-18,1516.6199951171875,1522.52001953125,1514.6700439453125,1516.780029296875,235365700,,0.0,0.0,Neutral,0.0,Neutral,14.159779542656452,11.995621674477242,2.1641578681792097,65.16414524299671,1503.8646240234375,1463.9838717713649,1502.4847303964011,1488.2278563789682
2022-08-19,1504.43994140625,1519.6800537109375,1502.9100341796875,1516.8199462890625,168464900,,0.0,0.0,Neutral,0.0,Neutral,13.160187574678275,12.228534854517449,0.9316527201608267,57.44557331066153,1504.586923452524,1464.1979532047194,1502.764046254951,1488.8763397800597
2022-08-22,1487.3699951171875,1502.0699462890625,1486.3699951171875,1501.6099853515625,169380000,The Country Could Potentially Experience Shrinkage By 2072 - Malaysia Population Research Hub,0.0,1.0,Neutral,0.0,Neutral,10.865352709759918,11.955898425565945,-1.0905457158060265,48.733466486263225,1504.3407733623799,1464.6579540019134,1500.5648960924134,1488.8160859935447
2022-08-23,1482.5699462890625,1484.9200439453125,1477.5400390625,1484.9200439453125,172621700,,0.0,0.0,Neutral,0.0,Neutral,8.560673604691146,11.276853461390985,-2.7161798566998385,46.593579282465534,1502.4069260817307,1464.6842788384886,1497.9941889776492,1488.5662404053653
2022-08-24,1467.260009765625,1487.969970703125,1464.8299560546875,1484.0999755859375,152863500,,0.0,0.0,Neutral,0.0,Neutral,5.436150325577273,10.108712834228243,-4.6725625086509694,40.48707827916986,1499.7692307692307,1464.8518290617028,1493.6035919473602,1487.7139911797756
2022-08-25,1495.489990234375,1495.489990234375,1470.3699951171875,1470.3699951171875,202206400,,0.0,0.0,Neutral,0.0,Neutral,5.178175824341906,9.122605432250976,-3.94442960790907,52.77683578512229,1499.7276893028845,1465.3155019331953,1493.8730774169337,1488.0250311419595
2022-08-26,1500.2900390625,1507.489990234375,1495.6800537109375,1496.3800048828125,175717000,,0.0,0.0,Neutral,0.0,Neutral,5.299958377192297,8.35807602123924,-3.058117644046943,54.49746539114642,1499.928457406851,1466.2042784398916,1494.7897862234433,1488.5156314587812
2022-08-29,1501.5699462890625,1506.550048828125,1481.7900390625,1486.52001953125,171238200,,0.0,0.0,Neutral,0.0,Neutral,5.4370745335136235,7.7738757236941165,-2.336801190180493,54.96862175997772,1500.6392258864182,1467.4355020328444,1495.7583805185318,1489.0378040519922
2022-08-30,1512.050048828125,1512.050048828125,1496.800048828125,1500.780029296875,380089300,,0.0,0.0,Neutral,0.0,Neutral,6.318560333935693,7.482812645742432,-1.164252311806739,58.73626471919812,1501.138455904447,1468.5410131337692,1498.0857617056165,1489.9582938430376
2022-09-01,1491.949951171875,1503.489990234375,1490.7099609375,1498.010009765625,221522800,,0.0,0.0,Neutral,0.0,Neutral,5.333750132811019,7.05300014315615,-1.7192500103451307,50.08160395918726,1500.0430720402644,1469.7828493702168,1497.2092173436536,1490.037960136191
2022-09-02,1491.1800537109375,1498.6099853515625,1489.22998046875,1493.1199951171875,158415100,,0.0,0.0,Neutral,0.0,Neutral,4.4399753899429015,6.530395192513501,-2.090419802570599,49.7790452277281,1499.05615234375,1471.0099923270088,1496.3479082532656,1490.083643879181
2022-09-05,1489.800048828125,1494.81005859375,1486.7900390625,1492.030029296875,119861900,,0.0,0.0,Neutral,0.0,Neutral,3.5790406532839825,5.940124284667597,-2.3610836313836145,49.205225981215584,1496.826923076923,1472.0936677893815,1495.4124997639599,1490.0723000771386
2022-09-06,1488.27001953125,1497.0,1488.27001953125,1492.5799560546875,163008800,,0.0,0.0,Neutral,0.0,Neutral,2.741678728762963,5.300435173486671,-2.5587564447237074,48.537179180653844,1494.5276911808894,1473.1171376753828,1494.3921454450015,1490.000208855303
2022-09-07,1491.3499755859375,1492.18994140625,1483.2900390625,1485.9200439453125,162618300,,0.0,0.0,Neutral,0.0,Neutral,2.300076236947916,4.700363386178919,-2.400287149231003,50.00854575181923,1492.5838435246394,1473.8642802335778,1493.9575497508495,1490.0541995245285
2022-09-08,1494.72998046875,1497.6600341796875,1486.97998046875,1490.8699951171875,163489700,,0.0,0.0,Neutral,0.0,Neutral,2.197509702822117,4.199792649507559,-2.002282946685442,51.64253179786698,1491.836923452524,1474.7469332948024,1494.0678969962637,1490.2412307622972
2022-09-09,1496.530029296875,1498.3199462890625,1493.1500244140625,1495.75,121606000,,0.0,0.0,Neutral,0.0,Neutral,2.2357021002339934,3.8069745396528463,-1.5712724394188529,52.53235132846926,1492.5415414663462,1475.8144855110013,1494.4196301820655,1490.4927827036804
2022-09-12,1497.9599609375,1501.8699951171875,1496.050048828125,1497.6600341796875,139781400,,0.0,0.0,Neutral,0.0,Neutral,2.3542154530114203,3.5164227223245614,-1.1622072693131411,53.26799660700537,1493.7253887469951,1476.7985665457588,1494.925391718556,1490.791469833033
2022-09-13,1487.8399658203125,1497.8800048828125,1482.3800048828125,1497.4000244140625,168161200,,0.0,0.0,Neutral,0.0,Neutral,1.6129460710185413,3.1357273920633575,-1.5227813210448162,47.64071425159288,1495.3084622896636,1477.8255042251276,1493.913188018807,1490.6734096725243
2022-09-14,1468.43994140625,1480.550048828125,1468.43994140625,1475.239990234375,174111700,,0.0,0.0,Neutral,0.0,Neutral,-0.5337819857504655,2.401825516500593,-2.9356075022510586,39.11094456171864,1493.2276893028845,1478.3893793845664,1490.2741527884418,1489.7840709418733
2022-09-15,1467.31005859375,1478.5400390625,1466.3299560546875,1473.3599853515625,311214100,,0.0,0.0,Neutral,0.0,Neutral,-2.2997415481961525,1.461512103561244,-3.7612536517573965,38.67661112524991,1490.6907677283655,1479.3375443439095,1486.9935679034859,1488.8851104479484
2022-09-19,1451.52001953125,1460.9100341796875,1446.0400390625,1459.510009765625,304695900,,0.0,0.0,Neutral,0.0,Neutral,-4.916724474776856,0.18586478789362393,-5.10258926267048,33.138165377508614,1486.8407733623799,1480.0075459382972,1481.9259181360235,1487.3905068112804
2022-09-20,1461.0999755859375,1465.5799560546875,1454.4200439453125,1454.4200439453125,260241500,,0.0,0.0,Neutral,0.0,Neutral,-6.146823156769415,-1.0806728010389839,-5.06615035573043,38.8587305706863,1482.9215369591345,1480.7281568877552,1478.9507834860115,1486.3388855622666
2022-09-21,1447.1800537109375,1459.8900146484375,1447.1800537109375,1459.449951171875,381229500,,0.0,0.0,Neutral,0.0,Neutral,-8.150947536885724,-2.494727748208332,-5.656219788677392,34.27055757053451,1479.4776986929087,1481.1587711256377,1474.412107803858,1484.7725322882134
2022-09-22,1439.1600341796875,1448.510009765625,1435.760009765625,1444.8699951171875,232744900,,0.0,0.0,Neutral,0.0,Neutral,-10.268015802581886,-4.049385359083043,-6.218630443498842,31.93123453680964,1475.4761587289663,1481.7269361846302,1469.3760972861194,1482.9480323638725
2022-09-23,1424.97998046875,1440.2900390625,1424.97998046875,1439.1099853515625,232715500,,0.0,0.0,Neutral,0.0,Neutral,-12.940845471420516,-5.827677381550538,-7.113168089869978,28.258382301447938,1470.489999624399,1481.8273427535078,1463.0337948836382,1480.6293102880675
2022-09-26,1413.0400390625,1423.8299560546875,1411.47998046875,1423.8299560546875,269196600,,0.0,0.0,Neutral,0.0,Neutral,-15.839942726178379,-7.830130450476107,-8.009812275702272,25.589337899320725,1464.7030780498799,1481.7171406648597,1455.8918297663326,1477.9257394390447
2022-09-27,1410.8699951171875,1420.27001953125,1410.8699951171875,1412.8599853515625,307257400,,0.0,0.0,Neutral,0.0,Neutral,-18.103911970117224,-9.88488675440433,-8.219025215712893,25.12486197919843,1458.5123103215144,1481.3361193598532,1449.4601391021693,1475.2435096661704
2022-09-28,1401.8900146484375,1409.1300048828125,1400.4100341796875,1407.3199462890625,317186600,,0.0,0.0,Neutral,0.0,Neutral,-20.38771637845798,-11.985452679215062,-8.40226369924292,23.2446023463868,1451.3707744891826,1480.7877521125638,1442.6644070373504,1472.3093698654611
2022-09-29,1397.5,1410.760009765625,1395.81005859375,1407.3900146484375,319309200,,0.0,0.0,Neutral,0.0,Neutral,-22.29488377713642,-14.047338898799335,-8.247544878337084,22.36349450670832,1443.7530799278845,1479.9820382254463,1436.2123488891575,1469.3169950708427
2022-09-30,1394.6300048828125,1402.22998046875,1390.4100341796875,1395.2900390625,283725900,,0.0,0.0,Neutral,0.0,Neutral,-23.763975978872168,-15.990666314813902,-7.7733096640582655,21.782183913850545,1435.8046217698318,1478.8455088089922,1430.2720140311083,1466.3295154633213
2022-10-03,1397.6199951171875,1401.8199462890625,1384.8199462890625,1393.699951171875,205504800,,0.0,0.0,Neutral,0.0,Neutral,-24.40564186206143,-17.673661424263408,-6.731980437798022,23.9986603207643,1428.8646240234375,1477.4540791414222,1425.6074399005483,1463.5811346494759
2022-10-04,1409.3599853515625,1411.550048828125,1402.9000244140625,1403.760009765625,171969900,,0.0,0.0,Neutral,0.0,Neutral,-23.693721132335668,-18.87767336587786,-4.816047766457807,32.1309333805298,1424.3200120192307,1476.2324467873086,1423.286374964979,1461.4122886775592
2022-10-05,1420.550048828125,1424.6500244140625,1413.6700439453125,1413.6700439453125,202932700,,0.0,0.0,Neutral,0.0,Neutral,-21.97327992849614,-19.496794678401518,-2.4764852500946226,38.84759883232556,1420.7230881911057,1475.3520408163265,1422.895471231143,1459.7777990835818
2022-10-06,1420.4300537109375,1428.1300048828125,1420.4300537109375,1424.75,61327800,Bank Negara raises OPR - arcalandrealty.my,0.0,0.0,Neutral,0.0,Neutral,-20.384520419981527,-19.67433982671752,-0.7101805932640062,38.803251687020364,1418.331552358774,1474.3259202606823,1422.5432687282564,1458.203889268676
2022-10-07,1406.0,1421.9000244140625,1405.1800537109375,1421.7900390625,78281500,BNM Instructs iPay88 to Further Strengthen Cyber Security Controls - Bank Negara Malaysia,0.0,0.5,Neutral,0.5719,Positive,-20.058578988029467,-19.751187658979912,-0.3073913290495547,33.80546757015175,1414.0930926983174,1472.5871457469707,1420.1799446242198,1456.1157336979288
2022-10-11,1386.8199462890625,1400.5799560546875,1383.25,1400.5799560546875,225392200,"Political Stability, key in investment attractiveness - Saluran 122",0.0,0.55,Neutral,0.4215,Positive,-21.10465674918987,-20.021881477021907,-1.0827752721679644,28.543142090850907,1409.4500075120193,1470.4359205596302,1415.4142305763403,1453.343902201574
2022-10-12,1380.5699462890625,1391.469970703125,1376.5400390625,1388.280029296875,208604100,,0.0,0.0,Neutral,0.0,Neutral,-22.182299932444494,-20.453965168106425,-1.7283347643380687,27.06468534576058,1404.9430776742788,1467.9563287228955,1410.4364756781579,1450.4329439650737
2022-10-13,1373.3599853515625,1385.0699462890625,1372.5699462890625,1384.8599853515625,305862900,,0.0,0.0,Neutral,0.0,Neutral,-23.348971105992177,-21.032966355683577,-2.3160047503086005,25.428384371946976,1400.9723088191106,1465.4728580397002,1405.13983420293,1447.3500256205332
2022-10-14,1382.469970703125,1391.3800048828125,1381.3399658203125,1381.6300048828125,271513000,,0.0,0.0,Neutral,0.0,Neutral,-23.270222098749628,-21.48041750429679,-1.7898045944528391,31.096888783985378,1398.6207650991587,1463.2667360889668,1401.9012822743864,1444.7548234238368
2022-10-17,1386.27001953125,1389.2099609375,1376.6800537109375,1383.5,225972200,,0.0,0.0,Neutral,0.0,Neutral,-22.640198644122165,-21.712373732261867,-0.9278249118602986,33.372026665802764,1396.7284592848557,1460.788369937819,1399.6682447396527,1442.4154312681335
2022-10-18,1400.3599853515625,1400.3900146484375,1389.1600341796875,1392.9200439453125,234389700,Page 151 - Bank-Muamalat-Annual-Report-2021 - Bank Muamalat Malaysia Berhad,0.0,0.0,Neutral,0.0,Neutral,-20.764596685239667,-21.52281832285743,0.758221637617762,41.13347442856187,1396.6107647235576,1458.7232666015625,1399.7670648270685,1440.7332134314706
2022-10-19,1415.0999755859375,1415.0999755859375,1400.280029296875,1402.6800537109375,216942000,,0.0,0.0,Neutral,0.0,Neutral,-17.8826347137408,-20.794781601034103,2.9121468872933036,47.962719072896626,1397.964608999399,1457.0716328523597,1401.9574806497642,1439.7078839176493
2022-10-20,1437.719970703125,1437.719970703125,1411.739990234375,1414.719970703125,336728500,Terms & Conditions - Opera Cafe & Lounge | Borrowing Costs - Malaysian Accounting Standards Board,0.0,0.0,Neutral,0.0,Neutral,-13.61645253625261,-19.359115788077805,5.742663251825196,56.33457835265498,1401.2792217548076,1455.847957688935,1407.0664078002442,1439.6283673890682
2022-10-21,1446.4200439453125,1446.4200439453125,1433.260009765625,1435.3900146484375,167325000,,0.0,0.0,Neutral,0.0,Neutral,-9.424805927319312,-17.372253815926108,7.947447888606796,59.06256969388549,1405.0330716646636,1454.911020707111,1412.6883558209684,1439.9000344513179
2022-10-25,1444.4100341796875,1454.06005859375,1441.18994140625,1449.1400146484375,205560800,,0.0,0.0,Neutral,0.0,Neutral,-6.193689779944862,-15.136541008729859,8.942851228784997,58.15854805279625,1407.729229266827,1453.6630610251914,1417.2200241579285,1440.0804344404526
2022-10-26,1454.97998046875,1454.97998046875,1447.4100341796875,1447.5699462890625,252568000,,0.0,0.0,Neutral,0.0,Neutral,-2.748418567005956,-12.658916520385079,9.910497953379123,61.49611748102869,1410.377685546875,1452.617959781569,1422.6143036309031,1440.6764162815844
2022-10-27,1454.0899658203125,1459.8599853515625,1452.280029296875,1457.9599609375,247414700,,0.0,0.0,Neutral,0.0,Neutral,-0.08880931438511652,-10.144895079185087,10.05608576479997,61.05449591902661,1412.9669095552886,1451.5991833745218,1427.1108268008188,1441.2129582631333
2022-10-28,1447.31005859375,1456.469970703125,1442.0400390625,1454.5400390625,232514400,,0.0,0.0,Neutral,0.0,Neutral,1.4550949003855749,-7.8248970832709555,9.27999198365653,57.65768736342251,1416.1446063701924,1450.1406125438457,1429.9964313426663,1441.456842276358
2022-10-31,1460.3800048828125,1468.4100341796875,1450.93994140625,1450.93994140625,349208000,,0.0,0.0,Neutral,0.0,Neutral,3.6907409845855454,-5.521769469699656,9.212510454285201,62.04190915719451,1421.8030724158655,1448.9614282724808,1434.3369418484015,1442.2137687806162
2022-11-01,1445.9200439453125,1457.6400146484375,1443.5400390625,1457.6400146484375,191406100,,0.0,0.0,Neutral,0.0,Neutral,4.246754668251242,-3.568064642109477,7.814819310360718,55.228573730549215,1426.8300030048076,1447.5185721261162,1435.9916707193888,1442.362019787204
2022-11-02,1451.6099853515625,1451.9200439453125,1442.8900146484375,1450.97998046875,176884200,,0.0,0.0,Neutral,0.0,Neutral,5.08788031984659,-1.8368756497182634,6.9247559695648535,57.21945905927376,1432.8492337740386,1446.440409757653,1438.2228585239852,1442.7319384097784
2022-11-03,1420.3800048828125,1448.3199462890625,1420.3800048828125,1448.3199462890625,312941100,,0.0,0.0,Neutral,0.0,Neutral,3.197619863391992,-0.8299765470962125,4.027596410488204,45.31008806168501,1435.765390249399,1445.0732670998086,1435.6738794323892,1441.8378610686996
2022-11-04,1438.280029296875,1438.280029296875,1422.0799560546875,1425.52001953125,215622500,,0.0,0.0,Neutral,0.0,Neutral,3.108128634375362,-0.04235551080189759,3.150484145177259,51.53635511869741,1439.7661602313701,1444.1693912428252,1436.0461865558873,1441.6955477978265
2022-11-07,1442.1199951171875,1442.6600341796875,1435.3900146484375,1441.1800537109375,174970300,POLITICAL STABILITY CRUCIAL TO ECONOMIC GROWTH - thestar.com.my,0.0666666666666666,0.4333333333333333,Positive,0.516,Positive,3.3089162140097415,0.6278988341604302,2.6810173798493113,52.77835081137602,1442.9784686748799,1443.6563297193877,1436.913873493216,1441.712525690601
2022-11-08,1441.3499755859375,1447.8499755859375,1433.2900390625,1447.1199951171875,224557400,,0.0,0.0,Neutral,0.0,Neutral,3.367093913919689,1.1757378501122822,2.1913560638074068,52.4878669522887,1444.9976994441106,1442.5514314612565,1437.547602363605,1441.6980236864144
2022-11-09,1446.18994140625,1447.1500244140625,1439.68994140625,1443.6199951171875,251220400,,0.0,0.0,Neutral,0.0,Neutral,3.7603974318351447,1.6926697664568549,2.06772766537829,54.19438219645331,1445.6492356520432,1441.4473478356185,1438.78222222684,1441.8777003952077
2022-11-10,1449.739990234375,1453.27001953125,1440.760009765625,1442.31005859375,191907900,Wound Healing in Rats Intraperitoneally Treated with Sea Cucumber Stichopus vastus (Glycosaminoglycans) - UniSZA Journal,0.0,0.0,Neutral,0.0,Neutral,4.308882460003133,2.2159123051661105,2.0929701548370225,55.458102811096204,1445.9046161358174,1440.389593630421,1440.347617656488,1442.1921919887745
2022-11-11,1468.2099609375,1468.2099609375,1459.5400390625,1467.18994140625,370670700,,0.0,0.0,Neutral,0.0,Neutral,6.1628910998711035,3.0053080641071093,3.1575830357639942,61.42150582373147,1447.735379732572,1439.4948979591836,1444.3279524109184,1443.2329027467235
2022-11-14,1464.0,1468.989990234375,1459.050048828125,1468.989990234375,248453200,,0.0,0.0,Neutral,0.0,Neutral,7.209392254612567,3.846124902208201,3.3632673524043657,59.467169692426985,1448.429227388822,1438.9244907924108,1447.1382449236444,1444.0635866368546
2022-11-15,1450.5400390625,1461.510009765625,1447.8699951171875,1461.510009765625,256705300,,0.0,0.0,Neutral,0.0,Neutral,6.873413172804703,4.4515825563275015,2.4218306164772017,53.59554960919409,1448.1561560997595,1438.095102738361,1447.6242155149096,1444.3226447338805
2022-11-16,1448.3800048828125,1448.3800048828125,1440.5899658203125,1447.5,220514400,,0.0,0.0,Neutral,0.0,Neutral,6.359541784714565,4.833174402004914,1.526367382709651,52.69633654165859,1448.2384596604568,1437.249795719069,1447.7321854246102,1444.4849391398377
2022-11-17,1449.3199462890625,1449.3199462890625,1441.5699462890625,1446.56005859375,234928400,,0.0,0.0,Neutral,0.0,Neutral,5.9594436665131525,5.058428254906562,0.9010154116065907,53.06535851510975,1447.387685922476,1436.4548962651468,1447.9590084052463,1444.6783394258066
2022-11-21,1447.9599609375,1447.9599609375,1427.75,1434.550048828125,332039800,,0.0,0.0,Neutral,0.0,Neutral,5.469573731997116,5.140657350324672,0.3289163816724434,52.42806512587096,1447.5446026141826,1435.5693857621172,1447.9591444812825,1444.8096042862742
2022-11-22,1441.2900390625,1451.31005859375,1435.02001953125,1446.719970703125,242609900,,0.0,0.0,Neutral,0.0,Neutral,4.491367636783707,5.01079940761648,-0.5194317708327727,49.30087600399157,1446.750760591947,1434.4787747130101,1447.0064151357424,1444.6688216773232
2022-11-23,1443.5,1443.5,1431.6099853515625,1431.9000244140625,172539700,,0.0,0.0,Neutral,0.0,Neutral,3.8500763533625104,4.778654796765686,-0.9285784434031754,50.35743335895433,1448.5292217548076,1433.3965292171556,1446.5054986877794,1444.6220688102303
2022-11-24,1501.8800048828125,1502.1099853515625,1450.6800537109375,1450.6800537109375,457068200,,0.0,0.0,Neutral,0.0,Neutral,7.960859055255696,5.415095648463688,2.545763406792008,68.83444414588642,1453.4215275691106,1433.4765301139987,1454.416142429927,1446.9123862531337
2022-11-25,1486.5400390625,1504.1600341796875,1481.3800048828125,1501.699951171875,337650300,,0.0,0.0,Neutral,0.0,Neutral,9.86713473568534,6.305503465908019,3.5616312697773216,62.27542179369897,1456.8384540264424,1433.4500009964922,1459.0052705202947,1448.4974923655082
2022-11-29,1476.9599609375,1486.6800537109375,1467.260009765625,1483.77001953125,297992100,,0.0,0.0,Neutral,0.0,Neutral,10.48398683162668,7.141200139051751,3.342786692574929,58.524805610275806,1459.5776836688701,1433.6238789461097,1461.5702262941813,1449.6359911083878
2022-11-30,1488.800048828125,1489.780029296875,1464.81005859375,1476.219970703125,597872800,'Greater clarity emerging for Malaysia under Anwar's leadership after years of political instability' - NST Online,0.25,0.3,Positive,0.6369,Positive,11.7923083130936,8.07142177386012,3.7208865392334793,61.602722815304325,1462.8553842397837,1434.0624501753828,1465.4602009418877,1451.2025534171771
2022-12-01,1491.510009765625,1497.239990234375,1487.3399658203125,1490.800048828125,266128700,,0.0,0.0,Neutral,0.0,Neutral,12.89914045098817,9.03696550928573,3.86217494170244,62.29246912622205,1466.0684626652644,1434.8785724250638,1469.1816022024216,1452.8148516711149
2022-12-02,1481.800048828125,1489.3599853515625,1479.699951171875,1489.3599853515625,206833400,,0.0,0.0,Neutral,0.0,Neutral,12.84473409733323,9.79851922689523,3.046214870438,58.254547146499064,1467.1138540414663,1435.3010228993942,1470.9842374346651,1453.9742595573953
2022-12-05,1471.56005859375,1482.0799560546875,1470.3299560546875,1482.0799560546875,163267400,,0.0,0.0,Neutral,0.0,Neutral,11.83886398278355,10.206588178072895,1.6322758047106554,54.2599883591552,1467.6953970102163,1435.7985740194515,1471.0664976002488,1454.6776915188495
2022-12-06,1471.550048828125,1473.52001953125,1467.1300048828125,1468.989990234375,225294700,,0.0,0.0,Neutral,0.0,Neutral,10.915074778026337,10.348285498063584,0.5667892799627534,54.25607187490976,1469.311551607572,1436.4595947265625,1471.1355763470883,1455.3525858112205
2022-12-07,1466.8800048828125,1477.8599853515625,1466.4599609375,1471.4599609375,218835400,,0.0,0.0,Neutral,0.0,Neutral,9.694380872359261,10.21750457292272,-0.5231237005634597,52.35728784150395,1470.734628530649,1437.314697265625,1470.5276375664776,1455.8136825740842
2022-12-08,1465.9300537109375,1469.1199951171875,1461.780029296875,1467.3699951171875,166059100,,0.0,0.0,Neutral,0.0,Neutral,8.55173990267167,9.884351638872513,-1.3326117362008425,51.95894906908114,1472.0123291015625,1438.3940853196748,1469.870839872829,1456.2183374195583
2022-12-09,1477.18994140625,1477.4200439453125,1466.760009765625,1467.9000244140625,166544000,The Effects of Area Contraction on Shock Wave Strength and Peak Pressure in Shock Tube - umpsa journals,0.0,0.0,Neutral,-0.4939,Negative,8.45727730778276,9.598936772654563,-1.1416594648718021,56.21153073199252,1474.2607891376201,1439.7475536112884,1470.9164258061749,1457.057201579026
2022-12-12,1474.3800048828125,1475.6099853515625,1468.8499755859375,1475.6099853515625,129733800,,0.0,0.0,Neutral,0.0,Neutral,8.062734443162071,9.291696306756064,-1.2289618635939927,54.90535385453408,1476.806171123798,1441.2269411670918,1471.4112228171232,1457.7501137111774
2022-12-13,1470.1199951171875,1477.2900390625,1469.469970703125,1476.530029296875,139788100,,0.0,0.0,Neutral,0.0,Neutral,7.321906810737801,8.897738407552412,-1.575831596814611,52.898486828540065,1478.8538630558894,1442.7089818837692,1471.2267617171326,1458.2449089674178
2022-12-14,1483.1700439453125,1483.1700439453125,1471.6400146484375,1471.8900146484375,203191200,,0.0,0.0,Neutral,0.0,Neutral,7.699075303694826,8.658005786780896,-0.9589304830860694,57.96699933517248,1477.4146352914663,1444.5159214564733,1472.932944892587,1459.2419143665336
2022-12-15,1467.1300048828125,1482.1099853515625,1466.25,1481.780029296875,190145800,,0.0,0.0,Neutral,0.0,Neutral,6.627291658676086,8.251862961159933,-1.6245713024838473,50.73976578084326,1475.9215557391826,1445.934493084343,1472.1039534626193,1459.5574379871848
2022-12-16,1478.5400390625,1478.5400390625,1459.31005859375,1461.760009765625,251764100,,0.0,0.0,Neutral,0.0,Neutral,6.622252593195526,7.9259408875670525,-1.3036882943715264,55.034505519434674,1476.0431002103364,1447.3463309151787,1473.0233942626023,1460.3167420301975
2022-12-19,1477.0899658203125,1477.4100341796875,1471.5699462890625,1476.719970703125,103220400,,0.0,0.0,Neutral,0.0,Neutral,6.427161983049928,7.626185106663629,-1.199023123613701,54.38555494777352,1475.142324594351,1448.500206772162,1473.604333056561,1460.987670981802
2022-12-20,1467.3199462890625,1476.22998046875,1464.8599853515625,1473.72998046875,93572900,,0.0,0.0,Neutral,0.0,Neutral,5.4216944257927935,7.185286970489462,-1.7635925446966683,50.099114658051285,1473.2815504807693,1449.457143355389,1472.706563518347,1461.2409619940925
2022-12-21,1462.550048828125,1469.4200439453125,1458.8199462890625,1467.010009765625,92165900,,0.0,0.0,Neutral,0.0,Neutral,4.1916446113905295,6.5865584986696755,-2.394913887279146,48.105654164426085,1471.80078125,1450.6112259845345,1471.2556328483154,1461.2933254674538
2022-12-22,1468.3499755859375,1468.3499755859375,1462.4100341796875,1463.7900390625,67390900,,0.0,0.0,Neutral,0.0,Neutral,3.642834559574794,5.9978137108507,-2.3549791512759057,50.675676339189565,1471.5538517878606,1452.2751041334502,1470.8405389536902,1461.575591472193
2022-12-23,1474.6800537109375,1474.8699951171875,1460.5699462890625,1469.1600341796875,48286800,,0.0,0.0,Neutral,0.0,Neutral,3.676304887245351,5.5335119461296305,-1.8572070588842795,53.388851763419474,1471.7946213942307,1454.1957185706315,1471.3890410618685,1462.0997699617428
2022-12-27,1474.68994140625,1477.4300537109375,1468.1500244140625,1474.3900146484375,114386800,,0.0,0.0,Neutral,0.0,Neutral,3.66142162806932,5.159093882517569,-1.4976722544482488,53.39316434220376,1472.3953857421875,1456.2636768574616,1471.860598253923,1462.6033768195232
2022-12-28,1480.1099853515625,1480.1099853515625,1461.1800537109375,1473.550048828125,134741200,,0.0,0.0,Neutral,0.0,Neutral,4.040403530299955,4.935355812074047,-0.894952281774092,55.80692327778945,1473.4861497145432,1458.2563302176338,1473.0390821250144,1463.3036411608045
2022-12-29,1491.6300048828125,1491.6300048828125,1472.5400390625,1476.27001953125,107605300,,0.0,0.0,Neutral,0.0,Neutral,5.21025810542028,4.990336270743294,0.21992183467698645,60.490531455389664,1474.596923828125,1460.406534000319,1475.6949282332714,1464.436695709685
2022-12-30,1495.489990234375,1503.3299560546875,1479.1300048828125,1491.9300537109375,242921700,,0.0,0.0,Neutral,0.0,Neutral,6.375353733853899,5.267339763365415,1.108013970488484,61.94580934688375,1476.2207688551682,1462.3479626713968,1478.522794233429,1465.6788274906726
2023-01-03,1473.989990234375,1488.5400390625,1473.800048828125,1488.5400390625,59804600,,0.0,0.0,Neutral,0.0,Neutral,5.500424625260848,5.313956735744502,0.1864678895163463,50.735995161894,1476.5184607872595,1463.5497997050384,1477.875250804993,1466.0112740004206
2023-01-04,1469.550048828125,1476.1400146484375,1469.550048828125,1472.8499755859375,99239400,,0.0,0.0,Neutral,0.0,Neutral,4.398072594664882,5.130779907528578,-0.7327073128636963,48.77312954526397,1475.4707688551682,1464.1993931361608,1476.685936236869,1466.1528249935288
2023-01-05,1480.9300537109375,1481.010009765625,1471.9100341796875,1472.4599609375,114428100,,0.0,0.0,Neutral,0.0,Neutral,4.392092645736511,4.983042455170166,-0.5909498094336545,53.71575252831799,1476.5323110727163,1464.9036790497448,1477.2922387331646,1466.743914142225
2023-01-06,1480.550048828125,1482.3900146484375,1474.47998046875,1479.530029296875,73345700,,0.0,0.0,Neutral,0.0,Neutral,4.3070413828963865,4.84784224071541,-0.5408008578190238,53.53001978415665,1476.6869272085337,1465.6412303691009,1477.7576401753017,1467.296159529661
2023-01-09,1493.4200439453125,1493.4200439453125,1483.9300537109375,1484.56005859375,107069100,,0.0,0.0,Neutral,0.0,Neutral,5.2179889625790565,4.921871585088139,0.2961173774909174,58.73418554017517,1477.943087064303,1466.4257214604593,1479.9951264281603,1468.3411149062872
2023-01-10,1485.1300048828125,1491.219970703125,1480.3699951171875,1490.4000244140625,148942700,,0.0,0.0,Neutral,0.0,Neutral,5.210916412187089,4.979680550507929,0.23123586167915988,54.50028832035242,1479.3130915715144,1467.0591916454082,1480.728680493111,1469.0126705053483
2023-01-11,1487.8699951171875,1489.0,1484.2099609375,1487.0400390625,130154200,,0.0,0.0,Neutral,0.0,Neutral,5.3645662969618115,5.056657699798706,0.3079085971631059,55.63852470058956,1481.2607797475962,1467.8869454520088,1481.7488682965504,1469.7669634898218
2023-01-12,1488.6600341796875,1491.3499755859375,1486.1500244140625,1488.5699462890625,147707800,,0.0,0.0,Neutral,0.0,Neutral,5.486835661278747,5.142693292094714,0.3441423691840324,55.98046751109049,1482.8230919471155,1468.4640889070472,1482.7361777084272,1470.5226863174164
2023-01-13,1495.030029296875,1495.030029296875,1488.050048828125,1488.050048828125,120946200,,0.0,0.0,Neutral,0.0,Neutral,6.028250464194116,5.319804726514595,0.7084457376795212,58.74188514909872,1484.3884746844951,1469.4663335060586,1484.4924422210627,1471.5029800365946
2023-01-16,1493.56005859375,1496.050048828125,1489.0,1494.81005859375,118165300,,0.0,0.0,Neutral,0.0,Neutral,6.2664752199134455,5.509138825194365,0.7573363947190801,57.8401676967992,1485.8400221604568,1470.3224574497767,1485.7878159885895,1472.3852631788807
2023-01-17,1499.3800048828125,1499.3800048828125,1488.949951171875,1492.530029296875,109129200,STRETCHING EXERCISE - novachiropractic.com.my,0.0,0.0,Neutral,0.0,Neutral,6.845974943665169,5.7765060488885265,1.0694688947766426,60.430067069511345,1487.3223313551682,1471.934702347736,1487.729557259193,1473.465052847038
2023-01-18,1495.5,1496.6300048828125,1491.050048828125,1495.31005859375,112489800,,0.0,0.0,Neutral,0.0,Neutral,6.91246607625294,6.00369805436141,0.9087680218915306,57.87741783410249,1487.6200232872595,1473.1024568518815,1488.8396205078798,1474.3464507331562
2023-01-19,1496.219970703125,1501.7099609375,1493.4200439453125,1494.800048828125,132631400,,0.0,0.0,Neutral,0.0,Neutral,6.943219286634985,6.191602300816125,0.7516169858188597,58.230007595913655,1487.6761756310095,1474.2065379862884,1489.8939562500577,1475.2213915319549
2023-01-20,1500.3299560546875,1500.3299560546875,1495.800048828125,1496.8800048828125,106940500,,0.0,0.0,Neutral,0.0,Neutral,7.21605075544494,6.396491991741889,0.8195587637030508,60.274270398834744,1489.7023268479568,1475.410211057079,1491.384813365005,1476.225734112864
2023-01-25,1499.449951171875,1501.8599853515625,1494.72998046875,1501.300048828125,83468600,,0.0,0.0,Neutral,0.0,Neutral,7.277373587873171,6.572668310968146,0.7047052769050257,59.601665207532655,1492.0023193359375,1476.4971500318877,1492.5369759088435,1477.1547027952245
2023-01-26,1498.3900146484375,1498.3900146484375,1494.030029296875,1497.4100341796875,94842000,,0.0,0.0,Neutral,0.0,Neutral,7.157932168813204,6.689721082537158,0.468211086276046,58.751261957479436,1493.3453932542068,1477.4900076729912,1493.3731243002142,1478.004115269353
2023-01-27,1497.550048828125,1500.9100341796875,1493.0699462890625,1499.969970703125,116233200,,0.0,0.0,Neutral,0.0,Neutral,6.915775012444101,6.734931868518547,0.18084314392555356,58.044466448490155,1494.653085561899,1478.0887849768815,1493.9698278042015,1478.7859526117036
2023-01-30,1499.3900146484375,1500.949951171875,1494.1500244140625,1499.75,154968600,,0.0,0.0,Neutral,0.0,Neutral,6.794016393975426,6.746748773609923,0.047267620365502694,59.202297294097825,1495.112314077524,1478.8110301737884,1494.744140210521,1479.6101150931727
2023-01-31,1485.5,1493.8900146484375,1485.5,1493.7900390625,227210500,,0.0,0.0,Neutral,0.0,Neutral,5.513161420155029,6.500031302918944,-0.9868698827639149,48.35391173454423,1495.1407752403845,1479.5244987643496,1493.4235487518754,1479.8457104894458
2023-02-02,1489.800048828125,1493.2099609375,1485.9000244140625,1488.8199462890625,190424300,,0.0,0.0,Neutral,0.0,Neutral,4.789838353790856,6.157992713093327,-1.368154359302471,51.32740152504305,1495.2892409104568,1480.3698057836416,1492.9059059056256,1480.243884022993
2023-02-03,1490.469970703125,1493.3399658203125,1485.25,1490.56005859375,123555800,,0.0,0.0,Neutral,0.0,Neutral,4.221988256453869,5.770791821765436,-1.5488035653115668,51.79306693178016,1495.428466796875,1481.2096022002552,1492.5579151624113,1480.652927490198
2023-02-07,1476.3800048828125,1487.989990234375,1471.7900390625,1487.8199462890625,157016900,,0.0,0.0,Neutral,0.0,Neutral,2.604991752857586,5.137631807983866,-2.53264005512628,42.56846039824621,1493.9938495342549,1481.7896030970983,1490.2467851224687,1480.4820105859023
2023-02-08,1470.75,1479.949951171875,1469.010009765625,1476.3900146484375,143187400,,0.0,0.0,Neutral,0.0,Neutral,0.8593104359940753,4.281967533585909,-3.4226570975918333,39.53822150767809,1492.239229642428,1482.3908267897002,1487.4615301049732,1480.092730162466
2023-02-09,1464.6400146484375,1471.300048828125,1463.75,1471.300048828125,133461000,,0.0,0.0,Neutral,0.0,Neutral,-1.0055875518271478,3.2244565165032975,-4.230044068330445,36.501430592264995,1489.566922701322,1482.8222556600765,1484.2013136111825,1479.474621541905
2023-02-10,1474.5899658203125,1476.030029296875,1463.31005859375,1465.050048828125,105719000,,0.0,0.0,Neutral,0.0,Neutral,-1.6615019781263527,2.247264817577368,-3.9087667957037207,44.039265652089746,1487.9584585336538,1482.2653160873724,1482.8282639267725,1479.2792353130412
2023-02-13,1475.1700439453125,1475.1700439453125,1469.260009765625,1474.719970703125,110899900,,0.0,0.0,Neutral,0.0,Neutral,-2.1101865132254716,1.3757745514168,-3.4859610646422716,44.45325723240812,1486.3392333984375,1482.0332753706953,1481.7342325008499,1479.114867658332
2023-02-14,1483.969970703125,1485.5799560546875,1476.06005859375,1477.1300048828125,117992500,,0.0,0.0,Neutral,0.0,Neutral,-1.735683812030402,0.7534828787273598,-2.4891666907577616,50.44278088596172,1485.0807729867788,1482.1763367944834,1482.0536236726034,1479.3090717801235
2023-02-15,1488.18994140625,1488.18994140625,1478.31005859375,1482.800048828125,95417000,,0.0,0.0,Neutral,0.0,Neutral,-1.085854302730695,0.38561544243574886,-1.471469745166444,53.05687230220601,1484.214618389423,1482.1638856226084,1482.930240491696,1479.6643065651685
2023-02-16,1484.260009765625,1494.5400390625,1483.5400390625,1487.8399658203125,128062600,Macroeconomic determinants of stock market performance in Malaysia - UUM eThesis | MyTax - Lembaga Hasil Dalam Negeri Malaysia,0.0,0.0,Neutral,0.0,Neutral,-0.8778530311326449,0.1329217477220701,-1.010774778854715,50.39107158561163,1483.127694936899,1482.015926438935,1483.1202075308288,1479.8481346931867
2023-02-17,1476.9000244140625,1484.760009765625,1473.1500244140625,1484.030029296875,153358600,,0.0,0.0,Neutral,0.0,Neutral,-1.292006387343008,-0.15206387929094556,-1.1399425080520627,45.754504679738154,1481.5392315204326,1481.9159259406888,1482.2316099427194,1479.7302102820215
2023-02-20,1473.4599609375,1477.47998046875,1471.0699462890625,1474.25,160268400,"Malaysia MADANI - Kemampanan, Kesejahteraan, Daya Cipta, Hormat, Keyakinan, Ihsan - Malaysia MADANI",0.0,0.0,Neutral,0.0,Neutral,-1.8761828111382783,-0.4968876656604121,-1.3792951454778661,43.72920760845032,1479.5446120042068,1481.9546994579082,1480.978517227688,1479.4794003082404
2023-02-21,1474.010009765625,1477.3599853515625,1471.8499755859375,1474.1099853515625,94234300,,0.0,0.0,Neutral,0.0,Neutral,-2.268611352767266,-0.8512324030817828,-1.4173789496854832,44.154864526400274,1478.6607666015625,1482.004902742347,1479.983016161679,1479.2606246865357
2023-02-22,1464.0,1473.22998046875,1462.5999755859375,1472.489990234375,142969300,,0.0,0.0,Neutral,0.0,Neutral,-3.3487357885915117,-1.3507330801837287,-1.998002708407783,38.45405250251506,1476.6761474609375,1481.9461271324935,1477.699728138582,1478.6501996990742
2023-02-23,1457.6500244140625,1467.6300048828125,1456.300048828125,1464.5799560546875,138265300,,0.0,0.0,Neutral,0.0,Neutral,-4.663375654983383,-2.0132615951436597,-2.6501140598397237,35.33722449546784,1474.1515362079326,1481.7771469427614,1474.8354847493652,1477.8101926876736
2023-02-24,1456.800048828125,1460.18994140625,1448.0899658203125,1458.6600341796875,166737000,,0.0,0.0,Neutral,0.0,Neutral,-5.708024592431002,-2.7522141946011285,-2.9558103978298735,34.92911436413385,1472.6453857421875,1481.361026686065,1472.2589939034738,1476.9697869332917
2023-02-27,1455.5,1458.1800537109375,1447.550048828125,1456.0400390625,173142300,,0.0,0.0,Neutral,0.0,Neutral,-6.565140622675472,-3.514799480215997,-3.0503411424594744,34.277056175932515,1471.4723088191106,1480.9757204639668,1469.8648519172632,1476.11099545596
2023-02-28,1454.18994140625,1458.969970703125,1452.4300537109375,1456.489990234375,246842100,,0.0,0.0,Neutral,0.0,Neutral,-7.266359957295435,-4.265111575631885,-3.00124838166355,33.596431532872245,1470.66845703125,1480.6506173270088,1467.6255789871186,1475.2341532939715
2023-03-01,1450.199951171875,1454.3800048828125,1444.3900146484375,1454.3800048828125,137107700,,0.0,0.0,Neutral,0.0,Neutral,-8.051230623260608,-5.02233538515763,-3.0288952381029777,31.54214431777389,1468.7923020582932,1479.9777582908164,1465.136203584941,1474.2327852090875
2023-03-02,1455.489990234375,1457.02001953125,1447.06005859375,1451.3399658203125,103775800,,0.0,0.0,Neutral,0.0,Neutral,-8.152408449178893,-5.6483499979618825,-2.50405845121701,37.038965360773716,1467.2784517728364,1479.7402069714606,1463.7581731062887,1473.483073410099
2023-03-03,1453.550048828125,1457.780029296875,1452.6199951171875,1457.780029296875,101759100,,0.0,0.0,Neutral,0.0,Neutral,-8.293527046631652,-6.177385407695836,-2.116141638935816,35.90054217778983,1464.938457782452,1479.2302071707588,1462.2998696379796,1472.6857524268198
2023-03-06,1452.6800537109375,1460.97998046875,1452.1199951171875,1458.77001953125,97343200,,0.0,0.0,Neutral,0.0,Neutral,-8.378978241486948,-6.617703974454059,-1.7612742670328885,35.37542117405883,1462.2069279597356,1478.732045699139,1460.9256102198308,1471.8855244781844
2023-03-07,1458.6700439453125,1461.4200439453125,1452.6400146484375,1453.969970703125,114286600,,0.0,0.0,Neutral,0.0,Neutral,-7.872606272987468,-6.868684434160742,-1.0039218388267264,41.69854593622498,1460.2384690504807,1478.5555170798789,1460.6033864663284,1471.3569052568694
2023-03-08,1454.6600341796875,1458.6300048828125,1451.0799560546875,1455.469970703125,116583700,,0.0,0.0,Neutral,0.0,Neutral,-7.706046606344216,-7.036156868597438,-0.6698897377467787,38.95093100829381,1458.5277005709136,1478.394496372768,1459.7543361396654,1470.6890304137821
2023-03-09,1449.530029296875,1455.1199951171875,1448.449951171875,1454.8199462890625,112442800,Nepal elects new president amid political uncertainty - NST Online,0.0681818181818181,0.2772727272727273,Positive,-0.34,Negative,-7.896964104824292,-7.208318315842809,-0.688645788981483,35.70923330307731,1456.6869365985576,1478.0104158362565,1458.2937208764097,1469.8426703691057
2023-03-10,1433.0799560546875,1445.800048828125,1433.0799560546875,1445.800048828125,118232000,,0.0,0.0,Neutral,0.0,Neutral,-9.268806003525015,-7.620415853379251,-1.6483901501457634,27.73744345076389,1453.5384709284856,1477.161434251435,1454.6917544733067,1468.3721617965289
2023-03-13,1421.8299560546875,1423.6600341796875,1409.9300537109375,1419.4200439453125,130371500,,0.0,0.0,Neutral,0.0,Neutral,-11.135419388506989,-8.3234165604048,-2.812002828102189,23.82090075435417,1450.2946213942307,1476.0826590401787,1449.9972118420753,1466.5104735668551
2023-03-14,1393.8299560546875,1416.9599609375,1393.8299560546875,1416.9599609375,208134800,,0.0,0.0,Neutral,0.0,Neutral,-14.704584640119265,-9.599650176347694,-5.104934463771571,17.28073409410733,1445.3853853665864,1474.3218421157526,1441.9733181581628,1463.6032528663682
2023-03-15,1403.9300537109375,1406.5699462890625,1399.800048828125,1400.0999755859375,158859400,,0.0,0.0,Neutral,0.0,Neutral,-16.527659771908247,-10.985252095459806,-5.542407676448441,25.252914603224113,1441.3184626652644,1472.5320471938776,1436.5385660942736,1461.216324900151
2023-03-16,1391.5999755859375,1403.9300537109375,1391.0400390625,1400.8199462890625,123798800,Monetary - Portal Rasmi Kementerian Kewangan,0.0,0.0,Neutral,0.0,Neutral,-18.751241565795226,-12.538449989526892,-6.212791576268334,22.41305745098414,1436.403076171875,1470.4118428132972,1430.1187674502257,1458.4316709275824
2023-03-17,1411.72998046875,1416.9200439453125,1397.22998046875,1397.280029296875,281587900,,0.0,0.0,Neutral,0.0,Neutral,-18.67386233598586,-13.765532458818686,-4.908329877167173,35.22106374678475,1433.1369253305288,1469.1412303691009,1427.4917978814437,1456.5636033092292
2023-03-20,1401.81005859375,1408.52001953125,1400.489990234375,1408.1800537109375,95554800,,0.0,0.0,Neutral,0.0,Neutral,-19.191762834443352,-14.850778533943622,-4.340984300499731,32.38397990287251,1429.4146259014424,1467.7587815888073,1423.8229779832018,1454.37346152061
2023-03-21,1406.550048828125,1412.81005859375,1403.9599609375,1407.1600341796875,89710500,,0.0,0.0,Neutral,0.0,Neutral,-19.000696906168514,-15.6807622083886,-3.319934697779914,35.07511065338963,1425.6500150240386,1466.2408223054847,1421.3554166753338,1452.4605250129105
2023-03-22,1412.0400390625,1413.52001953125,1406.510009765625,1408.5999755859375,104359400,,0.0,0.0,Neutral,0.0,Neutral,-18.19652128091866,-16.183914022894612,-2.0126072580240475,38.14578191166224,1422.4569373497595,1464.8426588408802,1420.024648444929,1450.8437055748939
2023-03-23,1410.97998046875,1410.97998046875,1403.550048828125,1406.969970703125,106373400,Anwar: Days of political uncertainty are over - NST Online,0.0,0.1,Neutral,-0.34,Negative,-17.443664467692315,-16.43586411185415,-1.0078003558381639,37.77427980453145,1419.249239408053,1463.1602085658483,1418.7325530197606,1449.249156570648
2023-03-24,1399.699951171875,1411.6700439453125,1399.699951171875,1411.1300048828125,116712200,,0.0,0.0,Neutral,0.0,Neutral,-17.55486258394444,-16.65966380627221,-0.8951987776722312,33.98177719880867,1414.7130784254807,1461.4167380819515,1416.013609898634,1447.267188354697
2023-03-27,1396.5999755859375,1404.6500244140625,1396.5999755859375,1400.949951171875,109243200,,0.0,0.0,Neutral,0.0,Neutral,-17.689219700866943,-16.86557498519116,-0.8236447156757833,33.00117727039867,1410.2469200721155,1459.5540846221302,1413.2402335682489,1445.2404998439467
2023-03-28,1409.0899658203125,1409.22998046875,1398.4200439453125,1401.5999755859375,89163800,Governance Quality of Political Stability and Rule of Law on Tax Compliance: A Mediation Analysis of Tax Morale - - UKM Journal Article Repository,0.0,0.1,Neutral,0.0,Neutral,-16.59654620168658,-16.811769228490245,0.21522302680366678,40.456533391938414,1407.1361459585337,1457.9302056760205,1412.6473381756866,1443.7944784830013
2023-03-29,1420.3499755859375,1422.68994140625,1407.47998046875,1407.47998046875,98993200,BNM Annual Report 2022 - Bank Negara Malaysia,0.0,0.0,Neutral,0.0,Neutral,-14.653094148926357,-16.380034212577467,1.72694006365111,46.26208373925677,1406.1569166917068,1456.4061229472259,1413.7477149485796,1442.8566983671185
2023-03-30,1424.6099853515625,1425.3699951171875,1415.0999755859375,1417.81005859375,105758500,,0.0,0.0,Neutral,0.0,Neutral,-12.623629862481039,-15.628753342558182,3.0051234800771436,48.31526860615913,1406.3707650991587,1454.9989785953444,1415.2994678632915,1442.126829846496
2023-03-31,1422.5899658203125,1429.47998046875,1421.3599853515625,1424.7900390625,138336300,Governance Quality of Political Stability and Rule of Law on Tax Compliance: A Mediation Analysis of Tax Morale - ukm.my,0.0,0.1,Neutral,0.0,Neutral,-11.05087587003868,-14.713177848054283,3.662301978015602,47.39063553535695,1408.5830735426682,1453.4318349410078,1416.3409675714374,1441.3453552854487
2023-04-03,1433.3900146484375,1433.3900146484375,1426.77001953125,1426.77001953125,96205600,,0.0,0.0,Neutral,0.0,Neutral,-8.831182939584778,-13.536778866360383,4.7055959267756045,52.61226238766469,1410.8492243840144,1452.1642842195472,1418.7765457252947,1441.0271416599683
2023-04-04,1429.6099853515625,1432.8299560546875,1426.6300048828125,1432.239990234375,99190200,,0.0,0.0,Neutral,0.0,Neutral,-7.293007819012928,-12.288024656890894,4.995016837877966,50.71497498379263,1413.7730712890625,1450.804896763393,1420.3241799576185,1440.570455407632
2023-04-05,1429.550048828125,1430.199951171875,1425.7099609375,1429.2900390625,54635100,"Singapore factory activity shrinks, forecast of contraction remains - thestar.com.my",0.0,0.0,Neutral,0.0,Neutral,-6.009554922211919,-11.0323307099551,5.02277578774318,50.683764817751715,1415.1438457782451,1449.36040886081,1421.642161224834,1440.1296391444516
2023-04-06,1424.8900146484375,1431.3199462890625,1416.6700439453125,1431.3199462890625,101716000,,0.0,0.0,Neutral,0.0,Neutral,-5.307256320280885,-9.887315832020258,4.580059511739373,48.20011601977666,1416.9192270132212,1447.8387775031888,1422.1061402853488,1439.520054164611
2023-04-07,1427.0400390625,1427.0799560546875,1421.6199951171875,1424.8599853515625,76320400,,0.0,0.0,Neutral,0.0,Neutral,-4.525028900321104,-8.814858445680427,4.289829545359323,49.431352924478105,1418.495380108173,1446.3826555524554,1422.810982967799,1439.0208535605266
2023-04-10,1428.1300048828125,1429.6500244140625,1425.18994140625,1427.8900146484375,57424000,Federal Government Accrual Accounting Manual INTANGIBLE ASSETS - anm.gov.my,0.0,0.0,Neutral,0.347,Positive,-3.7736565383297602,-7.806618064210293,4.032961525880533,50.07916472078641,1419.7330697866587,1444.9659199617347,1423.5708432413726,1438.585219613418
2023-04-11,1435.8900146484375,1435.8900146484375,1426.5,1429.1199951171875,92736300,Legal Update - lo siaw ching & partners,0.2,0.2,Positive,0.128,Positive,-2.5229377373652824,-6.749881998841291,4.226944261476008,54.543881718464014,1421.6492262620193,1443.6700015943877,1425.3307248709534,1438.4774114148188
2023-04-12,1434.739990234375,1437.0799560546875,1429.0,1437.02001953125,92391900,,0.0,0.0,Neutral,0.0,Neutral,-1.6060182569638073,-5.721109250465795,4.115090993501988,53.776286297459436,1424.3446138822114,1442.6340830277422,1426.6749056371566,1438.3279145676008
2023-04-13,1434.219970703125,1435.010009765625,1430.8900146484375,1433.8699951171875,99529900,,0.0,0.0,Neutral,0.0,Neutral,-0.9108148858433651,-4.7590503775413096,3.8482354916979444,53.410263335475214,1427.2384596604568,1441.499795719069,1427.7527720751523,1438.1635968130217
2023-04-14,1435.1300048828125,1438.280029296875,1431.81005859375,1434.8399658203125,72150500,,0.0,0.0,Neutral,0.0,Neutral,-0.28316490398378846,-3.8638732828298052,3.580708378846017,54.0003218062534,1429.2415395883413,1440.3704086615114,1428.8066624762469,1438.0422531358133
2023-04-17,1434.9000244140625,1436.0400390625,1429.4300537109375,1434.7900390625,87631200,NTW Malaysia - NTW Malaysia | NTW Malaysia - NTW Malaysia,0.0,0.0,Neutral,0.0,Neutral,0.19346458747554607,-3.052405708768735,3.245870296244281,53.81483001270322,1430.3607741135818,1439.5238784478636,1429.6771427530778,1437.9165639869434
2023-04-18,1432.3599853515625,1435.469970703125,1429.5899658203125,1435.469970703125,76820400,,0.0,0.0,Neutral,0.0,Neutral,0.3620633283628649,-2.369511901342415,2.73157522970528,51.702442754912205,1430.9569279597356,1438.7404087611608,1430.060405981433,1437.6943008415283
2023-04-19,1425.0699462890625,1431.5699462890625,1423.050048828125,1431.5699462890625,97047400,,0.0,0.0,Neutral,0.0,Neutral,-0.09151129647875678,-1.9139117803696835,1.8224004838909267,46.108400226123635,1431.147695688101,1437.9328563456634,1429.3474831682372,1437.1893266594295
2023-04-20,1422.1099853515625,1428.6400146484375,1418.8199462890625,1428.6400146484375,79987200,,0.0,0.0,Neutral,0.0,Neutral,-0.6819554072922074,-1.6675205057541884,0.985565098461981,44.02553966239922,1430.280001126803,1436.861836336097,1428.3135549087124,1436.5861530071147
2023-04-25,1425.18994140625,1427.0,1420.8399658203125,1422.27001953125,86166500,,0.0,0.0,Neutral,0.0,Neutral,-0.89108799792848,-1.512234004189047,0.6211460062605669,46.72245652516418,1429.9399977463943,1435.841834243463,1427.8673244083607,1436.13030454308
2023-04-26,1414.25,1422.47998046875,1412.75,1421.969970703125,108165700,,0.0,0.0,Neutral,0.0,Neutral,-1.917485347809361,-1.5932842729131098,-0.32420107489625116,39.45143249165521,1428.7630709134614,1434.4189776985013,1425.9219923500234,1435.2550923613567
2023-04-27,1418.050048828125,1418.1700439453125,1413.4599609375,1416.43994140625,87781900,,0.0,0.0,Neutral,0.0,Neutral,-2.39665333253447,-1.753958084837382,-0.642695247697088,42.78231314903416,1428.2369196965144,1432.9875513193558,1424.7974289897522,1434.5668906200274
2023-04-28,1415.949951171875,1420.5,1412.8399658203125,1418.239990234375,92223200,,0.0,0.0,Neutral,0.0,Neutral,-2.9122867138571564,-1.985623810641337,-0.9266629032158193,41.42599024740737,1427.3838360126201,1431.593468490912,1423.5335035871985,1433.8222130421013
2023-05-02,1426.1099853515625,1428.3199462890625,1415.9200439453125,1416.2099609375,95430800,Pay&Save Account (for Sole Proprietors) - Hong Leong Bank,0.0,0.25,Neutral,0.0,Neutral,-2.4725974716266137,-2.0830185428383925,-0.3895789287882212,49.72934738796088,1427.2284498948318,1430.5569370814733,1423.9015724106794,1433.51372393448
2023-05-03,1425.989990234375,1425.989990234375,1415.469970703125,1423.9000244140625,108563000,Monetary Policy Statement - Bank Negara Malaysia,0.0,0.0,Neutral,0.0,Neutral,-2.109506109180529,-2.08831605610682,-0.021190053073709247,49.639845484345976,1426.4669095552886,1429.5881621691644,1424.1999178140645,1433.2127745864757
2023-05-05,1431.0400390625,1431.22998046875,1421.780029296875,1423.6099853515625,83059100,,0.0,0.0,Neutral,0.0,Neutral,-1.3981399658841838,-1.950280838062293,0.5521408721781091,53.437961161774275,1426.1822979266826,1428.7112239915498,1425.1770779924125,1433.1258651655164
2023-05-08,1433.739990234375,1438.3299560546875,1430.8599853515625,1432.300048828125,79483400,,0.0,0.0,Neutral,0.0,Neutral,-0.609487880179131,-1.6821222464856607,1.0726343663065296,55.37570993184999,1426.1453763521636,1428.093672771843,1426.4003511698359,1433.1504301682708
2023-05-09,1432.6300048828125,1432.75,1428.52001953125,1431.5799560546875,95374100,KGT 3 Ton Self-Tightening Grips Frame & Auto Body Repair Small Mouth Pull Clamp (two way) ID34334 - Knight Auto Sdn Bhd,-0.25,0.4,Negative,0.0,Neutral,-0.07319817862412492,-1.3603374329133537,1.2871392542892288,54.3738622796818,1425.9530686598557,1427.5830601283483,1427.2903017002614,1433.1296131568522
2023-05-10,1425.6800537109375,1433.6800537109375,1424.530029296875,1433.1099853515625,90411500,,0.0,0.0,Neutral,0.0,Neutral,-0.20660607654531304,-1.1295911616397456,0.9229850850944326,48.46189575752508,1425.2438401442307,1426.947958187181,1427.0602662732151,1432.8316307790155
2023-05-11,1425.1800537109375,1428.780029296875,1424.8199462890625,1425.5799560546875,122493500,,0.0,0.0,Neutral,0.0,Neutral,-0.34865948857441253,-0.9734048270266791,0.6247453384522665,48.05706642360626,1424.6915377103364,1426.3291837731185,1426.791664478604,1432.5255676962925
2023-05-12,1422.9200439453125,1429.9200439453125,1422.9200439453125,1426.47998046875,153286800,,0.0,0.0,Neutral,0.0,Neutral,-0.6362672486632164,-0.9059773113539866,0.26971006269077025,46.179290253119156,1424.5261606069712,1425.6910226004463,1426.238575830991,1432.1413467462532
2023-05-15,1417.3699951171875,1427.3599853515625,1415.93994140625,1423.530029296875,92214400,,0.0,0.0,Neutral,0.0,Neutral,-1.2970889928717497,-0.9841996476575392,-0.3128893452142105,41.854185473063445,1424.1615459735576,1425.0210234972894,1424.9716357290192,1431.5504926810906
2023-05-16,1423.5,1426.1199951171875,1417.9200439453125,1417.9200439453125,93493100,,0.0,0.0,Neutral,0.0,Neutral,-1.3110419471940986,-1.049568107564851,-0.26147383962924753,47.68252513557431,1424.0315504807693,1424.3681665537308,1424.7614020534452,1431.228472973847
2023-05-17,1424.3399658203125,1427.4000244140625,1421.3399658203125,1422.010009765625,92504200,,0.0,0.0,Neutral,0.0,Neutral,-1.2400272796191985,-1.0876599419757205,-0.15236733764347798,48.4450988487122,1424.8077016977163,1423.7720424107142,1424.7011968772836,1430.9529326877055
2023-05-18,1428.0400390625,1428.0400390625,1421.9200439453125,1424.739990234375,88484500,,0.0,0.0,Neutral,0.0,Neutral,-0.8750951044544308,-1.0451469744714625,0.1700518700170317,51.77937295527544,1425.576162484976,1423.2691849689095,1425.1781743323145,1430.8364169426973
2023-05-19,1428.5400390625,1428.5400390625,1423.6500244140625,1425.449951171875,91861400,,0.0,0.0,Neutral,0.0,Neutral,-0.5393209489325272,-0.9439817693636755,0.40466082043114826,52.22898729726761,1426.5446307842549,1422.6542869100765,1425.658440722341,1430.7445618274894
2023-05-22,1419.0,1425.6600341796875,1416.199951171875,1423.6199951171875,116266900,,0.0,0.0,Neutral,0.0,Neutral,-1.0311326788064434,-0.9614119512522291,-0.06972072755421432,43.83135213231434,1425.9977088341345,1421.9265311104912,1424.707234904864,1430.2747793543897
2023-05-23,1411.5400390625,1419.6099853515625,1409.510009765625,1418.3199462890625,106577700,,0.0,0.0,Neutral,0.0,Neutral,-1.9998010584363328,-1.16908977268905,-0.8307112857472829,38.60434948414058,1424.8861741286057,1421.1512251873405,1422.8262069273833,1429.525389742714
2023-05-24,1409.6199951171875,1414.6600341796875,1406.27001953125,1411.3599853515625,122164200,,0.0,0.0,Neutral,0.0,Neutral,-2.8891054192147294,-1.513092901994186,-1.3760125172205435,37.36914100108793,1423.2384784405049,1420.6724504743304,1420.9396052402126,1428.7291739576929
2023-05-25,1402.47998046875,1411.4200439453125,1402.47998046875,1408.93994140625,116408900,,0.0,0.0,Neutral,0.0,Neutral,-4.1225033898513175,-2.0349749995656126,-2.087528390285705,33.12462985514561,1420.8338623046875,1420.277553013393,1418.3025159871465,1427.6792062181353
2023-05-26,1402.97998046875,1405.449951171875,1397.97998046875,1402.9300537109375,149780100,,0.0,0.0,Neutral,0.0,Neutral,-5.001974695736408,-2.6283749387997717,-2.373599756936636,33.69260860959126,1418.5530911959136,1420.4642882055166,1416.1135823416614,1426.69123718816
2023-05-29,1404.9300537109375,1406.530029296875,1401.9300537109375,1405.469970703125,130205600,,0.0,0.0,Neutral,0.0,Neutral,-5.478455207286743,-3.198390992497166,-2.2800642147895767,35.97647694372917,1416.9569373497595,1420.484696368782,1414.5159353944152,1425.820789849071
2023-05-30,1396.9100341796875,1406.0400390625,1396.9100341796875,1406.0400390625,152265400,,0.0,0.0,Neutral,0.0,Neutral,-6.429107249230356,-3.844534243843804,-2.5845730053865514,31.214619860045133,1414.7823204627405,1420.5930649115114,1412.000806649454,1424.6643596222957
2023-05-31,1387.1199951171875,1398.3800048828125,1380.9000244140625,1396.6800537109375,657523800,,0.0,0.0,Neutral,0.0,Neutral,-7.881625700192217,-4.651952535113487,-3.2296731650787294,26.588242644796765,1412.0284705528845,1420.0908203125,1408.4464050019876,1423.1625850420915
2023-06-01,1383.010009765625,1386.4100341796875,1378.5799560546875,1383.300048828125,139957800,Foreign Currency Fixed Deposit (FD) - Best Rates - OCBC | THAT TARGET YOUR MONEY BY OFFERING LOW INTEREST RATES - OCBC | Quarterly Bulletin Q1 2023 - Bank Negara Malaysia | Policy Document on Registration Procedures and Requirements on Professionalism of Adjusters - Bank Negara Malaysia,0.24375,0.23125,Positive,0.7269,Positive,-9.257681714600949,-5.57309837101098,-3.684583343589969,24.918514846888968,1409.3853947566106,1419.7071458466198,1404.8126342539358,1421.5564820310328
2023-06-02,1381.260009765625,1385.8199462890625,1376.780029296875,1385.8199462890625,128952300,Junior Fixed Deposit - Hong Leong Bank,0.1,0.2,Positive,0.0,Neutral,-10.369888771877413,-6.532456451184267,-3.8374323206931464,24.22103572482621,1406.1361647385818,1419.1910226004463,1401.4479736127485,1419.9446231404163
2023-06-06,1383.1700439453125,1383.5799560546875,1377.3499755859375,1382.0999755859375,120094000,,0.0,0.0,Neutral,0.0,Neutral,-10.970733297895322,-7.420111820526479,-3.5506214773688427,26.634757393380895,1402.969247671274,1418.6018390266263,1398.8368408031147,1418.473639972612
2023-06-07,1378.6500244140625,1383.550048828125,1371.739990234375,1382.0,118413400,,0.0,0.0,Neutral,0.0,Neutral,-11.677029190597068,-8.271495294540596,-3.405533896056472,24.63501007050364,1399.1700157752405,1417.942044005102,1395.953009890393,1416.88069535027
2023-06-08,1374.6400146484375,1376.6199951171875,1369.4100341796875,1375.7900390625,109443600,Xpats Gateway - Xpats Gateway,0.0,0.0,Neutral,0.0,Neutral,-12.417210179680069,-9.10063827156849,-3.3165719081115785,22.98615490168673,1395.0238600510818,1417.4306167291136,1392.9082962843995,1415.1910681221966
2023-06-09,1376.0799560546875,1381.260009765625,1373.0799560546875,1375.5799560546875,92008800,,0.0,0.0,Neutral,0.0,Neutral,-12.740750270574836,-9.82866067136976,-2.912089599205075,24.929208733109277,1391.7223182091345,1417.0118408203125,1390.504247680155,1413.6266236394963
2023-06-12,1386.77001953125,1390.550048828125,1377.6099853515625,1377.6099853515625,100957500,,0.0,0.0,Neutral,0.0,Neutral,-11.99627376507624,-10.262183290111057,-1.734090474965182,37.53023809246133,1389.8169320913462,1416.5563317123724,1389.9707865160258,1412.5523594751664
2023-06-13,1380.6099853515625,1387.7900390625,1378.1500244140625,1387.68994140625,139291300,,0.0,0.0,Neutral,0.0,Neutral,-11.767683517095975,-10.563283335508041,-1.2044001815879337,33.98969548617778,1387.5853928786057,1415.7453115035078,1388.633529206817,1411.2746645102222
2023-06-14,1385.4200439453125,1386.7900390625,1381.489990234375,1381.699951171875,134350100,Food Politics and the Paradigm Shift in the Parliamentary Debate on Food Security - Journal of the Malaysian Parliament,0.0,0.0,Neutral,0.34,Positive,-11.070775560149968,-10.664781780436428,-0.40599377971354045,38.84143753051697,1386.2730900691106,1414.945516780931,1388.174459883745,1410.2404796876258
2023-06-15,1381.72998046875,1382.9599609375,1378.8299560546875,1382.9599609375,109127300,,0.0,0.0,Neutral,0.0,Neutral,-10.692966406141295,-10.6704187055774,-0.022547700563894324,36.61788508569673,1384.6384746844951,1414.1116395288584,1387.253819967317,1409.1000597188706
2023-06-16,1388.6099853515625,1388.6099853515625,1373.1500244140625,1382.4200439453125,305649700,,0.0,0.0,Neutral,0.0,Neutral,-9.726272617834638,-10.481589488028849,0.7553168701942106,43.152271203894266,1383.383084810697,1413.1977613799427,1387.4475578793522,1408.2804567441783
2023-06-19,1387.3299560546875,1390.5,1379.8299560546875,1383.8900146484375,75445100,,0.0,0.0,Neutral,0.0,Neutral,-8.960161330247274,-10.177303856472534,1.2171425262252598,42.278941918469535,1382.6461557241587,1412.33490363919,1387.430757618686,1407.4424367165986
2023-06-20,1388.3299560546875,1388.75,1383.8599853515625,1387.239990234375,96573400,,0.0,0.0,Neutral,0.0,Neutral,-8.178049508573167,-9.777452986892662,1.5994034783194948,43.24530631882163,1382.739229642428,1411.4936772560586,1387.559214538115,1406.6779374901223
2023-06-21,1393.449951171875,1395.8499755859375,1383.8800048828125,1385.72998046875,118222400,,0.0,0.0,Neutral,0.0,Neutral,-7.063654032004024,-9.234693195914936,2.171039163910912,48.04170991203524,1383.5423020582932,1410.8520433075573,1388.4007483429377,1406.1488180373924
2023-06-22,1394.6700439453125,1402.43994140625,1391.760009765625,1392.1199951171875,116525600,STOCK LIQUIDITY AND CASH HOLDINGS: EVIDENCE FROM MALAYSIA - Universiti Sains Malaysia,0.0,0.0,Neutral,0.0,Neutral,-6.012725342998692,-8.590299625331687,2.5775742823329946,49.14466653636917,1384.5738431490386,1410.1914311623086,1389.29636200042,1405.6896670737092
2023-06-23,1390.8900146484375,1397.5400390625,1389.699951171875,1395.699951171875,89365400,,0.0,0.0,Neutral,0.0,Neutral,-5.422367877084298,-7.95671327568221,2.534345398597912,45.8941812539515,1385.1676870492788,1409.431431361607,1389.5240266644225,1405.0976809766983
2023-06-26,1389.8800048828125,1394.300048828125,1388.4100341796875,1391.550048828125,79124900,,0.0,0.0,Neutral,0.0,Neutral,-4.978614312419722,-7.361093483029713,2.38247917060999,45.03703158821348,1386.0315317007212,1408.492451570472,1389.5748806956212,1404.4889739329428
2023-06-27,1386.739990234375,1393.3800048828125,1385.300048828125,1390.8699951171875,85691700,,0.0,0.0,Neutral,0.0,Neutral,-4.824693294254303,-6.85381344527463,2.0291201510203276,42.38658965721814,1386.9622990534856,1407.5128597337373,1389.1698963440147,1403.7790145850001
2023-06-28,1388.3699951171875,1394.56005859375,1387.6700439453125,1387.6700439453125,71393900,,0.0,0.0,Neutral,0.0,Neutral,-4.519088764649496,-6.386868509149603,1.8677797445001074,44.22167357660352,1387.907686673678,1406.5771459462692,1389.0556247401823,1403.1626538062876
2023-06-30,1376.6800537109375,1391.47998046875,1370.1500244140625,1388.52001953125,172513900,,0.0,0.0,Neutral,0.0,Neutral,-5.160686367712287,-6.1416320808621405,0.9809457131498531,35.49082343146476,1387.1315354567307,1405.3842897999043,1387.2876860217189,1402.1033498024735
2023-07-03,1395.8900146484375,1397.3699951171875,1379.31005859375,1379.3900146484375,70750600,,0.0,0.0,Neutral,0.0,Neutral,-4.072132775465207,-5.727732219782753,1.6555994443175468,52.19410048396638,1388.3069223257212,1404.5881671516263,1388.51659011125,1401.8548163963121
2023-07-04,1392.489990234375,1396.3299560546875,1388.8499755859375,1393.56005859375,63595600,,0.0,0.0,Neutral,0.0,Neutral,-3.444098344194799,-5.271005444665163,1.8269071004703639,49.73927903414763,1388.8507643479568,1403.7744937818877,1389.0842187002681,1401.4802233498344
2023-07-05,1389.9000244140625,1395.8199462890625,1389.9000244140625,1392.3800048828125,68297000,,0.0,0.0,Neutral,0.0,Neutral,-3.119406552150849,-4.840685666162301,1.7212791140114518,47.89148534507435,1389.479229266827,1403.0567402742347,1389.2007623736672,1401.0170153924034
2023-07-06,1385.949951171875,1389.7099609375,1381.8599853515625,1389.7099609375,92373100,Monetary Policy Statement (MPS) Snapshot: July 2023 - Bank Negara Malaysia,0.0,0.0,Neutral,0.0,Neutral,-3.144575161155217,-4.5014635651608845,1.3568884040056677,45.13734658114886,1389.2746112530049,1402.3187803930166,1388.7363607734114,1400.4143328235823
2023-07-07,1377.6700439453125,1385.739990234375,1377.6700439453125,1382.199951171875,85665300,,0.0,0.0,Neutral,0.0,Neutral,-3.7889639622246705,-4.358963644573642,0.5699996823489712,39.951014419559165,1388.5315410907451,1401.3489865672832,1387.1554583693974,1399.5045612684514
2023-07-10,1383.06005859375,1386.93994140625,1377.56005859375,1377.56005859375,77577500,,0.0,0.0,Neutral,0.0,Neutral,-3.820675228005257,-4.251305961259964,0.43063073325470747,44.42746380341057,1388.1261643629807,1400.712457150829,1386.5704012585907,1398.8467811614632
2023-07-11,1391.4599609375,1391.4599609375,1384.8399658203125,1386.0899658203125,105063900,,0.0,0.0,Neutral,0.0,Neutral,-3.1319020985254156,-4.027425188713055,0.8955230901876394,50.60708223378977,1387.9730881911057,1400.1698022959183,1387.2689097841492,1398.5513083525045
2023-07-12,1398.06005859375,1400.050048828125,1389.93994140625,1390.27001953125,81189300,,0.0,0.0,Neutral,0.0,Neutral,-2.030070322525262,-3.6279542154754965,1.5978838929502346,54.854962512494225,1388.233858548678,1399.8047024473851,1388.8105024712352,1398.5316583621543
2023-07-13,1396.22998046875,1401.760009765625,1396.22998046875,1401.0999755859375,71844700,,0.0,0.0,Neutral,0.0,Neutral,-1.2896662422115241,-3.1602966208227024,1.8706303786111782,53.48150521879543,1388.6446251502405,1399.1949064293685,1389.8704278994517,1398.439591246418
2023-07-14,1412.0899658203125,1414.219970703125,1399.3900146484375,1399.530029296875,160012400,Latest trends on Managing Intragroup Loans in Malaysia - transferpricingsolutions.my,0.5,0.9,Positive,0.0,Neutral,0.570303492542962,-2.4141765981495693,2.9844800906925313,62.29282674782019,1390.3530836838943,1398.9112324617347,1393.044647602432,1398.9856062293738
2023-07-17,1406.0999755859375,1412.0899658203125,1403.1199951171875,1411.77001953125,92626300,,0.0,0.0,Neutral,0.0,Neutral,1.5432115738103676,-1.622698963757582,3.1659105375679495,57.8369916816321,1391.842313326322,1398.402251574458,1394.9096944572186,1399.2701810036363
2023-07-18,1403.030029296875,1407.9000244140625,1399.469970703125,1407.5400390625,78504600,,0.0,0.0,Neutral,0.0,Neutral,2.042979038082649,-0.8895633633895358,2.9325424014721846,55.640296244449,1392.9700082632212,1397.7755176777741,1396.0697422914554,1399.420574935366
2023-07-20,1406.68994140625,1409.3399658203125,1402.7099609375,1404.5699462890625,100328400,,0.0,0.0,Neutral,0.0,Neutral,2.7032117320570705,-0.1710083443002145,2.874220076357285,57.702825292651525,1395.2784611628606,1397.246128627232,1397.586913593569,1399.7113495942012
2023-07-21,1413.52001953125,1413.52001953125,1405.6400146484375,1407.47998046875,86987100,,0.0,0.0,Neutral,0.0,Neutral,3.734531764577696,0.6100996774753675,3.1244320871023286,61.31747297105215,1396.6346153846155,1396.9979646643815,1399.8630715846664,1400.2636963916832
2023-07-24,1424.68994140625,1424.68994140625,1412.3800048828125,1412.6800537109375,87448700,,0.0,0.0,Neutral,0.0,Neutral,5.391035167383507,1.5662867754569954,3.8247483919265113,66.37791448336446,1399.1115347055288,1396.987962372449,1403.409767273464,1401.2407461922658
2023-07-25,1436.7900390625,1437.81005859375,1425.280029296875,1425.760009765625,135600500,,0.0,0.0,Neutral,0.0,Neutral,7.592679126007624,2.771565245567121,4.821113880440503,70.82973253781249,1402.7184589092549,1397.2710234972894,1408.1783775290405,1402.662717907075
2023-07-26,1449.2900390625,1449.2900390625,1436.699951171875,1436.699951171875,133082000,,0.0,0.0,Neutral,0.0,Neutral,10.228238590730143,4.262899914599726,5.9653386761304175,74.57497521802755,1407.5907733623799,1397.9224529655612,1414.0514720338206,1404.5278107532918
2023-07-27,1451.27001953125,1456.3599853515625,1446.9200439453125,1447.6600341796875,123234900,,0.0,0.0,Neutral,0.0,Neutral,12.33452164361006,5.877224260401793,6.457297383208267,75.11988857108399,1413.2523099459136,1398.4891880580358,1419.3684073905963,1406.3974991044101
2023-07-28,1450.3499755859375,1454.239990234375,1446.4599609375,1448.2099609375,101845900,,0.0,0.0,Neutral,0.0,Neutral,13.770785240472378,7.455936456415911,6.314848784056467,74.32277476815588,1418.428457406851,1399.0200045838649,1423.7943457042165,1408.1555981636711
2023-07-31,1459.4300537109375,1464.699951171875,1451.0699462890625,1451.0699462890625,164867900,,0.0,0.0,Neutral,0.0,Neutral,15.46346767829391,9.057442700791512,6.406024977502398,76.92515032868005,1423.6569260817307,1399.6606171277106,1428.8851611337482,1410.2065763855617
2023-08-01,1451.239990234375,1462.56005859375,1449.02001953125,1458.9000244140625,98171000,,0.0,0.0,Neutral,0.0,Neutral,15.960083126567497,10.43797078594671,5.522112340620787,70.03080019089154,1427.7476900540864,1400.1238814373405,1432.0787081481235,1411.8479129395141
2023-08-02,1444.56005859375,1450.280029296875,1441.8499755859375,1449.449951171875,91589600,,0.0,0.0,Neutral,0.0,Neutral,15.634415975090178,11.477259823775405,4.157156151314773,64.92017427510041,1431.4653883713943,1400.6455152861927,1433.8617582117845,1413.1563987656834
2023-08-03,1441.8499755859375,1442.780029296875,1433.0400390625,1441.3699951171875,89240200,,0.0,0.0,Neutral,0.0,Neutral,14.98490470792376,12.178788800605076,2.8061159073186843,62.91418396638709,1433.754619891827,1401.264085419324,1435.0029321223778,1414.3041418384935
2023-08-04,1445.2099609375,1447.1300048828125,1442.22998046875,1442.489990234375,70523900,,0.0,0.0,Neutral,0.0,Neutral,14.57329323368208,12.65768968722048,1.9156035464616004,64.38358009275669,1436.7630803034856,1401.9904112523916,1436.4610790959669,1415.5403746024538
2023-08-07,1445.81005859375,1449.3800048828125,1442.1300048828125,1444.8900146484375,48138700,,0.0,0.0,Neutral,0.0,Neutral,14.13259923375017,12.952671596526418,1.1799276372237522,64.65295269517514,1440.0538517878606,1402.874698561065,1437.7966475956503,1416.7511619621055
2023-08-08,1451.0,1452.469970703125,1441.6300048828125,1444.2099609375,87847500,Macquarie - Malaysia Warrants,0.0,0.0,Neutral,0.0,Neutral,14.04028331482914,13.170193940186964,0.8700893746421752,66.97900022589508,1443.4623178335337,1403.854698959662,1439.6828407962716,1418.1211154836212
2023-08-09,1462.030029296875,1462.030029296875,1446.7099609375,1450.300048828125,140193500,,0.0,0.0,Neutral,0.0,Neutral,14.687841176224765,13.473723387394525,1.2141177888302401,71.30140101789489,1447.193857046274,1405.0200045838649,1442.8752962963579,1419.8774720361514
2023-08-10,1458.9300537109375,1460.699951171875,1453.3699951171875,1460.3599853515625,140203100,,0.0,0.0,Neutral,0.0,Neutral,14.780512773867713,13.735081264689162,1.0454315091785507,68.58417944562154,1449.8277118389424,1406.285719268176,1445.1688330698694,1421.4395753031426
2023-08-11,1457.1600341796875,1458.969970703125,1449.6700439453125,1458.469970703125,116246300,,0.0,0.0,Neutral,0.0,Neutral,14.543481695181981,13.896761350787727,0.6467203443942537,67.01383143846812,1451.3946345402644,1407.715107820472,1446.8818617998434,1422.8683936582042
2023-08-14,1457.0,1457.4300537109375,1452.1500244140625,1457.18994140625,83404700,,0.0,0.0,Neutral,0.0,Neutral,14.179269642616418,13.953263009153465,0.22600663346295313,66.8647619927684,1451.9877084585337,1409.2251076211735,1448.3273101141515,1424.233657911876
2023-08-15,1460.280029296875,1463.2900390625,1456.27001953125,1456.8599853515625,84618900,UNIVERSITI TEKNOLOGI MARA TECHNICAL REPORT - UiTM Institutional Repository,0.0,0.1,Neutral,0.0,Neutral,13.993985959671818,13.961407599257138,0.03257836041468032,68.41553206470365,1452.6807861328125,1410.8377610809948,1450.034841425969,1425.675512767276
2023-08-16,1463.510009765625,1464.27001953125,1458.3699951171875,1459.030029296875,120690800,,0.0,0.0,Neutral,0.0,Neutral,13.947007317154885,13.958527542836688,-0.011520225681802998,69.90901602518784,1453.693096454327,1412.477352220185,1451.9598654744914,1427.18889264721
2023-08-17,1447.97998046875,1460.760009765625,1447.97998046875,1460.6099853515625,154807600,,0.0,0.0,Neutral,0.0,Neutral,12.51239769814265,13.669301573897881,-1.1569038757552317,56.15899437282151,1452.8123215895432,1413.8922492825254,1451.3913104736712,1428.0205361600715
2023-08-18,1446.0899658203125,1449.22998046875,1442.260009765625,1449.22998046875,127832700,,0.0,0.0,Neutral,0.0,Neutral,11.095053976840063,13.154452054486319,-2.0593980776462555,54.74771254498194,1452.4161658653845,1415.3504115513392,1450.6339755231916,1428.743313346481
2023-08-21,1450.5699462890625,1451.6800537109375,1445.0999755859375,1446.68994140625,121972100,Malaysia Sector Outlook: Consumer sector to see brighter days ahead - fsmone.com.my | Top 10 US ETFs to consider for RSP - fsmone.com.my,0.5,0.5,Positive,0.5267,Positive,10.215537492109206,12.566669142010896,-2.3511316499016903,57.47561066563326,1452.8784649188701,1416.8706154336735,1450.6248284897447,1429.6163786641841
2023-08-22,1451.530029296875,1456.4000244140625,1449.18994140625,1450.8699951171875,99704700,,0.0,0.0,Neutral,0.0,Neutral,9.486629061765598,11.950661125961838,-2.4640320641962408,58.05911295848984,1453.6230844350962,1418.1922482860332,1450.7541428907632,1430.4929246894917
2023-08-23,1440.1099853515625,1451.719970703125,1439.1300048828125,1451.6300048828125,101613400,,0.0,0.0,Neutral,0.0,Neutral,7.896436568716126,11.139816214512697,-3.243379645796571,49.379593743197105,1453.2307786207932,1419.406534000319,1449.2335489565917,1430.8776071159746
2023-08-24,1444.6700439453125,1446.75,1441.52001953125,1441.52001953125,87375800,,0.0,0.0,Neutral,0.0,Neutral,6.924336736127998,10.296720318835757,-3.3723835827077586,52.437189806298925,1453.143085186298,1420.6157176737884,1448.5816196692663,1431.4293045891482
2023-08-25,1444.489990234375,1444.81005859375,1438.510009765625,1444.2099609375,110374500,Shop Vagina Tightening And Cleaning Soap online - Sep 2024 - Lazada Malaysia,0.0,0.0,Neutral,0.0,Neutral,6.069446978827273,9.45126565083406,-3.381818672006787,52.30285263555715,1452.642315204327,1421.8965341996172,1447.9971011785676,1431.9517320149573
2023-08-28,1444.06005859375,1445.31005859375,1441.780029296875,1443.6700439453125,90966700,BSN MYGOLD ACCOUNT-i - bsn.com.my | BSN MYGOLD ACCOUNT-i - bsn.com.my | BSN MYGOLD ACCOUNT-i - bsn.com.my,0.0,0.0,Neutral,0.0,Neutral,5.29619752836993,8.620252026341234,-3.3240544979713036,51.96054819948122,1451.260009765625,1423.028168347417,1447.4346665235937,1432.4360650781089
2023-08-29,1454.43994140625,1455.800048828125,1441.52001953125,1443.469970703125,124595100,,0.0,0.0,Neutral,0.0,Neutral,5.45804462170554,7.987810545414096,-2.529765923708556,58.94635539673244,1450.9146165114182,1424.397759885204,1448.4354200782589,1433.3162201312346
2023-08-30,1451.93994140625,1462.800048828125,1451.93994140625,1456.22998046875,323180900,Malaysia Ringgit Outlook 2023: MYR might be oversold - ifastgm.com.my,0.0,0.0,Neutral,0.0,Neutral,5.3232177618208425,7.4548919886954454,-2.131674226874603,56.80381842626988,1450.5130709134614,1425.6959228515625,1448.9360659822576,1434.0611689822351
2023-09-01,1463.4300537109375,1463.4300537109375,1454.6700439453125,1461.9100341796875,163156900,,0.0,0.0,Neutral,0.0,Neutral,6.073510887221573,7.178615768400672,-1.1051048811790984,63.39008153904089,1451.0076904296875,1427.1240882095026,1451.0066356577834,1435.2359243713831
2023-09-04,1462.719970703125,1465.9300537109375,1460.8399658203125,1464.0699462890625,95591500,,0.0,0.0,Neutral,0.0,Neutral,6.53548878385277,7.049990371491092,-0.5145015876383221,62.75328642400693,1451.1953782301682,1428.512862224968,1452.6799692356894,1436.3352862246527
2023-09-05,1454.8299560546875,1462.5799560546875,1452.47998046875,1462.5799560546875,112482000,,0.0,0.0,Neutral,0.0,Neutral,6.193555895767076,6.878703476346289,-0.6851475805792129,56.01933838683686,1450.5276817908655,1429.817758988361,1452.987110209832,1437.075073017854
2023-09-06,1460.6199951171875,1463.0400390625,1454.25,1455.010009765625,106479500,,0.0,0.0,Neutral,0.0,Neutral,6.316961382785166,6.766355057634065,-0.44939367484889914,59.457542996024976,1451.499990609976,1431.2614322584502,1454.0775223394544,1438.0168699018275
2023-09-07,1460.0699462890625,1463.300048828125,1458.27001953125,1458.969970703125,81318800,Forum on Political Stability in a Hung Parliament - Asian Strategy & Leadership Institute (ASLI),0.0,0.05,Neutral,0.0,Neutral,6.297779890509673,6.672640024209187,-0.37486013369951365,58.985782320002166,1452.5753737229568,1432.757961973852,1454.9335829036843,1438.898992957317
2023-09-08,1454.949951171875,1460.22998046875,1454.699951171875,1459.5400390625,82555700,Understanding Small and Large Cap Investing - AHAM Asset Management Berhad,-0.0178571428571428,0.4142857142857142,Neutral,0.3612,Positive,5.802549425498455,6.498621904467042,-0.6960724789685866,54.6399027931891,1452.9122971754807,1434.116736587213,1454.9359212277118,1439.5410312858992
2023-09-11,1455.0400390625,1455.56005859375,1450.6800537109375,1453.719970703125,69955700,(EAST MALAYSIA) AMIRO S1 FACIAL RF SKIN TIGHTENING DEVICE - Health Lane Family Pharmacy,0.0,0.0,Neutral,0.0,Neutral,5.355608927941148,6.270019309161864,-0.9144103812207156,54.70314106330873,1453.1822979266826,1435.7159199617347,1454.9507952041101,1440.1609915969632
2023-09-12,1453.3900146484375,1454.3199462890625,1447.9599609375,1454.2900390625,98947900,,0.0,0.0,Neutral,0.0,Neutral,4.81278341189045,5.978572129707581,-1.1657887178171311,53.23912596022191,1454.203838641827,1436.8893893494899,1454.7278265532998,1440.6901525190221
2023-09-13,1453.5400390625,1453.5400390625,1444.81005859375,1447.030029296875,87516400,,0.0,0.0,Neutral,0.0,Neutral,4.344613990330117,5.651780501832088,-1.307166511501971,53.361344072416706,1454.8861459585337,1438.135308713329,1454.5581426260428,1441.2041479807613
2023-09-14,1449.5799560546875,1455.0899658203125,1445.31005859375,1449.219970703125,117849500,iPhone 15 Pro - Machines,0.0,0.0,Neutral,0.0,Neutral,3.6123992578252455,5.2439042530307205,-1.631504995205475,49.67087322129906,1455.2776817908655,1439.3532665019134,1453.8469731158493,1441.5391803037182
2023-09-15,1459.030029296875,1459.030029296875,1448.75,1449.0899658203125,318200600,"The Influence Of Liquidity Management On Efficiency, Performance And Risk Taking In Islamic Banking Industry - Universiti Sains Malaysia",0.0,0.0,Neutral,0.1027,Positive,3.751411800022197,4.945405762429017,-1.1939939624068199,57.26613521823853,1456.429217998798,1440.8446966677295,1454.5874097131389,1442.2388142634445
2023-09-18,1457.989990234375,1458.4599609375,1452.8599853515625,1456.9599609375,83396200,,0.0,0.0,Neutral,0.0,Neutral,3.7346075497489437,4.703246119893002,-0.9686385701440585,56.259849998349516,1456.7022986778845,1442.4838792450573,1455.073492644744,1442.8688613022816
2023-09-19,1457.6600341796875,1459.0,1454.6099853515625,1456.719970703125,78288600,,0.0,0.0,Neutral,0.0,Neutral,3.6525609156879,4.493109079051982,-0.8405481633640823,55.92410204551223,1457.142305814303,1444.006327726403,1455.4429985783074,1443.460508217378
2023-09-20,1451.56005859375,1456.77001953125,1450.3699951171875,1452.6300048828125,103370600,,0.0,0.0,Neutral,0.0,Neutral,3.0600469999164943,4.206496663224884,-1.14644966330839,49.98511745434296,1456.229229266827,1445.2328603316328,1454.8882928662279,1443.7844902324327
2023-09-21,1448.2099609375,1453.969970703125,1446.800048828125,1452.77001953125,106609700,,0.0,0.0,Neutral,0.0,Neutral,2.2937101075749524,3.8239393520948983,-1.530229244519946,47.03110440347922,1455.1130746694712,1446.256327726403,1453.9342454478383,1443.9615090606353
2023-09-22,1450.22998046875,1450.68994140625,1441.5,1445.8800048828125,85968500,,0.0,0.0,Neutral,0.0,Neutral,1.8283057231042221,3.424812626296763,-1.596506903192541,48.98869083948689,1454.7592303936299,1447.3583685427295,1453.4050647365402,1444.2122479169598
2023-09-25,1443.449951171875,1450.3199462890625,1441.1700439453125,1449.8299560546875,85332300,,0.0,0.0,Neutral,0.0,Neutral,0.9019802275647635,2.920246146550363,-2.0182659189855996,43.21568360548294,1453.438457782452,1447.998368243782,1451.9829056558738,1444.1817560471563
2023-09-26,1445.550048828125,1447.050048828125,1441.8900146484375,1442.7900390625,87996700,,0.0,0.0,Neutral,0.0,Neutral,0.33347681500481485,2.4028922802412533,-2.0694154652364385,45.36342666794988,1452.321542593149,1448.8034717793366,1451.0639261090525,1444.236487758395
2023-09-27,1440.1099853515625,1441.8699951171875,1436.75,1440.8599853515625,100446200,Political Stability in Hung Parliament - Asian Strategy & Leadership Institute (ASLI),0.0,0.05,Neutral,0.0,Neutral,-0.549697324761155,1.8123743592407717,-2.3620716840019265,41.03385076276454,1451.1800067608174,1449.5602055763711,1449.499077429411,1444.0714276621218
2023-09-29,1424.1700439453125,1436.969970703125,1424.1700439453125,1436.3900146484375,170332100,,0.0,0.0,Neutral,0.0,Neutral,-2.5069407963039794,0.9485113281318215,-3.455452124435801,31.536198202665375,1448.805391751803,1449.9169423628828,1445.8806440745398,1443.2753723134492
2023-10-02,1418.760009765625,1428.0400390625,1418.760009765625,1424.0699462890625,77411100,,0.0,0.0,Neutral,0.0,Neutral,-4.443394210891711,-0.12986977967288504,-4.313524431218826,29.076331431364125,1446.1415452223557,1450.0238809390944,1442.006267744695,1442.294757811536
2023-10-03,1420.010009765625,1424.1099853515625,1417.93994140625,1418.5799560546875,119741100,,0.0,0.0,Neutral,0.0,Neutral,-5.810206496270666,-1.2659371229924414,-4.544269373278225,30.426661018423715,1443.5623121995193,1449.928372130102,1438.8639451762565,1441.4033678896997
2023-10-04,1415.8399658203125,1419.6600341796875,1412.699951171875,1417.9100341796875,146327300,,0.0,0.0,Neutral,0.0,Neutral,-7.147510721236358,-2.442251842641225,-4.705258878595133,28.478684076386244,1440.9669283353364,1449.5008196149554,1435.5748052682645,1440.380831806924
2023-10-05,1415.5999755859375,1420.6099853515625,1412.1700439453125,1413.43994140625,147628100,,0.0,0.0,Neutral,0.0,Neutral,-8.132947603125558,-3.580390994738092,-4.552556608387466,28.366128451738817,1437.6261549729568,1448.813267299107,1432.7212581707895,1439.3895975580847
2023-10-06,1416.8800048828125,1419.9599609375,1415.280029296875,1415.2900390625,136679500,,0.0,0.0,Neutral,0.0,Neutral,-8.710219773480276,-4.606356750486529,-4.103863022993747,29.95624059975195,1434.463848407452,1448.1114302654655,1430.458221986793,1438.4892138510738
2023-10-09,1417.260009765625,1420.7099609375,1415.800048828125,1417.06005859375,85675400,,0.0,0.0,Neutral,0.0,Neutral,-9.032922995801982,-5.49166999954962,-3.5412529962523625,30.449825094881803,1431.3561542217549,1447.4361248405612,1428.5727630980546,1437.6400456876559
2023-10-10,1435.1700439453125,1435.8900146484375,1419.3299560546875,1419.3299560546875,99011700,"ISHIZAWA, Nadeshiko Tightening Mask 10s - Watsons Malaysia",0.0,0.0,Neutral,0.0,Neutral,-7.754093187038507,-5.944154637047397,-1.8099385499911094,48.77244618335258,1430.0953838641826,1446.9410226004463,1429.5152317905201,1437.541245617962
2023-10-11,1436.489990234375,1438.449951171875,1432.27001953125,1434.75,147588000,,0.0,0.0,Neutral,0.0,Neutral,-6.558500405694076,-6.067023790776734,-0.4914766149173424,49.82162732245721,1429.19384765625,1446.6400021922832,1430.511625853928,1437.4991954026186
2023-10-12,1443.8199462890625,1446.06005859375,1437.9599609375,1437.9599609375,108247800,,0.0,0.0,Neutral,0.0,Neutral,-4.962315830128091,-5.8460821986470055,0.8837663685189145,55.29699591642449,1428.7007681039663,1446.6248978595345,1432.4128144875187,1437.7520254380763
2023-10-13,1444.1400146484375,1444.969970703125,1440.489990234375,1443.3699951171875,75517900,Untitled - Portal Rasmi Kementerian Kesihatan Malaysia,0.0,0.0,Neutral,0.0,Neutral,-3.6296607427668732,-5.40279790747098,1.7731371647041065,55.52520702425231,1428.7538499098557,1446.6716333506058,1434.0881287962216,1438.0075450064908
2023-10-16,1438.9599609375,1446.1199951171875,1436.5,1445.3599853515625,122051500,,0.0,0.0,Neutral,0.0,Neutral,-2.957417756757877,-4.913721877328359,1.9563041205704819,50.98842541990606,1428.2469200721155,1446.5440823301976,1434.7841048164044,1438.0456416437312
2023-10-17,1444.1300048828125,1444.1300048828125,1438.949951171875,1439.0400390625,105407700,,0.0,0.0,Neutral,0.0,Neutral,-1.9846037321190124,-4.327898248286489,2.343294516167477,54.94521758115456,1428.55615234375,1446.5097955197705,1436.11923339732,1438.2890161732944
2023-10-18,1446.5400390625,1446.5400390625,1441.06005859375,1443.22998046875,146818700,Kenanga Growth Opportunities Fund - Kenanga Investors Berhad,0.0,0.0,Neutral,0.6369,Positive,-1.0075574964057523,-3.6638300979103424,2.65627260150459,56.70008875541688,1430.2769211989182,1446.418775908801,1437.607919920917,1438.6190570888625
2023-10-19,1442.6600341796875,1445.18994140625,1441.3399658203125,1443.260009765625,118185700,,0.0,0.0,Neutral,0.0,Neutral,-0.540099353704818,-3.0390839490692376,2.4989845953644196,53.1133341706295,1432.1153846153845,1446.0234698860013,1438.329650529313,1438.7806961724955
2023-10-20,1441.0400390625,1443.75,1438.3599853515625,1443.3499755859375,113336900,,0.0,0.0,Neutral,0.0,Neutral,-0.29693262043883806,-2.490653683343158,2.19372106290432,51.644383744067675,1433.7330791766826,1445.6583675462373,1438.716848891197,1438.8710698880957
2023-10-23,1438.1199951171875,1443.8599853515625,1435.050048828125,1441.72998046875,100413700,,0.0,0.0,Neutral,0.0,Neutral,-0.33597150459513614,-2.0597172475935537,1.7237457429984175,49.013051531737894,1435.4469275841345,1445.269795320472,1438.6315840663385,1438.8410268972593
2023-10-24,1435.6500244140625,1440.280029296875,1430.1500244140625,1438.280029296875,112931800,,0.0,0.0,Neutral,0.0,Neutral,-0.5597634898147135,-1.7597264960377856,1.1999630062230722,46.839107820488934,1436.989239032452,1444.8340815330039,1438.2056469731563,1438.7133867979314
2023-10-25,1442.510009765625,1444.530029296875,1437.8199462890625,1437.969970703125,80810800,,0.0,0.0,Neutral,0.0,Neutral,-0.18148472096117985,-1.4440781410224646,1.2625934200612847,53.06560564066091,1438.9607778695913,1444.4714280731823,1438.820555943509,1438.865251716639
2023-10-26,1440.5999755859375,1445.1400146484375,1438.800048828125,1443.030029296875,107249600,,0.0,0.0,Neutral,0.0,Neutral,-0.03541166316267663,-1.162344845450507,1.1269331822878303,51.265173949592956,1440.7561598557693,1444.0038763552295,1439.0747587495703,1438.934640671411
2023-10-27,1441.9000244140625,1444.1500244140625,1439.3299560546875,1440.7099609375,79766900,,0.0,0.0,Neutral,0.0,Neutral,0.18314419078251376,-0.8932470382039028,1.0763912289864166,52.44777317833113,1441.2738506610576,1443.8797956194196,1439.4783681302122,1439.053256021117
2023-10-30,1439.199951171875,1441.800048828125,1436.97998046875,1440.0400390625,66151800,,0.0,0.0,Neutral,0.0,Neutral,0.13689983833387487,-0.6872176628963473,0.8241175012302222,49.74772236556629,1441.4823091947114,1443.739183075574,1439.4385942790213,1439.0591238271472
2023-10-31,1442.1400146484375,1443.4599609375,1437.97998046875,1438.75,99312300,Islamic Profit Rates - Alliance Bank,0.0,0.0,Neutral,0.4404,Positive,0.3336433741376368,-0.4830454554895505,0.8166888296271873,52.6086682435491,1441.3530836838943,1443.5671436543366,1439.8245114746521,1439.1823594599987
2023-11-01,1435.3299560546875,1441.5899658203125,1434.9300537109375,1441.1700439453125,97118400,PULLEY-BASED MCKIBBEN ACTUATOR MECHANISM FOR ADJUSTABLE SOFT HAND REHABILITATION SPLINT SII ZHI YING A thesis submitted in fulfi - Universiti Teknologi Malaysia,0.1,0.35,Positive,0.6037,Positive,-0.0592675710918229,-0.398289878610005,0.3390223075181821,46.06654979411086,1440.6753868689905,1443.2365299147002,1439.1824321289428,1439.0282633237862
2023-11-02,1439.77001953125,1441.3499755859375,1435.8599853515625,1435.93994140625,87395200,FACULTY OF INFORMATION MANAGEMENT (IM) - IPSis UiTM,0.0,0.0,Neutral,0.0,Neutral,-0.012235269980692465,-0.3210789568841425,0.30884368690345004,50.39754112541724,1440.7376990685095,1443.2295918367347,1439.2663731864152,1439.0579335720847
2023-11-03,1449.9300537109375,1453.18994140625,1444.7900390625,1446.719970703125,115015400,,0.0,0.0,Neutral,0.0,Neutral,0.8352398893262034,-0.08981518764207333,0.9250550769682767,58.591744183513306,1441.183856670673,1443.3369389748086,1440.78975611849,1439.4928183776387
2023-11-06,1464.6700439453125,1464.6700439453125,1452.2900390625,1452.3900146484375,146756600,,0.0,0.0,Neutral,0.0,Neutral,2.665537427259551,0.4612553353382516,2.204282091921299,67.08670824484493,1442.5784724308894,1443.7487768056442,1444.2012258080363,1440.4999074003456
2023-11-07,1463.3699951171875,1465.550048828125,1458.6600341796875,1464.050048828125,115794000,,0.0,0.0,Neutral,0.0,Neutral,3.965447131063229,1.162093694483247,2.803353436579982,65.80444558844574,1444.1715463491587,1444.142857142857,1446.9396214236294,1441.4147109090193
2023-11-08,1457.5999755859375,1462.010009765625,1454.4599609375,1461.1300048828125,86519800,,0.0,0.0,Neutral,0.0,Neutral,4.478418165669382,1.8253585887204742,2.6530595769489076,60.29597382240163,1445.4453876201924,1444.2073476363203,1448.462529161102,1442.0621214960959
2023-11-09,1452.27001953125,1457.8399658203125,1450.6400146484375,1456.8399658203125,95897900,,0.0,0.0,Neutral,0.0,Neutral,4.404100764879786,2.3411070239523366,2.0629937409274492,55.660895167093685,1446.5338510366587,1444.2140839245856,1449.0064563568376,1442.470437417502
2023-11-10,1445.1800537109375,1451.219970703125,1425.010009765625,1450.56005859375,67169000,,0.0,0.0,Neutral,0.0,Neutral,3.730104379565091,2.6189064950748877,1.1111978844902035,50.13944091456146,1447.2669302133413,1443.8416349449935,1448.4598274074233,1442.5788220692393
2023-11-14,1451.719970703125,1453.989990234375,1444.9000244140625,1444.9000244140625,95686900,,0.0,0.0,Neutral,0.0,Neutral,3.6812390015063556,2.8313729963611816,0.8498660051451741,54.612009647906,1447.9753887469951,1443.6171451490752,1448.9255621639522,1442.9444680145946
2023-11-15,1466.8399658203125,1466.8399658203125,1453.0699462890625,1453.6099853515625,168947800,,0.0,0.0,Neutral,0.0,Neutral,4.80715617617625,3.2265296323241954,1.5806265438520541,62.89826319545573,1449.9938495342549,1443.86224738919,1451.4847626862895,1443.9002879268232
2023-11-16,1464.6800537109375,1465.1600341796875,1460.4599609375,1464.780029296875,105484500,,0.0,0.0,Neutral,0.0,Neutral,5.462201929073672,3.673664091674091,1.7885378373995806,61.17997629114691,1451.7461594801682,1443.945105727838,1453.369804261239,1444.7314785581877
2023-11-17,1460.6700439453125,1462.31005859375,1458.530029296875,1461.5899658203125,100760200,,0.0,0.0,Neutral,0.0,Neutral,5.593280279196051,4.057587329178483,1.5356929500175678,58.01139834468018,1453.397705078125,1443.957352618782,1454.4126956446783,1445.3690211736725
2023-11-20,1456.9200439453125,1460.260009765625,1454.1199951171875,1460.260009765625,74149400,,0.0,0.0,Neutral,0.0,Neutral,5.3330906073069855,4.312687984804184,1.0204026225028011,55.135604485403725,1454.5346304086538,1443.99755859375,1454.7708882590548,1445.8310620845382
2023-11-21,1463.4000244140625,1463.4000244140625,1456.1600341796875,1458.1300048828125,138326700,COMMON FIXED POINT RESULTS FOR BOYD-WONG AND MEIR-KEELER CONTRACTION IN J-METRIC SPACES - ukm.my,-0.0999999999999999,0.35,Negative,0.0,Neutral,5.58538385780912,4.567227159405172,1.0181566984039483,58.924833570874064,1456.693866436298,1444.1681705397002,1456.0036219954845,1446.533820577719
2023-11-22,1455.8900146484375,1460.5899658203125,1454.52001953125,1460.5899658203125,97164200,,0.0,0.0,Neutral,0.0,Neutral,5.120309313704638,4.677843590265065,0.44246572343957347,53.30564352542719,1457.933866060697,1444.2191909478636,1455.9873923744778,1446.9080683405477
2023-11-23,1453.2900390625,1456.6800537109375,1451.3499755859375,1456.6800537109375,93608000,,0.0,0.0,Neutral,0.0,Neutral,4.490178107751035,4.640310493762259,-0.15013238601122403,51.4754827802653,1458.1923264723557,1444.2140889070472,1455.6020561870525,1447.1633471694258
2023-11-24,1453.9200439453125,1456.050048828125,1451.0799560546875,1455.780029296875,136984500,PRODUCT DISCLOSURE SHEET - Maybank2u,0.0,0.0,Neutral,0.0,Neutral,3.9955722463562324,4.511362844281054,-0.5157905979248216,51.90636933048831,1457.3654033954326,1444.3026621293047,1455.3617687239469,1447.4336150404613
2023-11-27,1448.1500244140625,1455.780029296875,1448.0,1453.1500244140625,116835700,,0.0,0.0,Neutral,0.0,Neutral,3.1022404864020245,4.229538372705249,-1.1272978863032241,47.72635267492332,1456.1946364182693,1444.080621213329,1454.3315195368207,1447.4622714154054
2023-11-28,1448.02001953125,1452.5999755859375,1444.5999755859375,1450.18994140625,156887400,,0.0,0.0,Neutral,0.0,Neutral,2.356612758049323,3.8549532497740637,-1.4983404917247407,47.63327728013505,1455.4577167217549,1443.8771524234694,1453.429876678882,1447.484581340039
2023-11-29,1446.0699462890625,1450.4200439453125,1445.6099853515625,1448.6300048828125,128149700,Luoke running shorts women Leisure high-waisted abdominal contraction sport short pant for women thin fitness running yoga quick-drying pant - Shopee Malaysia,-0.2,0.5750000000000001,Negative,0.2732,Positive,1.5900141053132302,3.4019654208818975,-1.8119513155686673,46.17851333013061,1454.9807880108174,1443.6406200175384,1452.378458051765,1447.4279959379999
2023-11-30,1452.739990234375,1452.739990234375,1440.6199951171875,1444.3399658203125,530926800,,0.0,0.0,Neutral,0.0,Neutral,1.503366084073832,3.0222455535202846,-1.5188794694464525,51.621045464229965,1455.5623215895432,1443.664700255102,1452.4301055064236,1447.6404757098549
2023-12-01,1456.3800048828125,1456.52001953125,1450.0899658203125,1452.0,165174800,,0.0,0.0,Neutral,0.0,Neutral,1.7087186196270068,2.7595401667416293,-1.0508215471146225,54.334913443192164,1455.9207857572114,1443.8314358458226,1452.994376845908,1447.990056876773
2023-12-04,1451.02001953125,1457.02001953125,1448.1700439453125,1454.969970703125,106529100,,0.0,0.0,Neutral,0.0,Neutral,1.4225576024043676,2.492143653874177,-1.0695860514698095,49.89631491721008,1454.703866811899,1443.8475590919961,1452.712325800957,1448.111255382952
2023-12-05,1449.4599609375,1451.5899658203125,1444.5799560546875,1451.1300048828125,101068000,MPSAS 5 - anm.gov.my,0.0,0.0,Neutral,0.0,Neutral,1.0576967739973497,2.2052542778988116,-1.1475575039014618,48.65060444279104,1453.5330904447114,1443.9702123525192,1452.2477022490345,1448.1652036051341
2023-12-06,1445.8199462890625,1452.0699462890625,1444.6300048828125,1450.9100341796875,92070800,,0.0,0.0,Neutral,0.0,Neutral,0.4694120872050007,1.8580858397600495,-1.3886737525550488,45.77876832895551,1452.3907752403845,1443.9757204639668,1451.3294513976102,1448.0713933124912
2023-12-07,1442.8499755859375,1447.6600341796875,1441.02001953125,1442.8900146484375,103661100,,0.0,0.0,Neutral,0.0,Neutral,-0.23376488403209805,1.43971569500162,-1.6734805790337182,43.521372529109456,1451.3084622896636,1444.0316386320153,1450.1180977102285,1447.862536603429
2023-12-08,1441.969970703125,1446.1300048828125,1441.0899658203125,1443.969970703125,84182800,,0.0,0.0,Neutral,0.0,Neutral,-0.8522228449235172,0.9813279870165927,-1.83355083194011,42.847180738126525,1449.6599966195913,1444.3949024433991,1448.9540795663565,1447.6268339674168
2023-12-11,1446.3900146484375,1446.3900146484375,1440.4000244140625,1441.3199462890625,102401500,,0.0,0.0,Neutral,0.0,Neutral,-0.9744616409252558,0.590170061428223,-1.5646317023534788,47.265920597845636,1448.929227388822,1444.958780094069,1448.5877845780824,1447.5773611946577
2023-12-12,1447.1199951171875,1447.719970703125,1444.260009765625,1446.1199951171875,127330900,,0.0,0.0,Neutral,0.0,Neutral,-1.0008957412437667,0.27195690089382507,-1.2728526421375919,47.98122392043558,1448.454608623798,1445.5120451012435,1448.3781003693832,1447.5590665515588
2023-12-13,1448.0400390625,1448.47998046875,1443.719970703125,1446.0799560546875,130353700,,0.0,0.0,Neutral,0.0,Neutral,-0.9368061804286754,0.030204284629325007,-0.9670104650580004,48.92163529396788,1448.0023005558894,1446.169189453125,1448.3298058969713,1447.5783054519964
2023-12-14,1456.260009765625,1456.260009765625,1448.1400146484375,1448.8800048828125,165231500,,0.0,0.0,Neutral,0.0,Neutral,-0.22019354899452992,-0.01987528209544598,-0.20031826689908394,56.48986871697567,1448.6261455829326,1446.998986069037,1449.462692163922,1447.9255736245414
2023-12-15,1462.449951171875,1464.780029296875,1455.68994140625,1455.949951171875,284775700,,0.0,0.0,Neutral,0.0,Neutral,0.8375489217046379,0.1516095586645708,0.6859393630400671,61.157203705147495,1449.7361403245193,1447.9289849728955,1451.3180148793438,1448.5065487264346
2023-12-18,1465.280029296875,1468.739990234375,1460.4200439453125,1461.56005859375,216394300,,0.0,0.0,Neutral,0.0,Neutral,1.8824810335433995,0.4977838536403365,1.384697179903063,63.105848473432886,1451.213839017428,1448.9089853714922,1453.3125883675625,1449.1774879492523
2023-12-19,1465.6700439453125,1467.6099853515625,1464.550048828125,1466.56005859375,162662200,,0.0,0.0,Neutral,0.0,Neutral,2.7108195428818362,0.9403909914886366,1.7704285513931997,63.3785109439321,1452.2084585336538,1449.5314343510843,1455.0779391643841,1449.8371901890946
2023-12-20,1464.56005859375,1470.7900390625,1464.0899658203125,1466.4300537109375,200419300,,0.0,0.0,Neutral,0.0,Neutral,3.240364335054892,1.4003856602018878,1.839978674853004,61.974716879796915,1452.8376934344951,1450.1042928890306,1456.4325276542936,1450.426104925281
2023-12-21,1455.5799560546875,1463.1700439453125,1454.969970703125,1463.1700439453125,157053500,,0.0,0.0,Neutral,0.0,Neutral,2.9019611709911715,1.7007007623597445,1.201260408631427,51.94954455902793,1453.188457782452,1450.344293088329,1456.310731711493,1450.632258970457
2023-12-22,1454.3800048828125,1457.8599853515625,1451.989990234375,1456.760009765625,127764000,,0.0,0.0,Neutral,0.0,Neutral,2.5080371037147415,1.8621680306307442,0.6458690730839973,50.76777609581598,1453.566922701322,1450.5532724808672,1456.03491359311,1450.7821688069512
2023-12-26,1450.780029296875,1456.6600341796875,1450.780029296875,1454.0799560546875,130077700,,0.0,0.0,Neutral,0.0,Neutral,1.8836479774411146,1.8664640199928182,0.017183957448296372,47.29194628230147,1453.948467548077,1450.7944983657526,1455.2842158365052,1450.7820832265481
2023-12-27,1454.219970703125,1455.43994140625,1452.0799560546875,1452.3699951171875,158320100,,0.0,0.0,Neutral,0.0,Neutral,1.6473994239936474,1.8226511007929842,-0.17525167679933684,50.76103534791422,1454.8230825570913,1451.0004160355547,1455.132180817451,1450.9195987256112
2023-12-28,1457.4100341796875,1459.0999755859375,1453.06005859375,1453.8599853515625,142538600,,0.0,0.0,Neutral,0.0,Neutral,1.6980086190069414,1.797722604435776,-0.09971398542883447,53.797950604582276,1456.0107797475962,1451.2222526705996,1455.4575884406277,1451.179216143774
2023-12-29,1454.6600341796875,1461.4000244140625,1454.6600341796875,1457.5699462890625,265621800,,0.0,0.0,Neutral,0.0,Neutral,1.498935952775355,1.737965274103692,-0.23902932132833699,50.884375217447314,1456.6469350961538,1451.4671506297832,1455.343652117636,1451.3184488652105
2024-01-02,1453.0999755859375,1453.56005859375,1446.3599853515625,1452.199951171875,103277400,,0.0,0.0,Neutral,0.0,Neutral,1.2014363298414992,1.6306594852512535,-0.4292231554097543,49.25469983817343,1457.10693359375,1451.7132717833226,1455.0231268988223,1451.3897099340395
2024-01-03,1462.3699951171875,1465.68994140625,1450.1700439453125,1452.5400390625,215534000,,0.0,0.0,Neutral,0.0,Neutral,1.6941497351087946,1.6433575352227616,0.05079219988603301,57.885857382364485,1458.209237905649,1452.2081697425065,1456.072679501446,1451.8289213413655
2024-01-04,1477.260009765625,1477.56005859375,1461.030029296875,1462.8499755859375,286041200,Arrhythmia: A Guide on Heart Rhythm - Pantai Hospitals,0.0,0.0,Neutral,0.6369,Positive,3.2486796429843707,1.9644219567750836,1.2842576862092872,67.4598302346987,1459.8246225210337,1453.057353117028,1459.0994409677573,1452.846164878336
2024-01-05,1487.6099853515625,1487.6099853515625,1476.8499755859375,1476.8900146484375,280921700,,0.0,0.0,Neutral,0.0,Neutral,5.255233268340589,2.6225842190881847,2.6326490492524046,72.19202374680216,1461.760009765625,1453.9777607820472,1463.1723758797295,1454.2367176972648
2024-01-08,1495.699951171875,1498.52001953125,1488.5999755859375,1488.5999755859375,301573200,,0.0,0.0,Neutral,0.0,Neutral,7.412784142609553,3.5806242037924587,3.832159938817094,75.22487170093393,1464.1000037560095,1455.1022500797194,1467.819172350036,1455.8952470362492
2024-01-09,1498.8299560546875,1503.9300537109375,1496.8399658203125,1497.1700439453125,311176200,,0.0,0.0,Neutral,0.0,Neutral,9.268383830849643,4.718176129203896,4.550207701645747,76.30178301041568,1466.6507662259614,1456.264085419324,1472.2492843078435,1457.6126353969867
2024-01-10,1486.8599853515625,1497.800048828125,1486.719970703125,1497.800048828125,208376900,,0.0,0.0,Neutral,0.0,Neutral,9.661709184852725,5.706882740333662,3.954826444519063,64.71638334637592,1468.3661452073318,1457.236739178093,1474.3365273140892,1458.7825293951696
2024-01-11,1483.0,1492.43994140625,1483.0,1487.1500244140625,232402500,,0.0,0.0,Neutral,0.0,Neutral,9.551846067381803,6.47587540574329,3.0759706616385127,61.474845956792386,1470.4753793569712,1458.0706164301657,1475.5741662692194,1459.7512282193627
2024-01-12,1487.3399658203125,1487.3399658203125,1482.02001953125,1483.239990234375,225717600,Welcome to the Official Perodua Website - Perodua | Welcome to the Official Perodua Website - Perodua,0.8,0.9,Positive,0.7184,Positive,9.703126128335498,7.121325550261732,2.581800578073766,63.67774663199659,1473.010760967548,1459.132045200893,1477.2549947765185,1460.8547777234007
2024-01-15,1501.1099853515625,1501.8599853515625,1487.81005859375,1488.280029296875,196067000,,0.0,0.0,Neutral,0.0,Neutral,10.809536553190128,7.858967750847412,2.9505688023427163,69.61450963318764,1476.882296048678,1460.383881238042,1480.6628505729534,1462.4649860285272
2024-01-16,1493.8699951171875,1503.72998046875,1492.4000244140625,1500.3900146484375,227111300,,0.0,0.0,Neutral,0.0,Neutral,10.9756476473774,8.48230373015341,2.4933439172239904,63.717600339564434,1479.9322979266826,1461.2806147361289,1482.549585507844,1463.7211863920736
2024-01-17,1491.2099609375,1494.3199462890625,1487.52001953125,1491.8900146484375,216723800,,0.0,0.0,Neutral,0.0,Neutral,10.768516602592854,8.939546304641299,1.828970297951555,61.651265975521554,1482.5322922926682,1461.822245695153,1483.786781997795,1464.8207373738906
2024-01-18,1479.1800537109375,1492.530029296875,1478.030029296875,1488.489990234375,315341100,"AKC CONTRACTION ENGINEERING - AKC CONTRACTION ENGINEERING | AKC CONTRACTION ENGINEERING - AKC CONTRACTION ENGINEERING | AKC CONTRACTION ENGINEERING - AKC CONTRACTION ENGINEERING | AKC CONTRACTION ENGINEERING - AKC CONTRACTION ENGINEERING | Exports fell 8pc in 2023, bringing Malaysia's total trade down by 7.3pc - NST Online",-0.0777777777777777,0.5194444444444445,Negative,0.0,Neutral,9.523865588148965,9.056410161342832,0.46745542680613283,53.24204676590955,1484.418447641226,1462.1448999521683,1483.1286779568154,1465.3951100273725
2024-01-19,1486.3699951171875,1486.3699951171875,1477.050048828125,1480.1800537109375,199948900,AKC CONTRACTION ENGINEERING - AKC CONTRACTION ENGINEERING,0.0,0.0,Neutral,0.0,Neutral,9.013734158092802,9.047874960692827,-0.0341408026000245,57.01577428774062,1486.9776799128606,1462.7320432079082,1483.5917232654401,1466.2341054309652
2024-01-22,1491.18994140625,1493.97998046875,1485.510009765625,1487.3499755859375,234169100,,0.0,0.0,Neutral,0.0,Neutral,8.8958350589362,9.017466980341503,-0.12163192140530299,59.382406475853315,1489.194598858173,1463.526327327806,1484.6771829998415,1467.2323388699765
2024-01-23,1496.1099853515625,1500.3900146484375,1490.199951171875,1492.56005859375,202846800,A Numerical Comparison of 2D and 3D CFD Modelling for Contraction and Expansion Geometries with an Emphasis on Solid Particles Erosion - Semarak Ilmu | What is a contraction in English? - twinkl.my | Rafidah: Changing a government cannot be akin to a change of garment - NST Online,0.0,0.05,Neutral,0.1531,Positive,9.09456907023241,9.032887398319684,0.06168167191272644,61.7004762242675,1490.6445969801682,1464.565713687819,1486.310440478659,1468.3874447292399
2024-01-24,1504.0999755859375,1504.43994140625,1497.1600341796875,1497.1600341796875,197527000,Monetary Policy Statement - Bank Negara Malaysia | Monetary Policy Statement - Bank Negara Malaysia | Monetary Policy Statement - Bank Negara Malaysia,0.0,0.0,Neutral,0.0,Neutral,9.784008681024488,9.183111654860646,0.6008970261638424,65.17623758817703,1491.913057767428,1465.6346933793047,1488.8518026368417,1469.8159459635078
2024-01-26,1506.280029296875,1509.3900146484375,1502.8900146484375,1503.449951171875,238367000,Year 2 Punctuation: Apostrophes for Contraction Activity Booklet - twinkl.my | Contraction Apostrophe Booklet - Primary Resource - twinkl.my | Word Contraction Matching Activity - twinkl.my | Capital Letters and Periods Worksheets for 1st-2nd Grade - twinkl.my,0.4,0.5,Positive,0.0,Neutral,10.386576664357563,9.42380465676003,0.9627720075975326,66.08073765825233,1492.7269099308894,1466.4395926339287,1491.341549302561,1471.2745092968426
2024-01-29,1515.3900146484375,1518.43994140625,1507.8800048828125,1508.1099853515625,211720800,,0.0,0.0,Neutral,0.0,Neutral,11.46703101935168,9.832449929278361,1.6345810900733184,69.6305471740998,1494.000760591947,1467.4744897959183,1494.7770443519719,1473.0391295109064
2024-01-30,1512.75,1520.31005859375,1511.8399658203125,1517.75,213783400,,0.0,0.0,Neutral,0.0,Neutral,11.972262966331073,10.260412536688904,1.711850429642169,67.42826002465992,1495.9923001802886,1468.5373460419323,1497.3446094445474,1474.62756433047
2024-01-31,1512.97998046875,1516.4000244140625,1509.550048828125,1512.5999755859375,247472800,,0.0,0.0,Neutral,0.0,Neutral,12.250009936926517,10.658332016736427,1.5916779201900901,67.52462022113137,1498.2984525240386,1469.6814263791455,1499.5782338765764,1476.161660976001
2024-02-02,1516.5799560546875,1521.22998046875,1508.5,1509.3499755859375,290509400,,0.0,0.0,Neutral,0.0,Neutral,12.615194249098067,11.049704463208755,1.5654897858893122,69.06727308334882,1500.5476825420674,1470.7667311065052,1502.0070513305923,1477.7783927791484
2024-02-05,1511.3399658203125,1520.97998046875,1511.3399658203125,1515.9100341796875,200808500,,0.0,0.0,Neutral,0.0,Neutral,12.339539497782653,11.307671470123536,1.031868027659117,64.2808489457201,1501.3346041165864,1471.898362763074,1503.3403248291238,1479.120855700795
2024-02-06,1512.97998046875,1513.97998046875,1508.989990234375,1510.31005859375,186936700,,0.0,0.0,Neutral,0.0,Neutral,12.113776522151511,11.468892480529131,0.6448840416223796,65.09614290626169,1502.8046029897837,1473.1165248325892,1504.7174184919274,1480.475220691513
2024-02-07,1513.1099853515625,1514.050048828125,1510.199951171875,1512.510009765625,174829400,Using Capital Letters Worksheet (teacher made) - twinkl.my,0.0,0.0,Neutral,0.0,Neutral,11.809218722526339,11.536957728928574,0.2722609935977651,65.16402226354684,1504.4892202524038,1474.324482820472,1505.9163566147326,1481.7806112779149
2024-02-08,1512.3599853515625,1521.1800537109375,1512.3599853515625,1513.18994140625,171566000,,0.0,0.0,Neutral,0.0,Neutral,11.37619801088249,11.504805785319357,-0.12860777443686722,64.38608849370947,1507.041522686298,1475.6348901865433,1506.8368750057084,1483.0037862408606
2024-02-09,1512.280029296875,1514.719970703125,1509.56005859375,1513.8199462890625,79147200,Malaysia Standard Industrial Classification (MSIC) Codes - Lembaga Hasil Dalam Negeri Malaysia | Malaysia Standard Industrial Classification (MSIC) Codes - Lembaga Hasil Dalam Negeri Malaysia,0.0,0.0,Neutral,0.0,Neutral,10.900915226618054,11.384027673579098,-0.4831124469610444,64.2979619526006,1509.0346022385818,1476.9463189572705,1507.6144684758751,1484.174835963101
2024-02-13,1531.3699951171875,1533.1600341796875,1512.6300048828125,1512.6300048828125,181535700,Butterfly Contractions Display Cut Outs (teacher made) - twinkl.my,0.0,0.0,Neutral,-0.2732,Negative,11.927161996958375,11.492654538254953,0.4345074587034219,73.59175030585672,1512.1253756009614,1478.6871362802933,1511.00811513892,1486.0626423292645
2024-02-14,1529.3299560546875,1530.949951171875,1521.7900390625,1527.7900390625,152259500,,0.0,0.0,Neutral,0.0,Neutral,12.432541256519016,11.680631881907766,0.75190937461125,71.45119103330094,1514.6807579627405,1480.2501968072386,1513.6255209840297,1487.7933348782813
2024-02-15,1528.3800048828125,1532.6600341796875,1525.3900146484375,1529.2900390625,172624700,,0.0,0.0,Neutral,0.0,Neutral,12.6110327053525,11.866712046596714,0.744320658755786,70.42396485011434,1516.5484525240386,1481.7195845623405,1515.7333043981416,1489.4168016784624
2024-02-16,1533.550048828125,1534.530029296875,1529.300048828125,1530.6800537109375,192387100,,0.0,0.0,Neutral,0.0,Neutral,13.019586118676216,12.097286861012615,0.9222992576636013,72.72243975754088,1518.6461463341345,1483.4038708745218,1518.278553602425,1491.1821315644488
2024-02-19,1538.6099853515625,1539.25,1530.5799560546875,1533.3499755859375,160694400,,0.0,0.0,Neutral,0.0,Neutral,13.594948132481022,12.396819115306297,1.1981290171747254,74.78758138071878,1520.4322979266826,1485.2232591278698,1521.1830438523018,1493.0792457159334
2024-02-20,1555.5899658203125,1555.5899658203125,1537.93994140625,1538.719970703125,268959800,Saggy Skin & Skin Tightening Treatment in Malaysia - Kaiteki Skin Aesthetic Clinic,0.0,0.0,Neutral,0.0,Neutral,15.245330509664655,12.966521394177969,2.278809115486686,80.20386623952204,1523.7276799128606,1487.4634636080996,1526.0983184191607,1495.5796745201087
2024-02-21,1552.4000244140625,1554.949951171875,1547.489990234375,1554.0999755859375,241602800,,0.0,0.0,Neutral,0.0,Neutral,16.110160915111464,13.595249298364669,2.5149116167467955,76.86318110092493,1526.759990985577,1489.699178890306,1529.855704989861,1497.8524885158668
2024-02-22,1545.489990234375,1551.969970703125,1542.719970703125,1550.7099609375,172375600,Telekosang Hydro One making progress in boosting transaction liquidity; second plant achieves commercial operations - ram.com.my,0.0,0.0,Neutral,0.6369,Positive,16.05291521940262,14.086782482572259,1.966132736830362,70.05599362978316,1528.9838397686299,1491.8118323501276,1532.0891743105058,1499.7579885846071
2024-02-23,1549.1099853515625,1551.1500244140625,1544.1800537109375,1546.3499755859375,340781400,,0.0,0.0,Neutral,0.0,Neutral,16.11389993758985,14.492205973575778,1.6216939640140708,71.4809353654651,1531.8892258864182,1493.9081582828444,1534.5207187449425,1501.7320684552851
2024-02-26,1547.5999755859375,1553.9000244140625,1544.469970703125,1548.9300537109375,314099700,"AZARINE, Pore Tightening & Oil Control Moist Serum 20ml - Watsons Malaysia | DAP will uphold King's advice, strive for political stability - Nga - NST Online",0.0,0.1,Neutral,0.0,Neutral,15.857589180648574,14.765282614990339,1.0923065656582356,69.98487928751709,1534.5523024338943,1495.9587701291455,1536.3891840079418,1503.5667847405111
2024-02-27,1558.800048828125,1559.02001953125,1545.1600341796875,1545.52001953125,309551300,FORMAT INSTRUCTIONS FOR SOMChE 2004 PAPERS - Journal of Engineering Science and Technology (JESTEC),0.0,0.0,Neutral,0.0,Neutral,16.369515778653522,15.086129247722976,1.2833865309305459,74.2840611807098,1538.066922701322,1498.2191784917093,1539.590736125111,1505.7761153040155
2024-02-28,1545.5899658203125,1556.68994140625,1545.5899658203125,1556.300048828125,298350600,,0.0,0.0,Neutral,0.0,Neutral,15.530254887252113,15.174954375628804,0.3553005116233088,62.84955753082223,1540.623075045072,1500.0422388193558,1540.4477689387113,1507.3686693246673
2024-02-29,1551.43994140625,1554.7900390625,1544.6700439453125,1547.6199951171875,973066200,Average Lending Rate Bank Negara Malaysia Schedule Section 140B - hasil.gov.my | Exposure Draft on Product Transparency and Disclosure - Bank Negara Malaysia,-0.15,0.3999999999999999,Negative,0.0,Neutral,15.162396060248739,15.17244271255279,-0.010046652304051662,65.39025670775857,1543.6353759765625,1501.858361069037,1542.018079291217,1509.1315202079304
2024-03-01,1538.02001953125,1556.219970703125,1537.1099853515625,1553.1600341796875,304487800,,0.0,0.0,Neutral,0.0,Neutral,13.630861660912615,14.864126502224757,-1.2332648413121419,55.9390928486323,1544.1469163161057,1503.342850665657,1541.446927896936,1510.2870601808631
2024-03-04,1539.27001953125,1547.0999755859375,1537.030029296875,1539.0999755859375,234915700,,0.0,0.0,Neutral,0.0,Neutral,12.37531919236244,14.366365040252294,-1.991045847889854,56.56877164877882,1544.9115365835337,1504.8448909837373,1541.1359409875524,1511.4463785548785
2024-03-05,1536.97998046875,1537.9200439453125,1518.8399658203125,1537.9200439453125,292974200,,0.0,0.0,Neutral,0.0,Neutral,11.06792161580779,13.706676355363395,-2.638754739555605,55.01751321852528,1545.5730731670674,1506.322848573023,1540.5422323420094,1512.4677226314332
2024-03-06,1531.510009765625,1535.199951171875,1527.9200439453125,1532.449951171875,266505400,Cypark has deferred its coupon payment due to tight liquidity - fsmone.com.my | How Leading E-Commerce Platforms Stack Up to Amazon - Malaysia Digital Chamber of Commerce (MDCC),-0.1011904761904762,0.2202380952380952,Negative,0.1779,Positive,9.481126175057852,12.861566319302288,-3.380440144244435,51.392310144089855,1545.4161470853364,1507.8724415058991,1539.2519148310973,1513.2294141168006
2024-03-07,1535.8299560546875,1539.5999755859375,1531.699951171875,1531.699951171875,235394700,,0.0,0.0,Neutral,0.0,Neutral,8.474474451944843,11.9841479458308,-3.5096734938859573,53.97179764125714,1545.2022986778845,1509.5346854073662,1538.7630635773246,1514.133435794316
2024-03-08,1539.8599853515625,1541.1500244140625,1535.3199462890625,1536.52001953125,334762200,,0.0,0.0,Neutral,0.0,Neutral,7.910695815615782,11.169457519787798,-3.2587617041720165,56.30154622162723,1543.9923001802886,1511.3526436941963,1538.91976668793,1515.162497776606
2024-03-11,1544.7099609375,1547.47998046875,1540.77001953125,1542.010009765625,282742100,,0.0,0.0,Neutral,0.0,Neutral,7.765731166480009,10.488712249126241,-2.722981082646232,58.99167520195029,1543.4007568359375,1513.1993781887754,1539.7469372950115,1516.3443963030418
2024-03-12,1554.56005859375,1556.7099609375,1541.3599853515625,1544.949951171875,236872900,,0.0,0.0,Neutral,0.0,Neutral,8.34941928954754,10.060853657210501,-1.7114343676629602,63.85803742295913,1544.0984544020432,1515.1820317482461,1541.8630974805458,1517.87302279467
2024-03-13,1538.1300048828125,1544.739990234375,1536.760009765625,1543.510009765625,230016100,,0.0,0.0,Neutral,0.0,Neutral,7.400915166411096,9.528865959050622,-2.127950792639526,52.63756113098111,1543.2538405198318,1516.8855005381058,1541.3297985380125,1518.6833020781958
2024-03-14,1543.75,1543.75,1533.800048828125,1535.5999755859375,226515700,,0.0,0.0,Neutral,0.0,Neutral,7.021762940636336,9.027445355367764,-2.005682414731428,55.516773156607535,1542.9576885516826,1518.735501036352,1541.6755416040107,1519.6859699950678
2024-03-15,1552.8299560546875,1552.8299560546875,1535.469970703125,1536.949951171875,499854300,FGV Holdings Berhad Company Overview & Details - Maukerja,0.0,0.0,Neutral,0.0,Neutral,7.36901324172095,8.695758932638402,-1.326745690917452,59.77180334892979,1542.4984506460337,1520.5816226881377,1543.269029382679,1521.0117294374527
2024-03-18,1553.6400146484375,1557.3299560546875,1544.3199462890625,1547.449951171875,263219400,,0.0,0.0,Neutral,0.0,Neutral,7.621718143306225,8.480950774771967,-0.8592326314657424,60.13814077012532,1543.117685171274,1522.1403982979912,1544.750598706359,1522.316860845892
2024-03-19,1544.9599609375,1552.0999755859375,1544.9599609375,1551.5899658203125,299513700,,0.0,0.0,Neutral,0.0,Neutral,7.040423190190722,8.19284525785572,-1.1524220676649968,54.419462910739966,1542.6192251352163,1523.3108059630101,1544.780507596522,1523.2225848495564
2024-03-20,1535.7900390625,1546.0,1535.77001953125,1545.06005859375,182483300,,0.0,0.0,Neutral,0.0,Neutral,5.773256189143694,7.708927444113315,-1.9356712549696207,49.1067678123223,1542.4476881760818,1524.1289710220026,1543.4961549488048,1523.725283018074
2024-03-21,1541.4100341796875,1542.3299560546875,1534.6600341796875,1539.1199951171875,186197400,,0.0,0.0,Neutral,0.0,Neutral,5.162988135687101,7.199739582428073,-2.036751446740972,52.187520879798534,1542.6123046875,1524.997952208227,1543.198137696074,1524.4326730645384
2024-03-22,1542.3900146484375,1543.8399658203125,1537.9200439453125,1541.56005859375,153442100,,0.0,0.0,Neutral,0.0,Neutral,4.704195502871244,6.700630766516707,-1.9964352636454636,52.724917972417224,1543.0284611628606,1526.1312181122448,1543.0826915464118,1525.1509667278942
2024-03-25,1537.5400390625,1540.22998046875,1532.72998046875,1540.22998046875,144717400,Home - AEON Credit Service - myaeoncredit.com.my | Home - AEON Credit Service - myaeoncredit.com.my,0.0,0.0,Neutral,0.6369,Positive,3.904240880529187,6.141352789319203,-2.237111908790016,49.74496121577528,1543.4923095703125,1527.2442801339287,1542.2908840487103,1525.6465296212782
2024-03-26,1538.4200439453125,1540.510009765625,1532.0699462890625,1536.06005859375,201823400,,0.0,0.0,Neutral,0.0,Neutral,3.3032028521888606,5.573722801893135,-2.2705199497042745,50.293912545706995,1543.6915471003606,1528.2867307079082,1541.737906891082,1526.1574701942395
2024-03-27,1530.5999755859375,1536.5799560546875,1528.52001953125,1536.510009765625,213452700,,0.0,0.0,Neutral,0.0,Neutral,2.17083765770235,4.893145773054978,-2.722308115352628,45.53398799550106,1542.979238656851,1528.8885672433037,1540.14677384749,1526.3351704099073
2024-03-29,1536.0699462890625,1542.0,1532.030029296875,1532.1099853515625,197606300,,0.0,0.0,Neutral,0.0,Neutral,1.6952689983659184,4.2535704181171665,-2.558301419751248,49.15859810865331,1542.3146221454326,1529.749790736607,1539.564369910572,1526.7245614450735
2024-04-01,1544.02001953125,1544.7099609375,1537.0699462890625,1537.5,113539400,,0.0,0.0,Neutral,0.0,Neutral,1.9375470424406558,3.790365742981865,-1.8528187005412091,53.9547343975205,1541.5038499098557,1530.8275470344388,1540.2008912849547,1527.4163797685205
2024-04-02,1547.989990234375,1550.989990234375,1540.77001953125,1543.530029296875,188490400,,0.0,0.0,Neutral,0.0,Neutral,2.4219785342875184,3.5166883012429957,-1.0947097669554773,56.177881609977526,1542.2623103215144,1532.2318314532845,1541.3136197063004,1528.2393241871546
2024-04-03,1537.010009765625,1548.4200439453125,1537.010009765625,1547.2900390625,185700600,COMMON FIXED POINT RESULTS FOR BOYD-WONG AND MEIR-KEELER CONTRACTION IN F-METRIC SPACES - - UKM Journal Article Repository,-0.0999999999999999,0.35,Negative,0.0,Neutral,1.8980221040758352,3.192955061809564,-1.294932957733729,49.1147951083186,1541.7438495342549,1533.2653011399873,1540.698818286204,1528.5901516102933
2024-04-04,1553.239990234375,1554.3299560546875,1537.25,1538.97998046875,208034400,,0.0,0.0,Neutral,0.0,Neutral,2.760584344533072,3.106480918354266,-0.3458965738211939,57.600550315848416,1541.775390625,1534.5316286670918,1542.4904142787998,1529.5761451552564
2024-04-05,1555.25,1555.969970703125,1547.9599609375,1551.0699462890625,183477400,,0.0,0.0,Neutral,0.0,Neutral,3.565263980388181,3.198237530761049,0.36702644962713205,58.52305916858001,1541.8992356520432,1535.7385677415498,1544.3132122389713,1530.6030993490463
2024-04-08,1559.97998046875,1560.260009765625,1554.1500244140625,1556.780029296875,136336200,,0.0,0.0,Neutral,0.0,Neutral,4.532401578860117,3.465070340380863,1.0673312384792544,60.69053053329414,1543.0546217698318,1536.8789760044642,1546.5513219860827,1531.7781745938344
2024-04-09,1553.510009765625,1565.5699462890625,1553.4300537109375,1559.9100341796875,148751200,,0.0,0.0,Neutral,0.0,Neutral,4.72235614745523,3.7165275017957367,1.0058286456594931,56.35254744267267,1544.417696439303,1537.8428531568877,1547.545420240303,1532.647448000706
2024-04-12,1551.0400390625,1556.6400146484375,1548.27001953125,1554.0899658203125,225170600,,0.0,0.0,Neutral,0.0,Neutral,4.620330227473005,3.89728804693119,0.7230421805418148,54.743842595451056,1545.158466045673,1538.570404675542,1548.044651500617,1533.3831516431778
2024-04-15,1542.530029296875,1548.3399658203125,1542.530029296875,1545.449951171875,242539900,,0.0,0.0,Neutral,0.0,Neutral,3.8088808760699067,3.8796066127589337,-0.07072573668902704,49.50064074347733,1545.1692364032451,1539.1781603754782,1547.2568483286539,1533.7490267493256
2024-04-16,1535.0,1541.5899658203125,1532.489990234375,1541.0799560546875,299007700,,0.0,0.0,Neutral,0.0,Neutral,2.5290378121021604,3.6094928526275796,-1.0804550405254192,45.36071561043501,1544.973848783053,1539.6275485291774,1545.505869995989,1533.7990656793527
2024-04-17,1540.4200439453125,1541.8800048828125,1532.949951171875,1535.050048828125,201296200,,0.0,0.0,Neutral,0.0,Neutral,1.9298589990798973,3.2735660819180437,-1.3437070828381463,48.68729146907469,1545.127694936899,1540.1140809351084,1544.779323417321,1534.063904809991
2024-04-18,1544.760009765625,1548.4599609375,1538.6800537109375,1539.8399658203125,192585300,,0.0,0.0,Neutral,0.0,Neutral,1.7846323135852344,2.975779328251482,-1.1911470146662477,51.24684008577832,1546.2169283353364,1540.796122648278,1544.7765643242215,1534.4917490082164
2024-04-19,1547.5699462890625,1552.449951171875,1545.9000244140625,1546.300048828125,217831000,,0.0,0.0,Neutral,0.0,Neutral,1.874667512704491,2.755556965142084,-0.880889452437593,52.88549665909063,1547.101543719952,1541.5020403180804,1545.1756188906274,1535.0148768994502
2024-04-22,1559.5899658203125,1559.93994140625,1548.3800048828125,1548.5699462890625,162909500,,0.0,0.0,Neutral,0.0,Neutral,2.8827061354452326,2.7809867992027137,0.10171933624251883,59.20251217766099,1548.2992318960337,1542.4506113480547,1547.2348113091539,1535.9978804562845
2024-04-23,1561.6400146484375,1567.5699462890625,1559.81005859375,1559.81005859375,215225200,MALAYSIA GAINS PROMINENCE AS INVESTMENT DESTINATION DUE TO POLITICAL STABILITY - PM ANWAR - Prime Minister's Office of Malaysia,-0.0625,0.2375,Negative,0.4824,Positive,3.803165291853702,2.9854224977329116,0.8177427941207904,60.18306031482387,1549.3492337740386,1543.4563262316644,1549.2926975004802,1537.0235658239706
2024-04-24,1571.47998046875,1572.47998046875,1564.8900146484375,1565.489990234375,217218900,,0.0,0.0,Neutral,0.0,Neutral,5.265936373943987,3.441525272975127,1.82441110096886,64.58313169696649,1552.0007699819712,1544.6644885004782,1552.4623093530902,1538.4018224097617
2024-04-25,1569.25,1574.449951171875,1569.030029296875,1573.2900390625,229077400,,0.0,0.0,Neutral,0.0,Neutral,6.17408124275903,3.988036466931908,2.186044775827122,62.887055883979684,1553.2323091947114,1545.4375498246172,1554.8605508740773,1539.6357495133711
2024-04-26,1575.1600341796875,1575.5699462890625,1566.3399658203125,1567.6700439453125,249177600,,0.0,0.0,Neutral,0.0,Neutral,7.286686573198722,4.647766488185271,2.638920085013451,65.4748812083225,1554.7638502854568,1546.372857541454,1557.760477060593,1541.0567209000237
2024-04-29,1582.6600341796875,1583.3399658203125,1575.0,1576.300048828125,284290000,,0.0,0.0,Neutral,0.0,Neutral,8.673637341227504,5.452940658793718,3.220696682433786,68.4786740812992,1556.5084698016826,1547.4806132413903,1561.3175566490354,1542.7208534312103
2024-04-30,1575.969970703125,1589.06005859375,1575.969970703125,1583.5799560546875,333275400,,0.0,0.0,Neutral,0.0,Neutral,9.127754533533334,6.187903433741641,2.939851099791693,63.196850462073655,1558.2361591045674,1548.3463259327168,1563.4107586567625,1544.0508181220869
2024-05-02,1580.300048828125,1582.6800537109375,1574.27001953125,1574.969970703125,246289200,MRMA Malaysian REIT Forum 2024 - Malaysian REIT Managers Association,0.0,0.0,Neutral,0.0,Neutral,9.724943699487312,6.895311486890776,2.829632212596536,65.07452800728515,1560.4869290865386,1549.1971435546875,1565.8235143955285,1545.5007873503284
2024-05-03,1589.5899658203125,1590.56005859375,1581.5899658203125,1581.5899658203125,262487200,Malaysian Citation Centre - MyJurnal,0.0,0.0,Neutral,0.0,Neutral,10.82307737931842,7.680864665376305,3.142212713942115,68.75737993913985,1564.106924203726,1549.891021105708,1569.2187217419264,1547.2643544891278
2024-05-06,1597.3900146484375,1598.260009765625,1591.1700439453125,1591.800048828125,201147700,,0.0,0.0,Neutral,0.0,Neutral,12.182324728674075,8.58115667803586,3.601168050638215,71.4769949214002,1568.9061560997595,1550.8091841717155,1573.2431921571424,1549.2693808955
2024-05-07,1605.6800537109375,1610.3199462890625,1600.6600341796875,1600.8499755859375,265320400,Venus Freeze Body Treatment for Contouring & Skin Tightening - - BMF The Aesthetics People Malaysia | Bursa Malaysia hits all-time high market capitalisation of more than RM2 trillion - thestar.com.my,0.33,0.52,Positive,0.0516,Positive,13.76974585661742,9.618874513752171,4.150871342865248,74.0613451411313,1573.9261568509614,1552.0375528140944,1577.8770295219704,1551.5258078081174
2024-05-08,1604.75,1610.25,1602.2900390625,1606.9599609375,216508600,Financial Literacy Articles - kwsp.gov.my | Financial Literacy Articles - kwsp.gov.my,0.0,0.0,Neutral,0.0,Neutral,14.78233936901529,10.651567484804795,4.130771884210494,73.25938005173812,1578.540771484375,1553.1730633171237,1581.716025304546,1553.6547754957928
2024-05-09,1601.219970703125,1607.3800048828125,1599.2900390625,1606.2099609375,168553600,Monetary Policy Statement (MPS) Snapshot - Bank Negara Malaysia,0.0,0.0,Neutral,0.0,Neutral,15.125624377906433,11.546378863425124,3.5792455144813093,70.15429777324667,1582.667696439303,1554.2673489317601,1584.5023032186289,1555.557383304086
2024-05-10,1600.6700439453125,1604.0699462890625,1599.8399658203125,1603.4599609375,180639100,,0.0,0.0,Neutral,0.0,Neutral,15.178339280227647,12.272770946785629,2.9055683334420177,69.65896380809194,1585.8277024489182,1555.1218386280293,1586.8119804652981,1557.3618897297351
2024-05-13,1602.9100341796875,1604.800048828125,1600.4300537109375,1602.300048828125,163107600,,0.0,0.0,Neutral,0.0,Neutral,15.22535628187984,12.863288013804471,2.362068268075369,70.57045674039951,1589.0023193359375,1556.291635941486,1589.1117024244968,1559.1838155077332
2024-05-14,1605.8800048828125,1607.4200439453125,1601.43994140625,1601.6199951171875,208290100,,0.0,0.0,Neutral,0.0,Neutral,15.3256053702396,13.3557514850915,1.9698538851481011,71.78093298690067,1591.6484750600962,1557.4026576450892,1591.5071742042564,1561.0516630827362
2024-05-15,1603.22998046875,1607.6400146484375,1603.22998046875,1605.75,194095600,,0.0,0.0,Neutral,0.0,Neutral,15.018099370878417,13.688221062248884,1.3298783086295334,69.05176706649091,1594.2623197115386,1558.733473174426,1593.18186081347,1562.7387957781768
2024-05-16,1611.1099853515625,1611.5699462890625,1604.3800048828125,1604.3800048828125,183263300,Banach Contraction Method For Solving the Epidemic Model with Constant Vaccination (P04S23) - UiTM Institutional Repository,0.0,0.3333333333333333,Neutral,0.34,Positive,15.234633813644678,13.997503612528043,1.237130201116635,72.41084813574574,1597.0277005709136,1560.199594925861,1595.7430214617689,1564.6736433611122
2024-05-17,1616.6199951171875,1619.449951171875,1611.9300537109375,1612.4200439453125,219231700,,0.0,0.0,Neutral,0.0,Neutral,15.670214183854569,14.33204572679335,1.3381684570612187,74.4954044616433,1599.6400052584136,1561.8249013472578,1598.7254462696858,1566.7514974313553
2024-05-20,1627.5,1629.81005859375,1618.280029296875,1618.280029296875,200289800,,0.0,0.0,Neutral,0.0,Neutral,16.700823533686616,14.805801288172002,1.895022245514614,78.02598488469013,1603.6038536658655,1563.783880739796,1602.836096802588,1569.181437534101
2024-05-21,1622.0899658203125,1628.3800048828125,1620.800048828125,1628.3800048828125,230614000,,0.0,0.0,Neutral,0.0,Neutral,16.88638854803935,15.221918740145473,1.6644698078938767,72.64122399269047,1606.8184626652644,1565.5442891023597,1605.586649519406,1571.2977786655492
2024-05-23,1629.1800537109375,1632.7900390625,1620.6600341796875,1620.6600341796875,249478800,,0.0,0.0,Neutral,0.0,Neutral,17.40492782351612,15.658520556819601,1.746407266696517,75.06948164427108,1609.8638540414663,1567.367147640306,1608.957135832482,1573.6130696673647
2024-05-24,1619.4000244140625,1624.9599609375,1614.8299560546875,1624.9599609375,307419100,,0.0,0.0,Neutral,0.0,Neutral,16.83267075556614,15.89335059656891,0.9393201589972318,66.32474186024521,1611.5569317157451,1568.891434650032,1610.448977058422,1575.4445478572325
2024-05-27,1618.27001953125,1622.4000244140625,1617.97998046875,1620.6700439453125,177466500,The Effect of Dividend Policy on Share Prices of Bursa Malaysia Listed Companies - UUM eThesis,0.0,0.0,Neutral,0.296,Positive,16.10235305349397,15.935151087953923,0.1672019655400483,65.37712207382381,1612.525390625,1570.1916379344707,1611.5662688402547,1577.1575667241932
2024-05-28,1615.8199462890625,1622.9300537109375,1612.9599609375,1620.6500244140625,214978500,,0.0,0.0,Neutral,0.0,Neutral,15.151216782653364,15.77836422689381,-0.6271474442404461,63.26647499921237,1613.376924954928,1571.7771469427614,1612.1739370472274,1578.704061906788
2024-05-29,1605.3499755859375,1614.7099609375,1605.3499755859375,1614.7099609375,218199800,,0.0,0.0,Neutral,0.0,Neutral,13.39814977040487,15.302321335596023,-1.9041715651911524,55.08265991536943,1613.6946176382212,1573.0342893016582,1611.1990854099004,1579.7698984539538
2024-05-30,1604.260009765625,1608.8399658203125,1602.3199462890625,1603.2099609375,219690300,,0.0,0.0,Neutral,0.0,Neutral,11.785029911661923,14.598863050809204,-2.813833139147281,54.29525853500973,1613.9707688551682,1574.0838822345345,1610.2077888892895,1580.7495029064205
2024-05-31,1596.6800537109375,1612.31005859375,1595.3599853515625,1608.8800048828125,652449300,Skin Tightening Solutions - westwoodclinic.my,0.0,0.0,Neutral,0.1779,Positive,9.782218372253737,13.635534115098112,-3.8533157428443747,49.04463078940521,1613.4915395883413,1574.962250378667,1608.275255292382,1581.386724938601
2024-06-04,1615.4000244140625,1617.4100341796875,1595.3499755859375,1595.93994140625,280419400,,0.0,0.0,Neutral,0.0,Neutral,9.59491675647405,12.827410643373302,-3.2324938868992525,59.46919127375694,1614.223848783053,1576.3998026945153,1609.2930794526221,1582.7472569176193
2024-06-05,1608.530029296875,1622.6500244140625,1608.530029296875,1614.81005859375,197151900,Inducing Labour: All You Need to Know - Pantai Hospitals | Free Shipping 72-Character Manual Embosser For PVC ID Card Embossing Machine - Shopee Malaysia,0.4,0.8,Positive,0.5106,Positive,8.790792897082156,12.020087094115073,-3.2292941970329174,55.02053779010391,1614.6315448467549,1577.8842922911351,1609.1840722875156,1583.7785678127893
2024-06-06,1614.72998046875,1617.050048828125,1609.3399658203125,1611.8199462890625,233096300,,0.0,0.0,Neutral,0.0,Neutral,8.555184349764204,11.3271065452449,-2.7719221954806965,58.06904891171563,1614.9100060096155,1579.3806177256058,1609.976344884835,1585.0166243190279
2024-06-07,1617.8599853515625,1622.489990234375,1614.9300537109375,1615.969970703125,213524300,"How Does OPR Impact Your Home Loans? - iProperty | DOES THE SHARIA-COMPLIANT STATUS REMOVAL ANNOUNCEMENT MATTER? LIQUIDITY, TRADING ACTIVITIES AND INSTITUTIONAL INVESTORS - Universiti Sains Malaysia",0.0,0.0,Neutral,0.2944,Positive,8.522782779414456,10.766241792078812,-2.2434590126643563,59.559214522224124,1615.005389873798,1580.920821209343,1611.1025792372247,1586.330358760329
2024-06-10,1614.3699951171875,1619.239990234375,1613.010009765625,1619.239990234375,158084400,The Effects of Standardisation of Trading Board Lot And Bonus Issue On Stock Returns And Liquidity - UUM eThesis,0.0,0.0,Neutral,0.5423,Positive,8.121867424638822,10.237366918590814,-2.115499493951992,57.121605175289126,1613.995389498197,1582.4887794961735,1611.5693529343625,1587.4519442146034
2024-06-11,1611.489990234375,1617.3699951171875,1609.260009765625,1617.0,273386100,"Diesel Subsidy Savings Will Be Redirected Through Public Transport, STR - PM - Portal Rasmi Kementerian Kewangan",0.0,0.0666666666666666,Neutral,0.0,Neutral,7.485459079964585,9.686985350865568,-2.201526270900983,55.116886138174166,1613.1800067608174,1583.9800028898278,1611.558015405793,1588.413466055394
2024-06-12,1608.949951171875,1618.989990234375,1608.949951171875,1616.6300048828125,202814000,,0.0,0.0,Neutral,0.0,Neutral,6.6989199778129205,9.089372276255038,-2.390452298442117,53.338897422191025,1611.6238450270432,1585.5789819834183,1611.1854348009474,1589.2349254600533
2024-06-13,1610.1700439453125,1616.8399658203125,1609.1300048828125,1612.5799560546875,218593000,,0.0,0.0,Neutral,0.0,Neutral,6.103674008164035,8.492232622636838,-2.388558614472803,54.10475699100125,1610.913846529447,1587.0912288743623,1611.0403789644283,1590.0723301994635
2024-06-14,1607.3199462890625,1611.9000244140625,1604.47998046875,1611.0,225453600,,0.0,0.0,Neutral,0.0,Neutral,5.340397449585225,7.861865588026516,-2.521468138441291,51.959351263135204,1610.071533203125,1588.3830641143177,1610.5088885822333,1590.7622348430473
2024-06-18,1606.1300048828125,1615.0899658203125,1606.1300048828125,1609.3900146484375,232582800,,0.0,0.0,Neutral,0.0,Neutral,4.586605418865929,7.206813554194399,-2.62020813532847,51.049200270368566,1609.326153094952,1589.5695950255101,1609.8833337680305,1591.3769456446378
2024-06-19,1599.7900390625,1609.219970703125,1599.7900390625,1608.469970703125,211950200,Viginal Tightening - wclinic.com.my | Rakuten Trade Launches Raku-Invest - Rakuten Trade,0.0,0.0,Neutral,0.0,Neutral,3.4380063502276244,6.453052113401045,-3.01504576317342,46.386989161932355,1608.898465670072,1590.8508201132015,1608.4414345243836,1591.713469381352
2024-06-20,1592.68994140625,1596.27001953125,1590.3699951171875,1596.27001953125,189841500,,0.0,0.0,Neutral,0.0,Neutral,1.9325376788558515,5.548949226492007,-3.6164115476361554,41.78461917152457,1608.0084604116587,1591.6559211575254,1606.191221221793,1591.752528262348
2024-06-21,1590.3699951171875,1598.1600341796875,1590.0,1593.4100341796875,497243500,,0.0,0.0,Neutral,0.0,Neutral,0.5459492702050284,4.548349235234611,-4.002399965029583,40.375017645583874,1607.5230712890625,1592.3726557517539,1603.9310460639924,1591.6972269365415
2024-06-24,1589.6600341796875,1594.0899658203125,1582.780029296875,1589.8699951171875,218922400,,0.0,0.0,Neutral,0.0,Neutral,-0.603265874266981,3.518026213334293,-4.121292087601274,39.93106968574704,1605.5430720402644,1592.9783711336097,1601.8923300805204,1591.6157392262674
2024-06-25,1585.3800048828125,1594.7099609375,1582.3499755859375,1589.7099609375,229698100,,0.0,0.0,Neutral,0.0,Neutral,-1.8382001236836913,2.4467809459306964,-4.284981069614387,37.27046059759293,1603.7623009314905,1593.6287791972259,1599.533426480848,1591.3663098525292
2024-06-26,1590.949951171875,1593.4200439453125,1581.760009765625,1586.3900146484375,203208300,Skin Tightening - westwoodclinic.my,0.0,0.0,Neutral,0.0,Neutral,-2.3404668530315575,1.4893313861382458,-3.8297982391698033,42.62792881531832,1601.9330679086538,1594.443267199458,1598.3072157224233,1591.349655505303
2024-06-27,1584.93994140625,1592.260009765625,1582.31005859375,1591.530029296875,198108200,Affin Hwang ceases coverage on Jaycorp due to low trading liquidity - NST Online,-0.0625,0.3375,Negative,-0.2732,Negative,-3.186739663846538,0.5541171761412891,-3.740856839987827,38.77937822488057,1599.4007568359375,1595.3087756098532,1596.397605105827,1591.0932669413407
2024-06-28,1590.0899658203125,1590.0899658203125,1581.52001953125,1583.530029296875,213091600,,0.0,0.0,Neutral,0.0,Neutral,-3.4026296374217964,-0.23723218657132805,-3.1653974508504685,43.48768607897283,1597.5330622746394,1596.4330606265944,1595.4965137793251,1591.0531348964996
2024-07-01,1598.199951171875,1598.3599853515625,1587.030029296875,1590.260009765625,163914800,Client Account General Terms & Conditions - Rakuten Trade,0.05,0.5,Neutral,0.0,Neutral,-2.886047399073732,-0.7669952290718088,-2.119052170001923,50.00792810909432,1596.510751577524,1597.6122424067282,1595.882719121118,1591.3390075475145
2024-07-02,1597.9599609375,1602.52001953125,1595.6199951171875,1598.5799560546875,232831300,,0.0,0.0,Neutral,0.0,Neutral,-2.4675728162260384,-1.1071107465026548,-1.3604620697233836,49.824728832617765,1595.6653677133413,1598.6979556959502,1596.1794679520299,1591.6038456831138
2024-07-03,1615.3199462890625,1615.3199462890625,1599.5999755859375,1599.5999755859375,207024100,Screw Tightening Machine Case Study of Prevention of Screw Galling and Crushing of Screw Heads - orientalmotor.com.my,0.4,0.9,Positive,-0.5719,Negative,-0.7267454903237649,-1.031037695266877,0.30429220494311204,60.96467635444653,1596.061514047476,1600.0806087571748,1598.9138220001773,1592.552489707352
2024-07-04,1616.75,1619.75,1614.7099609375,1615.9599609375,213023400,,0.0,0.0,Neutral,0.0,Neutral,0.7595109213307296,-0.6729279719473558,1.4324388932780854,61.718670727317985,1596.7869027944712,1601.2471400669642,1601.4618474287236,1593.5203901190578
2024-07-05,1611.02001953125,1616.260009765625,1608.4100341796875,1615.760009765625,151108400,,0.0,0.0,Neutral,0.0,Neutral,1.4582089737371007,-0.24670058281046447,1.7049095565475652,56.97030319588046,1597.163057767428,1602.2548952686543,1602.8273005862275,1594.2203752955452
2024-07-09,1614.4200439453125,1618.02001953125,1613.1500244140625,1617.1400146484375,251992400,,0.0,0.0,Neutral,0.0,Neutral,2.2602312304622956,0.2546857798440876,2.005545450618208,58.98665598793822,1598.2884427584136,1603.1312230947067,1604.4834067803827,1595.0283620415357
2024-07-10,1618.3800048828125,1620.8299560546875,1613.6500244140625,1613.7099609375,223438200,,0.0,0.0,Neutral,0.0,Neutral,3.1787329453559323,0.8394952129464566,2.339237732409476,61.263395448352554,1600.2646014873799,1604.1338762555804,1606.4686350807299,1595.9624277551868
2024-07-11,1623.1199951171875,1628.3499755859375,1620.02001953125,1621.1600341796875,266203500,japan jujy 24k rejuvenating and tightening rf ems facial device skincare beauty tools anti aging peranti muka - Lazada Malaysia,0.0,0.0,Neutral,0.3612,Positive,4.2402507982810675,1.519646330013379,2.7206044682676884,63.85020925395105,1602.7838322566106,1605.1126509685905,1608.847400800224,1597.048730449667
2024-07-12,1619.06005859375,1622.969970703125,1616.219970703125,1622.72998046875,235110500,Tengku Zafrul: Political stability key to attracting investments - NST Online,0.0,0.55,Neutral,0.4767,Positive,4.699732803138886,2.15566362463848,2.544069178500406,60.14534644429507,1605.0453725961538,1605.855508609694,1610.3063519135849,1597.9291835754302
2024-07-15,1629.8199462890625,1632.68994140625,1619.18994140625,1619.8599853515625,224771200,,0.0,0.0,Neutral,0.0,Neutral,5.864506237874366,2.8974321472856577,2.9670740905887083,65.80786014063935,1608.4638296274038,1606.9544877032845,1613.094008252939,1599.2048140839754
2024-07-16,1625.9599609375,1633.969970703125,1624.3900146484375,1631.72998046875,234839500,,0.0,0.0,Neutral,0.0,Neutral,6.402326977922485,3.5984111134130234,2.8039158645094613,62.38362607605156,1611.1569073016826,1607.886322644292,1614.9320014935906,1600.2750199581164
2024-07-17,1633.5400390625,1638.030029296875,1629.8900146484375,1629.97998046875,205720300,,0.0,0.0,Neutral,0.0,Neutral,7.355414109266121,4.3498117125836435,3.0056023966824776,66.11265635332421,1614.8953763521636,1608.7832629145407,1617.5902925748635,1601.6056207222919
2024-07-18,1633.81005859375,1634.239990234375,1627.9300537109375,1633.699951171875,247984400,View all iPhone - Switch,0.0,0.0,Neutral,0.0,Neutral,8.03985243279135,5.087819856625185,2.9520325761661645,66.24104132901242,1618.2584604116587,1609.5265291175065,1619.907402006133,1602.8937982371501
2024-07-19,1636.550048828125,1638.2900390625,1632.530029296875,1634.06005859375,209483800,,0.0,0.0,Neutral,0.0,Neutral,8.703045754161167,5.810865036132382,2.8921807180287846,67.5831450292913,1621.208467923678,1610.156529017857,1622.2849229807034,1604.240048260789
2024-07-22,1622.0699462890625,1637.1199951171875,1616.739990234375,1637.1199951171875,197940000,,0.0,0.0,Neutral,0.0,Neutral,7.968353757768909,6.242362780459688,1.7259909773092215,55.113307090581706,1623.0630821814905,1610.5099973094707,1622.2542120247547,1604.9532441819201
2024-07-23,1629.6800537109375,1632.5,1625.22998046875,1625.22998046875,208960700,,0.0,0.0,Neutral,0.0,Neutral,7.909007016383157,6.575691627644382,1.3333153887387752,59.35760214386676,1624.167705829327,1611.0908153300384,1623.3150465513522,1605.9423165630808
2024-07-24,1621.1400146484375,1631.31005859375,1619.7099609375,1631.31005859375,167169600,,0.0,0.0,Neutral,0.0,Neutral,7.091122470238815,6.678777796163269,0.41234467407554654,53.27027489843642,1624.505399263822,1611.5085698341836,1623.0043277080788,1606.550224486495
2024-07-25,1615.1800537109375,1618.0,1610.5799560546875,1617.0799560546875,161845600,,0.0,0.0,Neutral,0.0,Neutral,5.894080742829601,6.521838385496535,-0.6277576426669338,49.4582373091277,1624.8254018930288,1611.758978396046,1621.8865742799157,1606.8954176554726
2024-07-26,1612.8800048828125,1616.8299560546875,1610.6500244140625,1613.989990234375,157390600,,0.0,0.0,Neutral,0.0,Neutral,4.705578847683455,6.15858647793392,-1.4530076302504646,48.02979950289063,1624.7069373497595,1611.901835538903,1620.5999215089012,1607.1348011445662
2024-07-29,1624.56005859375,1625.550048828125,1616.3499755859375,1617.1600341796875,169030700,,0.0,0.0,Neutral,0.0,Neutral,4.652533740419358,5.857375930431008,-1.2048421900116502,55.11872420213591,1625.1823260967549,1612.3371432557399,1621.1656553781654,1607.8318114425335
2024-07-30,1611.93994140625,1629.3699951171875,1611.93994140625,1624.780029296875,188249200,,0.0,0.0,Neutral,0.0,Neutral,3.551220860905687,5.396144916525944,-1.8449240556202566,47.56866787747249,1624.3223219651443,1612.354081134407,1619.8476962393204,1607.996136641082
2024-07-31,1625.5699462890625,1627.93994140625,1611.5999755859375,1613.3299560546875,223534700,Public administration reform: An impetus for good governance and political security in Nigeria - UUM Repository,0.2333333333333333,0.2555555555555556,Positive,0.6486,Positive,3.7351929731814835,5.063954527857051,-1.3287615546755678,54.77403601194083,1624.8230825570913,1612.536733199139,1620.6651605321408,1608.6990890270013
2024-08-01,1624.25,1626.3499755859375,1621.43994140625,1625.8699951171875,176147500,,0.0,0.0,Neutral,0.0,Neutral,3.7314695056300025,4.7974575234116426,-1.06598801778164,54.000100487132016,1624.3946251502405,1612.4704066685267,1621.1772804561208,1609.321125465921
2024-08-02,1611.050048828125,1619.31005859375,1607.75,1619.31005859375,244657700,,0.0,0.0,Neutral,0.0,Neutral,2.6330408320923198,4.364574185147778,-1.7315333530554584,46.868146018516384,1623.2477088341345,1612.2451022401149,1619.7305330806928,1609.3902824004092
2024-08-05,1536.47998046875,1593.3599853515625,1532.239990234375,1593.3599853515625,560210500,,0.0,0.0,Neutral,0.0,Neutral,-4.206167038602189,2.650425940397785,-6.8565929789999736,25.987194348762202,1615.7815504807693,1610.3532640106823,1607.8375969932724,1606.4738703231428
2024-08-06,1574.3900146484375,1574.3900146484375,1529.0899658203125,1542.1400146484375,352168600,Effective Vaginal Tightening Treatments in Kuala Lumpur - westwoodclinic.my | The Impact of Political Stability on Capital Flow : Evidence from Malaysia - TAR UMT Institutional Repository,0.3,0.45,Positive,0.4767,Positive,-6.49242498519834,0.8218557552785597,-7.3142807404769,40.500333613461684,1611.2107778695913,1609.4346923828125,1603.0593709440104,1605.1905160961544
2024-08-07,1591.8699951171875,1596.5999755859375,1563.77001953125,1576.1199951171875,240479600,,0.0,0.0,Neutral,0.0,Neutral,-6.815250575649088,-0.70556551090697,-6.109685064742118,45.77976711640191,1607.7738506610576,1608.8959163743623,1601.4608886830358,1604.6576952569958
2024-08-08,1590.3800048828125,1593.239990234375,1579.68994140625,1585.9599609375,214625200,,0.0,0.0,Neutral,0.0,Neutral,-7.109369554662862,-1.9863263196581487,-5.1230432350047135,45.40989596209962,1605.336162860577,1608.3767338966836,1599.877905283004,1604.0865876420285
2024-08-09,1596.050048828125,1604.06005859375,1591.75,1601.1600341796875,170811600,,0.0,0.0,Neutral,0.0,Neutral,-6.806474997800706,-2.9503560552866603,-3.8561189425140454,47.15946769671032,1602.749239408053,1608.1869394730547,1599.331068646593,1603.7651260894722
2024-08-12,1606.6600341796875,1609.5699462890625,1598.530029296875,1598.530029296875,161802300,Bangladesh political chaos may affect labour supply - NST Online,0.0,0.1,Neutral,-0.5719,Negative,-5.64521718306537,-3.489328280842402,-2.1558889022229675,50.365129952601016,1601.6353947566106,1608.2359195631377,1600.3780637227494,1603.8809224130807
2024-08-13,1609.52001953125,1609.52001953125,1598.300048828125,1605.8399658203125,165937700,,0.0,0.0,Neutral,0.0,Neutral,-4.442919867885394,-3.6800465982510007,-0.762873269634393,51.22412246695996,1601.2000075120193,1608.4979596819196,1601.6840574096782,1604.1064862978074
2024-08-14,1612.3499755859375,1613.6300048828125,1606.489990234375,1611.7900390625,168958900,,0.0,0.0,Neutral,0.0,Neutral,-3.22456599131192,-3.588950476863185,0.36438448555126524,52.10734865298927,1601.1592360276443,1608.435713787468,1603.2077600062867,1604.4362258693325
2024-08-15,1612.93994140625,1614.68994140625,1605.68994140625,1614.6300048828125,168628700,,0.0,0.0,Neutral,0.0,Neutral,-2.1862052420478904,-3.308401429900126,1.1221961878522357,52.30126105483687,1600.265380859375,1608.525711993782,1604.5980716348529,1604.776374490809
2024-08-16,1623.9000244140625,1624.7099609375,1617.1800537109375,1622.199951171875,192800500,Monetary and Financial Developments - Bank Negara Malaysia,0.0,0.0,Neutral,0.0,Neutral,-0.4734521046275404,-2.741411564845609,2.267959460218069,55.87553498415647,1601.1853872445913,1608.712855747768,1607.3554934604545,1605.5413204877393
2024-08-19,1648.699951171875,1653.3499755859375,1624.5799560546875,1625.1400146484375,400059100,,0.0,0.0,Neutral,0.0,Neutral,2.852185702859515,-1.6226921113045845,4.474877814164099,62.688615731383464,1602.964618389423,1609.3422428053252,1613.261844562086,1607.2676657151046
2024-08-20,1642.77001953125,1660.2900390625,1637.449951171875,1649.56005859375,435814900,,0.0,0.0,Neutral,0.0,Neutral,4.952195868984518,-0.30771451524676396,5.259910384231282,60.29141961634473,1604.3892352764424,1609.921835140306,1617.4772981291096,1608.6877598677504
2024-08-21,1635.3199462890625,1646.3800048828125,1633.6400146484375,1641.719970703125,229135100,,0.0,0.0,Neutral,0.0,Neutral,5.946759861654982,0.9431803601335853,5.003579501521397,57.32550714928789,1606.2561504657451,1610.4081607740752,1620.0262478662457,1609.753047324603
2024-08-22,1641.6600341796875,1642.1400146484375,1634.68994140625,1640.3299560546875,258146100,,0.0,0.0,Neutral,0.0,Neutral,7.16396931884924,2.187338151876716,4.976631166972524,59.16644623126437,1614.346923828125,1611.0757134885205,1623.116788768166,1611.0293267988063
2024-08-23,1635.739990234375,1644.43994140625,1633.31005859375,1643.3299560546875,157513400,,0.0,0.0,Neutral,0.0,Neutral,7.5637285581206015,3.2626162331254935,4.301112324995108,56.7065401023521,1619.066152719351,1611.5975491270726,1624.9201032633387,1612.017753336229
2024-08-26,1638.9599609375,1643.949951171875,1634.719970703125,1639.8199462890625,191621700,,0.0,0.0,Neutral,0.0,Neutral,8.047597664259229,4.219612519352241,3.8279851449069877,57.73580537652859,1622.688457782452,1612.2432637117347,1626.9257972167904,1613.0954416402797
2024-08-27,1652.2900390625,1653.1199951171875,1639.1600341796875,1639.1600341796875,281615500,,0.0,0.0,Neutral,0.0,Neutral,9.398354932154007,5.255361001912594,4.1429939302414125,61.78614410893915,1627.4507681039663,1613.1853052256058,1630.5492603376063,1614.6632255371685
2024-08-28,1675.239990234375,1681.3699951171875,1657.77001953125,1657.77001953125,436809600,Video - MPS Academy Sdn Bhd,0.0,0.0,Neutral,0.0,Neutral,12.180302116641087,6.6403492248582925,5.539952891782795,67.55173679481649,1633.5423020582932,1614.7251001474808,1636.9336503228592,1617.0862961250568
2024-08-29,1653.550048828125,1684.6800537109375,1651.72998046875,1672.949951171875,333067600,Influence of Standardisation of Trading Board Lot on Stock Liquidity and Volatility - TAR UMT Institutional Repository,0.0,0.0,Neutral,0.0,Neutral,12.490831768756152,7.810445733637865,4.680386035118287,58.559248384257536,1637.1492262620193,1615.9671431560905,1639.3074215378972,1618.5448462331794
2024-08-30,1678.800048828125,1679.8499755859375,1651.0999755859375,1658.47998046875,713923400,,0.0,0.0,Neutral,0.0,Neutral,14.606023584302193,9.169561303770731,5.436462280531462,64.48616277345687,1642.4784592848557,1617.7718381297832,1644.9492254365014,1620.9550543369771
2024-09-02,1678.18994140625,1683.4300537109375,1671.9000244140625,1680.3599853515625,207989000,,0.0,0.0,Neutral,0.0,Neutral,16.048105200043892,10.545270083025365,5.5028351170185275,64.24706039238887,1647.5430720402644,1619.5785709303252,1649.6978991464655,1623.2444498197478
2024-09-03,1676.6500244140625,1684.06005859375,1673.8599853515625,1677.8199462890625,216652100,,0.0,0.0,Neutral,0.0,Neutral,16.872214452886055,11.810658956997504,5.061555495888552,63.60601141007164,1652.44384765625,1621.4412243901468,1653.5482027561222,1625.3806728035204
2024-09-04,1670.239990234375,1675.530029296875,1662.219970703125,1662.6500244140625,231641900,,0.0,0.0,Neutral,0.0,Neutral,16.814266389321574,12.811380443462319,4.002885945859255,60.88280641956826,1656.0084604116587,1623.0593884526468,1655.932743824444,1627.1750455007545
2024-09-05,1664.8199462890625,1677.4599609375,1663.1800537109375,1670.550048828125,301092500,,0.0,0.0,Neutral,0.0,Neutral,16.144881735457375,13.47808070186133,2.6668010335960446,58.598290120113035,1657.2484600360576,1624.6895926339287,1657.2023441765325,1628.6808415322866
2024-09-06,1653.1199951171875,1671.8299560546875,1648.4200439453125,1669.469970703125,338233700,,0.0,0.0,Neutral,0.0,Neutral,14.503118374867654,13.683088236462595,0.820030138405059,53.89686994216323,1658.0446120042068,1625.9759197624362,1656.619151453769,1629.6584076756826
2024-09-09,1651.489990234375,1659.1099853515625,1642.31005859375,1647.199951171875,344983500,Financing for Small and Medium Enterprises (SMEs) - Bank Negara Malaysia | Financing for Small and Medium Enterprises (SMEs) - Bank Negara Malaysia,-0.25,0.4,Negative,0.0,Neutral,12.921529957829307,13.530776580735937,-0.60924662290663,53.25580705773846,1659.2884615384614,1627.0634715800384,1655.886414136713,1630.5316709780302
2024-09-10,1660.3499755859375,1661.0899658203125,1649.530029296875,1653.800048828125,343812800,,0.0,0.0,Neutral,0.0,Neutral,12.241919289245288,13.273005122437807,-1.0310858331925186,56.29852677391282,1660.7261493389424,1628.3367371851084,1656.5240657723166,1631.7244031623466
2024-09-11,1639.800048828125,1654.3800048828125,1638.9000244140625,1653.5699462890625,289597400,The Story of Malaysia - UMPSA News,0.0,0.0,Neutral,0.0,Neutral,9.930641339853992,12.604532365921045,-2.6738910260670536,48.42505362246209,1661.0384615384614,1628.836331114477,1654.134920494575,1632.0474289889776
2024-09-12,1638.31005859375,1649.8699951171875,1637.9100341796875,1644.0400390625,260029100,,0.0,0.0,Neutral,0.0,Neutral,7.887781715909341,11.661182235918705,-3.773400520009364,47.90195880118652,1660.9884690504807,1629.276332310268,1651.8742259373143,1632.2979341731684
2024-09-13,1652.1500244140625,1652.25,1638.43994140625,1642.6300048828125,234704000,,0.0,0.0,Neutral,0.0,Neutral,7.30140427864535,10.789226644464035,-3.487822365818685,52.982459299470634,1660.9776986929087,1630.1157201650192,1651.913625719707,1633.092017782804
2024-09-17,1664.280029296875,1664.989990234375,1651.550048828125,1654.31005859375,0,,0.0,0.0,Neutral,0.0,Neutral,7.726420587353687,10.176665433041967,-2.45024484568828,56.94538103117161,1660.1346247746394,1631.1332708864795,1653.6802548021597,1634.3395382433669
2024-09-18,1660.5899658203125,1664.780029296875,1654.0,1664.3299560546875,174843900,,0.0,0.0,Neutral,0.0,Neutral,7.676996157728581,9.67673157797929,-1.9997354202507083,55.415202669031245,1660.6761568509614,1631.9946986607142,1654.6673563761817,1635.3895553464445
2024-09-19,1665.6500244140625,1665.8399658203125,1657.1300048828125,1663.27001953125,297365300,Untitled - Bank Negara Malaysia,0.0,0.0,Neutral,0.0,Neutral,7.954437576096552,9.332272777602743,-1.3778352015061905,57.116876635893114,1659.6646165114182,1632.8626584422832,1656.236308953022,1636.5999741091491
2024-09-20,1668.8199462890625,1674.0400390625,1668.47998046875,1670.6800537109375,512720600,,0.0,0.0,Neutral,0.0,Neutral,8.334028608138851,9.132623943709966,-0.7985953355711146,58.19337255712451,1658.94384765625,1633.8781663544323,1658.0339714295992,1637.8887729963456
2024-09-23,1665.300048828125,1671.6199951171875,1658.47998046875,1669.9100341796875,234422400,,0.0,0.0,Neutral,0.0,Neutral,8.255664763332106,8.957232107634395,-0.7015673443022887,56.49739333693445,1658.070772611178,1634.6022500797194,1659.0719824865314,1638.9852240296166
2024-09-24,1670.3699951171875,1671.469970703125,1665.510009765625,1667.25,209130800,,0.0,0.0,Neutral,0.0,Neutral,8.50462709871249,8.866711105850014,-0.36208400713752376,58.378953150034334,1658.0807729867788,1635.5085773078763,1660.6859842909107,1640.2406148731193
2024-09-25,1673.3800048828125,1675.72998046875,1665.18994140625,1674.06005859375,239938800,PRoFITABILITY IN coMMERCIAL - UiTM Institutional Repository | Contact Centre and Support - AmBank,0.0,0.0,Neutral,0.5859,Positive,8.842878971282971,8.861944678936606,-0.01906570765363469,59.49895366152826,1658.739239032452,1636.3216378348213,1662.4994158040397,1641.566190473507
2024-09-26,1671.3199462890625,1672.5999755859375,1666.18994140625,1670.18994140625,223455500,,0.0,0.0,Neutral,0.0,Neutral,8.842782414151088,8.858112225979504,-0.01532981182841553,58.341825175747864,1660.1392352764424,1637.0871457469707,1663.7594915876143,1642.756340706129
2024-09-27,1660.0899658203125,1668.5899658203125,1658.489990234375,1668.5899658203125,204790600,,0.0,0.0,Neutral,0.0,Neutral,7.846095417020706,8.655708864187744,-0.8096134471670382,52.36343202859042,1660.800771859976,1637.567552216199,1663.235273620857,1643.4496857106963
2024-09-30,1648.9100341796875,1661.8900146484375,1647.280029296875,1661.8900146484375,279911900,BMI: BNM likely to keep OPR at 3pct until 2026 - ADFIM | Identifying Labour Signs - Pantai Hospitals,0.0,1.0,Neutral,0.0,Neutral,6.0839546995948695,8.141358031269169,-2.0574033316742995,47.180109483265475,1659.9207763671875,1638.115309111926,1661.1888108435471,1643.6680996494558
2024-10-01,1656.3900146484375,1657.3199462890625,1643.1099853515625,1647.4200439453125,175516900,How to Recognise Labour Signs - Gleneagles Hospitals Malaysia | 'Political stability for Sabah folk's welfare comes first' - NST Online,0.125,0.2166666666666666,Positive,0.0,Neutral,5.230720901972518,7.559230605409839,-2.328509703437321,50.696551246991746,1661.1969275841345,1638.6604103555485,1660.50326852996,1644.1769762494152
2024-10-02,1639.31005859375,1647.300048828125,1633.0799560546875,1642.780029296875,209417000,,0.0,0.0,Neutral,0.0,Neutral,3.140119911986176,6.675408466725107,-3.5352885547389308,43.56456801950014,1661.2738506610576,1639.0312275789222,1657.4756671105015,1643.9822995431884
2024-10-03,1641.550048828125,1643.8199462890625,1630.449951171875,1640.699951171875,196807000,Buy Biodance Pore Tightening Collagen Ampoule - Sephora Malaysia | Untitled - UiTM Institutional Repository,0.0,0.0,Neutral,0.0,Neutral,1.6450885007845955,5.669344473537005,-4.024255972752409,44.664038110446796,1660.458467923678,1639.569390744579,1655.2005787844478,1643.8850095145858
2024-10-04,1629.969970703125,1639.2900390625,1625.3499755859375,1638.489990234375,207710900,,0.0,0.0,Neutral,0.0,Neutral,-0.46874676868424103,4.441726225092755,-4.910472993776996,40.293666182310176,1657.8192326472356,1639.9181655572386,1651.5962062014016,1643.3284079621274
2024-10-07,1635.2900390625,1637.2900390625,1628.1199951171875,1633.5799560546875,204278000,,0.0,0.0,Neutral,0.0,Neutral,-1.6951507514952482,3.2143508297751544,-4.909501581270403,43.05068253904055,1655.8730844350962,1640.1371447504782,1649.2667537529871,1643.0068732061422
2024-10-08,1635.6199951171875,1638.8699951171875,1629.219970703125,1631.6300048828125,217848800,Vaginal Tightening And Rejuvenation Solutions - westwoodclinic.my | Vaginal Laser Rejuvenation & Tightening - westwoodclinic.my | VAGINAL TIGHTENING CREAM - westwoodclinic.my,0.0,0.0,Neutral,0.1779,Positive,-2.6103693347881745,2.0494067968624887,-4.659776131650663,43.2257855622562,1653.5630821814905,1640.6204111527422,1647.317216805016,1642.7113980825839
2024-10-09,1634.9100341796875,1642.2900390625,1634.9100341796875,1637.6600341796875,157353300,"PM: Political stability enables necessary changes, key to economic recovery - NST Online",0.05,0.5750000000000001,Neutral,0.0,Neutral,-3.3543081932396035,0.9686637988420703,-4.322971992081674,42.91999238403743,1650.9546274038462,1640.8110251913265,1645.5447621442547,1642.3993435264679
2024-10-10,1640.93994140625,1646.1400146484375,1638.6700439453125,1639.75,146543200,,0.0,0.0,Neutral,0.0,Neutral,-3.4179222985312663,0.09134657936740309,-3.5092688778986694,46.388958080785976,1649.0807729867788,1641.1516362404336,1644.886930610254,1642.340967441659
2024-10-11,1633.550048828125,1643.0699462890625,1631.8900146484375,1635.7900390625,301967800,,0.0,0.0,Neutral,0.0,Neutral,-4.018318828299471,-0.7305865021659717,-3.287732326133499,42.94439127247363,1646.2484694260818,1641.610819913903,1643.26737606995,1641.9893306971176
2024-10-14,1636.5400390625,1642.56005859375,1632.3699951171875,1637.1700439453125,208720300,,0.0,0.0,Neutral,0.0,Neutral,-4.2044044232013675,-1.4253500863730508,-2.7790543368283167,44.732548733391845,1643.4146259014424,1643.6528619260205,1642.3063279260286,1641.7713590317328
2024-10-15,1641.969970703125,1643.6400146484375,1636.8900146484375,1638.56005859375,274146500,Liquidity Risk Policy Document - Bank Negara Malaysia | Liquidity Risk Policy Document - Bank Negara Malaysia | Liquidity Risk Policy Document - Bank Negara Malaysia,0.0,0.0,Neutral,-0.6486,Negative,-3.8691275997475714,-1.914105589047955,-1.9550220106996163,47.924457672285634,1641.1569354717549,1645.0320447026468,1642.2582768941854,1641.7793034985884
2024-10-16,1632.6300048828125,1643.800048828125,1629.81005859375,1643.800048828125,272688900,Aglow Clinic - Aglow Clinic,0.0,0.2,Neutral,0.0,Neutral,-4.307422204077966,-2.3927689120539575,-1.9146532920240085,43.292839631934235,1639.0446307842549,1645.863881636639,1640.8828094639894,1641.4133315539573
2024-10-17,1641.43994140625,1642.9300537109375,1633.719970703125,1634.469970703125,178991000,8 Foods That Support Vaginal Health and Tightening - westwoodclinic.my,0.0,0.0,Neutral,0.4019,Positive,-3.8989410209394464,-2.694003333831055,-1.2049376871083912,48.36222414421767,1638.4700082632212,1646.9059211575254,1640.9623997414553,1641.4143959480489
2024-10-18,1645.989990234375,1649.31005859375,1641.7099609375,1643.2900390625,166904600,,0.0,0.0,Neutral,0.0,Neutral,-3.171506671553516,-2.7895040013755477,-0.3820026701779682,50.80812404548894,1637.6700063852163,1647.925103635204,1641.6806269547296,1641.5974197195019
2024-10-21,1645.6800537109375,1648.050048828125,1642.52001953125,1646.7099609375,130424800,,0.0,0.0,Neutral,0.0,Neutral,-2.5901612296415806,-2.7496354470287545,0.15947421738717393,50.63219429609176,1638.1600060096155,1648.7214305644134,1642.2519736341878,1641.760725079159
2024-10-22,1642.5400390625,1648.31005859375,1642.3499755859375,1647.4599609375,166832000,,0.0,0.0,Neutral,0.0,Neutral,-2.3556591461997414,-2.6708401868629523,0.31518104066321095,48.788997860370024,1638.2361591045674,1649.3953085140306,1642.2931258382323,1641.7918976384926
2024-10-23,1641.530029296875,1645.9000244140625,1641.530029296875,1644.2099609375,157102800,,0.0,0.0,Neutral,0.0,Neutral,-2.2256579037671145,-2.581803730243785,0.35614582647667037,48.18141846631219,1639.1253943810095,1649.9908198142539,1642.1841120466097,1641.7814229048279
2024-10-24,1632.22998046875,1643.0799560546875,1632.22998046875,1639.050048828125,183426400,,0.0,0.0,Neutral,0.0,Neutral,-2.840325692666056,-2.6335081227282395,-0.20681756993781653,42.88555789987008,1638.8900052584136,1650.3844940808356,1640.7620932497728,1641.3993652073846
2024-10-25,1618.300048828125,1635.280029296875,1617.5999755859375,1633.02001953125,187850900,,0.0,0.0,Neutral,0.0,Neutral,-4.400754254244475,-2.9869573490314867,-1.4137969052129886,36.42708527824357,1637.5577016977163,1650.270208864796,1637.5532297609661,1640.475392552214
2024-10-28,1610.469970703125,1630.3900146484375,1609.8699951171875,1622.3399658203125,165445500,,0.0,0.0,Neutral,0.0,Neutral,-6.197782815261917,-3.6291224422775725,-2.5686603729843442,33.38371229438974,1635.6776968149038,1649.4900051817601,1633.6841927527032,1639.2751756782507
2024-10-29,1615.0799560546875,1619.050048828125,1609.699951171875,1612.3699951171875,191664000,,0.0,0.0,Neutral,0.0,Neutral,-7.167333052227605,-4.336764564267579,-2.8305684879600257,36.73500506514139,1633.688467172476,1648.9249018455039,1631.0264446529868,1638.3073668933082
2024-10-30,1601.8800048828125,1615.3599853515625,1601.449951171875,1614.9000244140625,258086300,,0.0,0.0,Neutral,0.0,Neutral,-8.89826073248173,-5.249063797910409,-3.6491969345713215,31.801682601105185,1631.2523099459136,1648.2424540617028,1626.862667542962,1636.8502724128884
2024-11-01,1603.97998046875,1607.0400390625,1589.27001953125,1591.06005859375,200505300,,0.0,0.0,Neutral,0.0,Neutral,-9.985476552235923,-6.196346348775512,-3.7891302034604113,33.335524064150334,1628.7476900540864,1647.4734733737246,1623.593712246646,1635.5354607351228
2024-11-04,1616.4300537109375,1616.4300537109375,1607.75,1607.75,149138400,"PINK BY PURE BEAUTY, Bye Bye Pores Tightening Serum 30ml - Watsons Malaysia",0.0571428571428571,0.4,Positive,0.6739,Positive,-9.730320977997053,-6.90314127461982,-2.827179703377233,41.70638531940442,1626.7830810546875,1647.0793930365114,1622.5703324558306,1634.7712444541555
2024-11-05,1620.699951171875,1620.699951171875,1613.9100341796875,1618.199951171875,165303900,,0.0,0.0,Neutral,0.0,Neutral,-9.078907314937396,-7.338294482683336,-1.74061283225406,44.290064313178846,1625.8653846153845,1646.7067397759886,1622.3031351295513,1634.2083927228641
2024-11-06,1634.1700439453125,1634.1700439453125,1623.52001953125,1624.4100341796875,186223800,,0.0,0.0,Neutral,0.0,Neutral,-7.390539838420636,-7.348743553830796,-0.041796284589840305,51.5808240510103,1625.306161733774,1646.3369439572705,1623.998407817517,1634.206858771762
2024-11-07,1623.280029296875,1639.550048828125,1622.75,1636.1400146484375,248637300,,0.0,0.0,Neutral,0.0,Neutral,-6.852241247994698,-7.249443092663577,0.39720184466887876,46.304778885990245,1623.5592416616587,1645.276536591199,1623.8957823145684,1633.7697855927665
2024-11-08,1621.239990234375,1627.6199951171875,1621.239990234375,1627.6199951171875,124916600,,0.0,0.0,Neutral,0.0,Neutral,-6.515147277598089,-7.102583929650479,0.5874366520523902,45.36857578069177,1621.6792367788462,1644.617147640306,1623.5163834459695,1633.2685937784308
2024-11-11,1609.260009765625,1627.22998046875,1609.239990234375,1625.6300048828125,139228000,"ISHIZAWA, Keana Nadeshiko Pore Tightening Lotion Men 300ml - Watsons Malaysia",0.0,0.0,Neutral,0.0,Neutral,-7.132463580035619,-7.108559859727508,-0.02390372030811072,40.22523644449822,1619.1192345252405,1643.197963169643,1621.4797586344919,1632.3082504179185
2024-11-12,1608.4300537109375,1615.9599609375,1605.4300537109375,1610.02001953125,188480100,,0.0,0.0,Neutral,0.0,Neutral,-7.601041638102288,-7.207056215402465,-0.3939854226998225,39.88786024425026,1616.5730825570913,1641.7742919921875,1619.6155150739842,1631.3531225496392
2024-11-13,1611.5,1611.5400390625,1602.7099609375,1608.6099853515625,137174800,,0.0,0.0,Neutral,0.0,Neutral,-7.636643641869341,-7.292973700695841,-0.34366994117350025,41.83127607758437,1614.9784686748799,1640.4446996572067,1618.4561557777008,1630.5589976476535
2024-11-14,1600.6800537109375,1615.8399658203125,1598.6400146484375,1614.8900146484375,196289600,,0.0,0.0,Neutral,0.0,Neutral,-8.440639290194667,-7.522506818595607,-0.9181324715990602,37.25917526495648,1613.6230844350962,1639.025109115912,1615.9167126253062,1629.3638398901849
2024-11-15,1592.43994140625,1604.510009765625,1592.43994140625,1601.4300537109375,256533800,Quarterly Bulletin 3Q 2024 - Bank Negara Malaysia,0.0,0.0,Neutral,0.0,Neutral,-9.631691685237229,-7.944343791923933,-1.6873478933132962,34.193987116674364,1612.2361591045674,1637.5479661591198,1612.562888165441,1627.8868839508275
2024-11-18,1604.0400390625,1605.4100341796875,1591.489990234375,1592.9100341796875,173933200,Economic Focus: 3Q24 GDP - Steady as she goes - Alliance Bank,0.1833333333333333,0.35,Positive,0.0,Neutral,-9.529725609797879,-8.261420155498723,-1.2683054542991563,41.49121901576255,1611.386934720553,1636.5463344029017,1611.3453382935922,1626.9330101552944
2024-11-19,1602.3399658203125,1608.8800048828125,1601.02001953125,1603.1800537109375,161534500,,0.0,0.0,Neutral,0.0,Neutral,-9.476855175598985,-8.504507159518775,-0.9723480160802094,40.777537844372944,1611.4223163311299,1635.5432726801657,1610.0588565116952,1625.949288381895
2024-11-20,1598.1800537109375,1606.280029296875,1594.510009765625,1602.8800048828125,185770600,,0.0,0.0,Neutral,0.0,Neutral,-9.659278961796645,-8.73546151997435,-0.923817441822294,39.009390645728224,1610.9761681189905,1634.2744987643496,1608.3618846830157,1624.8385189950568
2024-11-21,1588.6800537109375,1599.93994140625,1588.6800537109375,1599.81005859375,204393700,,0.0,0.0,Neutral,0.0,Neutral,-10.449961085321547,-9.07836143304379,-1.371599652277757,35.25028771479711,1608.841552734375,1633.2312335578763,1605.5501945441474,1623.392180383692
2024-11-22,1589.780029296875,1593.8499755859375,1587.739990234375,1593.0400390625,204266200,,0.0,0.0,Neutral,0.0,Neutral,-10.862606165725765,-9.435210379580186,-1.4273957861455795,36.019081118568934,1606.4630972055288,1632.2408247967155,1603.297313794537,1622.047694340219
2024-11-25,1597.449951171875,1609.2900390625,1588.4599609375,1593.8699951171875,637394100,,0.0,0.0,Neutral,0.0,Neutral,-10.45026759007942,-9.638221821680032,-0.812045768399388,41.25657631383548,1603.6384746844951,1631.1244967713649,1602.461976277014,1621.0637846134853
2024-11-26,1603.1500244140625,1607.760009765625,1596.030029296875,1600.5,176537000,,0.0,0.0,Neutral,0.0,Neutral,-9.55341223553728,-9.621259904451483,0.06784766891420269,44.86856702280767,1602.0900127704326,1629.8769456513073,1602.560268868021,1620.3472342055081
2024-11-27,1604.25,1609.4100341796875,1600.8299560546875,1601.3399658203125,244744300,,0.0,0.0,Neutral,0.0,Neutral,-8.654129649077277,-9.427833853376642,0.7737042042993654,45.56416696413997,1600.7830904447114,1628.7271504304847,1602.8016590297323,1619.703344837288
2024-11-28,1597.489990234375,1608.010009765625,1597.489990234375,1606.3199462890625,186825600,,0.0,0.0,Neutral,0.0,Neutral,-8.39020099826439,-9.220307282354192,0.8301062840898012,42.052591685879385,1599.877704326923,1627.3361293247767,1602.0428492018243,1618.8148106531712
2024-11-29,1594.2900390625,1603.5899658203125,1586.3900146484375,1596.3599853515625,264216600,Monetary and Financial Developments in October 2024 - Bank Negara Malaysia,0.0,0.0,Neutral,0.0,Neutral,-8.343071225745689,-9.044860071032492,0.7017888452868029,40.462888156729804,1598.790010892428,1625.815110809949,1600.9353048962066,1617.8338197895443
2024-12-02,1595.47998046875,1603.93994140625,1593.3699951171875,1596.8399658203125,169145800,,0.0,0.0,Neutral,0.0,Neutral,-8.116144354746666,-8.859116927775327,0.7429725730286609,41.35076480505561,1597.5577016977163,1624.390211455676,1600.1559728351415,1616.9396662167126
2024-12-03,1606.9599609375,1606.9599609375,1594.0699462890625,1599.3199462890625,275533700,,0.0,0.0,Neutral,0.0,Neutral,-6.930079055405713,-8.473309353301405,1.5432302978956915,49.21882810947461,1598.040771484375,1623.0961291254782,1601.1279711354784,1616.5404780055442
2024-12-04,1614.0899658203125,1616.030029296875,1606.530029296875,1606.969970703125,231303800,,0.0,0.0,Neutral,0.0,Neutral,-5.353075037573262,-7.849262490155777,2.4961874525825145,53.400236323414724,1599.7061579777644,1621.8861283282845,1602.9796846618835,1616.442457518135
2024-12-05,1615.6400146484375,1617.780029296875,1610.77001953125,1616.1400146484375,190971200,Decorticate and Decerebrate Response during Pain Stimulation. How Do They Occur? - mjms.usm.my,0.0,0.0,Neutral,-0.5106,Negative,-3.9328762562579413,-7.06598524337621,3.133108987118269,54.28159195474128,1600.5984637920674,1620.7498031927614,1604.7883032313914,1616.4103598033469
2024-12-06,1613.25,1617.5699462890625,1611.25,1615.8499755859375,219299100,Star Former: Body Sculpting & Muscle Strengthening - zenclinic.com.my,0.0,0.0,Neutral,0.4939,Positive,-2.9660222399318172,-6.245992642687332,3.2799704027555148,52.62875345590428,1601.4376971905049,1619.7938855229593,1605.9971170554786,1616.283945411213
2024-12-09,1611.4300537109375,1611.4300537109375,1602.93994140625,1610.6199951171875,151300500,,0.0,0.0,Neutral,0.0,Neutral,-2.319895609288551,-5.460773236007576,3.140877626719025,51.3466224092214,1602.4569279597356,1619.0289879623724,1606.7732508634012,1616.089789743202
2024-12-10,1608.969970703125,1615.9300537109375,1607.8800048828125,1612.6500244140625,182557200,,0.0,0.0,Neutral,0.0,Neutral,-1.9834794222651908,-4.765314473259099,2.781835050993908,49.5880422493666,1604.0176908052886,1618.0612319634886,1607.0870679833617,1615.8049969815986
2024-12-11,1603.199951171875,1605.010009765625,1598.9300537109375,1603.18994140625,178589300,,0.0,0.0,Neutral,0.0,Neutral,-2.1575881907965595,-4.243769216766591,2.0861810259700313,45.639779627808046,1605.0499924879807,1617.3242909956953,1606.531765581721,1615.3007951492098
2024-12-12,1602.0799560546875,1605.949951171875,1597.1199951171875,1601.8299560546875,160848300,,0.0,0.0,Neutral,0.0,Neutral,-2.358754634854222,-3.866766300384117,1.508011665529895,44.89259604709753,1605.4061467097356,1616.518778898278,1605.895792792145,1614.771961585429
2024-12-13,1608.75,1611.97998046875,1603.739990234375,1603.8599853515625,145118100,,0.0,0.0,Neutral,0.0,Neutral,-1.957399999833342,-3.484893040273962,1.52749304044062,50.12895597154665,1605.8369140625,1616.0857182716836,1606.3035366789813,1614.5310831220115
2024-12-16,1606.8499755859375,1609.4300537109375,1603.2099609375,1608.8800048828125,142536000,Selangor Pakatan calls for political stability amid leadership talk - thestar.com.my,0.0,0.1,Neutral,0.0,Neutral,-1.7722107091315138,-3.1423565740454724,1.3701458649139586,48.70909834691728,1606.0369121844951,1615.5053088129782,1606.3815993799751,1614.2238388205685
2024-12-17,1597.3299560546875,1606.81005859375,1594.510009765625,1605.260009765625,179740700,"CPO Prices to Remain Firm Above RM4,800 Amid Tightening Supply - Malaysian Palm Oil Council (MPOC)",-0.1,0.25,Negative,0.0,Neutral,-2.366355008548908,-2.98715626094616,0.6208012523972521,42.25162146749691,1606.0246018629807,1614.7238794443558,1605.0885074763628,1613.5480835099331
2024-12-18,1599.5799560546875,1602.3800048828125,1594.75,1597.3299560546875,145107900,,0.0,0.0,Neutral,0.0,Neutral,-2.625398490900807,-2.9148047069370895,0.2894062160362827,44.136612963661385,1606.4315185546875,1614.0028574418047,1604.3015715589806,1612.989358411723
2024-12-19,1600.0899658203125,1600.72998046875,1590.8299560546875,1595.1800537109375,310879600,,0.0,0.0,Neutral,0.0,Neutral,-2.7577491753613685,-2.8833936006219454,0.12564442526057684,44.57821469724703,1606.7861328125,1613.1691844706634,1603.699913596314,1612.4733827080665
2024-12-20,1591.4100341796875,1606.280029296875,1591.4100341796875,1600.4100341796875,419509500,BizChannel@CIMB: One-Stop Digital Banking Solution for Your Business - CIMB Malaysia | Customer Help Centre - CIMB Malaysia | BizChannel@CIMB: One-Stop Digital Banking Solution for Your Business - CIMB Malaysia,0.0,0.0,Neutral,0.743,Positive,-3.5224315897851284,-3.0112011984545823,-0.511230391330546,38.936820049828995,1605.5899846003606,1612.3091841717155,1601.9442165367961,1611.6308487669314
2024-12-23,1596.199951171875,1601.9000244140625,1592.5699462890625,1594.0999755859375,164811900,,0.0,0.0,Neutral,0.0,Neutral,-3.6992984325947873,-3.1488206452826235,-0.5504777873121638,43.20799515560123,1604.2138296274038,1611.485917071907,1601.1236071989504,1611.0136128631293
2024-12-24,1602.989990234375,1603.8900146484375,1596.6400146484375,1596.6400146484375,95048400,,0.0,0.0,Neutral,0.0,Neutral,-3.2540565359915945,-3.169867823424418,-0.08418871256717653,48.68725819036062,1603.240750826322,1610.6904072664222,1601.3902333468682,1610.692667957979
2024-12-26,1613.699951171875,1615.280029296875,1602.7900390625,1603.5799560546875,120934600,Skin Tightening and Lifting Treatment - MH Clinic,0.0,0.0,Neutral,0.0,Neutral,-2.013781168584501,-2.9386504924564347,0.9248693238719339,55.912476172033934,1603.275362454928,1610.3040796396683,1603.1487644647264,1610.8129592865346
2024-12-27,1628.1400146484375,1632.6300048828125,1616.68994140625,1617.56005859375,130614200,"Military Connections, Investment Efficiency and Political Uncertainty: Evidence from Pakistan - Universiti Sains Malaysia",-0.05,0.1,Neutral,0.0258,Neutral,0.13280751533307011,-2.3243588908985338,2.457166406231604,63.39620076264607,1604.5607440655049,1610.0326525629782,1606.7189430623994,1611.5060415010107
2024-12-30,1637.6800537109375,1638.56005859375,1624.9200439453125,1626.1400146484375,134711300,,0.0,0.0,Neutral,0.0,Neutral,2.574123047430021,-1.344662503232823,3.918785550662844,67.34056076980953,1606.7692119891826,1609.8630620216836,1611.1419588693334,1612.5530019894077
2024-12-31,1642.3299560546875,1644.5400390625,1632.8499755859375,1638.4300537109375,161319700,BEST PROXIMITY POINT RESULTS FOR FUZZY Z-PROXIMAL CONTRACTIONS IN FUZZY METRIC SPACES - Universiti Malaysia Terengganu,1.0,0.3,Positive,0.7125,Positive,4.828432291766148,-0.11004354423302865,4.938475835999177,69.08896668710999,1609.7792123647837,1609.7946926817601,1615.5973870386697,1613.7440801520188
