keyword,headline,link,date
rate,Exchange Rates - Bank Negara Malaysia,https://news.google.com/rss/articles/CBMiTkFVX3lxTE9KSTV3SkhoZ3BzQWVGRG9EMDFsLWFHTmVGSHpqLTZ0YzhlaVh0eTRrWmlIY3o3UTRhZE9vVnVQcGRzbm5wU2c0ci1ydWtCUQ?oc=5,2020-12-16 16:53:28
rate,Personal Financing-i - myaeoncredit.com.my,https://news.google.com/rss/articles/CBMiaEFVX3lxTFBIVEF2WHluV19tdkswYW50X0NCSm5zMllOVUJ0ZmJBWXlHdUN5UjN2NjRIMzV2NlZsNGhWdlNXNGlVR1BUMmFQZGRuRTdkMnpKWEVJMGl4MFlaRW9paXdBQ1k0SnpQRGlY?oc=5,2024-03-29 15:25:24
rate,Traveler's Guide - Customs.gov.my,https://news.google.com/rss/articles/CBMiYEFVX3lxTE9WYVluNVlaOVA5by1hekdzc01SYmo2b05fYzBUeHIwejBSLWRkY2EyZ0FnMi1CYnBBMzNOaE4zN1dNVk11VzZQZlZjUzBSQ1FqdWhiSV9XYWN0czR2ZXc3Rw?oc=5,2024-01-16 05:12:44
rate,ONE-X PREPAID - onexox.my,https://news.google.com/rss/articles/CBMiR0FVX3lxTE1qamVrM3IwYlIyNmVKR3VIN1VTUUkzc3BmaGxXSXVOOXNfdzdWNlNrYURPVFZuRFA0ekU3dGI4LXNpNXpId19v?oc=5,2023-01-31 23:20:56
rate,Employer's Responsibilities - KWSP Malaysia - kwsp.gov.my,https://news.google.com/rss/articles/CBMiYkFVX3lxTFBRNHUyaXJwVVhZSlQyU0VhSEFiY0NQSEZ5TTJ5c2dHdDJKN0ZUbDNSRnptdlVNVFZIbG1nZ1Fucmd5UF9wS1ZCRjVKdGdiY1ZqREJWNFlRV0FISXdZcnJFd0dB?oc=5,2024-01-14 08:00:00
rate,Contact us online and offline | Help and Support - HSBC,https://news.google.com/rss/articles/CBMiR0FVX3lxTE5tWlRGZXMwaFdsazMxYWIxdDI4bmU0YWo3dUliZkdyS1lJZDM5aEZPUkl1WFhvYW1jSzVzVkZvRS11WmtpemdB?oc=5,2019-08-12 08:49:32
rate,ESCAPE Penang - ESCAPE Penang,https://news.google.com/rss/articles/CBMiPEFVX3lxTE9vUC1SRHZOWlNIR3o4SGhOX05CdERraWpMeVlSM0xPc05WOEI0Vk5wVkZrVWZkQW9ITE5tYQ?oc=5,2020-11-03 10:04:36
rate,MAPLEHOME - MAPLEHOME,https://news.google.com/rss/articles/CBMiQ0FVX3lxTE9pbzMtelpLNDNlMWRSTlgzdFBsOE13NVF5ZHg5THpYcXRMNi05NHlNdU1fQngyU2c3X2JzVlR1a3pPa2c?oc=5,2020-09-04 08:34:25
rate,Contribution Rate - Pertubuhan Keselamatan Sosial (PERKESO),https://news.google.com/rss/articles/CBMikAFBVV95cUxOanZ4Ynd4b1dteU5UYW5Xa3A0dllFMENoa3A3anVtTmdrOUYwUUg2cmMxaVhYUHpjUlJSakR6ZmZUdkV5bS1BcUw3TFZBampSNktLeVBENEtMWk10ZXo4X2dHdmIxZEFLYWxoZjd0WmJxS3lQOWxqeHlwUkw4VXFucklhU1VWVy1rSjRTVUt2Tmk?oc=5,2023-03-27 11:38:00
rate,Monthly Highlights and Statistics - Bank Negara Malaysia,https://news.google.com/rss/articles/CBMiUEFVX3lxTE5BbVVXQ2dXeUdDR2JNS184Xy0xb0dYN3RfSlJGMTlVeFp3MlRQX0VSNFc3UEhmWXZLOWVGWjRpdG9kWDJ0cmdoOElkeTFVck1U?oc=5,2022-03-24 07:46:28
rate,"Estimate Your Freight Rates & Shipping Cost, Price | Flash Express Malaysia - Flash Express Malaysia",https://news.google.com/rss/articles/CBMiVkFVX3lxTFBybmFmM0hNdjZvdVpleENNR0o0X0JENi1ZVXdEV1BpdFllMDNzRUVWYUlHbWVFYWR5aWNVdE4yR2JRcHFoak5FYmp6TlQ3REl6OVp1WlZR?oc=5,2022-09-15 14:47:40
rate,Financing Rates - publicislamicbank.com.my,https://news.google.com/rss/articles/CBMiekFVX3lxTE5RRS1UWm9iX3dzaldSaUp4NjF0V2dISEJJZnBPVXA5TmtsWWNZLXhVZ2dpaC04NjhrNEdtT1JNT05SUjlxRmItb0RadWJDTVNzSHVkVWtNYmJCampfWlNVQjNCbVBZQnBVeFcwbWJBZkJ0aXM5RTQ3X21n?oc=5,2024-04-08 19:49:56
rate,Gold Investment Account Interest Rates | CIMB - CIMB Malaysia,https://news.google.com/rss/articles/CBMiyAFBVV95cUxPeUlfdzdSaER1M1Z3OHg3OEFvSDktMDZQbTRpdzk4dWRVWUFnWnZrbFhSX2I3RmpDWWxKTzhmMjRVQjZlQ2ZEcE51U3N2a0drZlNLS0xyZ0IxdE9YNzFEZmN1V2g5Yk1hajJDU2pSYVRKMkswd0IyYk00V1hkRVNiTUVkUEo0alJOX2VlY1F2ZHhoLWJ5bTc5T1JHOTdNVTBzQWRJLTJIanJfOHVpbUhfa05IY0RvbFJwNzlXNGpKUUt0YTFpeF9kcQ?oc=5,2020-05-06 01:51:12
rate,Apply for e-Billing of Assessment Rates Bills - Service Sarawak,https://news.google.com/rss/articles/CBMibkFVX3lxTE1nX3FGbFBiX3BOUzhpMkdrMmREVXRBbmxTVXFGd3dnbUVQZmRKMWp6SEpMdkprbVk5SlpEeElEZE56bHZQcUFPUWE1UEs1RGVfTTNMOExtejVfTE91b2tUZDNDRS02UnFRV1NBM0hB?oc=5,2021-06-21 15:30:01
rate,FIXED DEPOSIT - CIMB Malaysia,https://news.google.com/rss/articles/CBMiowFBVV95cUxObmJHeWctLUxUWUM5cTlTWWRtMFg0TlFLNTA5MFdVOWVqSGtYUmNJVkZqVnNiU292RnVjQVM3YjdkdkRPeTBoV01mdUxacWRPNkcwTGNMLUpzVjVlQW5UU1BPSDcyQ2N4MnFnU0YxZ1lOSW9ZUEVveVZQNlVmU3cycHpRbEFUdUE0Sy1BTnc5VDlvaV9vX011S0R0T25qQkRUWkI0?oc=5,2024-01-19 09:45:20
rate,Fixed Deposit Account Interest Rates | CIMB - CIMB Malaysia,https://news.google.com/rss/articles/CBMixgFBVV95cUxON055OHlXR0JWY2RHVjNRc2ZGTW5OS0g1bVVkVmh5cmd3UVYxVUhkclZNYjZPQlRodVNxX20ydElfaE9HUXJUa0FHZEgxQjBjNXNCekRCRkU1bkR4VUdBeXZKZE9VVW5JVHE1RFFUWmpKTkJVYzVaYXlqdDN0VDY3MXFZa3FOQWcyVldlSHY2R2x2SExvTWlqcVlIWWI4QUg0OHdITzBsaG1nZm10elAyZFhGNDQyNXpRV0dXdXJSV0Vub01NUEE?oc=5,2020-04-10 14:49:34
rate,FD Malaysia - Competitive Fixed Deposit Rates | CIMB Malaysia - CIMB Malaysia,https://news.google.com/rss/articles/CBMikAFBVV95cUxNdVNmUGtoZHJPdzNLWngwbGwxZUdjZUhqcEw1Qlp3dm9ZZ2dkWF9sRHBZY0h1aE1WTHI2SHJ5b05pWVhjMTREOU9XS2VxcmNJRXNLVTNGU1hOX0wyN0owSEJ6YW8wcTJqanV6MTVxZVlRbmpKLXVsbGZsYl91UEc4UlR6TjdZblBSMmVJcjR3QTk?oc=5,2019-11-19 19:11:03
rate,Term Deposit Rates - UOB,https://news.google.com/rss/articles/CBMia0FVX3lxTFBoQm9WYS16dlBHZkJvNkZkS0FMMDEyR2lqMXhjVVhVdFVGeWpDUUlaek02bVVoNy1CLWVEbmZuTHBXLXZPc3Y0UVA2aVhzVDFhMmlPd1otUG5EQXRRTHFKTkFjM1k0TU1IOXk0?oc=5,2020-06-22 21:51:32
rate,BSN MYGOLD ACCOUNT-i - bsn.com.my,https://news.google.com/rss/articles/CBMiWkFVX3lxTFBCMnNFVlppa3RLc0I0cFpoOTlyTWM4LWZSTjJxUzJDbTU4Y0ozcXFNN0F2dE14bFotaFdkVThwS1RfTHpzUS11U1kzb1cyNnlKQWRVaUJaQmY5QQ?oc=5,2023-08-28 00:23:19
rate,Interest Rates & Volumes - Bank Negara Malaysia,https://news.google.com/rss/articles/CBMiWEFVX3lxTE5lbWtIZUtBZXpTemdneEtvUkdSQ1UwbnpQTmhZOTBQcGVYSzZsNjVSQ0wzbWZjMFB0RUFNcC11M1ZjNFZWSkc5V2t2N2F4RTA2dnR1OXlUa3Y?oc=5,2020-12-16 16:53:35
rate,Laman Web Rasmi Hospital Kuala Lumpur - Portal Rasmi Kementerian Kesihatan Malaysia,https://news.google.com/rss/articles/CBMiO0FVX3lxTFBkYnYyYmh3QTZWSzRJM0VlcTBEZEJvVUZWX2MzeVJCWjNxMGkzMm1MQ3AyYXVzcFRTMTRB?oc=5,2024-04-27 03:48:53
rate,Credit Cards Fees and Charges | CIMB - CIMB Malaysia,https://news.google.com/rss/articles/CBMiugFBVV95cUxQeWNZdTNpSm51aGpwd2tQTk9SSHFOMEhYZWtkcGxSTVFRSWYxZnRrMENibE1oaW9lUXNYNWM3OUNoUWRVTVFOMms1X013UVJPM3hhNGdiZnhHRU5xSzlwYVk3d2ZqVW5rd3B2UnlWbVdISmVsaEk0ekdJMVpqMlQtSmxGZXl2OUhSYWtialZQVzdoQjZ5TlFFUU40bXlxSE5NZjlhRVFlUnNXdUw1dkVZV09XSE9XZHh6eEE?oc=5,2020-05-08 00:32:54
rate,IMPORTANT NOTICE: NEW SERVICE TAX (ST) RATE EFFECTIVE 1 MARCH 2024 - Telekom Malaysia,https://news.google.com/rss/articles/CBMiXEFVX3lxTE9YcUY0aV9YcUt1U3pQMzc3UkM0Mi0ycUdncEtsbG9oWHBhZ2tOX3JUSmhCR2U0WHdsTFpwNnBKckQwNkNYOGJUQmJjYXRfdzVzSHJ4VDdWcXZYeTFa?oc=5,2024-03-01 08:00:00
hike,We Got Now. - New Balance Malaysia,https://news.google.com/rss/articles/CBMiWEFVX3lxTFAzUkhEN1h2VThWS2JtaVcwdDNKdUpvRUpHSXg5MTV3dDZZSmEwa1Q1c3RsQXVLRnBsZlNkMHZZalJaWERVWGFNaWxmTzN5V2VfMGVuSXdkUjE?oc=5,2023-03-07 16:39:58
Overnight Policy Rate,ESCAPE Penang - ESCAPE Penang,https://news.google.com/rss/articles/CBMiPEFVX3lxTE9vUC1SRHZOWlNIR3o4SGhOX05CdERraWpMeVlSM0xPc05WOEI0Vk5wVkZrVWZkQW9ITE5tYQ?oc=5,2020-11-03 10:04:36
Overnight Policy Rate,How-To-PSP - Portal Rasmi Kerajaan Negeri Pulau Pinang,https://news.google.com/rss/articles/CBMiOkFVX3lxTE5vSEVsME81LUFjcU4tM0JVcUUzMzdObkNma0pndkxETVBUSnFUWTVPc2tjdnBYUmU0MXc?oc=5,2019-08-18 20:19:54
Overnight Policy Rate,99 Bulksales by 99 Speedmart - 99 Bulksales,https://news.google.com/rss/articles/CBMiQEFVX3lxTFBINDNTc1o0N2R0OHVZVlE2aUpnTVZkeDE5M3lpY0JzN0pjdHh0WWcyNG1takN4aEg0ZnBRamFEaGo?oc=5,2023-09-09 06:01:08
Overnight Policy Rate,Fixed Deposit Account Interest Rates | CIMB - CIMB Malaysia,https://news.google.com/rss/articles/CBMixgFBVV95cUxON055OHlXR0JWY2RHVjNRc2ZGTW5OS0g1bVVkVmh5cmd3UVYxVUhkclZNYjZPQlRodVNxX20ydElfaE9HUXJUa0FHZEgxQjBjNXNCekRCRkU1bkR4VUdBeXZKZE9VVW5JVHE1RFFUWmpKTkJVYzVaYXlqdDN0VDY3MXFZa3FOQWcyVldlSHY2R2x2SExvTWlqcVlIWWI4QUg0OHdITzBsaG1nZm10elAyZFhGNDQyNXpRV0dXdXJSV0Vub01NUEE?oc=5,2020-04-10 14:49:34
Overnight Policy Rate,Interest Rates & Volumes - Bank Negara Malaysia,https://news.google.com/rss/articles/CBMiWEFVX3lxTE5lbWtIZUtBZXpTemdneEtvUkdSQ1UwbnpQTmhZOTBQcGVYSzZsNjVSQ0wzbWZjMFB0RUFNcC11M1ZjNFZWSkc5V2t2N2F4RTA2dnR1OXlUa3Y?oc=5,2020-12-16 16:53:35
Overnight Policy Rate,Enjoy online-only rates of up to 3.70% p.a. with e-Islamic Fixed Deposit-i - Maybank2u,https://news.google.com/rss/articles/CBMiqAFBVV95cUxOSkJsUzJ6U09BUHFna1Z2ajU1UmdqVUt2S2E2ZFRyUDh5T0s2cGdQa1d3ZkZWQkRBa1lXd1F4NVJVTHQtbHdCbTBSbkZ4Q25rSGJ2V1R5VEJEbTVRU241d1dETnNmZFhoczVSQW5RN2ZvVnVxQUxHOXBEekRMRkVYZlBOLVcxejgta2FQWnhESVRoRTFOcXNkdUstQ1JaM3d4bDMxa2xLOWk?oc=5,2023-05-30 10:11:27
Overnight Policy Rate,AHAM Asset Management Berhad | Home - AHAM Asset Management Berhad,https://news.google.com/rss/articles/CBMiN0FVX3lxTE1JTFNxNktjLWtNYUxrRHNKZDdZMVo1d0lXNzk1cGRoT3pmWkN5djI2bzVvaDQxV1U?oc=5,2022-11-22 03:39:59
Overnight Policy Rate,Monetary Policy in 2009 - Bank Negara Malaysia,https://news.google.com/rss/articles/CBMiZEFVX3lxTE5pb0R0TjZGMEVMRjE1OUlRYXNsdXMtUlFpdHUycExaU1JicHp2R2ZTTnhmRTdDWUtWNkNVWkM1eFlyaG80Z29SMjdha21TM3lkVGVrdWVQWHM5dXpwTzNweTBpdWo?oc=5,2020-12-18 23:13:51
Overnight Policy Rate,Monetary Policy Committee Meeting Schedule - Bank Negara Malaysia,https://news.google.com/rss/articles/CBMieEFVX3lxTE1aWnhOMHhiMjdCRXRqYmVkUnJObUtGVnlZVW5nMkpSZk5zRHVaTkMtY3JoTlhWbDBDLXZmaVF2MTQ5anVmMHBzYUJ2UkhwQm1Ca3M3RWY4cXdrMmRsRVB1dkh5UkZLcnVMem1HMF9FeXdRa3dmaVEycA?oc=5,2022-05-18 01:21:46
Overnight Policy Rate,Monetary Policy Statement - Bank Negara Malaysia,https://news.google.com/rss/articles/CBMia0FVX3lxTFA3ZnVGajVQU01EZFZ1Tm5tR205TVdxc2dvX3Bfc0Q4aHE2LVk2dUNQUFBUaXhZQk82bXg1OGo5eWw5LXM2T3lDRHdHb1dXXzRaTFFES1FhVjUzUzN0UWxhajdEZERmcjYwVmVV?oc=5,2024-01-24 08:00:00
Overnight Policy Rate,Monetary Policy in 2008 - Bank Negara Malaysia,https://news.google.com/rss/articles/CBMidkFVX3lxTE12YUpETUtUOGU5QlZucFdGZEhVTWkxYlZ0dF9IeDZYV2xFMW9HaEVZMi02aEV6U1dsbU9qSE5GSHF0YV9ucnEzTno3SGlYMkdOczhYdlRDUGZLLTRJOWo0bmM0NU9jOXBNbGVFckFWaUdELTliNHc?oc=5,2020-12-19 13:17:51
Overnight Policy Rate,Monetary Policy Statement - Bank Negara Malaysia,https://news.google.com/rss/articles/CBMia0FVX3lxTE9BMVZUYkFRQzNkSlotY3lCbzBucTEyWm9XakloNWk4R0RRc2tJOWxwOWdQOXNVVGhZa2NkMkhXcVdld2V1clZmeTJiYlNNd3RzNHByaE1ERlBreXNfRWsyXy1sX2g3MW1GdFdB?oc=5,2020-12-18 14:47:00
Overnight Policy Rate,Effect of Monetary Policy Statement on Overnight Policy Rate – Jurnal Ekonomi Malaysia - ukm.my,https://news.google.com/rss/articles/CBMilwFBVV95cUxQRlFfaXBIa2xFN2xVYU9jWVl1a1ZrR0NuNnRJRjJBMFRqWHZtem5nOTlod2VYT1Bzb1VBazJjbVBBeFV5YWpRNFJUSThHOGlOb1NtM2R2LWY5aVk5dWFUS25ySXIzSDRHYUc0bkNHdHQxVUhkcDRPVTQ1dFNFY1dubDJHVWYzcU5DY3dVSDF1eWJlRkdJME1R?oc=5,2023-09-14 06:23:24
Overnight Policy Rate,1997 Bank Negara Malaysia Annual Report - Bank Negara Malaysia,https://news.google.com/rss/articles/CBMiakFVX3lxTE9lRE1WNDZjSXVKZ1VIQ0xaUWQ5RnI4Z3VKTWpYc2h4alBSaXBIRzhzMXlQUGxmUTE1NVphSFZ1eXp4YlI1TFZJa0VZWGM0SUs3cEdYR1BmX2pPc0FEVkUycl9Vc2l2QnVOeVE?oc=5,2020-12-18 23:03:03
Overnight Policy Rate,Monetary Policy Statement - Bank Negara Malaysia,https://news.google.com/rss/articles/CBMia0FVX3lxTE5DYWNTMnd0TWdvYkhuUUVrUkhXZTZTNEtFM0c3TG9JTUU3M0tPY2ZaVFZ5UWVYc2dQTmMtTU5NQlozX2J5ekJTMk9BbkNsTDNVbGlEeTh6NDgzQ0JlbjYwMjVZRHNSSjYtZEE0?oc=5,2020-12-18 14:55:51
Overnight Policy Rate,MONETARY AND FINANCIAL DEVELOPMENTS Interest rates lowered in line with OPR reductions - Bank Negara Malaysia,https://news.google.com/rss/articles/CBMiYkFVX3lxTE1KX2I2YXl1aXA0R2d4MDRZXzE3dzUtUnpXcXhSV0RzUnFTTW1mTlotMHVuZGx2VEFnTTNjRTVENks0MzZJN0NlM2JFd29iN1QyRkV5SzhPVjFhR0xWUVdiS2xn?oc=5,2021-07-30 14:51:28
Overnight Policy Rate,Financial Markets and Exchange Rate - Bank Negara Malaysia,https://news.google.com/rss/articles/CBMic0FVX3lxTE5aUXRHX3JGd1NsRURHWmNIUFlLMlJXTlFNVW1QLWszZ1FpT0RJNEpicExQVExtOE9maEVmbVJXd2RoZFQycU9fMjdqcFF2U1dNb1ZNTW1yMnpaNFVsSnZIaVhJYWFqSHlpZWppUzc4c0VYRjA?oc=5,2023-08-18 04:33:19
Overnight Policy Rate,Alliance Bank to Raise Standardized Base Rate. - Alliance Bank,https://news.google.com/rss/articles/CBMizAFBVV95cUxOX0JXLUg2eWQtU2RuaWYyZUc5VUtsYm96enNqQjZ5Y3ZxU2RxaFdCODZINXJOR1VKY05jWDN4YzZZN3dYaHVnNHc5VVFsOS11cjZMU3NRdGVRSDlobldkUGljX0FlX2hKSWJqTlRuWFg5bm1IeGxGNTFtT2tiWU00UjZiVnltX3lSVmNlMW01eHN0SmIxSUhnOExkQ2I2N0NNSlBiYzFMTVBYVnFzYmdnRy13RmlSQVdReE8xSzRtRnJTX09lblBPdlpVWHg?oc=5,2022-11-09 08:00:00
Overnight Policy Rate,MONETARY POLICY IN 2013 - Bank Negara Malaysia,https://news.google.com/rss/articles/CBMiZEFVX3lxTE5GRWRFblpqdzRoRll4cnd6RjRvNHJ2R1pQWE0zbGFmU1RtMUpNLUJqbjE2VFpVdVIwalp0ZGhYaHcxck1tMkliWDViZFRFZDI1dGxISzhDODFNVEV1OUsxTExLT1M?oc=5,2020-12-18 23:14:55
Overnight Policy Rate,Overnight Policy Rate Decisions - Bank Negara Malaysia,https://news.google.com/rss/articles/CBMiekFVX3lxTE5IU0RMSnl2eWdhaTdmV0RYRml0c1RKRUdOV1BNQ3R6dE1EWl8yc0huVVd0Ny1uS0VwMDFXODZfNjJaWWpxRkVMS0F3SGFNMEpUdFh3LVpQSERyOUpWdDhPbDJiRVJjUmVyaTdOYzlZT0pUMnlPcGdvcHR3?oc=5,2022-05-18 01:52:47
Overnight Policy Rate,How Does OPR Impact Your Home Loans? - iProperty,https://news.google.com/rss/articles/CBMikgFBVV95cUxORk9hWWpGOXBDWnFfMWtkdXp4MFFOMXdyNmhXTG1WTXhITVY3WWMtOFYycGtPZVRPZzJsOFlfcy1aQ01zTVpScms5WUk5emxwbGlkMTFtVEd0dnZFM0xVLVlwVFRSSE5EbTFTSll3MEhzVFlYbXJwY01hMDJQbzhqMk1XNEFGM1k5N2lqUHZlSGd3UQ?oc=5,2024-06-07 07:00:00
Overnight Policy Rate,Overnight Policy Rate (OPR) - ecovis.com.my,https://news.google.com/rss/articles/CBMihgFBVV95cUxNS3dhZlVPZ3NvWjRSYXFiUWFRVG9OM0pVME8yZnJ2UlE3MGFBdy1PMUdqeUNkb0w2TTRRWTNkQ256NGU1eTRDQ0pzS0c4V1Y3YTk2SDdRakVQWktDSGxXX0MzempWNmhzZjdfcFRyLW56QWk4ZzRQNDdTRnJITjF5ODAtbkN6dw?oc=5,2020-10-18 09:52:08
Overnight Policy Rate,"Overnight Policy Rate: Meaning, Updates, and Effects on Homebu... - properly.com.my",https://news.google.com/rss/articles/CBMiZEFVX3lxTFBxOV9CUC1PRTI2REI1SWx5RXA3ZElyd0lIQ3VIMzhteElGSG5CUnFxSGVmS3d2R1RBRGNubV9VU3p1RDdIdkhtR21WLXVERS1ZVnM3ZUFfeHE4b0h2aHE5UmxraEw?oc=5,2022-07-06 07:00:00
Overnight Policy Rate,OPR Malaysia: Bank Negara Raises 25 Basis Points to 2.75 Percent - Qoala Malaysia,https://news.google.com/rss/articles/CBMicEFVX3lxTE9QenhYMng0WHI4cmlmdlJ6OERsSWpHeWFXOV9BbFFvSXMyWEVWaTh0VGJjenRkeHRXZ3pKVDBocmdjcWFRRVJWVTZITXFtWWtqUUxVblJRQm9icU1fMHMzWTJUSGo3T2lreFR6VmlPZ2c?oc=5,2022-11-03 07:00:00
Overnight Policy Rate,"Alliance Bank to Raise Base Rate, Base Lending Rate, and Base Financing Rate. - Alliance Bank",https://news.google.com/rss/articles/CBMi9AFBVV95cUxQWThhYUJWYTNqWFBRVlpVT0ZfeGZWRDNnNlRlTXJmTEJQSXU5aXZ1X0RERE1ES055R19JTW1OLVY0eWhUM1NONktSRC1CM2ZLWjN2UHVnMXNtSnRsR3hVR0QzQUZ6a25MeVZmMm5zU2h4Tm5VbU0wdUU2RzBUcVk5LWgwRGFORkU3NUYyX1k4cEFvRnRnajVwYjJLeUlRV1Q0WnBranF4NzEwQTB3Y3Z2YV9PTnNDYUg2UmtMTllRUVJpOGx0OVFQQzRhX2Q1ZGs0bUhaN1R1Ym1rejhhS2xxSFgtS2V0U01vU1ZiU012RjF3MUto?oc=5,2022-05-13 07:00:00
Overnight Policy Rate,Decrease in Statutory Reserve Requirement (SRR) Ratio - Bank Negara Malaysia,https://news.google.com/rss/articles/CBMiugFBVV95cUxQaGNvR3Zsc3luci1MbXBVM0FEUlZNTnNWOXNLWlJ5UFFSOUd6T2NqRWl6VFZXNExfelotcmViazBWYkJpS3dHckZ6NjNWdzh1OXlHRVc4bHJpOVhFR2JCNDNSRGkzUzJHbnhZS0hKMTJhX09ITUlUR3lubF9SUC1WdXBlUzFOWlhIZVExcENkT2MwXzlVcVc0X2kwLVBUNU1RZHlfbmE4T0JFTnc4bHJEM0p6bTJVNGY1Qmc?oc=5,2020-12-16 22:52:24
Overnight Policy Rate,OPR (Overnight Policy Rate) & RUMAWIP - RUMAWIP (2025),https://news.google.com/rss/articles/CBMiUEFVX3lxTE9BU0Q2OTFXeW9kYlFNNUZjV0hSdklESmlVQ0RQazBzTlFYeU1EUHgtc3cyZm5xc25RQ0hzTnBaYm9TaXg4YVRCVkpMSmxmNXdM?oc=5,2022-12-19 21:30:58
Overnight Policy Rate,BNM Annual Report 2022 - Bank Negara Malaysia,https://news.google.com/rss/articles/CBMidEFVX3lxTFBLbjBvOWQ3QzZrOXlOS29td29SdWU2ZVpUZVRwUktlaEJDSDVEdlBUaHJTaE9mNEcwTHZyaUkxREpJa2V0SWJlS2tua0ZDZU1hakRIaXByWnQ4dldHcTFzUWZVYWVIbC1reTVGS2JZTW8ycTgt?oc=5,2023-03-20 07:00:00
Overnight Policy Rate,BNM cuts OPR again as pre-emptive action against Covid-19 threat - The Institute for Democracy and Economic Affairs | IDEAS,https://news.google.com/rss/articles/CBMilAFBVV95cUxOcmxsVU4xeEpJckgzRUVhMm5GdDFuaFhTa3JLVVVYRDU1OHpQc3pZdWh3eWdmdDN0NTZmXzhWZjFnejZ0djl4XzdtRVJrc05DcVVleERRWG5LM1ZBN2lpb0daVUdET1EzRkYwR0hCWWs4QUFGLU9hSnhSbFNYQkdtdFZad25TWXB2dU9nNFVGV1o2TFVO?oc=5,2020-03-04 08:00:00
Overnight Policy Rate,Standardised Base Rate / Base Rate / Base Lending Rates / Base Financing Rate. - CIMB Malaysia,https://news.google.com/rss/articles/CBMiowFBVV95cUxPeDBfZTN3WGxYRk94TkdZZ0IzU1NINkQtR3dsclVGTldrN1BCY3hrbktfSDd6S2V5a0VmZHhYemFFaHFqLVlfRFoxbU1zdlpXT1NGUlhaX0c0OW1pMl9Ickl1b21Uc3pUb1h5bzNjcGpPSXItNHc3cW0ya2RJd19feFB5VGVKSjlFUDluSWFBYVNqR0MwOVNvbzMwUEtsR0hUX1F3?oc=5,2020-03-13 02:00:41
Overnight Policy Rate,Money Market - Bank Negara Malaysia,https://news.google.com/rss/articles/CBMiYEFVX3lxTE12b0pPNUQtNWlNNHJDaDEtdU4zczFTQ0J0b193bElWOWppLVAtS2FKTlc5YmlfazRob09ReV83TkR4WVVZcmRucEdmNk5PRDhLTHlMYTNiRVRUWGpNRHZTUg?oc=5,2021-07-31 08:43:04
Overnight Policy Rate,Bank Negara Malaysia keeps OPR unchanged at three pct - Selangor Journal,https://news.google.com/rss/articles/CBMikwFBVV95cUxPZU10NGxKcGQ1X0V0MjZmVjgzZ0tQTTg3OWY3aUJFNEJvbzFkRHRaQ1VEM1hCOHhJZXdsa1VuVVZHRXRjblhWZE5IX19TbUFZclBoT0p2Y3hUMFd2NExRX1ZyZFNtaERzanlkTVZ2ZmpoSDYxR0pmMk9MSVFvWWxKbDRvUVRwQUYwOU5KazFqQ0lqRUU?oc=5,2024-09-05 07:00:00
Overnight Policy Rate,RAM Ratings: Bank margins battered in 2023 - ram.com.my,https://news.google.com/rss/articles/CBMiX0FVX3lxTE9TaG1CUzVMWFNzdXNqRjJvTE95VHRVSzlXZmNsODVsbWhqSGdJcTNBUkdCLTBFR29SdEp1dGRnWTJ2T0s2ZWV6aE9vRkFsbU91ckdubjFpUEF6OThqSWJz?oc=5,2024-03-06 08:00:00
Overnight Policy Rate,Reference Rate Framework - Bank Negara Malaysia,https://news.google.com/rss/articles/CBMif0FVX3lxTFBFN0xLcmxDRWhWQ2dyX0pYY1hsbFA0eUZvaWNoaWJhN2NqWWxQUFNDRnhmVENwYjVBaFNTYlI3amlCSEN0UkJRSUhxTDdoM1hYN05kQVFhaWNBamR0Y1FjbzJEeTAyV2VLTkxqTVRLUW5kTW95aWV1U1QxV242ek0?oc=5,2021-08-11 07:00:00
OPR,Home | HRD Corp Official Portal - HRD Corp,https://news.google.com/rss/articles/CBMiO0FVX3lxTFBVQzRaWUpWa1pHY3hkZk9rbkZ1aGxSS0RHM3huazBsOVlScmREeW1iR2NCQWRKWG85NkZn?oc=5,2021-03-28 04:50:14
OPR,Malaysian Rubber Exchange (MRE) - lgm.gov.my,https://news.google.com/rss/articles/CBMiakFVX3lxTE41ZXBmeXlLbTRfQ1k4SmsyMmlrMW82RVF3QVZwbGlVTi0xcFBCZlNxWnN3cXJDa3ZuM0NvRGlMUWhvZWRlQUwtZUtTVEdpZmNPcnhTeVpjbWpiRVhBTll4QkZtY29nRmRkZVE?oc=5,2021-08-18 03:47:59
OPR,iCGS Portal - Universiti Sains Islam Malaysia,https://news.google.com/rss/articles/CBMiPkFVX3lxTE01TmxabTJ5RE5OWjlRbktFbEVFWnpCTjF6S1N0cFNINDNsZEpEQlJQekxRUmxnejhfdHdOQm1n?oc=5,2023-06-02 10:39:35
OPR,UOB SME app lets you stay on top of your business - UOB,https://news.google.com/rss/articles/CBMiZkFVX3lxTE03RWFRODEzX1JkNWc1S1VuTTYtMDhFcDFqbnlpaGVFVEV3RjVXQS1wMzh1M3I2d1JjOGVZM1ZBSnpRLW5nLXJqS3BEYVBJb0NjbmQ1R3JBeXpXUmNScmpaV19KZmxqUQ?oc=5,2022-08-02 17:58:38
OPR,Monetary Policy in 2009 - Bank Negara Malaysia,https://news.google.com/rss/articles/CBMiZEFVX3lxTE5pb0R0TjZGMEVMRjE1OUlRYXNsdXMtUlFpdHUycExaU1JicHp2R2ZTTnhmRTdDWUtWNkNVWkM1eFlyaG80Z29SMjdha21TM3lkVGVrdWVQWHM5dXpwTzNweTBpdWo?oc=5,2020-12-18 23:13:51
OPR,Monetary Policy Statement - Bank Negara Malaysia,https://news.google.com/rss/articles/CBMia0FVX3lxTFA3ZnVGajVQU01EZFZ1Tm5tR205TVdxc2dvX3Bfc0Q4aHE2LVk2dUNQUFBUaXhZQk82bXg1OGo5eWw5LXM2T3lDRHdHb1dXXzRaTFFES1FhVjUzUzN0UWxhajdEZERmcjYwVmVV?oc=5,2024-01-24 08:00:00
OPR,Effect of Monetary Policy Statement on Overnight Policy Rate – Jurnal Ekonomi Malaysia - ukm.my,https://news.google.com/rss/articles/CBMilwFBVV95cUxQRlFfaXBIa2xFN2xVYU9jWVl1a1ZrR0NuNnRJRjJBMFRqWHZtem5nOTlod2VYT1Bzb1VBazJjbVBBeFV5YWpRNFJUSThHOGlOb1NtM2R2LWY5aVk5dWFUS25ySXIzSDRHYUc0bkNHdHQxVUhkcDRPVTQ1dFNFY1dubDJHVWYzcU5DY3dVSDF1eWJlRkdJME1R?oc=5,2023-09-14 06:23:24
OPR,BANKING - MIDF Malaysia,https://news.google.com/rss/articles/CBMixgFBVV95cUxNV2FBYUdCX2lSeE4tWDFITXJKSmR2VHFRTkpoSG9FY3JQbUUzMExLMlp4NGN1T2Znd0lGaUMwZFZxTnR1b29qWldvWHRlQklJaWFJXzBBQ1VGY1cyMmxVR2JxdUZ5b3g5QWtBLXRxbkYxVlNXbTY5SEl6T3J4OVlfMWVTZWZRZUM2RkZYQjdkNzNtYTJLTEd4V09yRXp1dzBiaXdLZ0Vjc1NkVjAtVG5CenBEUnNYZFNGOWQ1ckQ4TzA1b2hqTFE?oc=5,2022-04-21 15:01:44
OPR,Monetary Policy Statement - Bank Negara Malaysia,https://news.google.com/rss/articles/CBMia0FVX3lxTE5DYWNTMnd0TWdvYkhuUUVrUkhXZTZTNEtFM0c3TG9JTUU3M0tPY2ZaVFZ5UWVYc2dQTmMtTU5NQlozX2J5ekJTMk9BbkNsTDNVbGlEeTh6NDgzQ0JlbjYwMjVZRHNSSjYtZEE0?oc=5,2020-12-18 14:55:51
OPR,MONETARY AND FINANCIAL DEVELOPMENTS Interest rates lowered in line with OPR reductions - Bank Negara Malaysia,https://news.google.com/rss/articles/CBMiYkFVX3lxTE1KX2I2YXl1aXA0R2d4MDRZXzE3dzUtUnpXcXhSV0RzUnFTTW1mTlotMHVuZGx2VEFnTTNjRTVENks0MzZJN0NlM2JFd29iN1QyRkV5SzhPVjFhR0xWUVdiS2xn?oc=5,2021-07-30 14:51:28
OPR,"BNM: OPR remains at 1.75 pct, headline inflation to average 2.5-4.0 pct in 2021 - iProperty",https://news.google.com/rss/articles/CBMiuAFBVV95cUxPTVkybzVaMmVFbXN1TkRVV2Z1WmMtUlc5TlJCYm52WllmMWc0U3lTOWJMdkZtZEVzV25Ed1g4ODExUHFQU0FaNGluSGFabEREcC1aUjQwQ0l0UnlmeEVjdkJ6NW1samp6dE8xQXNJakJiY2RCNmNIRE5MLWpuZTZreHFKeURHYlNUbnpjRWZyNjkwU2sxZ1NkVzhlU3JERnlNWDlUVTRjdmRaVk1Vc2tUQTFVTFk2ODFT?oc=5,2021-09-10 07:00:00
OPR,Financial Markets and Exchange Rate - Bank Negara Malaysia,https://news.google.com/rss/articles/CBMic0FVX3lxTE5aUXRHX3JGd1NsRURHWmNIUFlLMlJXTlFNVW1QLWszZ1FpT0RJNEpicExQVExtOE9maEVmbVJXd2RoZFQycU9fMjdqcFF2U1dNb1ZNTW1yMnpaNFVsSnZIaVhJYWFqSHlpZWppUzc4c0VYRjA?oc=5,2023-08-18 04:33:19
OPR,Alliance Bank to Raise Standardized Base Rate. - Alliance Bank,https://news.google.com/rss/articles/CBMizAFBVV95cUxOX0JXLUg2eWQtU2RuaWYyZUc5VUtsYm96enNqQjZ5Y3ZxU2RxaFdCODZINXJOR1VKY05jWDN4YzZZN3dYaHVnNHc5VVFsOS11cjZMU3NRdGVRSDlobldkUGljX0FlX2hKSWJqTlRuWFg5bm1IeGxGNTFtT2tiWU00UjZiVnltX3lSVmNlMW01eHN0SmIxSUhnOExkQ2I2N0NNSlBiYzFMTVBYVnFzYmdnRy13RmlSQVdReE8xSzRtRnJTX09lblBPdlpVWHg?oc=5,2022-11-09 08:00:00
OPR,BNM one of the first central banks to pivot; OPR is forecasted to reach 3.0% by year end 2023. - fsmone.com.my,https://news.google.com/rss/articles/CBMicEFVX3lxTE5wUTV0OFZVNFB3M29mQVVDLVNEak9JNjR3aGVVNkVDakdqQXZpdjU4MWhVak5BaVZLb1F5NEZsUXNpYm9Zd2VpSmMwOWhBYmRidHVfNmJFZ1ZXSzJkRGhodUk5blZDbWF6VEF2SUtVZUU?oc=5,2023-02-17 08:00:00
OPR,MONETARY POLICY IN 2013 - Bank Negara Malaysia,https://news.google.com/rss/articles/CBMiZEFVX3lxTE5GRWRFblpqdzRoRll4cnd6RjRvNHJ2R1pQWE0zbGFmU1RtMUpNLUJqbjE2VFpVdVIwalp0ZGhYaHcxck1tMkliWDViZFRFZDI1dGxISzhDODFNVEV1OUsxTExLT1M?oc=5,2020-12-18 23:14:55
OPR,Overnight Policy Rate Decisions - Bank Negara Malaysia,https://news.google.com/rss/articles/CBMiekFVX3lxTE5IU0RMSnl2eWdhaTdmV0RYRml0c1RKRUdOV1BNQ3R6dE1EWl8yc0huVVd0Ny1uS0VwMDFXODZfNjJaWWpxRkVMS0F3SGFNMEpUdFh3LVpQSERyOUpWdDhPbDJiRVJjUmVyaTdOYzlZT0pUMnlPcGdvcHR3?oc=5,2022-05-18 01:52:47
OPR,How Does OPR Impact Your Home Loans? - iProperty,https://news.google.com/rss/articles/CBMikgFBVV95cUxORk9hWWpGOXBDWnFfMWtkdXp4MFFOMXdyNmhXTG1WTXhITVY3WWMtOFYycGtPZVRPZzJsOFlfcy1aQ01zTVpScms5WUk5emxwbGlkMTFtVEd0dnZFM0xVLVlwVFRSSE5EbTFTSll3MEhzVFlYbXJwY01hMDJQbzhqMk1XNEFGM1k5N2lqUHZlSGd3UQ?oc=5,2024-06-07 07:00:00
OPR,Overnight Policy Rate (OPR) - ecovis.com.my,https://news.google.com/rss/articles/CBMihgFBVV95cUxNS3dhZlVPZ3NvWjRSYXFiUWFRVG9OM0pVME8yZnJ2UlE3MGFBdy1PMUdqeUNkb0w2TTRRWTNkQ256NGU1eTRDQ0pzS0c4V1Y3YTk2SDdRakVQWktDSGxXX0MzempWNmhzZjdfcFRyLW56QWk4ZzRQNDdTRnJITjF5ODAtbkN6dw?oc=5,2020-10-18 09:52:08
OPR,BANKING - MIDF Malaysia,https://news.google.com/rss/articles/CBMipwFBVV95cUxOMmhBQ2p0U05VS2UwY1NfUGZjTFBSRHhUZ01rLUtoY0VweEc5ajRUNjNoQjlDd3FCZlp3MkFRa3FVcF9RNldFckRmcmJoNjlCajVfOVE0YUlIdEtCZ05NLVpjaUlNRTdlSFFKVTQtVmNXOEllNTdBUmIyY0lHM21NWXRzSFJwUmhuQ0h2Z0pKVHcxeDRhZGVSMnYtLVBpNjhXX3Z3VmhwYw?oc=5,2022-04-20 15:39:53
OPR,"Overnight Policy Rate: Meaning, Updates, and Effects on Homebu... - properly.com.my",https://news.google.com/rss/articles/CBMiZEFVX3lxTFBxOV9CUC1PRTI2REI1SWx5RXA3ZElyd0lIQ3VIMzhteElGSG5CUnFxSGVmS3d2R1RBRGNubV9VU3p1RDdIdkhtR21WLXVERS1ZVnM3ZUFfeHE4b0h2aHE5UmxraEw?oc=5,2022-07-06 07:00:00
OPR,OPR Malaysia: Bank Negara Raises 25 Basis Points to 2.75 Percent - Qoala Malaysia,https://news.google.com/rss/articles/CBMicEFVX3lxTE9QenhYMng0WHI4cmlmdlJ6OERsSWpHeWFXOV9BbFFvSXMyWEVWaTh0VGJjenRkeHRXZ3pKVDBocmdjcWFRRVJWVTZITXFtWWtqUUxVblJRQm9icU1fMHMzWTJUSGo3T2lreFR6VmlPZ2c?oc=5,2022-11-03 07:00:00
OPR,Decrease in Statutory Reserve Requirement (SRR) Ratio - Bank Negara Malaysia,https://news.google.com/rss/articles/CBMiugFBVV95cUxQaGNvR3Zsc3luci1MbXBVM0FEUlZNTnNWOXNLWlJ5UFFSOUd6T2NqRWl6VFZXNExfelotcmViazBWYkJpS3dHckZ6NjNWdzh1OXlHRVc4bHJpOVhFR2JCNDNSRGkzUzJHbnhZS0hKMTJhX09ITUlUR3lubF9SUC1WdXBlUzFOWlhIZVExcENkT2MwXzlVcVc0X2kwLVBUNU1RZHlfbmE4T0JFTnc4bHJEM0p6bTJVNGY1Qmc?oc=5,2020-12-16 22:52:24
OPR,OPR (Overnight Policy Rate) & RUMAWIP - RUMAWIP (2025),https://news.google.com/rss/articles/CBMiUEFVX3lxTE9BU0Q2OTFXeW9kYlFNNUZjV0hSdklESmlVQ0RQazBzTlFYeU1EUHgtc3cyZm5xc25RQ0hzTnBaYm9TaXg4YVRCVkpMSmxmNXdM?oc=5,2022-12-19 21:30:58
OPR,Economic Report - MIDF Malaysia,https://news.google.com/rss/articles/CBMilgFBVV95cUxQLXhkWUtmTnNsUUc3VW82enRVeHVwaXZsWFl3WkJaeThfZ09JNXlZaFA3Q2tGNjhTazZQVUhPdllVOVRwY19KTTFHTFNaVWM4X2RORFBLZC00d3dFVkYtLW9UNFB3cExveTlmLTM0anNxOXBKNzJwUTd0MS1ZVlFrTnFZVHN0bnZxbjQtN1o5UWtiS0JqeGc?oc=5,2024-07-11 07:00:00
OPR,BNM cuts OPR again as pre-emptive action against Covid-19 threat - The Institute for Democracy and Economic Affairs | IDEAS,https://news.google.com/rss/articles/CBMilAFBVV95cUxOcmxsVU4xeEpJckgzRUVhMm5GdDFuaFhTa3JLVVVYRDU1OHpQc3pZdWh3eWdmdDN0NTZmXzhWZjFnejZ0djl4XzdtRVJrc05DcVVleERRWG5LM1ZBN2lpb0daVUdET1EzRkYwR0hCWWs4QUFGLU9hSnhSbFNYQkdtdFZad25TWXB2dU9nNFVGV1o2TFVO?oc=5,2020-03-04 08:00:00
OPR,Standardised Base Rate / Base Rate / Base Lending Rates / Base Financing Rate. - CIMB Malaysia,https://news.google.com/rss/articles/CBMiowFBVV95cUxPeDBfZTN3WGxYRk94TkdZZ0IzU1NINkQtR3dsclVGTldrN1BCY3hrbktfSDd6S2V5a0VmZHhYemFFaHFqLVlfRFoxbU1zdlpXT1NGUlhaX0c0OW1pMl9Ickl1b21Uc3pUb1h5bzNjcGpPSXItNHc3cW0ya2RJd19feFB5VGVKSjlFUDluSWFBYVNqR0MwOVNvbzMwUEtsR0hUX1F3?oc=5,2020-03-13 02:00:41
OPR,Bank Negara Malaysia keeps OPR unchanged at three pct - Selangor Journal,https://news.google.com/rss/articles/CBMikwFBVV95cUxPZU10NGxKcGQ1X0V0MjZmVjgzZ0tQTTg3OWY3aUJFNEJvbzFkRHRaQ1VEM1hCOHhJZXdsa1VuVVZHRXRjblhWZE5IX19TbUFZclBoT0p2Y3hUMFd2NExRX1ZyZFNtaERzanlkTVZ2ZmpoSDYxR0pmMk9MSVFvWWxKbDRvUVRwQUYwOU5KazFqQ0lqRUU?oc=5,2024-09-05 07:00:00
OPR,OPR Rate Down: What does it means for me? - akpk,https://news.google.com/rss/articles/CBMiakFVX3lxTE5JRG95YkpxclRkUmRyUWJHS1FOYlpIazB0MnhaUWhZcDMwQTBWdjlFMkZDYUc3RDhFM2xaYjN2QVVYYUE3RmpwSnkwc01HMjNfTEpGZDFmaDRMMW1aYWk2QjhRalZNbkZ2a3c?oc=5,2023-02-15 18:06:03
OPR,RAM Ratings: Bank margins battered in 2023 - ram.com.my,https://news.google.com/rss/articles/CBMiX0FVX3lxTE9TaG1CUzVMWFNzdXNqRjJvTE95VHRVSzlXZmNsODVsbWhqSGdJcTNBUkdCLTBFR29SdEp1dGRnWTJ2T0s2ZWV6aE9vRkFsbU91ckdubjFpUEF6OThqSWJz?oc=5,2024-03-06 08:00:00
OPR,OPERASI PERKHIDMATAN SOKONGAN PUSAT ANTARABANGSA Kod Dokumen: OPR/INTL/BR02/OUTBOUND APPLICATION FORM FOR STUDY ABROAD (OUTBOUND - Universiti Putra Malaysia,https://news.google.com/rss/articles/CBMi1gFBVV95cUxQcVFmUXEwS2NtTnRYVTVWSmdOZzkxQUVRWkdnSWYxbzZoQVZNa2JSdmdLNVFaVGp0d1JWQzYzd1JBUmlCU2tGb3NRNEVaRkNJdHBsM0pKa3JzZWcyRTliME9QTVFMMklGWFJnc1Jta2hudEtLQnZYckNwbmtGZnJEQWZSbTlJRnA5alRsNmZZMzBUZ1N3VjFNNHZaeEpJNWNtdGdyVDZ0cnRIY2g2MllraXR4aTNLdWhFTW5ldkZXeVdtZGRfMF9WUDVPQVZnZkdoR0t6UUxR?oc=5,2020-09-17 07:00:00
OPR,Monetary Policy Statement - Bank Negara Malaysia,https://news.google.com/rss/articles/CBMia0FVX3lxTE5CbWEyYlNlYmk1bGRLcEo3Z3hRd1F0aHV1ckE4ZjhuYlhuZnZYUzdkWDVZWjBxb3gzS0s2WUhzSWpKY3UtTDNVX2w2OVRyb3BjeW9ibWROV1BaYnVOckhldkE3SndXNnJUajF3?oc=5,2023-05-03 07:00:00
OPR,Overnight Placing Rate (OPR) and Its Impact to Malaysian Economy - Akademi Zakat,https://news.google.com/rss/articles/CBMimgFBVV95cUxOR3lWanQzRXJSVmpEWDNpUlJLdkZuSkhrNVkwZE0wVzd5RUlUdzJERUFGbzlZUUpXM2JiT3pGdjVZdGdpZ1pUMW1jRU04dDVTYTl0WGg2aXJrcjJBZkx0VG5DTXdjMkgySVhaNm9UZEtDeTN3VHVnVmxkQ0MtN1R0NGNwZ2F3ODZiS0dKWENReEl4QXFNM2N4ZGtn?oc=5,2022-09-14 11:41:02
OPR,Monetary Policy Committee - Bank Negara Malaysia,https://news.google.com/rss/articles/CBMiQkFVX3lxTE9CLTZvQ1Q1ZEhTNmVlRU9IMFBjSXA2RWNTb2FDTTRQcHZTQ1VuTi15T0J2SXUxdDhFUU8zM0NUbkJRQQ?oc=5,2024-09-10 07:11:44
OPR,MONETARY AND FINANCIAL DEVELOPMENTS Interest rates remained stable - Bank Negara Malaysia,https://news.google.com/rss/articles/CBMiYkFVX3lxTE11M3NhS0dUMlpDU0NzaEFTY1Y3U1VINjFhQlg0dUZtbGlWU05idk9fLUpSZTZLX0YwbmgteF9XYlFHeWxMZ1p0cTlTeWFfNy1Kb0d1U2djRmI2TnhhamR1Z0ln?oc=5,2020-12-19 13:11:46
OPR,Deputy Governor's Speech at the National Economic Forum 2024 - Bank Negara Malaysia,https://news.google.com/rss/articles/CBMiT0FVX3lxTE5FNDFvdmZYaHRmQzVIbzA0c0VtTmhsemNxWEVGVGhIS3FMbWxLeE1sRjFkbEFIeVBXdE4yZUJJUlNLVTI5WE9Ydjc1V1NEa00?oc=5,2024-05-09 07:00:00
OPR,BNM maintains OPR at 1.75% - EdgeProp.my,https://news.google.com/rss/articles/CBMibkFVX3lxTE90dm9uT3dJVDlLTjBUYnRVS3ZOTVl5X1NqY3ktQjRVZDdMZXZIRDdBR1g5endJZGlKSlJBelNIVk9sa0tVVUtKeVFnNjVmTDgwXzdmb2NHYzBXQUlzekdPcUJvdmtRM084LTI2NFNn?oc=5,2021-09-09 07:00:00
OPR,Frequently Asked Questions (FAQ) on Monetary Policy - Bank Negara Malaysia,https://news.google.com/rss/articles/CBMiekFVX3lxTE15RWNycGR3Wnh1U2IwTkRxZVBrRHQ5SWdhNU54TVRkMXRUNkNyN3hRUm4yelZLSTZHc1lsMWpOYVhhajhJbFhZT3l3OFNsd2lzVmVMOWxXOVpZc3BoZnQxUW5pTEJ6WXhOSExodE5xQThWRVlaS29xWGFB?oc=5,2024-01-24 08:00:00
OPR,MONETARY POLICY IN 2014 - Bank Negara Malaysia,https://news.google.com/rss/articles/CBMiZEFVX3lxTE5sRXZUb1dzc3IxWlZ5R1NPdFFxa1Z6NUxoSkprV21FNm42WDcyWW0yRWFpb0xCTkJVVmpOMm5DcVJaeWkxOTh2Y3R3YTduRWZ6VWNlX0ZBMHNzVWFfTExoRHdXZW4?oc=5,2020-12-18 23:11:37
OPR,Monetary Policy Statement - Bank Negara Malaysia,https://news.google.com/rss/articles/CBMia0FVX3lxTE5DdEQzRTA3dXUyLTNsT1Y2QUdPN3cwWjlXc3B2azJWSEx3Z0hfc1dNTTVZQjRQOW9XdTA0d3Rzck1GNm1la0lHT1JhZXlMU01rZW4zWWxkUHR3RGxvdkpsdzVFT29RX0tXaTVJ?oc=5,2020-12-18 14:58:31
OPR,OPR In Malaysia: How It Affects You - PropertyGuru,https://news.google.com/rss/articles/CBMinAFBVV95cUxQR2RnOVhhNXFJek1BeDc4M3JncEVWdjF0ZEtxQXdid0V4WXM2U2JudnN2d2lWdXZYdmc2OFhfZ011Rkp3MEVObUtiaGxUbTdJendhRXpCOGJNQ3haTGdOV3FDQUFJMGJaa2Ztc0ZINExMa2NYTWJpcVJLcDRvRXczaEpiMGNpRWJpZHhNdVE4ZkhvS3hrZkJVT0FUY2o?oc=5,2024-03-07 08:00:00
OPR,OPR to reach 2.75% by end-2022 and 3.25% by 1H 2023 - fsmone.com.my,https://news.google.com/rss/articles/CBMicEFVX3lxTE1Uc1JGb0ZQRm1WNC14S1A3Q0pOS2YxcFVvbHZlNzcwaU5PMHp3bEFVUVB5eTlFd3ZlMk1JVml0cm1zd3NFTEs3UTg1dTBqelFQdEZxaC1SVU1ibEVwT2xCQm9IRjBGaVFlSTJqMHRJb1k?oc=5,2024-05-10 07:45:18
OPR,Chapter 2 MONETARY AND FINANCIAL CONDITIONS.indd - Bank Negara Malaysia,https://news.google.com/rss/articles/CBMidkFVX3lxTE4xTXdIVm1VMWM0aFNlVUxEVlZIRFJNRmpvTUs5UFJpSUlObDk2ZGp3RTctdUhFdXJ3ZFoxaE9heDJqeUFGZXZpQ1NVSlZQMDVyby14Q1NZdkpjNjk5MkxKMjU4NmVRdzBJZWg2TDZ4X3RlTkE0OXc?oc=5,2020-12-16 18:33:35
OPR,Monetary Policy Statement - Bank Negara Malaysia,https://news.google.com/rss/articles/CBMia0FVX3lxTE1qa0hiLW9NYjdqWkpGYzJISmJsMjJLVmIycnpkSVh3bDJEamVsTkdZRFZjRDBFVU53MHNWUHIxV2tfLWFpang3SThXWjV5c3Nfb2oyTHRhVTRjU0NFZWk4WHYwWlUxNGw1MjRn?oc=5,2020-01-22 08:00:00
OPR,Economic/Thematic Research: OPR vs FFR - SME BANK Malaysia,https://news.google.com/rss/articles/CBMiZkFVX3lxTE02SHdSa1JjRXh3MkJDM2lnMGZBQTRXcUJueVByT3dWVmVfallyTExpVVJKM3FhWFA5WTdMUGQ1Ry03S0ttc1BSRnRiWk5EblN6NGRxUXZzaWlGaGlyVHhTS3UtY3JhQQ?oc=5,2023-07-17 09:16:01
OPR,Overnight Policy Rate Decisions - Bank Negara Malaysia,https://news.google.com/rss/articles/CBMiekFVX3lxTFBDYWxYRzBXdWgzOHdOODRyYzFaOVNrQkpsVC1LNkQwSEtWMkZqUmNQemRZWGpzZFVHQ1V6Zm1GSVgyT3Q1X0JCX0s2VVpUQm5KN1BRRE91eFhKTDRKdzJ5QUd4QUVXaGpZdEloSW15TXVwTjlTbC1WZ1lR?oc=5,2022-05-18 01:52:09
OPR,Overnight Policy Rate Decisions - Bank Negara Malaysia,https://news.google.com/rss/articles/CBMiekFVX3lxTFBfYkhCUEhXODMybTNXSFRLZFFrVlk2WGJpVXVUTVU5cEVGUWtaUVZsVXZHNXM0OVZsUWpqcXVkbUFCUWowMWNReXpLOEtSX1RHaVVJTXluOHpsaE9JOWdHQ0hhMExFUmcxelVrdEx6SzRNWk9rWHFKZTdn?oc=5,2022-05-18 02:16:00
OPR,WZ Satu taps on moneylending business ahead of anticipated OPR hike - INSAGE (MSC) SDN BHD,https://news.google.com/rss/articles/CBMikgFBVV95cUxPTkZZVDJHRGI2ZXVSNlNBSEZCeXhoWFBkaDNiVmJPWmZBTHF0VlNQMjVlZHNGNUZ6VmVjOWNTcTZzRDdSTllwQS1UN0pIczFzUjVVS3lFNFRRMFhzck50MnVydUVZRE95Wnc2TVViWFhtOWJURm5HdUhmSVJzenFIT3dQbWtOMTBMUUFFRS1KeEhpQQ?oc=5,2022-04-29 07:00:00
OPR,Stroke Counter - GP Industrial Supply (M) Sdn Bhd,https://news.google.com/rss/articles/CBMigwFBVV95cUxNcVpRMHF1LVdHSkNMRUlxRVlCSE91TGFqRU9zd29IVHZEMXI2b1FRV0Yta1RHWUVEUTd1a3BnTVVaNWF2XzF6bHl0TF84LVBmSmNpNmljN1RzUzFqNng4M0tTZUNuRjdTOEhtNlhyU3R6ODYyc2pETUpfekJqa3dpYUw5TQ?oc=5,2021-10-31 23:17:27
OPR,Overnight Policy Rate Decisions - Bank Negara Malaysia,https://news.google.com/rss/articles/CBMiekFVX3lxTE5kdk1jM0kwMGxEeXhWRmF6Rk5lcDh6T3QzeTRuMUg2cUM5YXBZRUdIbFIxS2RQQzBpSjdqUXRKVzBrLVQ0M0ZzMEpTNUd2RzJFRGJBLTJTT0NiSlo4RHV1NWpCYVJqV181ckU5bE9mY01SdnpWZHAwbDBR?oc=5,2023-01-19 09:56:58
OPR,MONETARY AND FINANCIAL DEVELOPMENTS Interest rates remained stable - Bank Negara Malaysia,https://news.google.com/rss/articles/CBMiYkFVX3lxTE8ySnlHcGwtbmNYS0hkYVowekNwVXRvaXRJWDA3ZzF2TmQ1eXNUZWRxaTlRM191UXhacVVPcE1zT21Eb2pYc2o0TGlNbUMxbFZrck5iWk41aXV2YjVacS1FanZR?oc=5,2020-12-19 10:04:30
OPR,BOND MARKET - Securities Commission Malaysia,https://news.google.com/rss/articles/CBMilAFBVV95cUxQOWZsYVczaFJIeEJHcDVkZUN3a242TzJNbGhLLVpzb0tiOWk3VF9EMjNCMF9neE9KeEpHQW5tWkhqd1NUVFdYdUFIaXhwTU01R3o5QkJZZnhpbUxsZWFMTjJYZl9pLVRRNmhhTnVZYWp0eHNjRHZlcmxpYkdTSWJTZmxCZjFmUnlOTHhOZk9xZjVXLXNG?oc=5,2023-05-19 06:39:13
OPR,Analysts expect BNM to keep OPR at 3pc throughout 2024 - NST Online,https://news.google.com/rss/articles/CBMipwFBVV95cUxPR2NJdS1pQVh0dV9wV3E2MklGMTkxeDMtbGFJUGtLMnJLZl93d3FUMldDMDVxYTNBejRrWUhDWi1SOS1pczJkN3BON0g1aV9IdWlCN2tyY2pDb044UUtiSDJwcHUzcF9WaEJLbjdjN0VLNlVpckRrTlBaZk1xMjNPbVJVdm5UMHVLcVF0NW1DTnFNMXVHQ01ncWtNb2FzWmdRY0Q5SW9FMA?oc=5,2024-03-20 07:00:00
OPR,Frequently Asked Questions (FAQ) on Monetary Policy - Bank Negara Malaysia,https://news.google.com/rss/articles/CBMiekFVX3lxTFBRQU91NGVIMUNVTGJnTkpYUDdLZFpxcFc0YkJoRmN1ZDJXc0dheUx3QXNnWWs2dDZxQmwzbDVjTkZwRG9pNEF6eU1WcEVDa1Q5SVg1WlAtOVBBNjJZdWpsZzFXdUtKUzhUZVN1THlyZHA0aDRNa0JiZXVn?oc=5,2023-07-06 07:00:00
OPR,Bank Negara Malaysia Increase Overnight Policy Rate (OPR) By 25 Basis Points To 2 Percent - Smart Investor Malaysia,https://news.google.com/rss/articles/CBMiuAFBVV95cUxQUHhaZ05hbkhpMjVmRi04ZmxYUFlDSVdRNGVDdTUzV0R0S2RUdndnVklXckNPWmJsaDF1NzRYeDU0dGZiYXYtQ2dENGI2V2RObEloYXY0blNnaWFGRGNEQ0ZreHBwMnVWODIxM0I0bmZmYURUc3Ntb0pmVURPczA3cnJPR1hEZnRVUWUySXJXQzJ5NXJGQU13dktxU0tHNmoyTXF4eGo3T0RPajl1RnZWZGhPT0Y1c3lh?oc=5,2023-08-07 13:07:26
OPR,"Ambank expects 50 bps OPR hike, inflation between 2.8-3.0 pct this year - iProperty",https://news.google.com/rss/articles/CBMirwFBVV95cUxQWHUtdXFMZ3VVcl9uLVFYcllPTUdaTi1ncWtTVlJDMFpRM05iN1lNQUJ5TFBDZHdORWNlRDVtTEI4eEVmelhZd1p4aU9CcjdQMFJvQUFiM3pqUmxqaUtaQ1hkTU1DeXhxVFl4eDN1TUlMQUVBdHNvOUo4WDJKeXBfUnRlYWJ0RXZVUlJfak1qcXVKQ3h6SjhaOFdWRXg5Zm1XZzFZWlJ2azVsS1ltMjhZ?oc=5,2022-09-12 07:00:00
OPR,Untitled - Portal Rasmi Kementerian Kewangan,https://news.google.com/rss/articles/CBMicEFVX3lxTE5GQ3FrSUR2UUNZa3ZzQVVtam53MFpBUFd2MkNlbmRkalhyR3dIRTA0X0RzMl8yREJPOFRvUFo2STVxRktRLXN4c1BGemxYczQyUk5sS2t6cng0ZnEtMUx6VmtzWHlrM1h1cVdhcUxKeTk?oc=5,2021-11-03 15:21:40
OPR,"Different financial solution needed from Bank Negara instead of OPR hike, says analyst - UniKL IR",https://news.google.com/rss/articles/CBMiYkFVX3lxTFBNUzN0djdmWHBoUWpDWllzb0NPdXVTZjhqVE5HYUNwdHd6R25GVGM1Z3ZWTGFpZFBhNC1UWUpsLWpwQ05vSlVvZWdHMWVGUVpzM0RCZFhyd19LMXR1YjBOZjFR?oc=5,2022-10-17 20:49:44
OPR,Economic Report - MIDF Malaysia,https://news.google.com/rss/articles/CBMimAFBVV95cUxQVU5QWExpSE5OUzFGRmk5X1VaY1RxNGoxYU1mazAtaExZMTV1VnBvLWo1bW54czRteEVUSkxtQ2w3N1NnX3NJcXhmLW8tUWppcFdHREhTQktFb3VFMmhyRVpvUE42Tm5sb2ctUGRZVlBFUmx5T3diMy1tN1gtWjdUd2pldU5xMXEzMUZqQzhjcHE3eW1NUnMzWg?oc=5,2024-11-06 08:00:00
OPR,Monetary and Fiscal Developments - Bank Negara Malaysia,https://news.google.com/rss/articles/CBMidkFVX3lxTE1GZHF3QTduekZEZWpOcEcyd3dVZGxCRkNIUDM0aHY4Y0VOY1lFbVY4dnpFSV9hNjJMQTExR2REQ2FMZ2p3cEVhczdSdTZpODZJLTZRc0doTWp5VjRQUEtVM3VhOG9ESUtpLXhBMEJ2UWVVN1JaWkE?oc=5,2021-01-29 23:05:42
OPR,Monetary Policy Statement - Bank Negara Malaysia,https://news.google.com/rss/articles/CBMia0FVX3lxTE5reGYxMFAxUERnVHhhdW5RbGQ4S01TVEtGb2lpZ3pkYThNS1BjVWlmdHJqRS1IMjBDR01ZVFNhS052Q05ZWFlkYmNsSVBPMWlYeXZPZmlUWHU3NUFBeUN6d0Y4bzRsLVVBa2FR?oc=5,2020-12-18 14:47:41
OPR,What Is The Overnight Policy Rate (OPR)? | Blog - multiply.org.my,https://news.google.com/rss/articles/CBMif0FVX3lxTE94SF9odldlNENxaWJieS1pYVo0STM4Y3VmRlN6OFE3TmJpZTFlaFR4MkdwbVVkWEc0N29Oelo5QmE3ZE51dkp1eFh0VzZUcURoRVdkUk5zVGUzSnd4cjNkRWx5cUNCbjM3bXVMS3BYNkhtalY2bUdjdnNOalZVdDQ?oc=5,2021-01-20 08:00:00
OPR,Overnight Policy Rate Decisions - Bank Negara Malaysia,https://news.google.com/rss/articles/CBMiekFVX3lxTFA5T3lBWWtSM2xRRFk4TGtMaFZDNlVIWGtQVklQQzZIVm1MeW1NcnpCcXp1NU5tWkNZb1V2X0FFMGJTS1BXTGU0U2phSmQ4cFFybEI0a3IyZHJGYUt6X3A4M0JTSUl5eDZhZXN1QlFRY3VudlVodU5ZbDFB?oc=5,2022-05-18 01:44:00
OPR,Changes in Fixed Deposit Rates & BLR From 09/05/2023 - India International Bank,https://news.google.com/rss/articles/CBMiZEFVX3lxTE5ZQVpEUGpWVVE0U0w3RjBMNFg1TjhXTUdwY1BQbVhhVlVlUUhCSU5CZXE4ZTRidnVVMXVXTkR5ZGNDc2c4N00yb04tb1lOZTczNVpHTUNkb1dpbnU4T1JHbnJ5U04?oc=5,2023-05-10 02:14:51
OPR,Overnight Policy Rate Decisions - Bank Negara Malaysia,https://news.google.com/rss/articles/CBMiekFVX3lxTFBTNG5NLXkxbGlwUmtGc0Y0dTZTV2V5c1plZ1BwRTE4cWIxcXhIck1yNW9rVndSVWpkYzN4dVVHNW5ULTlzQ1JjSHpwd0tnZW44OTd2aXoxeHN4Yzk0RnhUbUl4RzN0MXQ4bkhBMG1DNW1vNktEZS01bnFn?oc=5,2022-05-18 01:43:05
OPR,"Property market remains robust despite OPR hike to 3%, says Rehda president - Ian Scott International Malaysia",https://news.google.com/rss/articles/CBMinwFBVV95cUxOMThHbmV6aTMzc1Fqdksyd0ZaRlU1UE9tbjE1am5ZYzB3TFNQNS1RM1ZhQTFrQjloREdINlBpSUZKU29VdHhNWTUxdm5EZ18zMjhYeURiY1dvUGRxakZYZTNOOE80eE1VQTQ0SmFHVW5pTHZ5UFdUSWtaWHFvVExfZEo0LXlPUHI5S2dIaDhWNVJWV2VWUEtpb0NxUlMzcjA?oc=5,2023-05-13 07:00:00
OPR,Monetary Stability - Bank Negara Malaysia,https://news.google.com/rss/articles/CBMiQkFVX3lxTFB4Wk1ZVDE1VVlSVmt2SmNGemJCenV6clBmRlVha2pvNTJtRXo5RE85THpQMjlSRkp0aUMyT0o5c1pfdw?oc=5,2024-09-09 03:17:52
OPR,BNM Introduces New Interest Rate Framework - Bank Negara Malaysia,https://news.google.com/rss/articles/CBMidkFVX3lxTFB3TmVHNElGSGIwbW80MHpzLTNhYUZXTmxrT21BM0dDcTVfQ1I0bThLSmdSZnExVWZEUEJNUnc2NkppQ3lOaXlydGszZkFuU0pxZnhiaEQ4LUJOOWk5YVk5M1d5TTZmWnJZdjN4TUxrM3FucThZS3c?oc=5,2022-03-29 02:03:02
OPR,Bursa Malaysia rises as Bank Negara holds OPR steady amid Trump victory - thestar.com.my,https://news.google.com/rss/articles/CBMizAFBVV95cUxON1VxX0NpQkYtQlRXQUF6SlJTTG1KLWRZLTZvZkdXdG1kdTNId0ZGZUtvUUtfTzJRQWMtRzBRbHZMWHBhTEtmSFZGTVprMk1wMEhKMVV2aG4zcFh3Zm1ibWd3NUN1QU5ZcXUwcnh6YzlMbnZyOWktSXZtX1RyRkpRX0JYQzNETlIweDhDamxiODlqNWRjTlRtcmh3WjZZSDNUODg4Znc5aFBsX25TTFF4NzczLUUwUVhZNjV2YzVmOHVwWnFUYlJObU5nYlI?oc=5,2024-11-06 08:00:00
OPR,OPR Hikes: Win or Lose? Here’s How You Can Come Out Ahead - multiply.org.my,https://news.google.com/rss/articles/CBMilgFBVV95cUxQb1hGUE1GTkZib0ZERzZfaVZnZjA0Y09VRGlRUkhYTjlCMVU2Z2Z0V2dJUWpqdGlkOVg4alNTTWF5bkFWNHNWWW8zQ3JDZ3Y3TzZZNm4zcDc4UHNucVNvN0FrTFhtUWVSRTlvZ0VlNnFpOUtvUE5YdFVBaFQ4RjRtcGFyekZFWkpFOWluUWhFaE5KMmNRRGc?oc=5,2023-05-22 07:00:00
OPR,THE ROLE OF NEW MEDIA IN SPREADING AWARENESS OF THE INCREASING OVERNIGHT POLICY RATE (OPR) AMONG MALAYSIANS COMMUNITY - I-iECONS e-proceedings,https://news.google.com/rss/articles/CBMif0FVX3lxTE5VRkZIZXdObm5SSXYzSXVFN2RBcFNaY0U1bUI0RVRCZUw3ZlB5Sll1Ump6UkdLbC0tLS1KZFNDdVdUenJkcEYtb04wY040RHowMXN3b2NqQUN3ZjdPUUhnVzhETXdfdkpYeUl4dnctWUt0OWtIX1JaYlBacW9oV2M?oc=5,2024-10-18 07:36:04
OPR,Frequently Asked Questions (FAQs): Standardised Base Rate (“SBR”) - Hong Leong Bank,https://news.google.com/rss/articles/CBMi8gFBVV95cUxNYlVyVU0wT2NYSTVpcV9tZkxNOF9jUjR0dGpIaTdONHJWTGE0TngwTXhPbXlOUWFyUU03TDNCbEF6R0JoNkpNY3BTYnA5SkxjRXRFUlo0T1FqVWVSdVhnTUJyR3BjSDFaY2xPV21GM1JHQ01kVFk1VVVCUVdQVjRBaUVCODJGQm9IT1duYkl0YmpSWVRzcU8tanBrTGJpLVNvODNNaUZ4b21WUTlCRk4wRVlXVjJtVzRxakdPNzFaeVZuTzJ1VWZBUi1aVTBMdk44UEVSVkI5QzFpSjN5UE9yV3RRQTNybWl0SXRRMlc1Z0J4dw?oc=5,2022-10-04 04:49:22
ringgit,Honda Civic - Honda Malaysia,https://news.google.com/rss/articles/CBMiTEFVX3lxTFB0VHVYdFQzR29kblludk5JbWhYaEhIREZGMFJlZU90VS1GendVVmlwbWtIUUVNZ2lHZ3AtT2NSZnJhT2RpM2tQa25zdUI?oc=5,2020-05-19 04:26:02
ringgit,Honda CR-V - Honda Malaysia,https://news.google.com/rss/articles/CBMiSkFVX3lxTE5QY0d1WnRRVzFrcTNSZlR5Vnp3ek5faDU1RmhzNFV6YUxvOUswemc1UHl6R1R6N1F0TU5yQncyOEp4T3RMZzZKb0ZR?oc=5,2020-05-19 00:52:19
ringgit,PaymentOption - Lembaga Hasil Dalam Negeri Malaysia,https://news.google.com/rss/articles/CBMia0FVX3lxTE1rWWYwZFJjYkFvbUUyckFhbUN4b0tRc2JmUUY0R3cxdmZfc19iSTc1dUs1UmtyenJ3WUJEcG94bHJLd1VMUTlfRlNsdGoySHF2OTNDWWlIQV9DUzExMFJhODRSeWRxN2RjTGhz?oc=5,2023-06-29 21:55:50
depreciation,ALLOWABLE AND NON-ALLOWABLE EXPENSES - Lembaga Hasil Dalam Negeri Malaysia,https://news.google.com/rss/articles/CBMiiAFBVV95cUxQTElkNk1MRndOSlIwWS14SWxsWVZoTV9SR1hMa05Pd1RHdXloUkpaM1JhNHJuWnh2OTRmaDBJdmRjdmZZT3BqbFVLbnAtM2dPaF91T2l2emJZV3dwR0JNOWF1R0lSS3Y0OW43aExfSWpWbGhyVjEtcWdMWUdORFZpSDV2d3gzd0ha?oc=5,2022-05-11 07:00:00
depreciation,MASB 10 Leases - Malaysian Accounting Standards Board,https://news.google.com/rss/articles/CBMiXkFVX3lxTE5YbndMT21nN0oyb1ZCZWtpekQ5VFJPN2tZdkM3VEZxMFFTRllwczdWdFViQ3lhN1JCakhwNUJnWUJlOTNjcDZoc3pYSTRMcnhPNzktdUotVWVOdTl1Q2c?oc=5,2021-01-21 07:41:21
depreciation,BNM Annual Report 2022 - Bank Negara Malaysia,https://news.google.com/rss/articles/CBMiQ0FVX3lxTE9lQ290anVfUEJhU3R2cU9QUW9SZUNkVjZuV09IV3pOcHJFczZkM3RDZDlKT3NnVEJuOXFGQnMzbnkxYTg?oc=5,2023-03-28 01:27:59
depreciation,Reduction of the 3-month Intervention Rate and the Introduction of a New Liquidity Framework - Bank Negara Malaysia,https://news.google.com/rss/articles/CBMiuAFBVV95cUxPSTZXYm1FQ2NXa3ZPR20tYko2TUhIVVpLeEtKTDYtdjBtQjI2MEJYY1BPeFFwaHZwSG1WVE1WS2ZnNmxyVmU2NnhiZmhzZjJnUEZDSVRBMlFSVHdLWFFsNHZlZEJxYzBCYkx6YXc5QWwxWDljSmhOQ2czOW84d3hxRnMyNVdLd1plYl8wc2VBRnc1VUR0Nnp6VFRfcFNCSUdWMm82TWV1Y0pzQUFYc2RIRmt1RXp4QVc3?oc=5,2022-03-29 01:30:08
depreciation,"FEDERAL GOVERNMENT ACCRUAL ACCOUNTING MANUAL – PROPERTY, PLANT AND EQUIPMENT - anm.gov.my",https://news.google.com/rss/articles/CBMilwFBVV95cUxNdGlCSVFyck5FWmpXenJqTXdmTUZlTC1iamN1MklRVHBwZk9zODJKNWRlRThLc1NHdnR3Y1M4MFFxekhDa2F3WWY0VG5TYlNwaU9MbUlnMVYxRGg1dnBVWWJDdjRQU2lfWFE0MDl2RTB3bnNmSjdpblB3U1lsTnB0Z0xoRlFINDZBMW5XZXFkV2VHY0pib2xz?oc=5,2024-04-01 07:00:00
depreciation,Page 163 - kwap.gov.my,https://news.google.com/rss/articles/CBMidkFVX3lxTE5qRVhMRDFKcTI2anJpRGRfd2xJVWhKbzlFRHpSZmtPSFFYcXZ4RnFBOUQ4ellSYloxMlR6akswVVYyMFZZcTJybEJaS0lDMlh2ekVPV3FIUGt5QUNSbXVwS2Q1b0NFMkIxZl8zZldESlEyLUNPcWc?oc=5,2024-07-26 20:48:16
depreciation,WHAT IS DEPRECIATION? - bp strategy secretarial sdn. bhd.,https://news.google.com/rss/articles/CBMiVkFVX3lxTE1tZTlEMHlhcXlxbHc5TVBjWm5KT0lpMkxUU2ZvOHN3YzhZNlk2NkdMVUlUNmgxemtXc0RIaG1BVjJPUnl0cXZ0VmRidWFqSGVuQXVKU2VR?oc=5,2022-11-18 14:39:22
depreciation,"Understanding MFRS 116 : Accounting on Property, Plant, and Equipment - THK Management Advisory Sdn Bhd",https://news.google.com/rss/articles/CBMic0FVX3lxTE4yNnEzZHI5TjBNc2ZFeGVWTzhSUVQtbnRmMmZKMG94OHNrME9sT25MVHp2ZGxSZUI4VjNDd2tsbGN0emFseVJkVkZuYXgxWDMxYS0zSlRZWUZIbWFpakktRWV3NmxZMlRPOE5zMTc2andsQ1U?oc=5,2024-03-06 08:00:00
depreciation,MASB 15 - Malaysian Accounting Standards Board,https://news.google.com/rss/articles/CBMibkFVX3lxTE5jNkpfSkp5NW13cU1sem1aVzYwOXdqbl9uejBmZG44WWpDc3plUW50NnpwQTY4amdoQm5JVEo3d0tZOHlHcU14T045dF9USTRXMGJjMS1NYjVrYkh0endaZ2ZYTXdxNENib2dJbWlR?oc=5,2021-01-31 05:02:10
depreciation,Difference Between Tax Capital Allowance and Accounting Depreciation - THK Management Advisory Sdn Bhd,https://news.google.com/rss/articles/CBMic0FVX3lxTE93VHBPeDJBUVBvWHBpSzRYczl2ZTh4bEZkQWJKQ3hqTWxsODRDQnJ3QWF3dW9hUnIzQ3pwMk5meTdCenFwZjBYMV9DTWlsWVVGR1ljeU9hZGhaTTlSbmNNU3BYMjZ0Vnhtcmg3Q0RsaDdIWk0?oc=5,2023-02-08 08:00:00
depreciation,WG 4 Depreciation Accounting-MASB - Malaysian Accounting Standards Board,https://news.google.com/rss/articles/CBMiUkFVX3lxTE1TU1ktSWpPc0Zld19HRi1FY3hjYVBELXVFX25oS25KRDdDYXRiM2xXVmhjU3BMbjFyc3FCcnFuTk5TUTFfUkR2ZU9WR0FacHN1Y1E?oc=5,2021-05-30 01:06:32
depreciation,Exploring the Ramifications of a Declining Ringgit - university.taylors.edu.my,https://news.google.com/rss/articles/CBMitgFBVV95cUxNRVd4eXB1TV9IZHg1Yk56b2FOUTJ5enZWRHFYZDZyQ1F2eWJTNi1BQ3QwMVU0N3JKN0F5SDRLSkF5STEzR294cG1WMURHM01SbUtmREpyN0ZKUEJHVTRETW1xdGtod3o2RG45TGp5b013TE50MUl0eno2M0FkTFBIZXp6aXhXcGFPbUg3SjF3bllfaHZhSkhrRFhGMUNXdlhVRmpXTDhvdkUtTWRNOEE2enVhbXc1Zw?oc=5,2024-04-03 07:00:00
depreciation,How Far Does Currency Depreciation Affect Domestic Output in Nigeria? - BERJAYA Journal of Services & Management,https://news.google.com/rss/articles/CBMigwFBVV95cUxPZHM2YkNJN0pvZ3BLSHBTOVJUN1RnMjdDdE1RT3dGZnA0ZFd6aV83Q1UxNUZJQnhnSGxTeFhPTTZDT1BwUVROZmQ5aWxTaWhMZDNrdG5fVlM1bEVfeXVsb216WDk3STJDWmhaeTdpOVVaVUJicDFRYnNiWHlwSVVfVkJhOA?oc=5,2022-07-18 07:00:00
depreciation,BNM Annual Report 2015 - Bank Negara Malaysia,https://news.google.com/rss/articles/CBMic0FVX3lxTE1TUU1pcERHVzFHZ01POTRJbnQ3VTMtbXFMMlhIR0xCbzFyaFlXQWJ1MEdILVRnOEh6R2ZHLXpxczRtZmsyMWRSNlhXVUs2T1BSOXhSNmF2MzFvWWJ6aDZXWlA3dWM1LXpqdXE1M1hTdHFhM2c?oc=5,2022-05-21 00:45:49
depreciation,"THE PRACTICE OF STANDARDIZING THE DEPRECIATION OF VEHICLE ASSETS: KNOWLEDGE, ATTITUDES AND PRACTICES TOWARDS PRACTICES IN STANDARDIZATION OF ASSETS DEPRECIATION AMONG THREE LOCAL COUNCILS THAT AR - jppkk",https://news.google.com/rss/articles/CBMiZ0FVX3lxTE45T3JJbS1jZl8tUVlqU19oOE9JVDZaTGhPVlF4OF91bTZIY3JQci1TUmtCelIyVVBnUXJjUWc5WmxMNlpfM2phV3lhN1puZkNnajJreUE0Q1IwdjIwcFNaRm54b1lhbTQ?oc=5,2023-08-29 08:28:10
depreciation,"MASB 15 Property, Plant and Equipment - Malaysian Accounting Standards Board",https://news.google.com/rss/articles/CBMiXkFVX3lxTE9qd1FOTDRFZ0NQQ21LQkg4TmNsZmpuZlZ2cjFyMVhoR2ZOaHRlWFVZYWVhM2R4SmdwVU8xb1k3NjhUa2FDQWR3NmhveExKSm83TWh5RWlDcWpSNnFVN3c?oc=5,2021-01-19 13:18:38
depreciation,FRS 140 Investment Property-MASB - Malaysian Accounting Standards Board,https://news.google.com/rss/articles/CBMiXkFVX3lxTE9BRElsVmsxTklONWpJM1lZM09teTFFUlJHV1FMVkEzMG95WlBfOVo0U3gzbW9oOUFIVnREZlMwUE9lX20tN0lVQ1BOdlpQSUg3a3F3eHc3Z2hfRFZKT3c?oc=5,2021-01-19 17:58:32
depreciation,Factor Affects Customer Behavior During Currency Depreciation - Journal of Technology Management and Technopreneurship (JTMT),https://news.google.com/rss/articles/CBMiZ0FVX3lxTFB1eVNqRUkwczJmSTVfZjFFVTlZMlJocjBiSkJXbDctNFZYckFaR0lqREJPaERwaFJiT2loTzF3ajJKc21ad29yVXZSbEQ2eVB0XzVXQk1pX3hwdHdRSVk4cWU1cjY0emM?oc=5,2021-10-29 14:28:02
depreciation,Depreciation of US dollar against the ringgit could pose challenges for Top Glove - NST Online,https://news.google.com/rss/articles/CBMivwFBVV95cUxPajVPRXBwSWRFRlh6R0ZVdmdyelN1c2dZNFBKS2FZbVAtcjdjMlUzY1d0bWdYWWJ2V0M0bHAwT2tYOWVfYnBhcFJBMTRRN1ZZaEoxVUR1RTVRbnQ2dGVTandNR0tGeUIzMnFfRnVoZzg4V2RTSVNaUmNfZ0s1a1VkbTlSTDRTcGZid3BCbnQ2aDBKbjIzNTlHMElvcjBZR1hTZGZyZHBLRDg1MnhETGhpNkdZRnlKLWQxSDZibDRGRQ?oc=5,2024-10-14 07:00:00
depreciation,Example 1 - Depreciable assets-MASB - Malaysian Accounting Standards Board,https://news.google.com/rss/articles/CBMiVEFVX3lxTE5Rbm1lNUU3Q0g0ZE44UUJaclJ6cEZySFRNam1pQVBlMHoyVGZmbDFEOXRfTXJJNTMxanhUUE5jeEUzMzZvTnlURXFsV2lva0tLQXRjbQ?oc=5,2021-01-21 11:11:21
depreciation,"THE PRACTICE OF STANDARDIZING THE DEPRECIATION OF VEHICLE ASSETS: KNOWLEDGE, ATTITUDES AND PRACTICES TOWARDS PRACTICES IN STANDA - jppkk",https://news.google.com/rss/articles/CBMi1wFBVV95cUxOaWhuM283blBTNHMyN3VkMzJrVmFsWHRpTFVPd19Sc2hpdXktYUN3WUozUTN3THMxR3lITndPSmg2T1FlN3dVdHdhVDdCMkVmTFBFbzlHUzFITmluYjJiTGh5S01JQ0hwY1hhSjV6OGxHWVliZzgyb2VheHN4LU9xc1NXcEtBWWxWY3k5Y2tqV1FTTy11OTUwOUVBN3RGOGZ5X3V5aGQ4cHc2WXg0TURlbG9LbWFvdG56cGFiQk9fX2RLbzUteHR4Mk1SR3dDVGVLYWpYWGEwNA?oc=5,2023-08-24 15:13:10
depreciation,Investment Property - ecovis.com.my,https://news.google.com/rss/articles/CBMiggFBVV95cUxOUkxkTjgtN0VZdnl6b0hJV0p1ZkZyTFBFREdCaVpESjBlbzMxWVlLQWFNYXVJMWdNR1pndVJBdk9uaWRGQ1kzbDZ3RHZnX2JJZTl1MFJlWUwyWTZqb3pnaEJuVms1MnhLTGduOGJ4ZzRveVlQQkFmSklHYnMyc2RjX1N3?oc=5,2021-09-02 21:23:45
depreciation,Page 108 - EXIM-BANK-AR20 - EXIM Bank Malaysia,https://news.google.com/rss/articles/CBMihAFBVV95cUxNSEVDa2pScEJNRU1NanN4QVNyc3ZickdPdElBXy1VVkg5aDlPUUc0WXVKVjRySlRFWDdGUTMxWDRlVGJ5QWlQT19IRnVwOHRzUm9kZGRlNThvLXFjMzI4eUJSZkFnR1FseV80YnFQd3EtSTBieFhTR1Nybm5NdUtyZ19uUEY?oc=5,2022-10-04 12:52:46
depreciation,MASB 14 (Dep) - Malaysian Accounting Standards Board,https://news.google.com/rss/articles/CBMiUEFVX3lxTE9iVlRjMElyY2wwSGxMMW8zUGZkZUhFWWFUSUtnMHBmM3Nidk9kY2tUdEhla0ljZW1ncGxKc3RmN1gwRmppdFByUnFsVHRfR2hq?oc=5,2022-11-12 06:14:21
depreciation,Fixed Asset Management System - amr.my,https://news.google.com/rss/articles/CBMiZ0FVX3lxTE80NHg5Ujc2dWZfTVZTQThnY1hNY3J0RXhVTl94Vnl6a1h4VllrYnY0aWI2NnVFdUc2N1VRaElxMkZkdmlmM3hHUF9kbFBaTG9nOU8xajJLZnI0dURwbjVfekRHY1UxLTA?oc=5,2022-11-18 23:09:08
depreciation,Accumulated Depreciation for Fixed Asset - Introduction | SQL Documentation,https://news.google.com/rss/articles/CBMihwFBVV95cUxQa3A1SmtMaHA1VjR5bjZJSUxMYVZpRnB4eHZ3aFU0N2l4aVJucTdHa2JLY0NOdUUwaUdwVTBwX1JfNEs5Rkt1eF81RXlIQldvbXRBUFZCSURkdkVaaTRXZ0E4REhybmhVSkNVaWs1WEk2YzdBYnNULUlqSjA3aHVvYTU5RjRkbUE?oc=5,2024-08-12 10:19:24
depreciation,Asset Accounting - erp-systems.com.my,https://news.google.com/rss/articles/CBMipwFBVV95cUxQVVFNLXpIcWpHU3FRaWlmTEVYQUdwYXdUV1JiVThyX2liQ25KOFF1UWVpZk80ak5oTlVBSTQyQldPa21HTkZpNW94ckVZWkhadDB6ZDZaMnA3QjZQMndnQWZ5d2ttZDZMb0lMRzVZYXF5OUpONzNpY0RIZUlFMmNjQXo2ejhRb1AyVmdjcl9FMXU4NzhESllpSXB4OGdYVW8wRklWTHBOcw?oc=5,2021-10-07 17:58:17
depreciation,IPSAS 17 PROPERTY PLANT & EQUIPMENT - Jabatan Akauntan Negara Malaysia,https://news.google.com/rss/articles/CBMifkFVX3lxTE1pdXozQ2NYeUVWNzBTYnQtYVk0SGowOEpQUTMtd3M2NnZxbjFpWUxGTjZuVnVzdXZzYWxfY3ExRVdCS1lEWDlTX1lWOExPVG1hM1RZaXBBYUpFV2w0cTBPVDV3OUVqbHFVeTVZOGNESVlqWmFmWXVLOUl3MmdYUQ?oc=5,2023-08-11 08:41:52
depreciation,The Ringgit's Rollercoaster: Navigating Malaysia Ringgit Volatility - StashAway Malaysia,https://news.google.com/rss/articles/CBMic0FVX3lxTE43d0FmbTN1cDV4NmdOMXhvU2tVY19oOGRUa0xRMzVlTGc1dlo4dVpyLVZqY21yRmFjUndLcEFucllCOUJ3UWVqZkE0TzlpVWQ3NUVuRFhNVW82c3B1d3dndFpQRjEwVUJzbzFYTmdualdfV0E?oc=5,2024-04-26 07:00:00
depreciation,"Audit, Tax, Accountancy in Johor Bahru. - KTP & Company PLT",https://news.google.com/rss/articles/CBMid0FVX3lxTFB1R3ZNZ0IyZVBrZ1BvYThrcGVBRUtZSXBfSFdmWWJZNWNqbnNUbms2LWhBMzZ1VkxFblVmMXZRYjhsOHBUSDAwTC1qMF8xakwwbEFmREZKcHFpc2hxU3kwTWFoT1VIMkw3cGxRd1VaNHY2b3A3QTVZ?oc=5,2022-06-21 07:00:00
depreciation,Economic Report - MIDF Malaysia,https://news.google.com/rss/articles/CBMipwFBVV95cUxNckh2dE1ZMWYzOHp6N2V1YjdZeFF5R1RGX0p2OF91MkNDLVdQamhOLUNiOENVT2JjeHRhS3U1ZlMySHZtYVZFNmhDSTlXU2Y3WUN5MlZlOXBGTTF5UFJJRTZmMS1fUGxweVpncFVTczhiZXFfdG1tM19RVFdxREpTdjNfaW9RUnpheWJmRkRjUnpTeC1WMFBxN1p3c3g3S3VmbkpxcC1mNA?oc=5,2024-01-08 08:00:00
depreciation,What Would Happen to China and HK Markets If Yuan Breaches the 7-per-dollar Mark? - ifastgm.com.my,https://news.google.com/rss/articles/CBMi7wFBVV95cUxQME5nSUMwVG9oRjF3aEZTVW9IbGlydWJQRm00QUUzeDdtVGVtdXZzOU5oUzRONDJKaEF4U0tMdUFxV054X29kVzVBdl9HTVRGQ2lBUVAybmZWTU9SRlc0MjZrMUxnZ1E5TUh1VFhvdGtIS2k2czFLcWlSeklZWGNGd3VDcDZxb1ZFVmlHbmNfMHFwVy1GWmMxQXNjNWNjRkFrdzdjNTROZkh3UGt0VUZTb0g1R2ppSlAyeE05LXloajRBUWhWWWNtQ0VueVJ0ZEFWdmRhMF9aVldhTEgtSHltQnphMVdxUUQwSEFGLU9ISQ?oc=5,2023-01-14 06:34:59
depreciation,"Property, Plant and Equipment - Malaysian Accounting Standards Board",https://news.google.com/rss/articles/CBMiaEFVX3lxTE9uY1l6Ri1YT3FTbGJRQmlCR0M0VlptdUtsdTNtNk5xeHdSN3FtVnFiRlJpLVNpN0E4T3FfbWlNeGRuN0hYNTJ5eFdXdDkwVmNBMFZMNnlmdXdoRjdLbG9xUl9FWDZyTDBZ?oc=5,2021-04-27 20:22:08
depreciation,MFRS and MPERS Common Issues on Investment Property and Property Plant and Equipment - Accountants Today,https://news.google.com/rss/articles/CBMiugFBVV95cUxOcmYzX1VEVS1ELVFEbk5Wa091OFB0ZzAtVmpHaThleTBpMDBmVnV0elQtbXlUeXplSHBvUEtPTnloU3h3VF82TXVNYjRyY050REFyVlJOd1phQzNrQU4tTVlsczhNb3AxaTd3MHlDazMxS2U4RFhLZDBidVR3ekpkRGJObl9JREZiVkYzUmxfQTd0d2ZlbkRYUHJoa05mWGlBZmVZblBWQl8zNklNUV9vUEFpZnBacFA2S0E?oc=5,2023-08-17 07:00:00
depreciation,IHH Annual Report 2023 - INSAGE (MSC) SDN BHD,https://news.google.com/rss/articles/CBMidEFVX3lxTE5QeXFsLXJEMGw2R0s3aVFESkNTaG5rZ1phczU2RkhMNVI0ZHJ1T2JydzVweEZXT0VsdThWQUg2ck1fWklXQ29Na0s4UlE0aGRiYjJUSDItenVxM1pVZG1mQ0xJZVlqckhkaS1FM2hCRWU2X25s?oc=5,2024-12-24 08:21:56
depreciation,Insights into MFRS 136 - Grant Thornton Malaysia,https://news.google.com/rss/articles/CBMi5AFBVV95cUxQeWhCUlRpMHNRSDlZMmlyQmpyTGEzM2NwNEdZeTVzUGVUeHBkV1RPMzZ0VncyUTVhVmdJQ2VSWm0yczd1aTRGQjhNTy04OFE2aHd5Sy1KdDItYWtpS0Q0RGpfdU9kWTNXV1pnVDNhejBMUjFIemx1bEZoZUtmc0I5WGtJTWZFMmx4SWY2TUhlTjllbXZUUV9MM1RVRWhEbnRoYUdadkZYT3RGMTVlbWs0cHRQbWF3bElNQ1R4WG1SOG9ZWlhvWkJraTk5b1JKS2FDU3VGZXRXWE5CMm1BQUdyUmFmQ0Q?oc=5,2022-05-12 11:07:24
depreciation,THE EFFECT OF NOMINAL EXCHANGE RATE DEPRECIATION ON TRADE IN ELEVEN DEVELOPING COUNTRIES - Universiti Utara Malaysia,https://news.google.com/rss/articles/CBMibkFVX3lxTE9QTlRKVXdjb1hYRW5oSjBwWExzS3kxaFd0TnpyYUhOQWpOVWx1cFFXNXBMX0ExSXBFaGJhaGxJaW5pSEVJb3ZqY1RrRlFjaTMxSVlfb2NUT09qZF9YRXU5Um5CRFlNZGhjUWhIQ1Bn?oc=5,2021-09-07 07:00:00
depreciation,"Audit, Tax, Accountancy in Johor Bahru. - KTP & Company PLT",https://news.google.com/rss/articles/CBMiVkFVX3lxTE9FTjdWMDFLRUlhQXl4OV9JcG4xYVFrRjdMWW9ST0xpaDlWWktDeDlJZ05tdmR0STl2U0lLLXhKdjNDb1RKc1JaaE1GN01SX1pXNkpTdDN3?oc=5,2020-07-30 07:00:00
depreciation,Capital Allowance Calculation Malaysia With Examples - sql.com.my,https://news.google.com/rss/articles/CBMibkFVX3lxTE9jcVJONnhKZF9xRlRxV3JzLTd0VWhkdjVDOW1iLTc5ZEVubWYydFdMOWo2cEs0MzNQSDVKTFFaQ244dVdHSDVBQ25fcWJMOG1qUWpUWG13NkVVU3BWSDctRXN6R2pPdFhWU1dHdnd3?oc=5,2022-03-09 00:08:28
depreciation,Page 107 - EXIM-BANK-AR20 - EXIM Bank Malaysia,https://news.google.com/rss/articles/CBMihAFBVV95cUxNNzVzbnhTcWxfdUVYbXhkOE9mT2IyWHJGMVhIcWl4SnpRQkJad0dDZkY3YUlJbG9BSFMxVlZRei03QktnOEstSHRhU0lLM2FJU0hNRkxPbnN3Qld6b0VGcHMyR0RwMTl5RGdMazFiaVdmUUoxUVFpWXlHM3lFMm9fTjMwbFg?oc=5,2022-10-04 15:48:39
depreciation,Telekom Malaysia Berhad Maintain NEUTRAL - MIDF Malaysia,https://news.google.com/rss/articles/CBMixgFBVV95cUxPS2VLbFkwVG5nVnNxejRXTE8yZ0dPVnp1Z3oyZ3NDd3FVMkQxdFlrXzFxeEVORGZVbXZKRm4xakxsb3JFV092NWVyMjhnRlV2ME4xMjZDRlBWYl8yc0FEbHNuUWV2UGM3bkRKRERINnVJQXpXUnFvTEJaMWVRN08wakUtS01qWlBnbUdFMUhuUHV1bHFXdUFjRU13N3Y2VE9CNm05VkFHdl9zNGpTUFUwTGhucXpjWTgyVjlUNVVOVk9zako2NkE?oc=5,2024-05-31 07:00:00
depreciation,"IPSAS 17—PROPERTY, PLANT, AND EQUIPMENT - anm.gov.my",https://news.google.com/rss/articles/CBMimgFBVV95cUxNMk1OUzd1ellRbFUwSmwwc2Z4LU9HODZyNWpEdEhYWmtUVXhvMmctalh6VURiY1kyUGNFSnFqLS1nUUpvY1VieC1zWmdFU3kzdUxzRjBNSGN3aFFrSHJfSUtkTFRUaFZ6ZVBYMl9YQmNuaDRybFdpSnc2Mk1OZFVUQ2E5QWZDb3E1SThwVV9uWFh2cGQ5S3pXeWdB?oc=5,2021-07-13 18:55:46
depreciation,Import-Asset Master List - wiki.sql.com.my,https://news.google.com/rss/articles/CBMiY0FVX3lxTFB4ZnZTU3JmRmlpRUJIVUNEaUIwNjdySzdsaTRTa0tzZ1RBZFVnd1BBeXpqNjBFLTEwbVNnOUpfZGhJb3hhRFRFUkM0RDF1d09HdmVLWlRMTldWUlJuckVRVHUwcw?oc=5,2023-09-29 07:00:00
depreciation,Untitled - Malaysian Accounting Standards Board,https://news.google.com/rss/articles/CBMibkFVX3lxTE5wT1lqTDBZbVhZUTFTT21KRGJMUkx3SEhnNjg4cDA2LWJYUUdkQVE5dFRDdVpHRTdIeHJsVi1WTE9aa2FUMXV6eWFISk1vSUxBZVd5cE5PYklXTFJYMm5ILTBrdmwxdkV5OW0tc2Rn?oc=5,2020-08-18 06:17:08
depreciation,Page 50 - eBook Audit Of Financial Statement Components - Politeknik Kota Bharu,https://news.google.com/rss/articles/CBMigwFBVV95cUxQN0dQendjVHJxYmlvLUZBU1E1TG9ncTdGYTVYYkswT0JYdzhwY000eTluSlVXU3owdkcteTkwVm9HdmZ6Y2FpR3ZzUEtPNHdjVVRReEhCUFI4UVpnUjE0SVdyN1NybVNkX3VTemkxTjZZMDVWX1Z6eXdRb05MaEF4azZnRQ?oc=5,2022-03-01 16:47:30
depreciation,Untitled - rism.org.my,https://news.google.com/rss/articles/CBMiogFBVV95cUxOTWZjQ252Q3JHZFE5d25BaVFMRWg5SzIwQTNxVWVza3NOSjg1cXlEdnZIME1obS1nd0V2TVdWM1VJdnQ0U3J0YThoUmZFb3hmUWNFQ3lYSTVUWXl5ZHBWMERCbTJNcy1fMW43WG5QUmxnQjJ5SktuU3NhbDZXZ0ItR05VRUpqNG9NSm9FaTB1SVF2YnVHMkNSMGRCOUEtMlZwWUE?oc=5,2021-01-04 15:05:05
depreciation,"Ringgit depreciation driven by global phenomena, not failure of BNM’s measures – MoF - Portal Rasmi Kementerian Kewangan",https://news.google.com/rss/articles/CBMi0AFBVV95cUxOdzUzTWVzMnAxaHNjdGIxVEdaSnJDRmxuaXNZTUN2QUpBZHN5TXdjOHBGNGVVRFhsOGxXbUZGVV9fUGttX0J4OF8yVGhBVmRVWi1yS0xNOXF5Snc1SnZudkx0a3AySE1RNUkzVnNWdE5vZHN6eVJLT08wNkdjb0RLQjdkU19VZ2FBaVVrQ2VBX1FiRlNITjlXVk02M0I0eWQwZlRIdmRqampPQ0ZYcFpraVVDUUZ6endEdG01OGtPd0NlMlAtQ0w3ZUdZelhma3E0?oc=5,2023-02-16 08:00:00
depreciation,MASB 14 Depreciation Accounting - Malaysian Accounting Standards Board,https://news.google.com/rss/articles/CBMiZ0FVX3lxTE9URm1YSlF0SWtEbVNNY244NjBPeDRVTkYxYnJCQms3cXI1Ml84b2ZBNFM1TjJKbkh1VDZpZW9KbW51WmJleTZTYi1MdS1qVkpRbi1SU0JVWE56LTdqTjVNWXlWLTYzSHM?oc=5,2020-08-08 04:42:56
depreciation,Car Depreciation Rate Malaysia: 8 Important Factors to Consider - Qoala Malaysia,https://news.google.com/rss/articles/CBMigwFBVV95cUxNaFJOSXhUb3pkNG5KSmkzSkpxQ2JFd05HanNRakJBSXNHOE8wV3EtOWF4WEQxdEhzYVBfTmhDLWdNUGhsNThyU3JLMzMxbVdNcFlMQTZvVUJ5MXhCRHE4dGhETG81cmRpZ1Bna2FHb3JiTE1xMU9WOUJQc1ZDMFh2Qk1Gcw?oc=5,2024-07-15 18:36:57
depreciation,"IPSAS 17—PROPERTY, PLANT, AND EQUIPMENT - anm.gov.my",https://news.google.com/rss/articles/CBMijwFBVV95cUxNTl9QRlZPU083MF9JdGNBcmtFS2hNbzEyNU55RDFxWTNZcDR6b3RWS2xXR295Z1kzdTZQMS1VUEhIckliYWhHYXNRbjhJbzRrN3VCNmJRMDJRc0RoOHhUaTlOVHVfaXhOWkJKTU04TWtFZW9MRlljZUxwWDFVMUhfU245bnAteTRXWk9BZ3lUWQ?oc=5,2023-12-05 00:55:06
depreciation,Economic & Monetary Review 2022 - Bank Negara Malaysia,https://news.google.com/rss/articles/CBMiREFVX3lxTFBEVEItaVRyby1uaHZTUE1fTF9SanBnUlJEU3hYcGFNSHJubjI2aFlJMHhDNjFqU1RLRzlqWF9MaEdfc2NO?oc=5,2023-03-30 07:57:02
depreciation,How to process Asset Opening and tally with the GL Maintain Opening Balance - wiki.sql.com.my,https://news.google.com/rss/articles/CBMipwFBVV95cUxOdEtyaktvM2Nna2k3TDdGZk1UOGhDTFV5ZF8yU0pnNm1PQkZNenVmNHVoVTlmYUs5cFpJdlQxa2VXdUp4QXVBTkJMaldsZkFLTlBoOUVnc0FvOHF5c1hPVjdCenhwUERpT1pwYUtKRzZ6Q3B6eHpMLVNqSVpfczMtaWJyQWtOS0ZSY3psVTZxZWU5cFRUR2tZNzZmSUV4QzVuam16bGJSYw?oc=5,2022-12-14 08:00:00
depreciation,FIXED ASSETS GUIDE (For Financial Reporting Purposes) - INSAGE (MSC) SDN BHD,https://news.google.com/rss/articles/CBMiqAFBVV95cUxPUlVRM1g4M01GWlpyWDhkdDg2TzhEU2hPLVFZbDBrUmxTaUJtcFZOYUNWenQ5UXZYZ0hkd1RzNXhIc0xMZEx5d3RuU19JelpzaHVBZ044TU1FT0o3b2loUjBRLUo1OWVoV2RYdnMzWWRqUzBmQTRFdTVqRGNldHVMYlVoeHRXVDJ1TWEydXVUamoxT3BFektTZjZPT0c5Yk5heGlSUXdkU2U?oc=5,2022-07-20 15:41:38
depreciation,Worried about Depreciation? Here Are the Cars with the Best Resale Value in Malaysia - Carsome,https://news.google.com/rss/articles/CBMinwFBVV95cUxOUWY3bV9YbGRxV3FkaVNpcWt1Z1hRMU1YcWV1dFVtMHZjNko0MkxtaTBkTS1uRUNfWG13ZVdpb0dEY09XLTdJVmdHS1lrcW42NlZPdEliVW1nWmN1bzFkWnU4SFdxaDdJc2xFTGg3NVdsd2NiWFdQUkd1LU5sWVJCU3lQV01LSVZmTC1mbERrV3ZnWG1IekZZTGJMa0RBbkU?oc=5,2019-11-05 08:00:00
depreciation,Example 2 - Deferred tax assets and liabilities-MASB - Malaysian Accounting Standards Board,https://news.google.com/rss/articles/CBMiVEFVX3lxTE10Tk5Ua0tsQnpSWXdMSjM1WDFZY0VXSFprd0Ftb05UTlpRTlNrMzA5U3B5bHk4VXdDMjM1NndGM0RCTjJsek00MlVEWnV6N2ltOXYtbA?oc=5,2021-01-21 11:07:07
depreciation,General Ledger - Introduction | SQL Documentation,https://news.google.com/rss/articles/CBMiZEFVX3lxTFBTc2RYRW5nZnloempwNXRNdDFRb2R3bHA4UjZodWhRSzFlekE2SDlNSm9FSTRUVWpSaGlkQnljVTlsMndCMzlBTkhKZFd1RzRWelFVV0xWd1FsbE9jM2xSYnhOM28?oc=5,2024-08-12 14:54:15
depreciation,Asset Disposal - wiki.sql.com.my,https://news.google.com/rss/articles/CBMiVkFVX3lxTE45ZHJJOHFmdHVVMmlCbUxYNVpYS0dOSXJNYk81VVZ6dVpqU1MwWVJiT1o3RzQ3UjVJeG03UHVad2VmN3Vtel9IcHRMWUtHNkU5OTNBNnhR?oc=5,2022-12-14 08:00:00
depreciation,What is Your Car Market Value & its Depreciation Rate in Malaysia? - Carsome,https://news.google.com/rss/articles/CBMie0FVX3lxTFB1MGZNaVpiSnhrY3I0VDFuLWd4RG5PSE1JSjB2Wl9ZWVAtbHZKbXczSVI2cHl5aHVuSzlkdmN1Wk0xUjdCSU95YXg3Q3h4M0g0RjJUMmFMQXdOSmpJLWpqTGhrYXhrOVVLZ243UjZPaUJSLTlGaUVLN1BLMA?oc=5,2021-04-01 07:00:00
depreciation,3 Key Difference Between Tax Capital Allowance and Accounting Depreciation - KTP & Company PLT,https://news.google.com/rss/articles/CBMiiwFBVV95cUxQREJkX3lZR0J6Qm1vSWZHOHBKN2ZwYWt6S1FscW4wR2xGcFliVGVmdWdsUXR3WmlKWlhmb3VLVU5Ick1jakFxWWxVZ1drTkhlbF80bkM5MjR6VUduVGJtX3RPNk5JTi1OWHlnOHRDdEt1MjMtLW5Oa0dYcG5OUmlwOXpldGpmRGdWUU9B?oc=5,2023-02-08 08:00:00
depreciation,Car Depreciation: How Is Your Car Value Calculated? - BJAK,https://news.google.com/rss/articles/CBMie0FVX3lxTE9ndVMyVFZBQllITW1rdHVNbmxCVi1pelRDMi1Ea1owNGRiMzZqc0NxdjAybVAtQkFiSU5NRmhvbEtleV8zdW5RMVZEQWYwcjlFeUdLU2RzS0ZKZzF1RzRHTzJvNHZhVzRrbWxfQmxka0RIaVZZU0RJelZvVQ?oc=5,2022-04-21 02:37:15
depreciation,View of On Malaysian Ringgit Exchange Rate Determination and Recent Depreciation - IIUM Journal Publication,https://news.google.com/rss/articles/CBMigAFBVV95cUxOSlhEY0J6c2JzS1pkNjN3MTFSY0tMaDE0elBncGprZWVvTUJmUDZrYy1fRXAxV21oN2xBbUFGcEtvYjVnanZRNUlFaGk3VGtleDN0dnRSNUpTbldiYUw4ejk4UlQtX3F2VXNBWnduakxFMmdmSVFtV2VuVjRLbmludg?oc=5,2019-03-14 03:35:04
depreciation,Fixed Asset Management - Century Software,https://news.google.com/rss/articles/CBMiggFBVV95cUxNYVZMT2lEN3BlOV9pWVVHWDhvZ1ctZERXaF9za0dsSnk3SGJNSGNfUHNtemVmM0NkNEVYYW9nTjVGSVBrYzF3RlV0b3hxekxVQk1HZWNxNE1qald0dmZ1TmFDZERZeHZyVWRiN1VjYTd1QjRZOGFFbWhHMzdrTnpTSzZn?oc=5,2021-12-31 16:04:03
depreciation,ON THE MALAYSIAN RINGGIT EXCHANGE RATE DETERMINATION AND RECENT DEPRECIATION Yusniliyana Yusofd - IIUM Journal Publication,https://news.google.com/rss/articles/CBMijAFBVV95cUxNLXZHbUctb0ZJX05wTk9OcmhhZVh6dXdjWWhsOW01TEFZS2RDblBPTW4wVDZYQmJ1MF9SbXI2dXFKeDlaOHpRUmVxVW1kX1ZCNFJSSXFacFFKZ2w1em1xekFOVDNVb0V5N3AyUDVoRG1XdjlCYklTQ2xXbXZtYUZSZ2w1VGMzS0lRMFhWYQ?oc=5,2020-03-26 17:23:13
depreciation,2 13. REPORTING ACCOUNTANTS’ REPORT - Securities Commission Malaysia,https://news.google.com/rss/articles/CBMilAFBVV95cUxOdUQzTmtXcEFkcDg2ZEE3T2FHdGZBbmRrXzRjYjI4VEkzdXF5alQ4U2pJakEzRHZRMlZOOHF0cTJFTmdnQ1ZuTlpLZ2ZoQlJWSll4T2hxd3hBZnJUU2s2TUs4bUxaZ19KZ1BKbzZZekFsWkRaelZfRG00ZTMtZmVuVFppb0xsRTVpUUFQRV94b0ZTMUx5?oc=5,2024-01-01 08:00:00
depreciation,Maintain Asset Item - wiki.sql.com.my,https://news.google.com/rss/articles/CBMiXEFVX3lxTE5fdDVGM3dqcFZja3pYUTF5VDJNRGdvU0Z5N1BvVjVIVHZ2ci11MmtpSzFrTXlUbzlFUHZNemt6empYbGZDUGxJYW0tWDNXNzB4d0NtMDVENEZUU1dp?oc=5,2022-12-14 08:00:00
depreciation,10 Factors Affecting Your Car’s Depreciation Rate & How to Maintain Your Car’s Value - Carsome,https://news.google.com/rss/articles/CBMibEFVX3lxTFBfaDdvbGRFWjdYV0lWaVo3WFhiNzh4QzltS19seXBDTVFtYnRDdlBZb0YwdUllbmNVYzVwS2V0alBqclMyQ2xPdjliVDV1MGVsQTFYMk1YYVdiUWRFTkZrUndKTTFOYU4wLUVmaw?oc=5,2022-10-13 07:00:00
depreciation,"Financial Reporting Standard 116 Property, Plant and Equipment-MASB - Malaysian Accounting Standards Board",https://news.google.com/rss/articles/CBMiXEFVX3lxTE1SUnpSMi1heE03eHM2RjYzRkJkaHVWSllaYmE0Ql8wWmFwRUs1S2s2d3F1empzOWIwLWhPYTd5OXZxQXNkNFN2RXo1Vzk0LW1iel9XSVBjZkJod1FF?oc=5,2021-01-20 23:32:23
GDP,Home | HRD Corp Official Portal - HRD Corp,https://news.google.com/rss/articles/CBMiO0FVX3lxTFBVQzRaWUpWa1pHY3hkZk9rbkZ1aGxSS0RHM3huazBsOVlScmREeW1iR2NCQWRKWG85NkZn?oc=5,2021-03-28 04:50:14
GDP,"Malaysian Palm Oil Board – 6, Persiaran Institusi, Bandar Baru Bangi43000 Kajang Selangor, Malaysia - MPOB",https://news.google.com/rss/articles/CBMiN0FVX3lxTE9za2J0Ykt1NWVqZUNBM2txeXBiV3pMdVM5Y1dsaVhsZ3pNeTZ4ak9ILTk1dHBOLXM?oc=5,2019-05-10 17:56:34
Budget,EPF Malaysia - Safeguard Members' Retirement Savings - kwsp.gov.my,https://news.google.com/rss/articles/CBMiQEFVX3lxTE5DLTR6RlBNRk1NNGdCYUZ1T0dLc21BRW42QWNPUGQ3ZV9mbTA1R1luQUxjaEVvTHdOaGNmZTdCby0?oc=5,2019-05-26 04:08:41
Budget,Employers - MYFutureJobs - MYFutureJobs,https://news.google.com/rss/articles/CBMiYEFVX3lxTE9mVkFSRkY5UTk4LXZ1VmxJbXpaejg0ZHljNzVrNTJkRWxfMlJfQkE2Xy1mVnJ4dnNzcFliLTlTTFZBNDdJOUJJdzUxY1IwUWdReUpaM2xVSklya1JORUFPMA?oc=5,2024-03-17 23:34:06
Budget,TVET Madani - TVET Madani,https://news.google.com/rss/articles/CBMiPEFVX3lxTE5pLXRqRlR3SDJpSjUxRzJHQkl3Vk52RjJOeEVIMVJaYVZjYkhHa1RwYm0yeXZMRHJwMUstYg?oc=5,2023-04-18 07:12:12
Budget,ESCAPE Penang - ESCAPE Penang,https://news.google.com/rss/articles/CBMiPEFVX3lxTE9vUC1SRHZOWlNIR3o4SGhOX05CdERraWpMeVlSM0xPc05WOEI0Vk5wVkZrVWZkQW9ITE5tYQ?oc=5,2020-11-03 10:04:36
Budget,CelcomDigi l More Device Savings For You! - Celcom Online Shop,https://news.google.com/rss/articles/CBMiRkFVX3lxTFBZc1B1UVdsWW5XYkJwVHpjNDdLX3ZDNnZFQklRVndxSW5vR24zZlh5eHFpYnBDNzlZMGU4b2drRUhLZ3hKVUE?oc=5,2020-06-19 00:27:24
Budget,NTW Malaysia - NTW Malaysia,https://news.google.com/rss/articles/CBMiUkFVX3lxTE8tSXFhT0hMUmtVTFFhbXFpeDNpWkxHWlZ5OS1YdkFvRElQSFdIazlBVDAzUTdnczNQMUNVT2JKbmpfN3FLYzBieF9rTEJLYlhVRXc?oc=5,2023-04-17 06:51:46
Budget,Motorcycle & Car Insurance Online Renewal within 5 minutes - Pos Malaysia,https://news.google.com/rss/articles/CBMiQ0FVX3lxTE9lcGItajNBaDhlUzZURlpDajFaMWxtS2JPT3VkWjVSbjJHa0ZrdTdhbGJJazJDMTRMbkZLTEMtN2d1TVk?oc=5,2023-08-25 01:48:26
Budget,Contact us online and offline | Help and Support - HSBC,https://news.google.com/rss/articles/CBMiR0FVX3lxTE5tWlRGZXMwaFdsazMxYWIxdDI4bmU0YWo3dUliZkdyS1lJZDM5aEZPUkl1WFhvYW1jSzVzVkZvRS11WmtpemdB?oc=5,2019-08-12 08:49:32
Budget,Malaysia Press Release 2024: 2025 Budget Statement - Funding Societies Malaysia,https://news.google.com/rss/articles/CBMickFVX3lxTE5MeFFqUVNuVHhkTVE4eXdkdnJ6Z2pDME9HV2lieVJJb0NDQVlPczNkX2NwMWZhbWgwZkdwMGZrZmNPQjBCdFplcFAtX3lkSXJ0Q3o4XzRwWk9mVVFlVFB0SU9OT0FVc3djdlZzek5KLWpwQQ?oc=5,2024-10-18 07:00:00
Budget,Budget 2025 Accelerates Malaysia’s Transformation in AI - MyDIGITAL,https://news.google.com/rss/articles/CBMijAFBVV95cUxORGo5ZHVEUDVWc25icERYcmplTk1wX3dqS0ZDZlR6V013RmFYdzB0d1dPanFubDdqU3c5czdJS0Zha2REYkJmaUtYV19PQm5LZVY2bnVIMjEtUHViY0g2TUZlZndtZlJpbW1zTXppdnFDaFpTcjEweXZSQkRqODhsMWxEMEFTUVJrX1MtVg?oc=5,2024-10-22 07:00:00
Budget,"EXIM Bank Malaysia Lauds The Government’s Budget 2025 Theme: Revitalising The Economy, Generating Change, Prospering The Rakyat – EXIM Bank - EXIM Bank Malaysia",https://news.google.com/rss/articles/CBMi9wFBVV95cUxNWHZrOFFKN3VDbnhhaF82eENQLWRkU0NRTlRRdzZLckdGemU1MGwzd1VVSGpJYmZzSy12ckZRbVM5QV9fVmZadkxuZmNwQ0N0MS02SzRqSEVmQ2JjdjV6NHZORlJmTHF4cVJkQzFGTGkyVzU2bVdZcGRpWUZ1bkd4bDhFWU55OFoybl9HNFlZYTBsUlQ0UnN5QXQySTd5T0U2RWtkaFBaMTFsMFJJdFJRMEhYal9HWWJDdEdwVWU0bGJ1VGdvQ3lwRkx6eU1qV0w4aHJhV3JfWGVDOG0wV0dhSTdGd3JuZUN0MG9SUGFFWTJLU3ItVnJN?oc=5,2024-10-25 15:42:42
Budget,Budget 2025 - SME BANK Malaysia,https://news.google.com/rss/articles/CBMigAFBVV95cUxQRzY4ZC10Zy13TmJMTGZoNTkydjBsSjkyNXdyYWJBeDl0VmdDTmVzN3dSUnBkQ0V3Nlc0cDYzRWFtVUppc08tSmxQc1hyaTUzWjFPZUZOQ1FFNkc1N1VzSWhnbGVfVjZiM2JzSTJwenowSWhOSzhob3p5Y0tYX2dxYw?oc=5,2024-10-21 07:00:00
Budget,Budget 2023 among focus of 15th Parliament Second Dewan Rakyat sitting - Portal Rasmi Kementerian Kewangan,https://news.google.com/rss/articles/CBMiwgFBVV95cUxPSWVZcmczVmYwZzRTU0o3OWdna2Z2c0xsbWRtaU1Ra09jVEFMZENtOWFlTzBMa09uRXdESllLT2VsSm5JR1hwX2hOOTZRMjBXVGxRYjdTVk1UcUttUERWNHB1S3VZeW5UUWRWNXF0VDgyNkhBSVMxSjN0NWVCR0dqeHJCZ2pCc09NR3RHUU5ldktoRzY5YTdrRWtiM1JDYmczR2RCbFFqd1E2VVc2N1EtVDFhSDNVb09ZQjluTGlFNDI4dw?oc=5,2023-02-11 08:00:00
Budget,BUDGET COMMENTARY - UHY Malaysia,https://news.google.com/rss/articles/CBMijgFBVV95cUxNX2t4T3NVMG9CeHV5dHN5MHpPajg5VEVxNzJIN1dLc2dlYS1BQlRkWWJ0QW8wakZIVGUtU0l4RVdNV2dJRGlWcjFKTTh3RnlyTGwtc3VnOFR5eEdlbUZSX3ZiZ3BiWGZYTTRMN29IbEVqRTUyMm5HdW1xeDdwRlNWbVJmbTZNQ05OSzlWSENn?oc=5,2024-10-18 07:00:00
Budget,2025 Budget Seminar - Chartered Tax Institute Of Malaysia,https://news.google.com/rss/articles/CBMia0FVX3lxTE5oYW5ZSmktZFo3SkhZS2NYYWJvX0llR241eFExclhjR2RvSkdZODY2cXVoblMwZ3NnTkJuS2pScmY1R3pVSzcwVnpzX0NFUXFhWFc5Smo4Q3p4U2ExdTFqbzc2VW5jV2s0cG00?oc=5,2024-11-21 08:00:00
Budget,BUDGET - The Malaysian Institute Of Certified Public Accountants,https://news.google.com/rss/articles/CBMiiAFBVV95cUxONWdfclBBYV9vYVhFUzdQMWg2Q1ZZNmtDLXF2WlZERmpfNlBQbkFjZGNuODJib0NqZi1jbVhuUmEyQWlwTG1ldjBaT3VxSkczdUpYSTNVbHVvODlrZ0J0SVdxdE4zY0RZQkJmWHAzS0FPM1lXUHZEdDdUYXFCT0F4WldBai1saUJW?oc=5,2023-12-31 08:00:00
Budget,A better budget for healthcare: The case for gender-responsive approaches - thestar.com.my,https://news.google.com/rss/articles/CBMivgFBVV95cUxOa24zY29IMlloNE1oTHhjLTR3UWxDR29sS09KM2E2dHNWTldUZGFrQkwza2NLaXZUSW1SMTljSm5vTndKUGRqVTNRY1F4RFB4STlLZkcxVXRkVFBKR3MxUDJLU29nTFFieV9vdmhDVElsVmhLQ19Kb0hibXBaSmVvQm5yOTZYaDdFQ1MwMmkxcEpkQThLVERaaTFiVHkwcnlGRUloR1ZNUGJTY3VFT0EyWEJMem5zMjMzaGpZWERn?oc=5,2024-10-13 07:00:00
Budget,7 Key Budget 2024 Highlights Impacting Fintech in Malaysia - Fintech News Malaysia,https://news.google.com/rss/articles/CBMinAFBVV95cUxPakZiVkZtei1mX0dDYzBRYkxCVHR5SDZuY045cjVNZURhQXJsOEFYV2syai1IeV9ET0pmTXl0eldQamU1UXp2NnFkajUxSG84QmtWb0hBVVdvcWIyeFFJMHNaWWphenJhb29wdmI4ZVQ0YzM2YkkyTjRGTGZoN2JhdWRZLWJyb3B3LXZuSmVyUzJCQTE3M3BPNDl1Nko?oc=5,2023-10-18 07:00:00
Budget,The Best Use Of Budget 2024 For SMEs - Cheng & Co Group,https://news.google.com/rss/articles/CBMiiwFBVV95cUxPaHpCUl9MWDROb3hjYm16Rl9jRklydjZPV1lnMjllWGdqWndiUEo1VnpESEk4T3JTZGMzQVJxSUE5aURsQjlhNmRmZ1lCQlpzNlBveEVVRGtwLXdhMzhlV3h4TmhOck9QRVJ0QUlJNjU5UU9ZQk1feGFsOHNCazVLQ2h6TVpZT1NTVmc0?oc=5,2023-10-23 07:00:00
Budget,Budget 2024: Gov’t To Implement Initiatives Encouraging Women To Rejoin Workforce - Portal Rasmi Kementerian Kewangan,https://news.google.com/rss/articles/CBMizwFBVV95cUxQNFpvV1NVU1JneUVjT21iNmU4clBXbU1HRWVBdWw4TG40VDAxbGY4UWc0TmlZMUNrX2hSRjB0ZkdKQnBHWC1WRk56V2Zoc1JneXgyOVNMM09jcnFCeGJOLS1CRHNLTmFXVGZPVlBhbl9BV3VDZUxLZkRia0o5SW9YYjJyTk44ZWpPQkprd1paTXZlOXYxM3hjdVVXT1NBeG5MMUVhbFAzTXllUUFLc0thSG9BdDF6RURxLU93MTl3Y3NoYlJuUFFMMVE1ekY2RHM?oc=5,2023-10-13 07:00:00
Budget,The Role of Trust in Budgeting Processes and Managerial Performance: An empirical study in the Local Governme - ukm.my,https://news.google.com/rss/articles/CBMigAFBVV95cUxNRXl1SU9LNXBJcnhiNDM5NzgzbGRGVUdDdnY1SVpkSkFTc1AtUjBfUkdrNEtDQVUxSUlLbkRlSzZGdktBY0VZN0FNbTEtTjc5bko2b1pCRERnYXJMMUhNNFFyb3JsTHJMOVFVRlNpb0d6UDQ1Rjh3N0EtSllFTEt3bw?oc=5,2021-06-01 07:00:00
Budget,Budget 2025: A Focus On The Property Sector - BFM 89.9,https://news.google.com/rss/articles/CBMimgFBVV95cUxQRGdOVEoweWZQMzV5NDRSY3g3YktyUmR3SzRFczZWQ0NwRW11ZjNWRGlUUnp6Ty1PY2NpSEdMN3ZNaXFHR2s1UUFScDZZMGotcDhOamkwTG5Qb0tIUVpOai1ucWw0VUlUM3RnTlVWMGc0MjFySzc2czVZOTJXSzVkdDVDLWZuWHpRVElGMlVLNFMyUU0wZ2hEcGRB?oc=5,2024-12-29 21:04:05
Budget,2024 Budget: Govt proposes for investment tax allowance of 70pct or 100pct - MIDA | Malaysian Investment Development Authority,https://news.google.com/rss/articles/CBMirAFBVV95cUxQRURhSmwySVNYMFZkX21SN1A1NXJCdWEyS3VBOUFmRXB3RTZ4NGNwMVVqY2dqWEtCMVdVc0lGdDZRQWRHVDVzNXlYX1RuX0duOGx6OWJCLVlJOWtXZ3VIVE1FSzQyb09VSWxLTG1GNUV4T3JjQUMyb1VRdy1FYkJjbVZQZzg0eGt3dGlxV0tyQlhESzVLVFVpZld0OHJBMG9qN2xlT25ZQXM5MVVz?oc=5,2023-10-13 07:00:00
Budget,WEBINAR SERVICET AX UPDATES & DEVELOPMENT (BUDGET 2025) -13TH NOVEMBER 2024 – ZOOM - Perkasa Malaysia,https://news.google.com/rss/articles/CBMirwFBVV95cUxNYkgxM09GbXVVdEZtZHFmTzhEV0NQbHlyM1ZoOHNGRmhRSG9EcHRfWUxVT1V5RzdZTUVWTVVJd1prTnFfT1NwYllIV3drUmt6SmNodGNZOUxyeUJrN1VYRzliZnB5c2NIek9YbS1KXzRNMzJLT1lvRWVKRWJyRGthd2tuOUt3a1hrb1Z6WlV6QzRCdTc0Ti1VT1R5WnFHRkdHaUJZTjM5bHp2WU5jMUEw?oc=5,2024-10-05 07:00:00
Budget,Start your personal 2023 budget off right - hanshaw.my,https://news.google.com/rss/articles/CBMibkFVX3lxTE96eUJYWHotN1d5TGhLOHd5MmNNNXY4UXl4ekZqX1J3eUQ3Q2g0dm9BY0pHMDE0NHR1el9DMHV4aDlGSkVZYm5mX2tuSTB5S2lJUjdwZDVqRDZQclZqLVdjUGZpalBrR2Mzak9fcUVB?oc=5,2022-12-22 08:00:00
Budget,GOVT WILL FOCUS ON THE SERVICE SECTOR IN BUDGET 2023 - Prime Minister's Office of Malaysia,https://news.google.com/rss/articles/CBMijAFBVV95cUxOVjZCcGlWMjZpS2pRUEZ3TzBwQ3JuYlNIa2pTNXEwV1IwdFRMSndtLTQzcmp2WnVoWGk1WGRDNVEwNzFSU2J4Vl9YYThDNjllck1qeml2NXJ5b2RUNGZ6UUNUQV9jdWVFUE56bnktU3dBZU9IRTdLclcxSFdEVjlsaGV2T1ZJRVIwanRsdA?oc=5,2023-01-17 08:00:00
Budget,"Policy insights into Budget 2025: fiscal reforms, social protection, energy and climate action - Institute of Strategic & International Studies (ISIS) Malaysia",https://news.google.com/rss/articles/CBMixgFBVV95cUxPakFKaGZzRmsyOGRBSW00NjZJUGJDQjNRLTRfUjlpSDM0TENQVGNMa2w1X19palg0dnFVZU1hdVJUNklMZUIyc1dyazJzVUc5WDF6c0c4U0FOSm94TkoyVmNqT1B0dkxydFczMU9fQXVQTFY5alRtckUyVUVjNTVvcElNTjloQl9EeV9zaHZ1Y0xBRHpRaEVVQkRpY1J0WDZtODM1blVKcDNncUJ2NHFURkVWTEtoRXpjbFdJTUdOclVoNGhEVEE?oc=5,2024-10-28 07:00:00
Budget,Fiscal & Revenue Budget 2023 - Portal Rasmi Kementerian Kewangan,https://news.google.com/rss/articles/CBMiV0FVX3lxTE9pelNBVGZEVnV5N1hSM3BkcVBEUG9HemF3SzRoc0Q3TVBmUkN4RTYtZ1BvZzFNc0NJb3UwNk1KWU45N3ZFZVZUZV8waVoxV0NTRXNNbURkRQ?oc=5,2024-07-29 00:50:17
fiscal,Financial Consumer Alert List - Bank Negara Malaysia,https://news.google.com/rss/articles/CBMiYkFVX3lxTFA2Rmt1LUhSaWhuVVVQSURZWEp0ZkxjNWRpbFY0OW1IVnhTTWhBa1FpcnV3TjA0SXptNEVzVGVJMEI0eVZmSE4yWHU0U29leHB5Zk1nQXM5OTBDZ0JGTHNGN25B?oc=5,2021-01-30 08:30:43
fiscal,More on AGC - Jabatan Peguam Negara,https://news.google.com/rss/articles/CBMiO0FVX3lxTFBHRjA0YXpXRndLMzJWSHNBMENidnBSazVzb0ZxN3g1ZVU3UFRHQkpobXFvVFVOR0N0YkxJ?oc=5,2021-07-25 00:37:15
fiscal,Media Mulia Sdn. Bhd. - Media Mulia Sdn. Bhd.,https://news.google.com/rss/articles/CBMiREFVX3lxTE1pV0NqMjc0OUhXbkVGWENVSEh1dDlnejlNdDltOHQ3cVJjTUZqWDF4LUpkSXQzSXZaODNOeHVMZmRjNlMw?oc=5,2020-08-04 03:57:46
deficit,National Summary Data Page for Malaysia - Bank Negara Malaysia,https://news.google.com/rss/articles/CBMib0FVX3lxTE1SVFNxYWRjemxYWGRpN3UxaEtuWm5pTDZVRmxCTUxQTHZpeDF2OVVOWmlqMldIMzlZNy1UQ0VIalNvYkZrTkQ0a1dPelA3YUF6TUZZYjA5S2pRcjhhTkgwS3RzdnRscmZfU3o5dzBOYw?oc=5,2020-12-16 16:53:48
deficit,UNIVERSITI PUTRA MALAYSIA DEVELOPMENT OF WEED COMPETITIVE RICE VARIETY UNDER WATER DEFICIT CONDITIONS THROUGH MARKER-ASSISTED BA - Universiti Putra Malaysia Institutional Repository,https://news.google.com/rss/articles/CBMidEFVX3lxTE5OVEp5c2Y5LTRvZ2tYTWN3TWtrWHZWb05XVkJ5MWNLc0puWkgtNlJ1YVZpb21sVWFjSjNXcHJfaTRvQU5TMzBwOTFxUElVSU5RZmhLWnVKT0hPSzFjMW9TNnZOVERYTmIzTFZ1Q1B0Mk1qNnRF?oc=5,2019-05-31 04:32:56
deficit,Target of reducing Malaysia's fiscal deficit to 5 pct is achievable – PM Anwar - Portal Rasmi Kementerian Kewangan,https://news.google.com/rss/articles/CBMiygFBVV95cUxQM04tR1hsZFk0a0stNmhRMEVxUDBkN0JjU25GMWI5ZmhHdTJSZTB1dTZsVVJ2bWtORVIwODJjLTNGWklmZ3duVlk3VVRoejhjUlJPT2JWcmFwcXBGdlFLeDFTcXlfdDd3b2RWQ01ncHVBSDVreTBnWkJYblE3TldjNFFKazlwNFVadTJWNGFmcHQ1UXotZDhQUmllUjJXU2JKcmsxQlBCWHpXZXNXbHVET21WUmU4QWtNNUNxWFhBSXhqdU1pRTA1OE9n?oc=5,2023-03-09 08:00:00
deficit,Classification of Attention Deficit Hyperactivity Disorder using Variational Autoencoder - International Journal of Innovative Computing,https://news.google.com/rss/articles/CBMiYEFVX3lxTE5lWUZtUFhzRUFkbkVfSWFZTHJiMUxFQW12LW9CRjJwaGJCdmhJeHcyUXdZR1JPUlBQbUU3ak90ZkgxRmd3WHFxUTRCdEgtY19WRmZiWU9ScExCOTlDNkhjVA?oc=5,2021-10-31 07:00:00
deficit,"UNIVERSITI TEKNOLOGI MARA IMPACT OF BUDGET DEFICIT, QUALITY OF GOVERNANCE AND FINANCIAL INTEGRITY ON ECONOMIC GROWTH: WELFARE AN - UiTM Institutional Repository",https://news.google.com/rss/articles/CBMiUkFVX3lxTE9FdW1TaV9zR1p4TVR1Unpzd3lqSTc2S3h5MFlGZjNHaElCa0szYU4waVNNQXRVNmVxWXZCeHVzdUNUckp4RVRwM0Noc2lfSVNfOFE?oc=5,2023-03-31 03:03:54
deficit,Attention Deficit Hyperactivity Disorder (ADHD) - Gleneagles Hospitals Malaysia,https://news.google.com/rss/articles/CBMipgFBVV95cUxNb19UNTZ1YVM0NFhOOXlFTFQweUdVbkVaTHd1WDFzRDgtV050ZFVzQVdHUTJiR1gxS2dQcVNkZGhtS2ZoSTh0QVhtZHZCQ18zd1hhckhLVy03THdyM2VfaUtkeEhNSWlTU1hYdWtvdHIyQVpTRV8tQ0ZEeFNRdERFVHA5QUNvVVgyYmxtNUVzekJtTkduVTVQb0ZSZ1ZaVHpycUdITEp3?oc=5,2023-12-07 14:32:57
deficit,Raising debt ceiling enables govt to finance budget deficit in medium term – Tengku Zafrul - Portal Rasmi Kementerian Kewangan,https://news.google.com/rss/articles/CBMi2gFBVV95cUxQWHJ3MEdfcDlTb1pHV29BV2FmUUlvSXd3UGJWQjRoSTBGdzEtaDdoWHVVeHczRktiazlLUE5YeGkyNndlLWdWTGRzdHhzTlZmTENORHRLMW1aMlNiVldJQ0JNMEExcmJPQkl6d211dkg4dHd2VFEyZ0hoQm5FclhLUEZRX3l0WEd2cE9JbV9VeERiWVAwMDQ0T0RSNmlEb2UzUklKeEJ6emxVV0txRGVWY19CVHo2VGlKQUZvR3BVVHVhNkI4bUljTVlGM2VUR3hWS2l4MEp1Q0dlQQ?oc=5,2021-10-30 07:00:00
deficit,THE NEXUS BETWEEN FISCAL DEFICIT AND ECONOMIC GROWTH IN MALAYSIA - eJournal UM,https://news.google.com/rss/articles/CBMiZ0FVX3lxTE9aZnMtSFEwbnRiQkE2RGR1MnNvNktaWHRGT1dSUVdOQzFQMUp5Q0pwbFM1TDZmQ2R5TVlfMFFYNk8tMDE1ckdnaEQ5aERDZndXSmhKU09pX0xkd2RqUlFWR1EyQ05yT1E?oc=5,2020-06-30 07:00:00
deficit,Attention Deficit Hyperactivity Disorder (ADHD): What is it? How do I get tested? - People Psychological Solutions,https://news.google.com/rss/articles/CBMiqgFBVV95cUxNQktrOWV1bVAxU0lUNDAyMEIya3BVUktDRW9pSHc5RXMyajhHS0pCZlg5VE9fOEpaY1kxcGplcmx6dUxaUGU3UGpsNkhDZFVKd1UwMUt1Y1BMY1ZOQ1RPSkZYeGc4OUxiU3N0ZThGbHVucXhUSlN1RHlIaVVIdUpVTzRsQ0JVcGZmZy1zLTJlanc3V2o4MEs3UmZjNUF2c2ZsSVh3YU9vOXRYZw?oc=5,2020-10-08 07:00:00
deficit,"Clinical, Biochemical and Radiological Factors Affecting the Prognosis of Neurological Deficit Improvement in Spinal Tuberculosis Patients at Hospitals of Sabah | Borneo Journal of Medical Sciences (BJMS) - jurcon.ums.edu.my",https://news.google.com/rss/articles/CBMickFVX3lxTE80aVAxdTJENWdtX1BxUV96VTNBQlF2T0JYckFidjNkRjctT1A4cVR6VVVZS0o5Q0VSZ0QxcFZBSnRNZTdVcWloWWNJQUdhbTAybDFSN1ZYRktOajBWVHNMMXUxM0g4OF9Bb19fUDBmRGNhQQ?oc=5,2021-09-30 07:00:00
deficit,The Analysis of Indonesia’s Current Account Balance Deficit of 2018 to 2022 Period - myjms.mohe.gov.my,https://news.google.com/rss/articles/CBMibkFVX3lxTE1Pbm5vcXhvN1hEbW5EaTF4V2sySW16QXZCU1JGNmh0YWJwSmlrTlBJLVpmdklCaENFVzdQZTdZNTRQUEZOdlRVeFRpbGNacWZ3ZnN3cGFTcDFEVGhNUVlJSlV4djBJWUJkX1VyRE1B?oc=5,2022-12-01 08:00:00
deficit,Understand and Manage Attention Deficit Disorder - Avisena Women's & Children's Specialist Hospital,https://news.google.com/rss/articles/CBMi5wFBVV95cUxNWFphSGxLcUlZOG1GRFFFdTlCZ3d4RzhOZHFRU1dUbW0tTnZWaFVfNW9ISUhFTFZINXNVLTBBakhxdERDb2Q4ZGV5VlcyVDFIMzVaVF9YY0JGeXR5dGgxdEpjUmVjSFVkbHNvU0hHZ0h1Y3FnY2JUcDNFUVlpUkktbHZqTXgxeGh4cmxNOXZ0MzJGRGRXWjd0X1d0V2pFVU15akdzaWVQdlBtcEcteUlxVkZkUGU3dlhWaFR4T2ZSeUs3dGVOT2otZ3NlZWhFcmRvY3ZCODJmdVdaQjFrS2xsT3VtenNNdnc?oc=5,2024-12-28 08:00:00
deficit,How To Calculate A Calorie Deficit In 3 Steps - myprotein.com.my,https://news.google.com/rss/articles/CBMilAFBVV95cUxPTXR4VVVSWGdDVXRlazdfb0RJOGN0QXVld1htdlZWdm5STXJGcm5mT1JJMmtLQ2lYNGstNmhxYXU3LVRtRWRCNkd2WkNmNFR1S1BDcVRHc0pLUmt3TnZEOWhCNFVxYnVSY1E2RDR2MHBpLXZncThOdmREOE9iREFVbF9sc0pjZXkzYTNjUXJ6ejR5MUxG?oc=5,2022-06-06 12:40:22
deficit,MANAGEMENT OF ATTENTION-DEFICIT/ HYPERACTIVITY DISORDER IN CHILDREN AND ADOLESCENTS (SECOND EDITION) - Portal Rasmi Kementerian Kesihatan Malaysia,https://news.google.com/rss/articles/CBMikAFBVV95cUxQeEk5ZDk1TlNmaUNpZHN6MU5iVXBJUDE2S1ZaVnpUMXQ1bG1NTEk1NFVybE51Qm1VcGRrbmJIRGM3N1lXejVIWXJDRHR1V3VtS1lPRDFRazNYVzE3M1Yyc2xjS05GRi1XVkVzVHJzQUxDVC1FV3V5MjZybEJTcFdYRGF0ME5jckZpUnAwRnl5RXE?oc=5,2020-09-04 03:28:55
deficit,"Oil Price Transmission, Deficit Financing and Capital Formation - - UKM Journal Article Repository",https://news.google.com/rss/articles/CBMiYEFVX3lxTE5DQ2hHLUdxaHFzSVhYc3hqbkFzRTJvTGtJM1hESU8xTDRhdE1wdzV4X29VS3QzdXl6S3F2NEFwZ19taXNKem41UkswLW8xVUlaQnVkWWNrank3S0Y3S0Z2OQ?oc=5,2022-04-28 07:00:00
deficit,Malaysia's 2021 fiscal deficit to hover between 6.5-7 pct of GDP - Portal Rasmi Kementerian Kewangan,https://news.google.com/rss/articles/CBMiugFBVV95cUxPbUtOblB6ck5ST2twREtzTm5aZF9Kb2pGZUNzT1B5WU16MXVBYTJXODRwd3M5U0hheC1Famhpemg5YXhrZFdwSThQSks2UVZxeHhvSEZLQjZxNXhTOFdQQk9BSTBGSkFDTkpxMWhPcVVMbGpRNkY3ZGh5XzFzZW53RjdzUDJyb3M2SHB4ekR0UVNKS1MxQUxKNzkwSmFrV0Vrd2kwclhPV0FLWE5MQmduUnRlZEVCY1YwclE?oc=5,2021-07-19 07:00:00
deficit,Evaluating Effectiveness of Group Intervention Working on Executive Function for Children with Attention Deficit Hyperactivity Disorder: A Prospective Observational Cohort Study - The Malaysian Paediatric Association,https://news.google.com/rss/articles/CBMia0FVX3lxTFB4Yld1UnFYYlNaa2h5US16SUJVazZnbWZpSlViVkt5bzIyQy04M3VHN1dYaGFjTlp4VTJpSnF5ZGJ5cVozVV9PSjktb3FMaGFpSHFmNEhGXzlBWnpRUHJyLTdWUWRYajFVSFk0?oc=5,2024-04-30 07:00:00
deficit,Psychoeducation and Family Intervention by Parents of Children with Attention Deficit Hyperactive Disorder: A Comprehensive Review | Journal of Cognitive Sciences and Human Development - publisher.unimas.my,https://news.google.com/rss/articles/CBMic0FVX3lxTE9LaFUybTlWaXp0X2pGMWxHQmMyR3NpNEEtNHNSTVpZNzY0VTJINjlsZWo1NWJZN0E1T3E1RUNsajNJRkU1eVVXbUdndzd4LXFXOENZYjk0QVlwUTlrbHZ6cG43WE1SUlBlNzVHR2Q0NXVsX1E?oc=5,2022-09-30 07:00:00
deficit,Attention-Deficit/ Hyperactivity Disorder Brain Functional Reference: Introducing an Inter-subject Consistency Measure and Dual- - UUM Repository,https://news.google.com/rss/articles/CBMidkFVX3lxTE1pcUNmT2NncmpRX1pacFJWOXd4a0N0MXRVU0RQb0RsX2w0U2JaSjNSbFhyQUJ6Z0FxSklQYXkwLW5MeE1sdFJzUXZUa21kakJ4Vmt0YVpndFR3TFpnTFdGc3V6R3prbXpBaFZldk12VnctWklkQUE?oc=5,2024-08-14 13:01:03
deficit,Polypharmacy in a nine year old boy with Attention Deficit Hyperactivity Disorder and Tourette Syndrome: what worsened the tics - Universiti Putra Malaysia,https://news.google.com/rss/articles/CBMifkFVX3lxTFBFa0ZyVDJKNnV2cEdxdXFYdHRmekw4NWJEdWNINlpqb1Vtcm5hTmd1TTd2aG5yd1NPWV9Td2VmeXk4bEFPYmlGcEZLQWlBNHdQMWlWWlpnRklGNm9VdUVZSEZKVGJ4SEh2WmhMbmF0Tml1XzdzcDVYN0FnV1NWZw?oc=5,2019-08-11 05:22:18
deficit,Development of weed competitive rice variety under water deficit conditions through marker-assisted backcross breeding - Universiti Putra Malaysia Institutional Repository,https://news.google.com/rss/articles/CBMiU0FVX3lxTE44RER2WWV4Q2VZSVlZNlh0VzRINnRrQXl4SXJOeHFtblJJTS1scXlPOG1Da1ZHZ1RORl9ZTkYxWEJrM2hxRTlkR2VpWlJJNGJyWHFB?oc=5,2019-05-31 07:00:00
deficit,Determinants of Budget Deficit in Nigeria - UiTM Journal,https://news.google.com/rss/articles/CBMickFVX3lxTE5ibUtmb1labUY1SjFVTDJHOVhCWnRyek04b0VUT2J2Tkh6c1BackNkOGYtczlLLTdfeFQweTRPd1VXcl9aNVEyeXJncmhwSTFuUHRBMFo2ckVSeF9xSkxjX1ZXenZoMFZRY1NKaHZORFN6QQ?oc=5,2021-06-22 07:00:00
deficit,MEDIA RELEASE - Portal Rasmi Kementerian Kewangan,https://news.google.com/rss/articles/CBMiwgFBVV95cUxQSlNxUHh5bFBZbm43LWxHVkFsWURQYkdudkFjQkQzdHFTVUdIdnItU3kxWWkxdWUwTnpBSXYyQkZiaHF1bXdDbzFCS1JwTjNkYlBjano1YTgycE1JREhHclk5Q2dXRUI3aDQtaTc0OGhDNE9SYTYxZ0ZzUWk2VVBJRVljWnhXWVJjcHlTNHdDbER3bHprT1dwV1pDUVlhdHV3UWxXbVBnYTJxc3RhTDZyZkhXclVUX2JTalFpSFhfZTUxUQ?oc=5,2019-11-02 07:00:00
deficit,Preschool Children with Attention Deficit Hyperactivity Disorder (ADHD) in Inclusive Settings: Challenging but Not Problematic - Universiti Putra Malaysia,https://news.google.com/rss/articles/CBMixgFBVV95cUxQNHJiN2FjZDNKN1RXcTJqQkd4X2NETlVpVUJXVHVrLTNmUzhyYTV2dlAtTHY3UDVhMnY4Wm1SNTFZZUxaMlBUY2RDNjdxRTFkN1dGZmo2cjI3RDBBLUJuaXZFSFVnVk5RbHQydjZEMXI2M2FvQ3VsNTVmaXRjMVFCSTdHLVQ5MjB3cFkzUUJYSmF6ODBQT1o1NllTSDlwaGtFTUpDaHpjTmo4bXJYLWNncjc5VkNoUXdiWEM2RVdNTWZVT1JQU1E?oc=5,2024-04-21 11:24:38
deficit,Dimensions of Learning Styles among Students with Attention Deficit-Hyperactivity Disorder (ADHD) in Malaysia - Open University Malaysia,https://news.google.com/rss/articles/CBMiVEFVX3lxTFB4VVRDdjlFakZmSVV1LXhwY3VCMU5ZczV3OFJzTWNMRmVRaG9lUGZzdTV4dmdEODI4bW9qNkFxcVU5TDZJQW1XSVA1Y0dFNnBqbklkeQ?oc=5,2021-06-09 07:00:00
deficit,ANALYSIS OF TREND AND SOURCES OF GOVERNMENT BUDGET DEFICIT FINANCING IN BANGLADESH - Universiti Utara Malaysia,https://news.google.com/rss/articles/CBMic0FVX3lxTFBuY2pJTnRRQmROSzdXZ2JuSDJEd3BtNTVtQm1DeUZERHRZZE9MTkk1MUcyVFM5Vno1UFlLNlRqMzY3Q29sX25qUUdDOXpLZllWY1Q1OGw5SXFqOXJDeGhKbXlSVThoOEtBSVVoeEVxNzlsWE0?oc=5,2020-12-30 08:00:00
deficit,Attention Deficit Hyperactivity Disorder (ADHD) assessment - serene.com.my,https://news.google.com/rss/articles/CBMi3wFBVV95cUxNb3ZJRFlXd293RkJSUUpvaDNoZlRKeGN4a2JkSGs2TkRxLVJYckxOQ1dnaGs1WF9vaXQ5Z1JxYXNvNGJBaXRzY2ZtVF91cm5JMWN5LWozZGRnUm9JNDU1RVJqUHRaaWFJY0kwN0hwWE1vYm5keVZFb0ZFUzlNcnhYV1k1Q04yYlV2Q1lERWc5VGlPY0g1SjNoNFNQQTBhelpjenFOR1RWTlRjSXp0TS1ieVI1QjBiTWM2amVndGxOVnZQV2tfRVJLOEp5aFdjSmNQR3FRNkZlZzhycEtaOWJj?oc=5,2021-08-02 07:00:00
deficit,THE RELATIONSHIP BETWEEN BUDGET DEFICIT AND ECONOMIC GROWTH FROM MALAYSIA’S PERSPECTIVE UNIVERSITI TEKNOLOGI MARA (TERENGGANU) - UiTM Institutional Repository,https://news.google.com/rss/articles/CBMiXEFVX3lxTE51MnlzZGpxM2xmRE9BWWNpSnoxZTRwY0JLbTNjRzVsaHlsenBiY3pPMHl2MlhaRGN6QlhiWDRCT0dGOGRIaFUzdDVLOTk1ckFidXJrVll6by1sU0dU?oc=5,2021-08-28 14:11:32
deficit,Water Deficit and Irrigation in Oil Palm: A Review of Recent Studies and Findings - PALMOILIS,https://news.google.com/rss/articles/CBMicEFVX3lxTE1PYkZYQ3NKQTlvRFlrZ3NkOUlibmlPTkVxaUVfSGtnckdSU1B3eE1vWnJlNkxYQ3oyRmRLSUxObnpnQld1RHlHQlBhMDlXR0pXbE94cmU1aGlyTlplRE1Qc19EOFY1dGYwckFoNlRuRms?oc=5,2024-11-10 08:03:11
deficit,Untitled - Portal Rasmi Kementerian Kewangan,https://news.google.com/rss/articles/CBMibkFVX3lxTE9DbWZtTWNSeWV2UXNHT3pMbkRqdDBZa2JjQ0V0N0pyZmpvUkVWbWVCMWNvMS1sdU5fYUJMM2QyRUpMUkptVnlrNFFYSkoxOU12Q0hYdWsydnNSd3V3b2FUY3c4bUp5c2VqcWlEeUlR?oc=5,2021-11-03 15:34:48
deficit,"Impact of budget deficit, quality of governance and financial integrity on economic growth: welfare and non-welfare countries / Kazi Musa - UiTM Institutional Repository - UiTM Institutional Repository",https://news.google.com/rss/articles/CBMiUEFVX3lxTE54QUprZ0VDMlY2MUhTZlhTU1p2WHhvbU5FMm9oeVUyV2tBTTdua3lsQWRyZHpXWUJjNXktOEpEd1JITWl0bUc4UHJiS1dJRGFI?oc=5,2023-03-29 20:47:45
deficit,NIGERIA IN THE MINDS OF UNDERGRADUATE STUDENTS IN PUBLIC TERTIARY INSTITUTIONS: AN EMPIRICAL SURVEY ON THE TRUST DEFICIT IN POLITICAL GOVERNANCE | Universiti Malaysia Terengganu Journal of Undergraduate Research - Universiti Malaysia Terengganu,https://news.google.com/rss/articles/CBMibEFVX3lxTE9pSkUtZ25rZlJwS01rb3VIZ2tKWGNuMW9DOHJod0E3cU0zR0hfT2x3RnJEbzBsbGdMTTdJWDVZU2JuNHZXdnZBcDczZlNxcHVKNktybnJKbWVPNDRRcDBOVWtKbzBsekZZc3AxNg?oc=5,2023-01-31 08:00:00
deficit,The Analysis of Indonesia’s Current Account Balance Deficit of 2018 to 2022 Period - myjms.mohe.gov.my,https://news.google.com/rss/articles/CBMifEFVX3lxTE9RbWxyOFFOcnoybEVNZnIwUVVtTFhJb3hkTElsaHROWmZXZU5BSzdvQS05VW9QNWZDY3NOUnNCQ0ZJUjQ0SzUyT19nZ3B5b0RFVV8ybTRTa3EyUmJnRnZWdGpGenNXMXpOQWllbjJVQ0FnbHJDaDhzWi1sdHk?oc=5,2022-12-01 08:00:00
inflation,EPF Malaysia - Safeguard Members' Retirement Savings - kwsp.gov.my,https://news.google.com/rss/articles/CBMiQEFVX3lxTE5DLTR6RlBNRk1NNGdCYUZ1T0dLc21BRW42QWNPUGQ3ZV9mbTA1R1luQUxjaEVvTHdOaGNmZTdCby0?oc=5,2019-05-26 04:08:41
inflation,How Does Inflation Affect Your Savings as a Malaysian? - kwsp.gov.my,https://news.google.com/rss/articles/CBMiakFVX3lxTFAtVExlNk52Z1FiSjJYS0RGUnVoVERRaFhYNXZFOFN1WWpPZC1Wdmp3Qmw4N2NYc0dVOEZ0dlRvOTFVc2luQ2RDaVhiM3M2OHIxQ0YyYjM0bTd1d2pUMHR1TVVTcW1IVDRKVlE?oc=5,2024-07-12 07:00:00
foreign,Exchange Rates - Bank Negara Malaysia,https://news.google.com/rss/articles/CBMiTkFVX3lxTE9KSTV3SkhoZ3BzQWVGRG9EMDFsLWFHTmVGSHpqLTZ0YzhlaVh0eTRrWmlIY3o3UTRhZE9vVnVQcGRzbm5wU2c0ci1ydWtCUQ?oc=5,2020-12-16 16:53:28
foreign,eVISA - imi.gov.my,https://news.google.com/rss/articles/CBMickFVX3lxTE5HdTNzbkFGdjNLQVYwX3I0MlhOa1NwQVN0T0RqcnFGVTBOZWxPM0NrcHd5M2R6aEozbnR4SzYtQ0FiaGlTRTFlQkRjX1pVdUc1QWxpTUJ1ZjBmem9xQkt6ZkNqYjZ3czRrRGtuZTZLbGg1QQ?oc=5,2023-12-11 08:00:00
fund,EPF Malaysia - Safeguard Members' Retirement Savings - kwsp.gov.my,https://news.google.com/rss/articles/CBMiQEFVX3lxTE5DLTR6RlBNRk1NNGdCYUZ1T0dLc21BRW42QWNPUGQ3ZV9mbTA1R1luQUxjaEVvTHdOaGNmZTdCby0?oc=5,2019-05-26 04:08:41
fund,MyZurichLife - MyZurichLife,https://news.google.com/rss/articles/CBMiQkFVX3lxTE04N2ptQU9hMjE0aVA0blNBSEdNRkMtN2JiWmlFdHpDSXo0TGZnYS1VNjZoX3NkS1hkT2RyQjBNaVZPUQ?oc=5,2020-11-01 05:57:56
fund,Login - fsmone.com.my,https://news.google.com/rss/articles/CBMiRkFVX3lxTFAzeXR3b2NXSV9mOHRWVlZ6bmV3NUxVdVM4VElkRGYzRFFkMmh5S3VDQjRuRzdVY2d3TWRlWGlESkhZUjVZdlE?oc=5,2020-10-31 16:46:52
fund,"MyKasih – ""Love My Neighbourhood"" - MyKasih",https://news.google.com/rss/articles/CBMiQEFVX3lxTE1saElBeVd0eDZSVWRRaUhJYmRFNjlkWUxIUTlVNmtiZnBQQmZZeU9iejFfMm5PQi1rQ2JvbkExQ0k?oc=5,2021-07-07 13:47:54
fund,TVET Madani - TVET Madani,https://news.google.com/rss/articles/CBMiPEFVX3lxTE5pLXRqRlR3SDJpSjUxRzJHQkl3Vk52RjJOeEVIMVJaYVZjYkhHa1RwYm0yeXZMRHJwMUstYg?oc=5,2023-04-18 07:12:12
fund,Buy Insurance and Takaful Products Online - Zurich Malaysia,https://news.google.com/rss/articles/CBMiU0FVX3lxTE9rT0JxS1MwNlBwZm5QSngtcS1jZE1tZVBubzBYaTY5QXRRSjQ2RnAtdE90UkV5aERvSlA4cE90bmZ0VjR5b1NiYlBaM2dPalN0WjRv?oc=5,2024-07-31 08:45:44
outflows,Foreign Direct Investment (FDI) Flows - Department of Statistics Malaysia,https://news.google.com/rss/articles/CBMiXkFVX3lxTE9TVEFsZDRpRHZRZzQxZUU0X05ZNmhsYTNHZDFWWGdTNE0weDdRckVNUGZsdHR1UUxMMWt3UUdmTXlaNHZHQk5ORFRkU09lMEc1UUVnNTF4d29BeWptY3c?oc=5,2024-11-15 08:00:00
outflows,Bursa Malaysia registers net outflow of RM231.9mil of foreign funds - thestar.com.my,https://news.google.com/rss/articles/CBMixgFBVV95cUxObXhCVGt6TFJwc2Z1NmtyYm05VTVWNVRVZmVDSU5vc1ZSTGxwcTU5djhSalJRMk12WEFMNnNsS2Fzc1REdWFWaHZMU1M2SnJhQW4wbmRqcDJTOWU0MEIxRTNZaTZUTk54Q05ULVJ5bDVVeTBqTEZ3bS1iM1F2UVRMRVh1ejdNNHV1bGVFSTRBelZ6Mk1JSU9jalhVRm43X1UyMnJ4cXZJZzZPUkRqNjAzSnkwQklVOHdQN2FFZE8wM2RlenZiUWc?oc=5,2024-12-30 08:00:00
outflows,Governor Dato' Dr. Zeti's Responses to Questions from The Edge - Bank Negara Malaysia,https://news.google.com/rss/articles/CBMijwFBVV95cUxPR0Q5QllQeTZHV0ctMEpNVDFhdkV1cDVaUndDMVFqdEp5RFRxUFRraEpXWEdCa0ExUF9OOUJlS2NZaXNxMmU4aEQ5Z1pkeXlnRjZlMkNJNkJVZ3Jwbkp1Y2NZLWx3WUE3cGZKZVg0ZE9MdllVcXRQb25xQ25vbHptOWRmdXFMWkxfQU5HVFJlZw?oc=5,2020-12-18 16:49:35
outflows,Insights into MFRS 136 - Grant Thornton Malaysia,https://news.google.com/rss/articles/CBMi9gFBVV95cUxQMkJDazZXdGJUbEFBZjlGNXVDTTZrdDZXMEpfekJGMlFXREhIWXRvNm9jX0V0SWFuRXhMVGlSMlJkVHdVQkdQTEhzejc1T1NncTBxMlo1NGJGT0tLSzQxbWVKYWphRjBYNWJvVmk5MkxRV1gxc2c5QlFLZVJ4b3NkTHF4Z0hiY1RXREx2Q2VyeWowUUMyMktSZ29BdG1SNW9wRkszYVFFSGV6SGpzT19Od0lDdEhBMTc3dTB3MnlyTjFFRkRmOVROanYzcWtKb0JnNHFPQm5HR3I5UVoxQl83dHl0eXlRYmJXOGpfLWUzT3czZkhWNmc?oc=5,2022-01-06 19:04:24
outflows,Set up RCI to investigate financial outflows to secret accounts in tax havens - Consumers' Association of Penang (CAP),https://news.google.com/rss/articles/CBMipAFBVV95cUxNaDg0RUVVSWlXS3YyNF8yRVktd1lqMW41R3F5WFFvSUdLSkpxLUJETDZyd3NUN3EtZ29RZDFZQ21abWVENDFUeE16aDRRdFV3X1RzcnVZWUVpeXU2eWFuX3FZN3M2OTMxQmYxVmxMa08ybE5qVm5DdllSY01nMWxJMXAxaFZUSkR4ckRXdHgzQUpDdXA0ZktSNW1NaXNYLVp3VFlIbw?oc=5,2021-10-19 07:00:00
outflows,Malaysia’s FDI inflow at RM40.4b DIA outflow at RM40.6b in 2023 - MIDA | Malaysian Investment Development Authority,https://news.google.com/rss/articles/CBMingFBVV95cUxOSEFBZXZueF9ZUWdwUlB3alJ6X0ZyOTBzTExKTHAxdkViaWJqcTlMT0k4ZG0yc2MtZUwtY2FhMlpvZVZ0ZGpTSm1JYkgzTzJkNFA4M3pRV1o1ZjFUNVBCMWs3dDZ2YmJfX1NhaEYwb3VQbWNRS1RXRUxOaFktbnBDaXhTTVZlY2w4UzFBeUF4U3ZvTzNGbkEyeGg2VlFjQQ?oc=5,2024-06-26 07:00:00
outflows,Determinants of Foreign Direct Investment in Malaysia and other Asian Countries - TAR UMT Institutional Repository,https://news.google.com/rss/articles/CBMiSkFVX3lxTE12S2JfWkNtblh6MnlQME9LbnZJd2tQT241Qmd2RnV5MV9hVkhtbEtpWl9qMXMzNG1tWW03UTExUnR4cERUWV9tSGlB?oc=5,2024-08-29 07:00:00
outflows,Set up Royal Commission of Inquiry to investigate outflow of illicit money - Consumers' Association of Penang (CAP),https://news.google.com/rss/articles/CBMioAFBVV95cUxNRXZER1dXbWVWdGtSTmhpLWFDOWx6d2lSRWllLXVwTFJRTk92T1U2Ml9hcTAzcE1mQ2wxcDhXUEprdVlTZVN6b1F1N2llcTRmZGY0RHBqN1dBWWpYclRvcjVxWUZCbjhqSlpKNzhlUzVxUE1VR0Y1RktrQWMxNjQ2U0cxbjBESmlaVVQzNkZ6NFVnT0lqc082dGhSU0NmUEJt?oc=5,2021-02-16 08:00:00
outflows,"Malaysia saw RM21.3b foreign inflow in 2023, compared with RM5.5b outflow in 2022 - NST Online",https://news.google.com/rss/articles/CBMivwFBVV95cUxNcTByZVZxemUxaDFIODZkZF80SzZZdnJLUEFTSmgzallvYzNQd0dUb3o0bTZneW1UbGp2aVUxektYcVFSM20xb3FkYWZHeVhOTkFUYWk2NG52MHM2S0xHTW1ZNVVNdFBlUk9jSDJUU1d5dVAwZ1dRbkJkWG5GaXVtdmE2MUhXbkxJVjkyWnF0UUNOYm9RdVZVVTVtcEtRcFUxVkRmWGlIeWhpYTJxRk1rVzgxU055amRybnJna0lCOA?oc=5,2024-01-08 08:00:00
outflows,Foreign investors offload RM1.07bil on Bursa Malaysia for ninth week running - thestar.com.my,https://news.google.com/rss/articles/CBMi0gFBVV95cUxPWFFuMjZfWWhsNS1ObmdCTXBzLWFZdzI0X3RCbndZME03MUxYcUdNS1kta2NIdXdzRG5pX2E3WmowOWdKeWFMNFhjWEoxQnB4VVdqWmhMaVBEdmRmZ2Q5Y0U2OXVJMzFrS0F5YU95TDRrSGtLUFpnY3I1X01WZGtIRHREallMcy1td2xtVkZFSTVxNGtGdmdFdTBESy1PU180TFFGbC04YlV5YUYzWWM2MjBBamtObFJHRjF2dE1LZ1lOOTNKSlpaNXdnRXhJZWpaaFE?oc=5,2024-12-23 08:00:00
outflows,Detailed Disclosure of International Reserves as at end-June 2024 - Bank Negara Malaysia,https://news.google.com/rss/articles/CBMilwFBVV95cUxPbGNWdWtnNU1JdHpEZFp3MGJMZ2x6WUNhSENwU09GeU8zS1hjV3RCMzNESDZULUNjOXRqYlRHdlFJbVRQcm90bndQZ0xZZEsxN0F6N1RKQVlsNnNvSzJmV1hlRm5Ra1dFXzJIcHJvWEJtLXhNaEw3bkthSllqYmJvY3RpLUtvVGc4czBUVl9CbUx4QkVKRlY4?oc=5,2024-07-31 07:00:00
outflows,"China’s millionaires keep leaving, but now outflows may be ‘more damaging than usual’ - Lumi News Malaysia",https://news.google.com/rss/articles/CBMiR0FVX3lxTFBuQjh3S25HZDdhYjNmR0N1UGR1TUYwdlpReXE4eXkwLWtrVUhPSFI3WjdEOENtNTQzWHlONEZJUzdwdDlYTWdF?oc=5,2023-06-14 11:09:29
outflows,Capital flows into Malaysia to continue to yo-yo as uncertainties persist -UOB economists - NST Online,https://news.google.com/rss/articles/CBMiuwFBVV95cUxQUUF3R1VTR0RJbnhUVlVwSExaSlNKZUR1ZHNoOTNEcTF2b3c3eHZKSzJfNExmZHJDalg2NmhwT1VSM1A4VW5QYTh0MFFKUHJFYnN5SWlGNjA0ZDRGS3dVVzVsRFBXMV9oNHpPcnlua19Pb3BIS0dYT0tTSU9YUXlKR1FOSndyaGYxYlRsYzBiMk9aTG44OUZCQXpuSnFBTXFtb21fbktGRW1hMDhPS0dZYXB5ZlhaYnNWMVRZ0gHAAUFVX3lxTE4tMlRPTGhDUDduOUlKNkw2VUpUYXVfelZOZzZVVklVNHhramlPNnFtbXFsNWtCWFM4OUhMd1BndDNYbmVxQnotaGhkRTFlMF93b3c5b2oyMkk3amdrQm5KOHZINy1OcWp2Ul9ieDAyLUQ5anZFSzM1N0M0aHR5R2VNS2RYdzl2RFN0Ylk4eFBrcDFKMkg1RUZXYmVRSmNnckJNNDd2RzBKSFIzYzFxNHNwM2FRVXZKVkVEWjQyazQ0OQ?oc=5,2024-07-07 07:00:00
outflows,Detailed Disclosure of International Reserves as at end-March 2024 - Bank Negara Malaysia,https://news.google.com/rss/articles/CBMimAFBVV95cUxNY2djRDg3OUNwWUktMkpvWnVlOXZGUFJkaGl4NU90akJUc20zUnJMSU4xaXJiRkJGR1FZd0kwUjVCUzhRa2NPRFJwSmRoblBDNTZrd09ISjZHRmpCMnM0WXRDTm9Zckk1VGdvMHVYYWY0Z1g5SEMzZXFsbkNKaEtkRlVSR1FEWEtsX0psbFFodE1YTS04cFJ2cQ?oc=5,2024-05-12 08:12:32
outflows,Bank Negara's SSR cut to stem foreign funds outflow? - NST Online,https://news.google.com/rss/articles/CBMimgFBVV95cUxNZmo4cXA5c2NRUnNKMEVPRFlGNUZGSHZ1MExZUmNVelNmdVRXWEEwaXJWUmQ5YVlLUVo1VnlaWUpqb1Ffd2prZks5ZGlRTU9wUkVOeFhON2pVUVAwSlF2TnlkTHVaaUNGR25zSk5CcGdfSE1HODVpM2hSWmV1M3V3WjZnbkZLU1YyeG9nWjlXYldKODJ6ZU5XN3ZR?oc=5,2020-03-19 07:00:00
outflows,"Foreign investors sold RM260m Malaysian stocks last week, in 4th week of selling - NST Online",https://news.google.com/rss/articles/CBMiwAFBVV95cUxQRkZLdnk2am40cFhSNUZaYUtRRVozeXRLNEFDNTFyVFdYRG9zSGZaOXV1cXVmYUV0Vl9nd0J0ZWw5WlhQMDVMaHZjaXd2aUVQQ3ItdjdQNkpQcVVISW5UWnhPNHhNYWdxamNJWEMwci1ya3NRVzRWejdQaXZsbVpNTGx0SFZWSEdTZVh3QkFmNEJOSnNLTk1HclNDc0dUMDRwaEFPRjFJVXpsVzlSdGNPXzVnQXBTYTEzWEdEV3lqM0U?oc=5,2024-11-17 08:00:00
outflows,Awang Adek confident that capital outflows will not continue in 2H2023 - NST Online,https://news.google.com/rss/articles/CBMirgFBVV95cUxPUWdwYzM0UFJrMVlYdzMzV2RZbHRJa1l5bjlaTG1oYkI0ajRLNjhoaEpmTWV0YmlncE55LWd5MG1GeHpHMzJIcklwY3QtNGNpTXJUYXM2XzJLY2NXbmNGNFFGdkd5VTZmS3hYRjhjR29wNURTZ19jSW5FV18xTFBBWG15R2ZnME5jQlZ2QlFRbUNZN2FYWjI2aUI5Qmo0M045ekxrMjA1eFVvU2tqU0E?oc=5,2023-08-06 07:00:00
outflows,Detailed Disclosure of International Reserves as at end-February 2024 - Bank Negara Malaysia,https://news.google.com/rss/articles/CBMinAFBVV95cUxPUkFiSHhDOXUteVplV0dkVXlFQ3BBT2FNeWdpTDJHbnE5OEdWVHluYjY2OGJvNzdzZTBQVHg4alNSQllIdUk1R1ltN0g4dDljbEU1ZGl4QXNoTFYxX01sRnd2cFNrMy1mdmJSaDRMcTFETVI5S3dDbTV5SlpTQ2s4Sld3N2UtWk9VNE9sS01jVmMwNHNRbmlyUkd5SHg?oc=5,2024-05-12 12:10:47
outflows,RM170bil inflows to Malaysia's capital market? - NST Online,https://news.google.com/rss/articles/CBMingFBVV95cUxPVW1ZdHQwcjhkR3Zac1dLQlZJdU9oWk9WY2taU2xZUjhSTHJzalMxcHpNMHYxaDhjREwzTWRqdnN6TkFnczVVeUVuZnVIUjZjZnBLaG9tWmYwOG9EQlljQjA0bFVNcENicExCelNUNkxKbXUwWThaWDVJOFI4Nmcwd1BSZDVTcV9qeUtTNkVyMmlNclNoRW81MXRtLWhYdw?oc=5,2024-05-15 07:00:00
outflows,Liquidity Coverage Ratio - Set Data - MAMPU - data.gov.my,https://news.google.com/rss/articles/CBMie0FVX3lxTFBzaDdJNjlSbFhWN1hhTzNjeFpTdTNNekVoS3FxRGFrdy1pX0wwS256RUpPY3liLVpTMkF4aXBQU1JOaGtWZkxWNmFQTmw1YTVFck1FWU0yNElJcWY3UnIwVXdQcGNWV2pVY0hKSnU3b2dhbkVrcm9tbW8ySQ?oc=5,2024-06-08 05:28:45
outflows,United States - PIDM,https://news.google.com/rss/articles/CBMipAFBVV95cUxPTEVGdEJfVlZyLVVuYlJYQXRIOUhNaldoNEZ0dk94eEstZ09IQ2NiTy1ELV9iV2FDNzhqNGVKSU1hbnNQa1NuUnBEMjNpSWlITjZ3VThqVVJQdDdfUWVWXzJLT2NWSGhPYzNaUmlreWtWOFlGSHVQYVBqZzh0NHNXM0JlWmhyOE5BZnFTaFJDTUR0bFc0UnBteGdsQWZkVUtSaXZMSw?oc=5,2023-12-22 13:21:05
outflows,5 Tips to Achieve Financial Freedom in Malaysia - ASNB Academy,https://news.google.com/rss/articles/CBMikAFBVV95cUxNNEFtNGV3WWJ6NkEyREhYZlY1RWpxbnN3T25wNFhrZC15bUtQTzFpSTk5djRNU0p4d25Lb3JTWDNpakp3UUtOaWZGd015THotOThMZkpuZ1VNM0tWNUprR0o0Z2dxZUFsemxXYW5xa1A0SERHcDlOc0djNTVxVE1zbjRRaDN2OWhMNndKMTJrMnU?oc=5,2024-09-01 07:00:00
outflows,Persatuan Pengguna Pulau Pinang Consumers Association of Penang - Consumers' Association of Penang (CAP),https://news.google.com/rss/articles/CBMi3AFBVV95cUxQV3RzMDRieUxLZmRkRmJHYlMtWVh0MkdyeE1paGcxaHo2SWNVMjI4VjI3ZWZSZzBVTEczYkRXV2w3NjUtSjg2SzJnclVVaF9RT1ZFVm5TSGFvdUxRbzUwMDlCNWJoNjhRZFRhdHE3cy04QXBnS1Fxd3pfN25JNXNuSEJuQ1F0bDFkMGZTMGxreU90a2NONGlmTEl6ME9XN1piRGVmSEswV1RlNTF6NlVUSld1OEw4U25hVXNzcXNjNTBpUWVtS3dzdDdQaGJ3aWZCVWdHMDZyVTB5YzZZ?oc=5,2023-03-15 11:45:51
outflows,Foreign selling on Bursa Malaysia continues with net outflow of RM761.4mil - thestar.com.my,https://news.google.com/rss/articles/CBMizwFBVV95cUxOR1RWQlZ6T2l2bHY1bmtWTkxsdVBuODFaazBqdDNIaVVCRjAzUVNCeXVIbDhjTWxTMjJkei1oVzJsa3MzclhYVE83bUtBQW9WRTZiQVpQZG51N19NbGZGZWN4R2ZreXZpeDBPaVk5MDBFVWpFMTA0WkcyOC1wVF9UZGRqcnJDVVJTMEwyeExmWVlwWjNFaFVMb2RYeGc4MnBXeWItNi1aeEs1aTdUa2JHYl9xUUlhNExWS2VjTWJRa2V3S3lSS25QMlF4MWR6bEU?oc=5,2024-12-09 08:00:00
outflows,Open-Economy Macroeconomics: Basic Concepts - ukm.my,https://news.google.com/rss/articles/CBMia0FVX3lxTFBOV0RqVEVCbnZQTDl0N2FpRG5SWDVHNTc3V0ZBbU12RVVhSktqRWlBS0YyMW1VTnJQellheFJ3ckk4V0RFOHFMT1ZDYm1LV1pxSFNSUlBuNjBHaGpjOXktNDBkY1JIQmRfMU5j?oc=5,2022-08-28 03:47:41
outflows,Detailed Disclosure of International Reserves as at end-November 2024 - Bank Negara Malaysia,https://news.google.com/rss/articles/CBMinAFBVV95cUxNQXRlZDYzWUNiV1dYQVNmb3BpMWYxMzdPengwd09Qd1doNmw2NlhvQlVOWnBlUW1iaHU3UGZUR214YWxwdTZJbTRNVjJnR1phYWgtU05VaWxUdUtQNXpzYy16UWdjQXhoaWs3cHFrRkZvOEh4bEMxVkwybTI3X3Jyejc4aThUdjRPTmtXNDNVMXp4ZUFYRnNvNDg5dDE?oc=5,2024-12-31 04:17:10
outflows,Financial Stability Review 2H 2023 - Bank Negara Malaysia,https://news.google.com/rss/articles/CBMidkFVX3lxTE5yNURVUm1RbEYtRUsyWEN3eEY3RGhrNmxDWVg5TTNDTlJVUzM0ZTNaNVNHaGE0U2FGdElEa0hvVEwyQlhXOXpjSUZYdUNlN1NvZHZ2REFXMTRsaTlMUzBTUEV5Y182T2JBTTg0UFcyZTJYRzY4ckE?oc=5,2023-12-31 08:00:00
outflows,China capital markets outflow hits record high - thestar.com.my,https://news.google.com/rss/articles/CBMiqwFBVV95cUxNZXpxNVpyUFBzZnNhcV8wUXEwWWRDcDVCOUYxUUJIX19SVUgwWGRiZUlnaXRMUjRkNWhZQkF6bW5WMzd1YjVTSW9QeXF3SVdsdkt0VDJFb3JsSmUxbjhnNDFpRXY4M01yTllwOG1zMG5LaVA5cGRFYldPT3hwbXJpZkdlaFo1dTBwdEFGejJySjRJZnlSU2hoSmdrUHdLOEFoMjZmdVJFMzNyams?oc=5,2024-12-18 08:00:00
outflows,Foreign investors extend Bursa Malaysia sell-off with RM882.4mil outflow - thestar.com.my,https://news.google.com/rss/articles/CBMizAFBVV95cUxNMURxVWNMMk1FNl80YmZiRVlPY015ajkxV1hjX2lBR2RCcy1Idk9sSWUxeVNGWVV0VUQ4QXlCSll2MjBvQnpncjM5OUw1OTlDNnBFT3lIYWRBdjJXUC1uWTJTU2ZscEhhSjV4NzBMNmQ0WDhrcm5rZFJvTnB4N0JTaURmeVdPX0M4RkxLN3pQMWVmdXRlb0xwcUlhTk9PbDlPeG9TaVB3dFVwcXNiWXlyOXNLOEEtWU9rSTVQODBEOGtLOExkWFFHT0FaWjY?oc=5,2024-12-16 08:00:00
outflows,Detailed Disclosure of International Reserves as at end-May 2024 - Bank Negara Malaysia,https://news.google.com/rss/articles/CBMilgFBVV95cUxQQW9JdTRwQXRpUThqdTZneXl4UmVuZi1helYtX1UtLTRLYnJjcmpaYW1aZkhMdE5mc1EwMVRkOEkxRERGSHhua0VfaC01bU1KMldvSGdMbVdqOWZOWHloT0M3SlJiSHlyM04tOWNVWUNlNnF6Wm5jbDFYRHlyTUh1eHNBNWxReExnbFdxaHZyelpuZThWSXc?oc=5,2024-06-28 04:16:09
outflows,Detailed Disclosure of International Reserves as at end-December 2022 - Bank Negara Malaysia,https://news.google.com/rss/articles/CBMimgFBVV95cUxPdUFGdHlSMzFBUEpSSzhDVnFlNXpwQWlIMENjMWM1U0xWc1JWc3Zid0tHQU9WZjNoTXZLcmFoa2FYWUV6MDdqM0xwV2N1am50eFpISlVySVl4YmFsckdLNmR3YjFKLTJWY0RBZTAxRnJFYmlLLXdjUklGX2tnbTM4LUN1Q1VBSnZQWXE2Z1otOHRTV2E2SnMwWkpn?oc=5,2023-01-31 04:08:51
outflows,Detailed Disclosure of International Reserves as at end-October 2024 - Bank Negara Malaysia,https://news.google.com/rss/articles/CBMimwFBVV95cUxOQjVpVlppLTJGQ2VSR1pldDlTLUw5NndnWFFNRXpyY3IzcnA5SVZTdVp2eW5XY0w5UE11OGtKS2x3Vm5pd0hubzB1dzhBNmt2MnBHYVhHcVM4RklVY05OY3BFcEJVWWVtQlpDbGhxeGEwOHdETVBQVzFBb3lXaFA0ODh6S0UxWGkxdU14OUdnQjhQWWhLY2k2ZEt1Zw?oc=5,2024-11-29 04:04:31
outflows,Balance of Payments - Portal Rasmi Kementerian Kewangan,https://news.google.com/rss/articles/CBMijgFBVV95cUxPdkVsamZPYVlmWFQ1WENPMS11NTBoNFVBcFZNTFVYNHRUVEwwdG84VWZBOGJqckozYi1JRTVkYVVIX0ZaRHhScDN2S0tlR0w2VmJpWDlRQWE4V3ptblZudTZleEd1Rkh4OV9aZFBoX3hQeVVoSlBjQ3VqY1NweFN1M2N1NER1bTkzY3Z1OER3?oc=5,2023-03-16 14:09:18
outflows,Foreign investors record RM259.8mil weekly net outflow from Bursa Malaysia - thestar.com.my,https://news.google.com/rss/articles/CBMizwFBVV95cUxQUDJDQmkzdjFkRDM0TmRDbW5mb1U0SHB3SjFMeUF2UGtBUmZCV2NCaVcyd1owOG9BUWhnd28wdUFhWGhQaUZuNlFOWXY0d0gwaWRwb2o4ZUlycnJCeHdPQmJtUkRJLUQ2ZmJ6TXU1aFRlS0s0MzRGcklkby1ZeEJvaXV4TFEwdm15NmtRb2ZkWE15ZmJfbHlTWGNXZnE3VEl5VFpUVXlWMDVJR1VYZHhuOTBqUnFjVlVLSWxLQlRTcy1PekFtaC1wbzd5aWJkdjA?oc=5,2024-11-18 08:00:00
outflows,Foreign capital inflows to Malaysia to bounce back - NST Online,https://news.google.com/rss/articles/CBMioAFBVV95cUxQRlhhRmhDNHJpSTk1bFNHWldGQnhaalRLaW9Pb3hkb2wtUkJUWUswQkFveFFWenk5emRyTUxEMlZ0RzFIVzV6Ti1CZklMMlI3Y2ZZbGQzQ2pZaXdaSXh6ZXVEVGl2X0lKalpuSnhxbTBjV290UXNTWTlDY1RVU0s3WVNMR2FINGVJdHZmVTFfSWxzN1A0Umx2SjRxUDk2OE1B?oc=5,2024-01-04 08:00:00
outflows,Foreign investors maintain selling streak on Bursa Malaysia with RM392mil outflow - thestar.com.my,https://news.google.com/rss/articles/CBMi2gFBVV95cUxPZllpZ1JkU0o4bzlpUktXSTZCd2RwaHpLeTluOE4xeXJ6WjVEaTgzcUZZZ293eHNYQXo4cVdHb2I2QUdYWUJrNG5TZzdUbndYYlJnS1NYZ1NqV3lTaUpzQUc1ZjZSanFNaW1jMmZEeWtkM3BaUF9hcmFYSmk5SmNuNXlmNmtMTmViNG5pNUJqVURQMzdyQUpqTFBHVjBNanZLMWRLNE9kVWNycmEtZmprNldFYXdWMmN6SHp2cDRKempNcVpFWlRyYTJ4QUlzMEpPcENqRHhOLU5adw?oc=5,2024-11-11 08:00:00
downtrend,PRUServices - Prudential,https://news.google.com/rss/articles/CBMiWEFVX3lxTFBoQVk3QmM5ZFZKb0c3TlJWWHgwQWRCZjhaUWQwd0hmaFFYRW9lS2VUMmRTRjl4Sjl3emNFZURVRXAxMlYycmZFZmt2UzFGLVNzbGNTYWh0VGQ?oc=5,2024-11-13 10:35:09
downtrend,Bursa Malaysia's 30-stock index to trend sideways ahead of FOMC decision - NST Online,https://news.google.com/rss/articles/CBMiwAFBVV95cUxOYjlaY1NTRmdlS0M5LUstQ3RQS0p0U1ViVmxlOWVWVnh5cUVEdE1yX3Nqb3VoNDVaZXF5eVJYMUg0VjBHdHBhcFljZGVyZmdpcDdCcjZfLVNlOTNXODdOVURJYVowOWRpV1Q1emNzS1FOS0pTa3N3SXpOOTV6c3c4NmxCRDU2SGhfLXp5ZTY5cVVJbGpVMEtEbjFxeXZWQXVSdUloUHNNclRWSlVSWHNjRFJCTTBtQ00zeld6WlU2ZzY?oc=5,2024-12-15 08:00:00
downtrend,Bursa Malaysia continues downtrend as investors remain on cautious mode - NST Online,https://news.google.com/rss/articles/CBMiwAFBVV95cUxPRGF0cEs2RG11TUFJamZHTklWeWM0TmNYblNnX0toaHZxb2g2cy1oVnN3WmVqcDdLUUNDZDVzUkI4V19TTFl6TmFYOTk1SFFFRUtIbjg5Z2k1SFgwdlJ3SEZTT3gtRjRJcWRIZzgtS3l5UUpBX1JYTlVFQS1mVEwtNDB0Q3AxZVJpamxudjc0NzVmeExMSk9VamhOaDJsYnR2NVNFdUtWTVpManhiZkRaQ3NUYVBWbVg3LThxYUVYYTk?oc=5,2024-11-20 08:00:00
downtrend,MIER: Consumer sentiment and business conditions remain on downtrend in 2Q2023 - Malaysian Institute of Economic Research,https://news.google.com/rss/articles/CBMinwFBVV95cUxOS3I5TDRhckRydDdLYWVQUWoxaGE1M1ZEX3FCNEJELTdGTXZzTDRIQWVWVW9GN0ZBNDVFWklyNzR1aDVqVV9udW1TTVBVQmZ2UzFrNE8zbEhPTmFmUXhQNGprN0RQX0RjZ3lDZmFCUHVTYWloZm1QMWx5QWNsakNleTJ6Ni1iVzd0YU41R1Zya0dxdXFUSTFWYUlIeW1lSG8?oc=5,2023-08-11 07:00:00
downtrend,Bursa Malaysia continues downtrend as investors stay on the sidelines - NST Online,https://news.google.com/rss/articles/CBMiuAFBVV95cUxNbGJ5V0t1VHgtWjNpT3RDYlZsdHYyN1Z1Wm41VlRyS3ZjdEdMWDJNSGhYa0lVeEstaThVcU05SnZ4eDJtckZ6ckc1cHVyck9WYTBwUmtzMHN3ZGs4NE50RV8yN2dteFZmNjlwMzZXSm5QNU5pMVA3WWQ1MF8xeEVOeXlsMHZIT0hTWFlqV2FJOEExbFpSRDlNMzFva1hQNDA3SzQxbTNDbWpKSk81N0FkZkFfXzFHeHhj0gG-AUFVX3lxTFB2RWFWamtUU09JVEhDZldERWhNWThKbTByano4SkRWQi1LQmdrdzFTNzNvbDhiVzVNLUlHSWRpc2NrNlpLWVkybE9rdzZHSW4xOW1IcktRUmFvSkpqemVIQllkc29JYWpVZl9XUXhpSjdYajMtb1JDbVpxYmRCNVBhVTM5eWtRM25pRlUwWkh4S3JfUEIyNGIxbW0xX3ZseWliUmdfdERLdVFqSi0xUkFtY3N4b2VXbkx6eHY5SHc?oc=5,2024-12-16 08:00:00
downtrend,Bursa Malaysia on downtrend as selling pressure continues - NST Online,https://news.google.com/rss/articles/CBMirgFBVV95cUxPdGVDZWExLTRpXzdzSV96T0pTZmhTRkRweEFpT2ZlZXp5ZXVHS0RMZVlGZzNlbUdDWXdIS2hMeTFScEtKeF8zNXFBZks4aGFNeTB6SW9fNlJ6U192WkY4aEhXd3R5cEdoOG4zNng3TzFTaFJlSHBCa2E5R0tVMUptN0s5ZVBfSHd1dmtOb0c3Mlhoek1JR1lfZXJZdVItTXl6X19Vb091dVhCMk1ualE?oc=5,2024-09-29 07:00:00
downtrend,Buy Downtrend Sell Uptrend - iSaham,https://news.google.com/rss/articles/CBMiaEFVX3lxTE9Bb2VUMTJPcWU5Y2pxRE1rQ256djk3dTNKbkt0Ni13Rk1xSU5EMVptb25FdV8xajgzUmVOVjd2WkZ3dzh3Vk4zOUFkU2dfQjVKcUxRMEU2WGVCdjdlaUc2WHhUNHJIZzFL?oc=5,2019-01-29 19:44:40
downtrend,Bursa Malaysia downtrend continues as 'cash is king' for investors - NST Online,https://news.google.com/rss/articles/CBMiugFBVV95cUxPTFpCZk5EbmVUcVg2UEdlYWJQaVYzVkRxRnc0b09QanNVSVg3WHJXbWxlSzlyTkxaZGxnSXFNdFJUWkZkb2kyVVpRUlFPdWJqbTR6XzlTVkNibjhMWXlOSTh2MEluSl9Wd0d2Z1FZcm9NWnpkLUdYNm5xczZmTnVVSG1LaDIyMklERUtibnZaQ0xHTGVOZU9fa090Rjlxb2dxNzVuei1fbkVkUExqYWVXRzUxYWN3b2k3NWfSAb8BQVVfeXFMTV9hbkx4ZTdaU1ZJWXJQM2tGSjViaWkxYTJ6MUhTUVhwd3kzN2UwWXU1T201MjJnU0Q1bzZtWllMbm0tSkM3ZjdCcmNEUDN3RE5EWGR3Q19SX1NUMXo5YXBub0JBMlU3RzQ4QU40a1RxVzFHT3N4R19QUjY1VkVlVVJkaHg2QkV0RVJVU2R3M0UtOTR2bXk2NnlPLXZ3Q3ZOcE9aak80enNOeU5Qd1BLbmZvMGRTVWhLTWRCbGhfLVk?oc=5,2024-10-02 07:00:00
downtrend,Ringgit continues downtrend amid cautious sentiment - NST Online,https://news.google.com/rss/articles/CBMiqwFBVV95cUxQeFQzUlZWVlBFVmU3LTRRVFdJZkx3UUhTZzFneF94UGtpM0psd3N4b0dLdUhvVFozZFJQdkNrN1NhRlVoNFVkZXZiUUJJRlVpS1lQWkdub2JnZjVJR0JFaUQyR1hxb3pwVF9KWVJRVlRFWThHaVJydUx4TkVqa2laSEJaYlRxWDNEdWlQTGNzSm5iTU11bXRwODVKVktEQTB1MTVZWm5WMlZZYnM?oc=5,2024-08-15 07:00:00
downtrend,"Student dropout rates in Malaysia on downtrend, thanks to early intervention, effective strategies - Twentytwo13",https://news.google.com/rss/articles/CBMivAFBVV95cUxPbVRWdGRZUDFNNnR5SjdSeURaZ21iVTJTdUJSb3duU2hhWE5LR2pEWnR5ekU3ajFpM0tsQnpfSXBNbnloSEt4QV9rQWxmejBpWnBNRlROcHJKQ0JKUVBnTUEtVTJhOVNqcVhZRjBCMmx6REtxOUtRZzlNOEdWLUZEazZ4NUdvRFRXMXN1ZDdRVmt1ZzFBXzZCNzZwRTF1RTB4LVRpQ3BKaVFMeExNX0VGM3psZVNkWWg5endvYw?oc=5,2024-05-14 07:00:00
downtrend,Bursa in red amid rising Middle East tension - NST Online,https://news.google.com/rss/articles/CBMioAFBVV95cUxNZ2VvSnZnUUZMUWRPd1BDY0ExX1M1cFVaNGFWdlBzajc3amlfQURJZUlNOXRxR0w3Q09haTVtWFZBNWpYTEF4RVctQVRTMnJFbFlVVXpsVGdJZFlQdS1aZEpRVzYzNGdGUkpCMWtTZU9tNkxmN185cG9ZVzBGRVVwSUZ0TU1CVERPbjNWQTB4WnV1RzFEN3dqSmpBTUVBeVVv?oc=5,2024-10-02 07:00:00
downtrend,Absolute poverty in urban households grew post-Covid-19 reversing previous years' downtrend - KRI report - NST Online,https://news.google.com/rss/articles/CBMiugFBVV95cUxQQXVvOXp5NUN6cklsdFZhNU1MVmRrWUxualc0YTBMUEM3aWd4RTJPelg5dEg5bVRndmRrZjU1bVVoeE9BWnd0YzRkazY0Vnc0T2JxZXdybmNUa252NkdzNUxEM0tKaS1HRWU0cEtKblNteEx3ajloeHdlUWJzdUhZVGJJV3FncHVPRWFyU1FXakRjMHFoamY0SUY5d3Noc3JwZU5VZTFEamU3NlU5RV8tUmsyV0o5dzhIaXc?oc=5,2024-09-25 07:00:00
downtrend,"Informal employment sector on a downtrend, says World Bank report - thestar.com.my",https://news.google.com/rss/articles/CBMiwwFBVV95cUxPVXZIWFZIWUtzWDJsVUtjU2hSaExrWTBMdkpvcHE0am5FUzA3TEh6Zmw3S1NyNXJQUko2d1VEc3pSaWdFQ2hIei1UUkR2UHpqdktMQzRTNHVXYnhWb0FZWDJ5dk8tNXhIWG42UC1GTjcyZ3dLbTdvMjMxSE1sQldVbWc0N3V2M0hRbno0TzZ4YXpXVzZISnM2UUxzUVoxTkZYWlVlcF9XVnNEdEdwbU5aQ3MtUGxjMS1JV1JfOWR3cmliT3M?oc=5,2024-02-27 08:00:00
downtrend,Bursa Malaysia closes lower as investors continue profit-taking - NST Online,https://news.google.com/rss/articles/CBMiugFBVV95cUxQNkhJZno4Rk5fRS1GenFqSjBTNUNnZDF5dWVFb25TNjJraVNiSmlxcUZ6QnF5TVZCeU1MMy1tVVNtQWtsamlOQ19jYVlUeklxNXlJTnpxazBCazhHZ1F0RWhJUk1MR2QxMUFvd3RYbS1VRHB3cXE5Nm9OaGVkTXJ1blZGOEZQWkMtQWw1WWQteFlCUzNOSGNxdENGX3dDOVdLNklYUTRVVnV6bmdUZ1BXaUpzNlhXMTN0RmfSAb8BQVVfeXFMTXhhVUhPODJpQVBTMFNXbkxVeW1Ddnk5MXpFb0xxTWNvemJ1dTkxRmRBRmdrTFFMdEUtX2Fsc2dZelNlOEFOTHI2M0dWWXZ0MUlfZV9yTFg5Z2tJRUx1SnFrYXUyZWJLenlvWk1hX3plVnN4RDVtUjFRcDFscUhlWjVKSU9tTjJTS0pvMnR5dFcwYkFtUEhsOGRucEgyMFkyTldjMVZFMHBlWnlUN3BqQ1RSaC0tcUlvR1c3ZFc5akE?oc=5,2024-07-25 07:00:00
downtrend,"Bursa Malaysia heads for worst day in 2024, down 2.75pct at midday on US recession fears - NST Online",https://news.google.com/rss/articles/CBMitgFBVV95cUxOQzNfQjlNZlpkZU4xMHhvOTBOVmJsZjFaUTRfM25oeDVZZUNZTHNUeVVlQ1pHTHR4N0d1XzlNTGFuVUk1ZXBURF9WNlR5Ry1WVkoyUXFmUEtFcFFGTXd1dElKTjRibmRWWVFuQ2NBQzBYeFQyN1dlMGU3SDY0VmpoYjRzakZJMndDUUhxX2p4cHlRa3doXy1Jb2Vsb0pRZjNIdzlBVTJMbDBTcU5GOEpSVjEydUZDUQ?oc=5,2024-08-04 07:00:00
downtrend,M’sians capitalising on stronger ringgit to buy gadgets - thestar.com.my,https://news.google.com/rss/articles/CBMilwJBVV95cUxORWNhZFYzM1lia2o1d20wN3ZZRVU0TWpfS0oyN01COS1XZ2VxcVhBdE5yZkp2ZkllS0txX19EMEdkUFNGck1BdkN3VnBtNkRWM3ZXYWR2OV9pcXRnb21ua0VfTkt1cVcxSnJDbFl0VEhWMi1tNmJJUEFGbmc0X2pBdlhkbW5KQ0h3eUVQZEdNb0NyQzBoV0Q2bnJNWFd0Qjh6eTBDTllTakVlTjZndUhNT1ZOWk9uV21UbWpVeHZwbUpGZDFqQU1LWXZZdWFTTFB5NzZ6WHo4Y2xSa05YcTNQYTkzUXBLX0xiS0V4bU9rcXlxZ1lTbVUtYnRGZHFWZWlCaVN0aENqbjV4TEIyeG5WTEsyT0VEQTA?oc=5,2024-10-12 07:00:00
downtrend,Ringgit continues downtrend amid uncertainty over US presidential election - thestar.com.my,https://news.google.com/rss/articles/CBMi0AFBVV95cUxQSHFJRGpTVm1FZHQtN1lBSEVOU2VyN0FSQ0ZxSUVMbWZtNExaOFFpYTdlZ1RwU0ZmcUZvZ2tCSGZuX1VFTVc2WU5sR3RXZDNlcTNmQVVudHFoUWE5SWlnNWRPLXgwVVJiQ2FmekZxdUxDTjIxZlhSZ3BaOGRrWmEtTVlMWEs3dnhtbTB5b2Y4WXJESFktQ0J6WG9KYmlqWjJmaExfRXBFMHdVSWhXN0xDLTMxRWtadXk0dm90N18waE9tNmFSMVVYOWpDY0VUcW90?oc=5,2024-10-23 07:00:00
downtrend,Ringgit continues downtrend as Covid-19 fears persist - NST Online,https://news.google.com/rss/articles/CBMingFBVV95cUxPTGJUcFNKdFJ3MUptakY3SmxLLTRNUmRGMDZPbnFERG5TUHdDdDdERndwdnpVM2VRR0l6VlpwUnFQcERmcTZXV1hmdkF6QjRCSzl3T2IyWG5yZjU3Nl90cmV5NUxpUTY0VEhaVVhhYWMwMTFVdVFiZndkMVJONngyWkxZdFJwekYwYXZRMEdpZk9IZmxNRWo1TTFBMGs4QdIBowFBVV95cUxQUlRXUEtxbVZuU2ZxYWgyeVJ0VF90MDZmcHlyY1VndE00R2NIb3lNYlBJc1FVeFRZYnI1V1JHQmNmZEg0LVNwT0FSZEVpbDJ0b1Y5ck53d1FIUEhPbTZIZUJmenFNd0xEdTk3RG5hQ0lFb0JzdkVjcUdGeUtEcmkycmItUkl5SHNLR1F4alVQbWJGS0RFQUVRYnl3TE00YjBNV2Fr?oc=5,2020-02-17 08:00:00
downtrend,"Stock Trend Prediction Using LSTM with MA, EMA, MACD and RSI Indicators - eprints.intimal.edu.my",https://news.google.com/rss/articles/CBMiX0FVX3lxTFBuZVp0c0pKaGQ2MERfVEpKVzhGdlRXQnltdUplbW5hWENzNFk3bnpTbzZrekhLSWZsVkQxQkw4UURCSUJEcFdyZEM2Vk1RanBHVmtLbmprcHZqQ3lFN2ZN?oc=5,2023-11-28 08:00:00
downtrend,Technical Watch - Mercury Securities,https://news.google.com/rss/articles/CBMilwFBVV95cUxOUTNZN3U5dFpoYzBQQktJUHRfVnhKY29NUmtyQTRQVzVoOHpYWGtQemxRWllHbUpiT0ZmNUtzdjFGU043SVhqYkJ2MFpCcGN0WFkyR2pYME0xaHQzdnAwNFB5blNLd1pWakVQM0NvaTBiWVg2Z3JoQUNPMzRWcVNWYmFCSEtxM3FIazhkc2UtUTJJTFI5QnN3?oc=5,2024-10-04 07:00:00
downtrend,Thematic-200615- Should we fear the return of short sellers (Kenanga) - Kenanga Investment Bank Berhad,https://news.google.com/rss/articles/CBMiwgFBVV95cUxOUUtxbFdfcnFjN091QXFYazI1YVpHcV9NOWYtQ3g2VHB5Si1PeVVYUmhZNFhGanMwUjluMENNRU1fOVJ2aDN0d1pFV0Z5anJfUTRQeTI2eW9nclMweWJWYUF6UmpKeGo3eEtyb2ZySnpWaG8xTUhxRGRuZ2huSDRKT3dnVzRNOTRpYTZzTlBwbGo5YnpxQkN4UUxkZjZDX2o3QTlVa3hmMzlKOHp0cGptSFRDVm03aHUydFVrRFpPd05WQQ?oc=5,2020-06-15 07:00:00
downtrend,Property sector demand on the downtrend - Daily Express Malaysia,https://news.google.com/rss/articles/CBMijAFBVV95cUxNajZTSXNkZnhyNHo0YnhxUVdHR2ZjYkw3X2ZYdmM1N2V1VkFQTEtLc3pVMWF2NUVKLXhMa1ZYY3J5RmFoTnNVX0MxLVBGMXBWQkVzZk1wRzRQcnF3Sy10dWNOS3BPLXNaa2NZVVpNSVE0X01oTlZ1SkF6OTR0QkFsOWpxdml5VGRtOVoxag?oc=5,2023-05-10 07:00:00
downtrend,US dollar downtrend seen - thestar.com.my,https://news.google.com/rss/articles/CBMijgFBVV95cUxOT3NCMFlpc3Y2by1MVDNndm5pLWlobzZSVWoyd1FfS04waDV6YTZUUUtUbFZIc2NfR2VoUjhieDdwbHFMWTZhT0dMYW00YkhmeG90bHR6Nlg5TEZjdUpqeFdLQURRZERESUoxVHlHbUh1LUlIcHJNbzRBSDRGYk9MSEM4eURSb05pSXVxelFB?oc=5,2020-07-18 07:00:00
downtrend,Monetary and Financial Developments in November 2024 - Bank Negara Malaysia,https://news.google.com/rss/articles/CBMigwFBVV95cUxPa0RBeWpOdGNHdmhaMncyaHpSMHR4M2ZqTzFxRHNMMWtEalJ1VE0tMXlvUUJDM3RULTAzQzA0b205cENuSVYyam1QcTh3Rm9oQWFuVFVSMlp3N01Jb3BxSXFNcXRHcTh4UEVEeUtRbjFnVERLbzZIcVAzSDBUTDgyVVRlbw?oc=5,2024-12-31 07:14:25
downtrend,"No need for IMF loan, Malaysia is not bankrupt – Tengku Zafrul - Portal Rasmi Kementerian Kewangan",https://news.google.com/rss/articles/CBMiswFBVV95cUxPd3JDcnllcWpkVUVJZ2N3RmNtby13MWcwWU5EV3llZEE0YzVLWXUxMjJlWEFiaXFlQlJucDRQY3pFQlBBX3B0bkl3cmM2YmxzcTBsc0UyWmhLUzllRDRpTlBkMnVFMlVnc09wZnlyNGkyMXZ1NjBoOEw5eENtZkF6VmQ1c2JZY3RxRTBPdmlvMWRMakkyRkhicFc4b2ZCUDlHcGtrRXlLVTdQQkJGWEUxVGNrcw?oc=5,2022-09-14 07:00:00
downtrend,Some Johor SMEs losing half of workforce to Singapore - thestar.com.my,https://news.google.com/rss/articles/CBMipgFBVV95cUxOLTVTeXFlbE5UeURNUGwyaTA3aXlJMTRaY0hSYjZfRDVoLTJIb3kzU0ZBRVFMX21UTGxwYnloOXFWZTFWb0x3bnZJUWRPXzJOUEVvUkN0cUxybWc5cU5wVVRKeWV6U3pPMURWNV81TVFSeUpkdWhLWENhU3Q0QnhjWGpTbW9KOXRWYUdUM20zU21TalZMeXM3UGRSelpPdUFzSTRMU1F3?oc=5,2024-03-29 07:00:00
downtrend,Short selling in Notion Vtec's shares suspended for second time in a week - NST Online,https://news.google.com/rss/articles/CBMiugFBVV95cUxNTjZDcjNMaUdrcFJ0b3dsQldQWV9VNHZYSVVTdzBRa2toNlVaUGF2S0o3U3pKd1c1MUJYcVlMQ1hzOVJJVjlBYnR4ZTNyU004Tl9PTTlwYjg4QndhRTRqYnpVWnV0dU5JbW9kbjJOR2dyM1NQMFNDQm9uLVdhY2RuQW4tMmx1ZUtiaGliUXhDWWZCWmhDbmhUMjRVeHhjSHJFWVVkN09Nb1VZQWQ4bXhOa09mbmV1cFUzTEE?oc=5,2024-08-27 07:00:00
downtrend,CORPORATE - Business PowerPoint Template - intanbk.intan.my,https://news.google.com/rss/articles/CBMipwFBVV95cUxPZkJhQjZMRlA4dzFjVHduYXZrWHF4MHNYeS1iT1pJOXcybjNPUVBRWWpnWkE3WTBldEd3NzRpS05KODlXQWdycngtZDBGNERYS2ViRkpHRkRjVm9GR0pWaFB6cEVaTGtuWk9tNTI4NGQxX3ptZ2x3VWZwZzNBYjVLcEtOWVQ5OWQ5NVpGZklfQ3IwMVVqalljOUpSWkZCcXJhdFJrUGlCRQ?oc=5,2022-01-03 12:41:10
downtrend,"Bursa Malaysia falls below 1,600, tycoon Ananda Krishnan's companies share prices drop - NST Online",https://news.google.com/rss/articles/CBMiwAFBVV95cUxNTWxpeWNyS0Nob2FmZ1l4TGU2eGNLUEM1Z3lib0xNZUJKMWNhMWJvQnhkbXd2bE4xQ1RzZkEyMHdGUHc3U1FIX3FwUWM3dy1yX1BlYXZ3QU5INmdOMmdDSEoyS3FjakVjUHpkRGRCeDMwb2o3eVl6aDZrZDBZcUdNZXh6ZzNWM1JZc1pGOU5ReGZ5aW8yWTEwS1lJT0dOZ2s1cVUwMjFpR2RmSkpWVGlsMEQ2MEZlbk52aGFrcDMxRGY?oc=5,2024-11-28 08:00:00
downtrend,Technical- SCOMNET PENTA- 200325 (Kenanga) - Kenanga Investment Bank Berhad,https://news.google.com/rss/articles/CBMinAFBVV95cUxOU2MyRnhHR2tKNnJuM1RrUFpoVkJPY2NJdVlXR0V1U0ZzUHBJM19WQ2tsQjZ0WDk2SExtTHNQTkFubWMzbm5SdE5BUi15eFlYY3JiZGl1UFhGRHBUMHo5UkVuNFRZRmQzZ2VtVTFUd295bWtydnFIVU4wVGZQNXBJSjJFOGcwRWZVUG1oNG9xeUhvY2N0Zk5HRmVkd0I?oc=5,2020-03-25 07:00:00
downtrend,Rising Wedge Chart Patterns Education - Multiplex Property Group,https://news.google.com/rss/articles/CBMif0FVX3lxTFBiX2lxRGxKVElGNFJnSDdUd2pfYzNidnVKeFphd041SGpvUmNkQ21TX2czOWg5OHZFZTNPOXVpWHhVWTNyRjRRdVBFMWFvS09nakFXa2FqWGlrZjBEWnZqVllDWDhXS19MNlpVWllfbE9xdU5TS21yMVFBc0k3eG8?oc=5,2022-02-04 08:00:00
downtrend,"FOREX TRADING PREDICTION USING LINEAR REGRESSION LINE, ARTIFICIAL NEURAL NETWORK AND DYNAMIC TIME WARPING ALGORITHMS - Universiti Utara Malaysia",https://news.google.com/rss/articles/CBMiaEFVX3lxTE45TEcycWdUYnFxd0dKS09BTlZhUGs1YlBKS2w0cHRiYnFkS2VURjR3X005U3RpcXc0bU5Tb0FDLUh4YmJzY2xST0VWNldoXzhKN3FPUE9UN0R4QmJ1VE15bGo3VE4wcTE5?oc=5,2023-01-02 14:57:57
downtrend,Discover Sharlife's Crypto Screener - Sharlife,https://news.google.com/rss/articles/CBMie0FVX3lxTE9CMEk4bjhGWGc2OXFRQ2U5U3ItM1RWc1lwSmlSdXA1aXc1eEd1UWRqckdnMDdGUkw0N21LSUNCeldBUTIxb3E5d1o3RUZPUVRvOUMtS1VEbEFZUElmQXkwai1YODFKRmxheGo0NWNqZmVEUzBUaXpHYlBhRQ?oc=5,2024-10-11 07:00:00
downtrend,EKST Technical Analysis of Malaysia Stock Performance - Penerbit UTHM,https://news.google.com/rss/articles/CBMiigFBVV95cUxQOFA2b0ctN2tUazBYV3hsWUFyNnZIXzRqU210dUlzaG1rX3BId2RFZGo0MzdsLXZoVlI2NUw1SjRnd0pZWDFFYmkyZ1pPeVczb0VVV05kbjc1RzN1bFVVQTJPUHlBb3ZGekc2Q0RnM3VXUnpHUGhSMFlWdXJtNTdsYTBKTDdnWjJGNHc?oc=5,2022-08-01 07:00:00
downtrend,Targeted fuel subsidy sees decrease in diesel seizures - Armizan - NST Online,https://news.google.com/rss/articles/CBMirwFBVV95cUxNb0NVNjJGRTRGSHdtVkFYQkQ2Vk9wZnRJSVVqT2dZcHpEVmZRS0wzdFBBa2NzajRBVHYtZnQxUDZndDk2MWZkX0dabHMtTnpyazNNcHd2T2VYTEprclB1Z09EQ2FMV3h1N2c0dWlkakpuSGZzLWRWWXBUUjVvaFRyeDJ6NUdld0RwZWQ4elFDWHcxRzdPb1ByVVc2Q2pEMWdhZFFhaE9VMkNzZjViMDhJ?oc=5,2024-07-03 07:00:00
downtrend,"MGB, Solarvest Rose And Broke Out Above The Downtrend Line: CGSCIMB - BusinessToday Malaysia",https://news.google.com/rss/articles/CBMirwFBVV95cUxQeTJhekFoUFg5T2EyZU9PbVFtem5JNi14aGFTdkJPdWNmWVEzcHotZ1NTUk5KTEpGcURETVVYRjR0V2JremJoWXA5Q2dBUnp2T1F2TW11ZUVtS0p1cm9QTVJLUXNiZFZveVFHa052dHZOQV95M09VUFhvYlE5Q2tTQlZnR0RYdWtSLWgzeWxTUjZmby1GUGQyczNTSy14OFlfakwxb001ZEtxLWFiV2RB?oc=5,2024-02-13 08:00:00
downtrend,Ringgit continues slide against US dollar - NST Online,https://news.google.com/rss/articles/CBMikgFBVV95cUxNa2RSTGc3MUVCTGtHeWREOHRfbUxsTVc3YlpJdFZJblVRbk5RNk40bndGLVpvbkhsbVJ5S2RESWhJZnJ3M3F6Z05VT1FydUxJTGZjSEJpY3ktWXBNUmtWQlNNUFRtVllVZmhfSUROOHFQM2VwUmZtY2J4bTh3bWJsVW82QzhvbUZYNzRtZ1R0TThvUdIBlwFBVV95cUxOSHlrLXZobldpa0VoMTJyanZ1MDlpLUl1VkJQbjduNlMzdWxTVjRnRDNYdFRQTUtCcXNvR1cxRWRxR2taQmUwRmtFX0FaRDNONFROUzE1cXVYVWpXclI1SUJCTkc3Si05LWFEYS1SWHRTT21uV2NmN1g2emJISHZMamROLUI5dFVlNnlwSEg3ZjA4T0dRZnNB?oc=5,2020-02-09 08:00:00
downtrend,Ringgit to trade between 4.47 and 4.50 against dollar this week; expected to exhibit softness in this trading - thestar.com.my,https://news.google.com/rss/articles/CBMi_wFBVV95cUxORkx1elNuYnE3cTBLVFVWTW0yT21GYW52SzRoQVFOR1dIWFpGQXZwNGEybXdmQkh6S0hqbHctTXFoY0xtdkhDOThCXzZSYTlPc01OTndRN3RfSEQxNUdnd2VyT1dSMmtDLU1Ba0hxV3AzeWJiMDRuTjh1NW1TOEU2RVVidER6aDRnUnRhaGV5bmpNWFdHMDhoX1VraWF2MWFsYmdSN2ZfVkdUT0FxaURyTUlJWFJELXdWcXlqSEZfcXVGdHA0alg1X3dXZV9xNVFtNkdId0JPNzBkTGlUbVBvbnFYQXBoNjY2di1kSWgxYVFqbUdnazlIRGlnaFRBVjA?oc=5,2024-12-29 08:00:00
downtrend,Rising ringgit set go below 4.2 against the dollar and remain strong next week - thestar.com.my,https://news.google.com/rss/articles/CBMi1wFBVV95cUxOY0VMdUxOTmNJYlFUUWd2YkcxNzZkYzUzeFk4djA5MXJGNHRHOFdFMFVMQWt5aHowTUM4VTh1OWlucXNEOGUxNHN5X0JZdDhVZklEck82bmxsNlAwNkFYcEk0UUhvczZScU1Ic2lKUWJFMjZVWlQyclZsaGdSVTZKOXhLdlI4b3N5dHpXTHZfYXBWTzdnVzJqQ3FUYmYwbGVpRktqR0lZbFh5alVlYVB0cVFMeXpBVGZ5LTFfd2h3NlBYbjFSaGR3YjUzUEg2M3dVc25nd0FnSQ?oc=5,2024-09-22 07:00:00
downtrend,Prestasi Sawit Malaysia - Prestasi Sawit Malaysia,https://news.google.com/rss/articles/CBMiZ0FVX3lxTE1KLXp2NXRrSDhybWdxSnlrcmNScjZfX3NXUEdtRDVxOTRiQkRDODRnU0hUYXpNeEphYUJ5cU1JbTVNazRCaFhuYmdOa2pFbm5NZnBxbG5pajhGcHNZVHNWTl9FcDNtZzQ?oc=5,2023-09-25 02:49:14
downtrend,Ringgit ends slightly higher against US dollar - thestar.com.my,https://news.google.com/rss/articles/CBMiqwFBVV95cUxPRFZxeWlwRzV3UWVSbGRPcFdNU0hDUW1ZQXJrbFJ4UGdkVGh0cmNvdDExRUFZejBhVThnemN4ck1WeHBULWl4Tm1Bc1FjaXNoN2lQbGhMUml5X0V2ZFc4ZDVJcGtxbDJWaTlFQ092T2RDOVVKa1lyTU96bFhpM01feDJjWVhHaTd1SGZJZ29CdUNDUjVaalZZVjhZdUhGRTdUcTNuTjd4OGNCSmM?oc=5,2024-01-23 08:00:00
downtrend,"Technical Analysis: Support, Resistance And Trendline - Smart Investor Malaysia",https://news.google.com/rss/articles/CBMiiAFBVV95cUxOcEJibDc2NjF6Q3hFc1NibmliMGFNSHBsa3pZVWVRdWVwclVsM3YyVHdUYVNQd1lvOEdnOG9WTi1pOVFZZ2FwVmljYm1nR1NnWkMyQzBFTmhlT0l0NHpHR3NkdnVZYzdEbHl1em5IM3F3TVQyamdmanZkSHNNeWVNZUdnT2gxLWxr?oc=5,2023-08-12 06:36:32
downtrend,SJKCs the next melting pot? - Opinion - MySinchew,https://news.google.com/rss/articles/CBMieEFVX3lxTE1GN0ZJYlcwQ2NKYlBQR2RLVDlDUDVGQU5YcGU2cENIck9sN212VWRRdmhsWGwyYktzUGZYWGw1SXJwNE9QV2o4a050ZXdMellhLTlVeVg3TGJXQTB2V3AtN2xrVFlfYU9HNnEzNS0xR0I5Y0ZQX3Y5Qg?oc=5,2021-03-25 07:00:00
downtrend,Emerging Markets: Optimistic outlook despite near-term malaise - fsmone.com.my,https://news.google.com/rss/articles/CBMicEFVX3lxTE1SSjJsWUM5X01uc3U5djRra3puNDB1V0tzRHVvb2wxTEo3dDNKQjg4N2FlUWJkUlFhYUt3b3hEUHp4bmdSQ0RmRmtzR2hDMnQ5ZHVxdzhGV3R3TGEzblVyand0T2xGTWkzV1NPeHhpanM?oc=5,2023-08-25 20:26:33
Bank Negara,Exchange Rates - Bank Negara Malaysia,https://news.google.com/rss/articles/CBMiTkFVX3lxTE9KSTV3SkhoZ3BzQWVGRG9EMDFsLWFHTmVGSHpqLTZ0YzhlaVh0eTRrWmlIY3o3UTRhZE9vVnVQcGRzbm5wU2c0ci1ydWtCUQ?oc=5,2020-12-16 16:53:28
Bank Negara,CIMB Clicks App | CIMB - CIMB Malaysia,https://news.google.com/rss/articles/CBMieEFVX3lxTFBISmcxVkpUU3FOUU5QTnRDOTJiWXBwcWhUWVV3NUp1aWFsckg1cXhDX28tSjh6QjU1Sk9XelgxNGpFWlFLcHVJQkU1NDZ5NEpOam80SkJnc2dzWW1kcDBzVVZqLUZTYklrcG9VcVkzOFNDTTlsRzIzOQ?oc=5,2019-11-19 19:10:56
Bank Negara,Insecure WiFi NetWork - Touch 'n Go eWallet Help Centre,https://news.google.com/rss/articles/CBMikgFBVV95cUxPQzRIRUFDalQzZVkwOE1hWnMxcE0zdUU3SUpuRHJ1ZUtWTEJfelZfR1ZuNWNqeV9rU2hTMm42V050aFlLNUdoSGpmUDJmZHpGeHRxX3U4bVVMVFY2U3d1NnZtU21RblJ2VDJVcWI2MzFaOXJ1MVduckR5SnNSRDNuZHRMQ0tFYmxHSF83d2k0dkFKZw?oc=5,2024-12-19 08:00:00
Bank Negara,Security Tips - bsn.com.my,https://news.google.com/rss/articles/CBMiU0FVX3lxTE1vTWN0RHExRGVkUDgtSll3TjcyV1pWSG5VbWl4b1dLNHRsUVVOVmhuelpWeklpeFBoYXgzd2VFWFFoLXdaRmgtbU53WXFJd05oRnNn?oc=5,2020-12-14 23:26:51
Bank Negara,TVET Madani - TVET Madani,https://news.google.com/rss/articles/CBMiPEFVX3lxTE5pLXRqRlR3SDJpSjUxRzJHQkl3Vk52RjJOeEVIMVJaYVZjYkhHa1RwYm0yeXZMRHJwMUstYg?oc=5,2023-04-18 07:12:12
Bank Negara,Monthly Highlights and Statistics - Bank Negara Malaysia,https://news.google.com/rss/articles/CBMiUEFVX3lxTE5BbVVXQ2dXeUdDR2JNS184Xy0xb0dYN3RfSlJGMTlVeFp3MlRQX0VSNFc3UEhmWXZLOWVGWjRpdG9kWDJ0cmdoOElkeTFVck1U?oc=5,2022-03-24 07:46:28
Bank Negara,Scenario 2_New eCCRIS Account registration with MFA OTP Online User Registration_Amended_ENG - Bank Negara Malaysia,https://news.google.com/rss/articles/CBMid0FVX3lxTE9KRUNwTm9zVTVNeWZoNENPU1RaNWNvT01IY2Z1aTl0UVFkd3FfT0NYX0JjWWxuTzFUTlNlSXNOMnE0WDl2UFRfWUMxd0l2RWdSdms4OGNoZXUtZ0N1Ynd5STA0RTNEVmhLeDQ4OW1vQm9naEoteHFF?oc=5,2024-10-18 13:27:45
bnm,Financial Consumer Alert List - Bank Negara Malaysia,https://news.google.com/rss/articles/CBMiYkFVX3lxTFA2Rmt1LUhSaWhuVVVQSURZWEp0ZkxjNWRpbFY0OW1IVnhTTWhBa1FpcnV3TjA0SXptNEVzVGVJMEI0eVZmSE4yWHU0U29leHB5Zk1nQXM5OTBDZ0JGTHNGN25B?oc=5,2021-01-30 08:30:43
bnm,UOB Malaysia | Financial Solutions for Every Need - UOB,https://news.google.com/rss/articles/CBMiU0FVX3lxTE9HbW45UGtpZi1LVEF4ZlhjR0J6WDRoTGNON2dRQjRNak15WDVESkNwbmE5M2FadDJaRkRzeGZDTC1qN2pxNjdQMzdYd19pMTFIMlN3?oc=5,2019-08-03 20:41:41
bnm,Lembaga Hasil Dalam Negeri Malaysia - hasil.gov.my,https://news.google.com/rss/articles/CBMiPkFVX3lxTFBGNktGRG93allpMzJ1LXFBSVF5MnYyNG9VWVBrM0Q1N3RrNy12V0dROTFxZkZZSFp6ZFJxZm93?oc=5,2021-10-21 13:07:27
bnm,Customer Help Centre - CIMB Malaysia,https://news.google.com/rss/articles/CBMif0FVX3lxTFB4UFYwTUtScC1rQWUtNjlnam4tdnNURENDd1hnLVRtaXlwQ0RSNVhsNlVMeFRvS3BaSGpXZm1wRU45cTJOYTRZVkpwU0V5d21FV0h0ZzFSUTQ2TEZoNkM3UEVoSFd2OGlsNlJRNmF3YzNDVDlCcjJ4dEhWbjR2TFE?oc=5,2024-12-20 21:22:45
bnm,BizChannel@CIMB: One-Stop Digital Banking Solution for Your Business - CIMB Malaysia,https://news.google.com/rss/articles/CBMifkFVX3lxTE9QQ0x0ZUdKdXl4VjZsU3VRZ1BWOVlJaE1zMmMxSEw5MWJjT0ZiMkNUTWFNOERMNHVaNk5kdHV4NU0xeTdlVkFtUUxGS2k4ZDBlcGFoTjA1UC1IVG9UaThrV08zZzN5dlFTVTRWMlE0OVZ2YWtOd1VRS3JNSDU3UQ?oc=5,2024-12-20 23:35:07
bnm,Hong Leong Assurance - The largest domestic life insurance in Malaysia - Hong Leong Assurance,https://news.google.com/rss/articles/CBMiS0FVX3lxTFA5eEVMZ2tWRThUcmRIX2xLWjdsc0F4SC1kb0JPSDlsM3U2MkxwTlU2V3NfUlY0RlpkS3dYbTQ3Zk4wbWY1VEhPeUozUQ?oc=5,2024-04-26 16:41:36
bnm,Laman Utama | Permodalan Nasional Berhad (PNB) - pnb.com.my,https://news.google.com/rss/articles/CBMiPkFVX3lxTE1HUWd4T1B1UkhVNHV2WERPbGhMNERSaHpyNC1na2xQV0NXZzYzMVMzQVVXX0hPdmRZOEs5Ukhn?oc=5,2024-08-21 19:24:59
bnm,Xpats Gateway - Xpats Gateway,https://news.google.com/rss/articles/CBMiQkFVX3lxTE0zLWNQV2dvbTYtX05JbFRoTXRCbGpZZ2JrS0hmbEdJN2Etd2xwdUxCdjJxVjlGaHRKYkoxY1hpbG94QQ?oc=5,2023-06-08 13:02:44
bnm,The MAE app lets you bank seamlessly and manage all your lifestyle needs. - Maybank2u,https://news.google.com/rss/articles/CBMiqgFBVV95cUxOWUV5U3dVMEZRTXpfcG1TcHVNZ1pOWmRka0pvX0xKcm5DM0lhMjh5QVRpbWpYcTB5U1U2d2cwczhla3JGVllZXzlSQVo3U09RWjZFZVh5WkFPLVozdFN1NUFDNG9DZFBFTnlrQldHMGpEUklKQklrMWd6ZXFhWjlVdDhvMVFlR1Q1em1tRTZTdnlYRW9ITTFTYUZWaW9kNjNROW5mcjdYZDlyQQ?oc=5,2020-10-08 04:07:18
bnm,Login to your CTOS ID Account - CTOS,https://news.google.com/rss/articles/CBMiW0FVX3lxTE9xTm1OdE80LWJ5YTFxWnpqQnNwLUxUcm9FZXQwVTBCOVVZX1JIM1MxSDhFdkFmelJoLXNVTXVQTmlkbWtxMkRXcDhnM1U0TXJTV05YanlRUmFENGc?oc=5,2019-03-21 10:59:04
bnm,Kuala Lumpur Public Holidays 2025 - PublicHolidays.com.my - Malaysia Public Holidays,https://news.google.com/rss/articles/CBMiZEFVX3lxTE9UU2s2WE1xbVBFZEk0QkRyaFVHLUczUTc5UktzNlB2dTNLYmVGaHdCZVRWM3JnQzNnREk4QUlJTVFJOFhWWHhYQ3doWThUUU1ybWZWanJQbWhOUV9ZbUFkNDNKcWI?oc=5,2022-05-24 23:34:58
bnm,Security Tips - bsn.com.my,https://news.google.com/rss/articles/CBMiU0FVX3lxTE1vTWN0RHExRGVkUDgtSll3TjcyV1pWSG5VbWl4b1dLNHRsUVVOVmhuelpWeklpeFBoYXgzd2VFWFFoLXdaRmgtbU53WXFJd05oRnNn?oc=5,2020-12-14 23:26:51
bnm,Contact us online and offline | Help and Support - HSBC,https://news.google.com/rss/articles/CBMiR0FVX3lxTE5tWlRGZXMwaFdsazMxYWIxdDI4bmU0YWo3dUliZkdyS1lJZDM5aEZPUkl1WFhvYW1jSzVzVkZvRS11WmtpemdB?oc=5,2019-08-12 08:49:32
bnm,INVESTMENT CHECKER - Securities Commission Malaysia,https://news.google.com/rss/articles/CBMiUkFVX3lxTFBXQndYbFNMWFh3eTllbUNTWXV4YzgySjhLY2VsYlhrMWJwUk83cFAwSV9jeHVCYUNyVllfNkVhSGJEUHE3RHBuYWxuTTJZZE1rQmc?oc=5,2024-02-07 01:25:57
bnm,Get your Touch 'n Go Card refund for - customerservice.touchngo.com.my,https://news.google.com/rss/articles/CBMiXEFVX3lxTE1QVlVUeEo4MGNKa3ZGSmdaUTNwOGl6NG5IRHF3SmlwdjU3dkR4RlNzRjlBcV9HaE90T1FMQ0E5cWJscTF6dkpBNGFVTVNmYlNLN0l6RnpuWjlFTmcz?oc=5,2021-08-23 07:39:43
bnm,Log Masuk i-Akaun (Ahli) - KWSP Malaysia - iakaun.kwsp.gov.my,https://news.google.com/rss/articles/CBMiWkFVX3lxTFBFVndMNzF3VW82UUxkQXplWE4tRE15ZDJVc2F5YTJEdjRfLVJmZEkzb19tdzJiTGQ2MUZJLXJRTEJxZFZHYXAwaUdUbkFkdGdpcy1zMW56SllvUQ?oc=5,2024-02-01 17:43:09
bnm,Scenario 2_New eCCRIS Account registration with MFA OTP Online User Registration_Amended_ENG - Bank Negara Malaysia,https://news.google.com/rss/articles/CBMid0FVX3lxTE9KRUNwTm9zVTVNeWZoNENPU1RaNWNvT01IY2Z1aTl0UVFkd3FfT0NYX0JjWWxuTzFUTlNlSXNOMnE0WDl2UFRfWUMxd0l2RWdSdms4OGNoZXUtZ0N1Ynd5STA0RTNEVmhLeDQ4OW1vQm9naEoteHFF?oc=5,2024-10-18 13:27:45
bnm,Insecure WiFi NetWork - Touch 'n Go eWallet Help Centre,https://news.google.com/rss/articles/CBMikgFBVV95cUxPQzRIRUFDalQzZVkwOE1hWnMxcE0zdUU3SUpuRHJ1ZUtWTEJfelZfR1ZuNWNqeV9rU2hTMm42V050aFlLNUdoSGpmUDJmZHpGeHRxX3U4bVVMVFY2U3d1NnZtU21RblJ2VDJVcWI2MzFaOXJ1MVduckR5SnNSRDNuZHRMQ0tFYmxHSF83d2k0dkFKZw?oc=5,2024-12-19 08:00:00
bnm,LAWS OF MALAYSIA - hasil.gov.my,https://news.google.com/rss/articles/CBMihgFBVV95cUxQbzVJWVRiOGJwMklIemM3ekJ3T0VBQWNjOHhBV1p3eWJSOXEyc3BKVzNMcmx1RklXVnlNUmZuZTZsMk55cTN5dVE5VU5rQW5mdUpTU25URGF4OFVObXUxSkhwdWxUN0V1MVhQdnVxQklZMk94cnJQdEpqU0tielNPWDg0b09pUQ?oc=5,2023-11-01 07:00:00
bnm,List of Approved and Registered Intermediaries - Bank Negara Malaysia,https://news.google.com/rss/articles/CBMieEFVX3lxTFBadmNITXU5WmFVdWFySEFpOFZiYVd5SFFUV093R3ZlN092OGJ5eDFkSWxUT00yOFlUYzJMemhsZDJvdlpmTU56TFRxN2hKTjBVLUtpd2pHWkFMbG41NkVScXhOOER5Ync1b3NQMDBUb1M4ZEtmSUJjTQ?oc=5,2020-12-16 16:38:54
bnm,Public Rulings - hasil.gov.my,https://news.google.com/rss/articles/CBMiZkFVX3lxTE9jQUZYaS0yWXBncm5LNzJzWlNmY3R1UWhwQ1Jyd0dkaW9YbWVqX0p1eHVPYjNNdjRJM1o0WWVMcE1fQ1BGYkF3Q1dWUTZSdkkyMzFXWmNFM0VSR0QwTDgtTEFjQzU3Zw?oc=5,2022-02-28 22:38:14
bnm,Customer Help Centre - CIMB Malaysia,https://news.google.com/rss/articles/CBMihAFBVV95cUxPRnBrYW1jN3ZQR0g4TE5OWm00VzRvWkRKYnNGajJ2RTlJRjZTVDhsSTBCWjlPdzhFR21FTHVNa1FLQnZHc2JLVE44NDlHakZnTGVlelZZMVFOdDdqek5JMjJRYzEzRG5jVmxTV0JGTXFWdUFFTlJ1eWktX0xOTjRvMEVfWlY?oc=5,2024-12-20 23:18:31
bnm,Lawyer or Law Firm - Malaysian Bar,https://news.google.com/rss/articles/CBMiogFBVV95cUxPUEtxWENvOTFJOEpNeDZsY0ZVZWpOM3paaTVWTm9nak1oVlhTMFo5UHJtN0VUVEFNZEdROVNicDlDdDhRalZDdHlYTGxlMkV5WnhKYWQ5VWxoSi1YNXA1VUpEYVhHRVNFWG5NWjRyTXFRY0N0aU9HeFFUZVBPWjRULWdpTThucU1BUkh5Y0JRMW1IWlRFRHpEaHR4Z0w3dVFualE?oc=5,2019-12-24 07:24:44
bnm,AHAM Asset Management Berhad | Home - AHAM Asset Management Berhad,https://news.google.com/rss/articles/CBMiN0FVX3lxTE1JTFNxNktjLWtNYUxrRHNKZDdZMVo1d0lXNzk1cGRoT3pmWkN5djI2bzVvaDQxV1U?oc=5,2022-11-22 03:39:59
bnm,BSN MYGOLD ACCOUNT-i - bsn.com.my,https://news.google.com/rss/articles/CBMiWkFVX3lxTFBCMnNFVlppa3RLc0I0cFpoOTlyTWM4LWZSTjJxUzJDbTU4Y0ozcXFNN0F2dE14bFotaFdkVThwS1RfTHpzUS11U1kzb1cyNnlKQWRVaUJaQmY5QQ?oc=5,2023-08-28 00:23:19
bnm,Gold Investment Account Interest Rates | CIMB - CIMB Malaysia,https://news.google.com/rss/articles/CBMiyAFBVV95cUxPeUlfdzdSaER1M1Z3OHg3OEFvSDktMDZQbTRpdzk4dWRVWUFnWnZrbFhSX2I3RmpDWWxKTzhmMjRVQjZlQ2ZEcE51U3N2a0drZlNLS0xyZ0IxdE9YNzFEZmN1V2g5Yk1hajJDU2pSYVRKMkswd0IyYk00V1hkRVNiTUVkUEo0alJOX2VlY1F2ZHhoLWJ5bTc5T1JHOTdNVTBzQWRJLTJIanJfOHVpbUhfa05IY0RvbFJwNzlXNGpKUUt0YTFpeF9kcQ?oc=5,2020-05-06 01:51:12
bnm,msic code - msic.stats.gov.my,https://news.google.com/rss/articles/CBMiXkFVX3lxTFAxOTVjQU5vc1VIV244cllQQkJKdzQxazFoSHhtWkJzMWdiNTFzb3NmNnVSQkNNa2Nsd0IyTGlWNTFRSGNYY1djQ3BNc1pZNlpKTkstTTk4OGpHRXBuUEE?oc=5,2022-05-24 07:08:33
bnm,75th Anniversary of JPJ - Bank Negara Malaysia,https://news.google.com/rss/articles/CBMiqAFBVV95cUxQM3FfejIyYkFxaThtY2lCTU1DNzA3Q08xSDVMS0lQTzJXRGY0bHc5VENaeS1wRDgzeHpfTnFuUWM3TDc3OEdkR3Z1T3ZKcFBpX1RRSU51WjkycHNjSWNDS1pfeEJ3Z0tBTXE2WGRzaXEydF9DZkx5TnFWZW45UEtDYkMybjZNS0Z3Z0JZUzc3d0EyVklPYWhDUXNMUGI4U3dRbzZoREswSEc?oc=5,2024-05-29 16:52:09
bnm,Initiatives to Strengthen Consumer Protection - Bank Negara Malaysia,https://news.google.com/rss/articles/CBMiekFVX3lxTFBSNGNGbE5SUldCdXdGQnUyaFgtVUM1V2trRjZpLU9ydG85QlVrMlQ4bWVBaUl0WWRvaDJGSGRvQ1lDZHJsSm9sUDY3S2JETmVabGh6MF9QcXVCblRzbXZSSFdwVllnbE0wdUVzclNRNmQ5eVgzQklaTzlR?oc=5,2022-03-29 01:38:22
bnm,Management of Customer Information and Permitted Disclosures - Bank Negara Malaysia,https://news.google.com/rss/articles/CBMizgFBVV95cUxQZFBVeTJLS2p2al8temdydlNBVzN1X1FiSV9fdjZ2MWlzcWtsWXJYcnJiUVd2WWxkRUtjMTZnclU5VnV6YWZ6SENRWUd2MnJPaDJDVEVBdkNpUXNsU2hKaFFRUFVmWHhsbTJmUVMzYkRqUF9yWjVnaUFzNHJQa1dHTl92a2VHbHhNbGxwNEZIQ3Mwb2RxaFJveDJPS0tIemVSeWRfREJqU3FJbnZnS2tGTzdYWlpoYjRiOVVoN2xFdXZtd2hWUTBDb3ZqbVhnQQ?oc=5,2021-10-12 07:00:00
bnm,The Shariah Advisory Council of Bank Negara Malaysia (the SAC) 194th and 195th Meeting - Bank Negara Malaysia,https://news.google.com/rss/articles/CBMiXEFVX3lxTE9Td0l4ZFdMOFFMSWR0NmlWbEFYYzk2UTZlUTRkQ29uNnZITWpLT1NGNmJGbFE2LUpDckhhV0E3SEs3c0JXeHRScjhXU1U1ZzRob3hRdmNUdzMyVW9t?oc=5,2020-12-18 21:09:28
bnm,List of Registered Adjusters - Bank Negara Malaysia,https://news.google.com/rss/articles/CBMiWEFVX3lxTE5naEFCb2pHY0pDeGY2YWhKUHJuSExqTEQ3dldPTTZRel9GT3B2OUQ5Q1ZCUGVtWERqeWphNHBJT3FKNHF4ZlJ4Vk15YzV4aGpvWS1jOVR3cnc?oc=5,2024-12-23 08:00:00
bnm,BNM Annual Report 2015 - Bank Negara Malaysia,https://news.google.com/rss/articles/CBMic0FVX3lxTE8ybEJQLXNRb0FlNmtRblllNVozN09VdERON3daREJIbkIxWEs0ajhlbjBpTDhmRXBCa3JqSGFZNHFucUpaQld2X1JSclFqU0pTOUQtd3RNQXItM0V0RC1pQjFIbExySGk4UkJzbG14UTRJTlk?oc=5,2022-05-22 08:45:52
bnm,List of Approved Insurance and Takaful Brokers - Bank Negara Malaysia,https://news.google.com/rss/articles/CBMicEFVX3lxTFBaSGROMmRSMXdMNV96aGg4SDduSjR5S1pvdmczNHVWY1BCUG5ocXdNNEFYdVVYZTAwTFlabU5mdDcwVE5RZDVMZ1haUG82a3NIaUFWRmtWN2pScFJ6Rk5SUjVZRVNDTFUtal9SS19raG8?oc=5,2024-11-28 08:00:00
bnm,Banking measures - Bank Negara Malaysia,https://news.google.com/rss/articles/CBMiU0FVX3lxTE5uV1l5UHFHTE8xdlg4SjN4ZGJLTnpjWTlhUUg2Z0FtLUJXUld3TEV5ZFA2aDhITVpONUI2WWROelNyem9uSFU5MGhjSV84d2VZNTZN?oc=5,2020-12-21 15:32:27
bnm,Item 1. Submission by applicant seeking registration 2. Submission on behalf of the applicant (third party) Descript - Bank Negara Malaysia,https://news.google.com/rss/articles/CBMiZ0FVX3lxTE93YWVWbW82VFIzZnlOazZnNU1BX0RHVWRkV0UwUVZZa1pyaloyYWl6eFUtaXJNLUZ5bWtySWVTWkN3aFJ2WW5IbWFhcFYyenUyUG0yemtpODFaZ0tyWXI1THFuckZQcGs?oc=5,2020-12-18 15:24:26
bnm,Bank Negara Malaysia Annual Report 2012 - Bank Negara Malaysia,https://news.google.com/rss/articles/CBMiRkFVX3lxTFBtOW5DbmZiV0ZUdG1ERGg0MTlOVk83M2N5ODZ5MVdRUkRGSUN0N1BpSEh0YXZtY2ZmRWhCRzVFQ3p4ZF9oeVE?oc=5,2020-12-16 18:15:41
bnm,Liquidity Risk Policy Document - Bank Negara Malaysia,https://news.google.com/rss/articles/CBMiTkFVX3lxTE8tSDZyTXNnVGxLM1FUa2N2UEpSWklPMDVqQndOelBfTnFCS1lrSjdqTVo5WXIzQjFjTldvZmJHbkc5STNuNWd0cjZoYlExZw?oc=5,2024-10-15 03:14:13
bnm,BNM Instructs iPay88 to Further Strengthen Cyber Security Controls - Bank Negara Malaysia,https://news.google.com/rss/articles/CBMigwFBVV95cUxNVkdRNE9CS0pURWl2R283NlE1T0tKZUpHWnBoalFnS3RPdnQ0WlA4WXBGaXdxMXdtXzkzQnhzUm5ORHRRTmhoTk03REhiQlYzS0VwNVgxajgyblRxSVVrdGtNSFF2dzRBSGJJRkNUY3JJMU1paFBhUEZEWUpZTjg1YlE0UQ?oc=5,2022-10-07 07:00:00
bnm,PAYMENT SYSTEMS IN MALAYSIA - Bank Negara Malaysia,https://news.google.com/rss/articles/CBMib0FVX3lxTE5DT1AwZlJJRVdhcHZoQmFsVEtSV0ZuYUZaUWQwTTNrQzZhRTUzb3VpUWlycnFzODczdTJZNGxYaF9lcGR1X1RodXNOVDMzNHNqeGlsZlFHVE15bEdDV2g0MmpvNEdxajFQY0RfOXVsMA?oc=5,2021-01-13 09:21:22
bnm,Monetary Policy Statement - Bank Negara Malaysia,https://news.google.com/rss/articles/CBMia0FVX3lxTFA3ZnVGajVQU01EZFZ1Tm5tR205TVdxc2dvX3Bfc0Q4aHE2LVk2dUNQUFBUaXhZQk82bXg1OGo5eWw5LXM2T3lDRHdHb1dXXzRaTFFES1FhVjUzUzN0UWxhajdEZERmcjYwVmVV?oc=5,2024-01-24 08:00:00
bnm,About Money Services Business - Bank Negara Malaysia,https://news.google.com/rss/articles/CBMiYkFVX3lxTE5BNWtkakh6ODJna2E0VXBIelFKTmJNRkZGSXhWRDdtNHhHSUdianJ5MC1fQmxCSlVVZFc5UzhDQlJVR212NjZpVTE4SDgtdkpJblBmTXVXaXBXQTZuR2tsanZR?oc=5,2020-12-16 16:40:01
bnm,Newly published: Guidelines on Data Management and MIS Framework for Development Financial Institutions - Bank Negara Malaysia,https://news.google.com/rss/articles/CBMixgFBVV95cUxNUkFuZzlMMmlMSGFuNmtweVMtbkhVUmh2NXFZVUxsWXU1NlVOX0o1MnpiM1B5dVF4NFRYSXE3UjluM2RpdXNNX0hiT2dOM2Z1X2VNNjNMd3MteXFvMnZXczVVaDJLNHpHMTM4ek5yV3h0czVsdGdYdGprODRTTXlmc04xUkZEVFBfUmVBQlB2dmMyREFMUjNjNXpndHdpdWxaUFd1SDI3dXRWNG9ZR2FKclFaUnRrc3lNNGhoMEpBTFJXNXROeEE?oc=5,2020-12-18 21:22:52
bnm,Welcome To Bank Negara Malaysia Museum and Art Gallery - BNM Museum and Art Gallery,https://news.google.com/rss/articles/CBMiP0FVX3lxTE50bmNUZ0J4RzVTcGFUSEk0UE5yVS1sNURZd2ZobFVBMWVjMjFwSzhLWTVTMGhZUGx2enpLNzNLdw?oc=5,2021-07-04 03:30:08
decision,Home - Malaysia Gift Fair - Malaysia Gift Fair,https://news.google.com/rss/articles/CBMiTkFVX3lxTE1HYmxyWW1BREtFZTduLTFXQ0NLQjBxR1ExczEyR2pjb1RXQlpoMGtaRjBabmc0UUFtYjVyNVExUHllTmVsS3R4QXRqRko0QQ?oc=5,2020-04-20 13:45:17
currency,Contact us online and offline | Help and Support - HSBC,https://news.google.com/rss/articles/CBMiR0FVX3lxTE5tWlRGZXMwaFdsazMxYWIxdDI4bmU0YWo3dUliZkdyS1lJZDM5aEZPUkl1WFhvYW1jSzVzVkZvRS11WmtpemdB?oc=5,2019-08-12 08:49:32
liquidity,BizChannel@CIMB: One-Stop Digital Banking Solution for Your Business - CIMB Malaysia,https://news.google.com/rss/articles/CBMifkFVX3lxTE9QQ0x0ZUdKdXl4VjZsU3VRZ1BWOVlJaE1zMmMxSEw5MWJjT0ZiMkNUTWFNOERMNHVaNk5kdHV4NU0xeTdlVkFtUUxGS2k4ZDBlcGFoTjA1UC1IVG9UaThrV08zZzN5dlFTVTRWMlE0OVZ2YWtOd1VRS3JNSDU3UQ?oc=5,2024-12-20 23:35:07
liquidity,Career at Bank Islam - Career at Bank Islam,https://news.google.com/rss/articles/CBMiSEFVX3lxTE8taEZURHJwWkVhSXB1TUc4R2g0V0htaTNKZGs5bGV2OVdUc3hQeC1EcEtrY2N2S0EzMTZlcWxvaE9yNF9YV0VyeA?oc=5,2021-10-11 06:31:55
liquidity,Fund List - Kenanga Investors Berhad,https://news.google.com/rss/articles/CBMiWEFVX3lxTE8xanZGdWZLcXF1UGw2OXlkSlZjV1M3R28tWTRqVTVMS3hDcXJ2RGYtbDhxNi1CTGdxWUZDd0lZZmF3YjFZRVVxRWVEeEo4dC1fQXVjZDRwa1U?oc=5,2022-11-26 14:56:30
liquidity,BNM Annual Report 2024 - Bank Negara Malaysia,https://news.google.com/rss/articles/CBMiQ0FVX3lxTE1ESi1MZ1ZFV1c1bEU2Q2djWVY4MWpPQlZNYWhSUnF5Y1Z6V0FGT1E5MjF4ZFQ1aFY0Q1Nqd09ORmxOSTQ?oc=5,2024-10-01 01:21:28
liquidity,AHAM Asset Management Berhad | Home - AHAM Asset Management Berhad,https://news.google.com/rss/articles/CBMiN0FVX3lxTE1JTFNxNktjLWtNYUxrRHNKZDdZMVo1d0lXNzk1cGRoT3pmWkN5djI2bzVvaDQxV1U?oc=5,2022-11-22 03:39:59
liquidity,Gold Investment Account Interest Rates | CIMB - CIMB Malaysia,https://news.google.com/rss/articles/CBMiyAFBVV95cUxPeUlfdzdSaER1M1Z3OHg3OEFvSDktMDZQbTRpdzk4dWRVWUFnWnZrbFhSX2I3RmpDWWxKTzhmMjRVQjZlQ2ZEcE51U3N2a0drZlNLS0xyZ0IxdE9YNzFEZmN1V2g5Yk1hajJDU2pSYVRKMkswd0IyYk00V1hkRVNiTUVkUEo0alJOX2VlY1F2ZHhoLWJ5bTc5T1JHOTdNVTBzQWRJLTJIanJfOHVpbUhfa05IY0RvbFJwNzlXNGpKUUt0YTFpeF9kcQ?oc=5,2020-05-06 01:51:12
liquidity,Sukuk Market Liquidity Determinants: A Case Study on Sovereign Sukuk in Indonesia - eJournal UM,https://news.google.com/rss/articles/CBMiggFBVV95cUxQV3hKZ2UzUFM5SHR6Q1Rva3FwZldtcUdLTVhaU2tfY183ekNfUkZSMXhJSXVMbnhZRjJoQi1mZWpMNEJvNzZnRGRKQ1lLTmhlcm9IQUQ1LXkzdE1BTFBaaGRnMjh3dzFfVHVrSjJGaExES3NUUm1VVHZ0THVEeGJLbHln?oc=5,2021-05-12 21:41:09
liquidity,Malaysia has sufficient liquidity in the market to execute initiatives - Tengku Zafrul - Portal Rasmi Kementerian Kewangan,https://news.google.com/rss/articles/CBMi1AFBVV95cUxQeHotQjVSV3RmcnV6dzBRU29ySG42anBKYmYzaVgyNkVMNHA5UU1mb21RT0FuN3c4d0J6TWJrMklKeXMyR1RkQWZWSWY4WEVBUHZEZndvYk1RSnVsS3BVYjN1eW0wSEU2Z0tiTWpscEdKT0dzVGw4dXdlNTlxQ1A4a1hCY1FyVlFySE5FaU50aVItZlFmbHdXaHdibHJPWHZONTVqSGh1OXo5NTdST2hzSHlSM1loekc4bnBDdnEzWjFkM3RIeFhiYzNLenZidEV2NHNVbA?oc=5,2020-06-11 07:00:00
liquidity,Working Paper in Islamic Economics and Finance No. 0901 Analysis of Liquidity Risk Management Practices of Islamic Banks in Indo - ukm.my,https://news.google.com/rss/articles/CBMizwFBVV95cUxQSkladXV0VUtZajYxYnpvbkZBYjFIVWdFWHdTRER3OU5ZNDZENkNESnN4TXVWUC1FU25zNWd1VTBLZlhUVTJNdGQ3ZGdRbUYyRFdDcFRYbnltdUJyZG5fTUlZcXFrbTlFc1VqZmo5eU16ZmVCOWpfWDhMNjFpR1RXM0ZmNnFYNzdxT1JPZmg2Q1VwSjdTZmVrejg1cVFBR2d3ZWtJNkZvSlJKMnQ5a3dzQ0hZRkQ3Zl9jcFI3bnRyUEg1ZjlRRGx1NFRYZU5UYlk?oc=5,2021-03-05 13:53:13
liquidity,Liquidity Risk Policy Document - Bank Negara Malaysia,https://news.google.com/rss/articles/CBMiTkFVX3lxTE8tSDZyTXNnVGxLM1FUa2N2UEpSWklPMDVqQndOelBfTnFCS1lrSjdqTVo5WXIzQjFjTldvZmJHbkc5STNuNWd0cjZoYlExZw?oc=5,2024-10-15 03:14:13
liquidity,Reduction of the 3-month Intervention Rate and the Introduction of a New Liquidity Framework - Bank Negara Malaysia,https://news.google.com/rss/articles/CBMiuAFBVV95cUxPSTZXYm1FQ2NXa3ZPR20tYko2TUhIVVpLeEtKTDYtdjBtQjI2MEJYY1BPeFFwaHZwSG1WVE1WS2ZnNmxyVmU2NnhiZmhzZjJnUEZDSVRBMlFSVHdLWFFsNHZlZEJxYzBCYkx6YXc5QWwxWDljSmhOQ2czOW84d3hxRnMyNVdLd1plYl8wc2VBRnc1VUR0Nnp6VFRfcFNCSUdWMm82TWV1Y0pzQUFYc2RIRmt1RXp4QVc3?oc=5,2022-03-29 01:30:08
liquidity,Macquarie - Malaysia Warrants,https://news.google.com/rss/articles/CBMiiwFBVV95cUxQMzBSWWllWGF2TVRqdVRxMW9jNUVqeld2dzM0NHlwb0MwZ1ZZdm1lY1BhUlFtd1BmWFNlT2VRMXNUN2xXU25EUk9rUGFjUWxJQ25oWjFwZzdQWXNNMEtLb183bW84UXZaNW93Z1hrTFdaWmxGdV9KWnYzVVlsM0UxdTRwOHMxMUlKekhj?oc=5,2023-08-08 07:00:00
liquidity,"MARKET, LIQUIDITY AND FUNDING RISK - Bank Negara Malaysia",https://news.google.com/rss/articles/CBMid0FVX3lxTE1IeEE2cE1uZ3pEX3lYZ3BhSVdTamE2emlRcl9qVEFWWWM5SUh6THNsZHNadV9fc3kyM3A0dkltWWxkekdXYU5xOGZiQ0tyWUJHSVlneXVPQTFtcURNOExrN2Q1TjZCQVRGOWVoUjJfRkRTYzhGbEpV?oc=5,2021-02-27 10:56:01
liquidity,Liquidity Risk Policy Document - Bank Negara Malaysia,https://news.google.com/rss/articles/CBMigAFBVV95cUxNMFBxODJFSVR5cjQwcHI5blpQeENtQk12LWh6OGx2T3ZtYkNXQnFjbnpyUmRSVkR2WEl5RS1mY2FYd2ZmcjRRc0VnamtVbWlwa1JrWGZSellxaTBmNFlZMW9HRF92WlJkZjk4UlVreGxpMkJGdlMxcURscXF5UzMtQw?oc=5,2024-10-15 07:00:00
liquidity,PRoFITABILITY IN coMMERCIAL - UiTM Institutional Repository,https://news.google.com/rss/articles/CBMiYkFVX3lxTFBaazZfdHRISUh1NGZIYjZLU3RIUFVYelhSRVRrTjFVOXI3bF8tVDVyY1lhLWR6eGxPaFJnNDZuVVB6U01FSTZveHl6aEh5MjU2RHdySlRyN2h6RWZHNFFDS29B?oc=5,2024-09-25 20:34:42
liquidity,KENANGA LIQUIDITY FUND - eUnittrust,https://news.google.com/rss/articles/CBMibkFVX3lxTFBsZ0JvcTFDcXNXajhOd2pZWUczMHJ5U1FqWnFnV0pYRERoT1dZeFBtUjF0eWZkOFFELTRfZFhDUlMzMFQ1ZWNoS29BOVZYRWhOQkVnNVduUEQwTWhRZHlMc2piem9OVXFPMUEta0RR?oc=5,2020-03-31 07:00:00
liquidity,Decrease in Statutory Reserve Requirement (SRR) Ratio - Bank Negara Malaysia,https://news.google.com/rss/articles/CBMiugFBVV95cUxQaGNvR3Zsc3luci1MbXBVM0FEUlZNTnNWOXNLWlJ5UFFSOUd6T2NqRWl6VFZXNExfelotcmViazBWYkJpS3dHckZ6NjNWdzh1OXlHRVc4bHJpOVhFR2JCNDNSRGkzUzJHbnhZS0hKMTJhX09ITUlUR3lubF9SUC1WdXBlUzFOWlhIZVExcENkT2MwXzlVcVc0X2kwLVBUNU1RZHlfbmE4T0JFTnc4bHJEM0p6bTJVNGY1Qmc?oc=5,2020-12-16 22:52:24
liquidity,"The Influence Of Liquidity Management On Efficiency, Performance And Risk Taking In Islamic Banking Industry - Universiti Sains Malaysia",https://news.google.com/rss/articles/CBMihAFBVV95cUxOWjk4SEhpODRKUTNKTkNKUEI1T0JHY08tSzBHeDJ5cmthMmJtdWY1RzdZb21SUnBiRXdWcmw3bFlVa0JrcUQ5dHJRb1ZjMUtVVVhpTEJlbkJjX2Myd1YtdUVZRWdUb2hTWG1MQTh4bm1vVGJEWUptbGVWMUVKZmI3WXNzVjE?oc=5,2023-09-15 14:20:59
liquidity,Money Market - Bank Negara Malaysia,https://news.google.com/rss/articles/CBMiYEFVX3lxTE12b0pPNUQtNWlNNHJDaDEtdU4zczFTQ0J0b193bElWOWppLVAtS2FKTlc5YmlfazRob09ReV83TkR4WVVZcmRucEdmNk5PRDhLTHlMYTNiRVRUWGpNRHZTUg?oc=5,2021-07-31 08:43:04
liquidity,Earnings Management and Bank Liquidity Creation in an Emerging Market - Malaysian Journal of Economic Studies,https://news.google.com/rss/articles/CBMiZ0FVX3lxTFBZRk0yT1M4STJoNFVHNlYwNnB5MXppWE5LNjU1UFA4bHBsMElwS21pd3I4Sjc0X3pjamdxakgyZ0FEM0hSa3Y2S05QVHpQQWktWFIwWFNob3h1U1lkc2h5eDBnWFVWUFE?oc=5,2023-12-25 08:00:00
liquidity,"DOES THE SHARIA-COMPLIANT STATUS REMOVAL ANNOUNCEMENT MATTER? LIQUIDITY, TRADING ACTIVITIES AND INSTITUTIONAL INVESTORS - Universiti Sains Malaysia",https://news.google.com/rss/articles/CBMihwFBVV95cUxONExwR0R1WUFjSndjOVdEZ3dRcEFfYUtiRUZzckZQR1RzLXY2R1BXRHJpNWFBakRncURoMEtiLTFmTTNwdHM1cUdkRXlwOUNXYmF1YkM2bi1sVjBKVzBOWUtrLTVwRjlmcm5yWG9WWEpBaGJGQTc1dWxKd1pRZklfbU16VHlyUDQ?oc=5,2024-06-07 07:00:00
liquidity,AD Liquidity Partners Sdn Bhd Company Overview & Details - Maukerja,https://news.google.com/rss/articles/CBMickFVX3lxTFBDN25nZjcxY3daSEZvRmQwdHdNeVpfR0Y5Z19fRFl6Q0FOWVJPelRhZmpHX3hTVmRrWDJINXBMclJ1eHpmWndtcG43TFVCLVpIaDJ0MzF6b1VocXBYOXBkSTBJLU9KQTRTcXNsRnlzM0JjUQ?oc=5,2024-06-19 00:57:47
liquidity,Effective Liquidity (Cash Flow) Management - forster.com.my,https://news.google.com/rss/articles/CBMid0FVX3lxTE95Ynl3OXVtQXloclFqc0RwejdWaEQ3R3NZUUtuakdxSGJXRThnMDRZYVRkN3VjbFp4eGpRZUc5WnlRRkxmM2cwc1gxVEFuWmotT3NLNG1kb25MaFduQ3h2YXZ5ME56RjVnQmFscnpQM01VdUxJdTBv?oc=5,2020-09-11 08:13:30
liquidity,ASB_CG FIDE Elective-Understanding Liquidity Risk_2024 - Asia School of Business,https://news.google.com/rss/articles/CBMiuAFBVV95cUxPNHE5UXRDMDhtMlE4aThSZVJRWnRpTHhXZE1ueWUxeEpZR3FHR0d0ejNYb2l6SFYzdEVIRmdqS0pON2ktM2pYenJJM1lpX1Ffc0FveW9SQm5LYzZTOHhjZktKZ0hkV2pvZnZzRHhMRy1DSDBvZVpjV0tUYkFrdW5BdEkta0JlWUFXSWJIcjE0TVpKWnYxcVMyVHIwOGJXN2dFaDlPRFBTZ04tdlh3cnY3Y0s0X2FZUVhU?oc=5,2024-06-14 07:00:00
liquidity,The Effects of Standardisation of Trading Board Lot And Bonus Issue On Stock Returns And Liquidity - UUM eThesis,https://news.google.com/rss/articles/CBMiQ0FVX3lxTE1kT29UaTdfTFBQRF84bzQzTEszemlkUWRvLVVieFNFSXVKallNYzlFLUM3aGlmQklXTUt0QUlNM3JCNEU?oc=5,2024-06-10 07:00:00
liquidity,A Systematic Literature Review on Liquidity Risk Management and the Financial Performance of Banks - myjms.mohe.gov.my,https://news.google.com/rss/articles/CBMibkFVX3lxTE5uMEJSM3FMWVlTTmppcmZLaEQ0eXMwOXdzNWE1VU5LRGNrTXNVODBfX2Vfa0xDWmRrMkdSNU55b0NubEhoeUdrcllVbGpvcmFNdE00RmdSMV9pTUZReExUbmJ3Yi1CaVVTdlNCb0ZR?oc=5,2021-05-01 07:00:00
liquidity,Impact on Bank-Specific and Macroeconomic Factors on Liquidity of Domestic and Foreign Commercial Banks in Malaysia - myjms.mohe.gov.my,https://news.google.com/rss/articles/CBMiekFVX3lxTE9qbk1MU19Bd2UtQ3JuNVpWS2pIWHNWU05wdnp4VDJWdHRnOXBRajBVaTJkWkVNdVJVNmI5TFYtYlZHTGJVSl8tRkktWVZCTTY3bHdUTmJ0Mml0cC1ubW14UzZYdlpGbEVzLWh2RFduc3hRcVJCbWF4RTNR?oc=5,2023-04-30 07:00:00
liquidity,Instruments - Bank Negara Malaysia,https://news.google.com/rss/articles/CBMiSkFVX3lxTE5sVTBHQ21NVkhXUUNZMWhpWkJIUGFXYl96WTV3a3o3dVNfYXg3WjJWcks0a1pBbkl1dklDYnFCV2dMTmsxd3RYWXVR?oc=5,2020-12-16 19:00:21
liquidity,FMIP - Bank Negara Malaysia,https://news.google.com/rss/articles/CBMiiAFBVV95cUxOQnFDWkw1VnIweVJPV0VOY0oyM0x2MW53ZXN3RUstUFV4cHdfaTFMVTVHcmRUMDVQSXN1MXZ5N1Uxd29USEtUU01rczJ6WTFuWDFtZnVyQWZ3MGd5UXNVOWJYTHBRbExVVVIyWnF6R00yNjJDLXFoVnZ1RmtNa3RQQTc5eEVMbUZu?oc=5,2023-12-16 23:35:40
liquidity,Analyzing the Effect of Liquidity Risk Management Indicators on The Financial Performance of Banks: Evidence from Jordan | International Journal of Advanced Research in Economics and Finance - myjms.mohe.gov.my,https://news.google.com/rss/articles/CBMibkFVX3lxTE5teXpmZmdabW9EM3g5TGtzRjRfemFNTXZtbDNKRlpXWnNSTEZMUDVSelo3dWI3V3ItQkZ2bGRHWWVyWnZCUUNtenpTZmZhTmNfeklmb1FDd19wQXlMMlpYSFJTMktVVGM4by1ER09R?oc=5,2020-11-30 08:00:00
liquidity,New Liquidity Framework for the Discount Houses - Bank Negara Malaysia,https://news.google.com/rss/articles/CBMifEFVX3lxTE16S3BaaHJxMWRNUlotWklkMW4weTJKMjBiOXVOMTk0R2lDVmNiZmpzVFlHWGxLWGFIUEtPWEcycFNKRU12N1ByQVhGdDBYNTctVGRsaFFGNXM3YVkyQWR2bmZ1WlMzUEM1bFNVckxfNDV6OG1GXzN5cmhIVUU?oc=5,2022-03-29 01:37:52
liquidity,"“MYR – Access and Liquidity”, a joint webinar by ASIFMA, FMAM and BNM - Bank Negara Malaysia",https://news.google.com/rss/articles/CBMikwFBVV95cUxQRlpuYlM1Ykh1c3lPQ05XZlEwRXNsMkJlaDdyTXVGQ0hMOWJtN09iWG9FQjdUTlpLUncwTkRzYlZUVzJJN2R2X0xUSmgwbko4U1RiazI2WERDazlqSDQyR29ISkd5VGdiT3o0LTZmaVE5YjRiVDlYTVFYYmMwMTBXQWtJSFpQMEZzSGNCWEd6cktZWDA?oc=5,2019-08-22 07:00:00
liquidity,Cypark has deferred its coupon payment due to tight liquidity - fsmone.com.my,https://news.google.com/rss/articles/CBMiywFBVV95cUxQRGdpSXE5UHZzcHVjeldVM1E3MF81U1NnR0laTTgtUjFoNWRoMGlyWlItaHJmWUVISzVNOThDalBPSThrTV9VME5NQ2l3WXNSNjdGUHc1S1otaDZMdkhlakNyUVhnYUxyS0VNS2p5YWJRNjl5VUoyYVhGTW5IS3RzN3p1SjBEWmttZldRRmViOWVncUtPMC1laHZIMFdDQ3ZTWU95Y0psTGVKdzltUmtaTzJvTW4xVW82elJrQy1kT09WUlU0N1ZRdUhycw?oc=5,2024-03-06 03:33:11
liquidity,Quarterly Bulletin Q1 2023 - Bank Negara Malaysia,https://news.google.com/rss/articles/CBMidEFVX3lxTFAzLUpHQkJaN250ODJhWi1MbEFJQnE0QnFpTUd4OTJ0eUkyZWc3QnlLaGNySlFFb3F0aTBnWmtxWjN6TkJjb2ZiRUFmaUZXRk1DbzZjZjZDSExHQmdValczNlNvbnhoNkFFejJVZnBtYVlhTmFY?oc=5,2023-06-01 06:55:48
liquidity,Page 151 - Bank-Muamalat-Annual-Report-2021 - Bank Muamalat Malaysia,https://news.google.com/rss/articles/CBMipwFBVV95cUxOUWJZY2l2ZGZ2WWNMZVhsOFg5azZNYXJlVjhITnNRbC10cXM1T09XaW9idGRUaVlienF2VWVRZnhucjVycHlUT2tZemVkZVZPazFkUVFhQm1kZjdhaGJYcmRXNFZUVURvR2M3OXhnS2dTR01Jd19ncXpuOVZLa05NRlNsZzdhZklSRS1qZWxlczd6VnZwQVk2RGE0QTZnS18wOHppUGVlRQ?oc=5,2022-10-18 19:27:54
liquidity,JEEIR manuscript template - UiTM Journal,https://news.google.com/rss/articles/CBMihwFBVV95cUxNaGxSS3FlRmo2VDFzNkhSNHpLU1ZuMDBfMk1fVXNpTGZtLTBrdXcweGstUTlzQjJkQURieXMxbm5uTll5dVlEYmNkWV92dThXNHNVcy1KZV9uMU43RGJrc3BEQWxtWlpjeXBUUHhkdnlPSnV0OUM2WDFyTlhrUUYycXJMVHhOUzA?oc=5,2020-05-31 07:00:00
liquidity,Liquidity Risk and Regulation in the Organization of the Islamic Cooperation (OIC) Banking Industry - Universiti Sains Malaysia,https://news.google.com/rss/articles/CBMidkFVX3lxTFBHNnotVl9ZM2pQUHI1V1o3d3N2Wk01bHByRUROY0lDdmUzZ1F0dDRaRTh4ZlpaUFdmTkV1N3JlQ3dLblNoaS0zclI1bW8zYmRxNjMweHl1WC12NGRFQ2lIZXFsVXpEdXRURy1TUmF0LWJjQzY0Q1E?oc=5,2021-12-10 08:00:00
liquidity,Analisis terhadap Aset Sandaran Alternatif bagi Penerbitan Sukuk Jangka Pendek oleh International Islamic Liquidity Management (IILM) - ukm.my,https://news.google.com/rss/articles/CBMihwJBVV95cUxOclRmcnowUFV3RmtVT083elVfc3Z0dnpBUzFjMm5fNnJScllaZGRBUmpHWVE3UDVmRjFpalI2SFVjaWhmYnQ3cWQ5eUpKODZieHlnZElPSlhoTHlBbkQ3aGtnOEJZc3hnY1R2YjZLVVVCR3hQeGdJZjY3T1A4SE9vT3JnOFFFcTV6dGdLb1czbmdWeENqNFVRZGtMU1BJX2x2WVc5V3BsMHVySFVJYk1sRHRjblA2WnNreENnZnBTLXhYN1NNMnJyZjRjb0s3Z29oMFN3U0lMa1NhU0dtdWhNY2xPVDk2eGVzTnExUWZ0YlVlZGFSTy13bk1tLVNTWnBsQ3pNOXdxcw?oc=5,2022-10-08 07:00:00
liquidity,LIQUIDITY ANALYSIS: A CASE STUDY IN CTRM AC MELAKA - UiTM Institutional Repository,https://news.google.com/rss/articles/CBMikgFBVV95cUxNMGhEeXZHZWNzaFZBSExOb2ZkVUVJb2kyS19VUHl2bE9KUWI1ZF9KakljRHpkZ0F6Zm5odlBTVWdIMnR5YVU2aFg3X1R2dEI1LTR4OXRIeE1YNi1CNEVTRUFDc1Rza1VPMTlwbVozR1FDMDlOQ213bThmcllQZmhCY09JSUFWUG9YaktmMVpxOE02QQ?oc=5,2021-07-07 23:31:04
liquidity,FMIP - Bank Negara Malaysia,https://news.google.com/rss/articles/CBMiZEFVX3lxTE83YmtmUF9hRVM0WWVYb25NaVV3X2V0WGp4T2dhZnJEVjhRR3Q1YkdxOGFpaXMyOTZOTy1Ob3FHSmpSMS16Nll1ZXhOeUcxYW1jOV9STnFaV3JSQzcwa0R3S1J2TTA?oc=5,2022-12-31 09:11:25
liquidity,Islamic Mortgage Finance & Liquidity Facility - Cagamas Berhad,https://news.google.com/rss/articles/CBMi1AFBVV95cUxOdWR2N3RCYUdlamV3SVB2MmtDTE9ZZ3FqRFVORDRUTmk0V3FrcEpwZS1wM0lMRGlyMGdzbWtmaHhUaV9jTWdqTXE5VVlycVFFMUhjak9UZUdRXy16cndJYVhwWlY0azBqX0ttT0FLX0E5Qmw4Qk55Wkd2YXVGZWhJY0l3b0RuQTQzaXdDandSUU0xajJQbi1neENlbWZnR2ZvaW5HTmdDUE9HVXROUWQxeFZaUnVOeGU2ZnRxRXVoOHNTNnIxdUhObXplS2ozQVBOUmlPSg?oc=5,2020-11-29 20:36:07
liquidity,Telekosang Hydro One making progress in boosting transaction liquidity; second plant achieves commercial operations - ram.com.my,https://news.google.com/rss/articles/CBMiX0FVX3lxTFBhcFF3em1GZENSSDF5NHdxTHE1X3BiVjU5dFRxQUNha004TWpDMWVjZTZBcEpFMnhHZHE4Q3l0Wmp5UGF0NDh6aEUxeDZsYXBLS01XVms4cHBRcml5S0s4?oc=5,2024-02-22 08:00:00
liquidity,Decrease in the Statutory Reserve Requirement (SRR) Ratio - Bank Negara Malaysia,https://news.google.com/rss/articles/CBMihwFBVV95cUxPS1Q3LXF3Nnp3OE5rWTBnNGZzNmlEWnBPVjRTUzNTYktLOXl6cHJYa1NNdlJIbVRrNC1nRXVDUXBEYlV4NktFSGlDM2NfQnNTbWtrMHZpME1EZklEZTFGUEFRZW5iZU5zMUJ6Z1VJaGpfaVdkcEpHTnNZUkEyMjVvS0ltNGZ3NnM?oc=5,2020-12-19 14:05:23
liquidity,Statement by Financial Markets Committee - Bank Negara Malaysia,https://news.google.com/rss/articles/CBMidkFVX3lxTE9GUXZ2Wl9LVklsSmU5RkpPR1RmSVhIVEJ0X3BZSURZaWs2RFY2cWgtbmVxX3p6NHAwRS1jVlo1NjlRdHBNcThKV1l0Vl9HZTNKMHFHS1NGdlZPMHdzR0t3VFdXb0UxUkJqOWxIdW9yZDVDRUtfWVE?oc=5,2020-12-16 22:49:56
liquidity,View of Islamic Bank Failure: A Case Study - INCEIF University,https://news.google.com/rss/articles/CBMicEFVX3lxTE5tY0V3RnhST2o0aHd3ck1rYVh5RDZPS1Rhc1ZuT2N4RUVPVTNnVXk1ZXExdVZWVmVEVmFQUG1KRnhqa1ZoaHNCZVZVbnN4VnNfQXNtaTdtcm8wb1FFWjZreWVEQldCQ0NxN3lvckNWMGs?oc=5,2024-02-14 21:50:22
liquidity,ANALYSIS OF FACTORS AFFECTING LIQUIDITY RISK IN INDONESIAN ISLAMIC BANKING - myjms.mohe.gov.my,https://news.google.com/rss/articles/CBMiekFVX3lxTFBOU3gyYUw1cHFSU2tMUWE3cnBLWFhqS1JPWmk1MGdmaTZLQURrZ1hZRFlSZzRQLXBEczFaZElJdU9Ja2JFcFRCdDNNVlRPWW1pTzBxY3d1ME5GU3RJbFgwV0tzakFPX2xkcmhxVEpJczZmTF9tQmlEWHdn?oc=5,2021-09-19 17:39:53
liquidity,Assessing the impact of liquidity on the value of assets return - Universiti Utara Malaysia,https://news.google.com/rss/articles/CBMib0FVX3lxTE1xUDJyekN2QVVkN2pKWDZxaHJ3cmhrMXpTQnJxaEFldnZkeWxlY1VVN2ZaeC15eTFBdXJsTjRDYmNJUm9GWkM5Mk5GZ3RwS2hpODd6SnJzaTk5S3lCOV8xd2ROcFgtOFEtRWRfbDdIOA?oc=5,2022-07-15 07:00:00
liquidity,Earnings Management and Bank Liquidity Creation in an Emerging Market - SARE: Southeast Asian Review of English,https://news.google.com/rss/articles/CBMidEFVX3lxTE5hQlVFMnlEX1R1VEE1aDlqNjQ1enBpb2poaVZTSHVHM01LUmtsQ2xHb01PV1hUaU9meFRLTEhxbHBWeEMxMHZ4M0YwQnYzNTNvQy1mQkxaNEZ2ZFdtTXRKcDB5cmtQbmJpYjdvd1lhOWEtckhB?oc=5,2024-12-21 02:33:28
liquidity,Development of the Financial Sector - Bank Negara Malaysia,https://news.google.com/rss/articles/CBMidkFVX3lxTE9BamhnSXU2TlVCOVhaeE9iV21qVXdFRGZjSnI0LTM4UDlaNGtzY2pUbnkwcGFwN1VIRnZNMG5rb045bnQweHd0UEkwSndDZFE1aG85bU0tdlRpbDY0blE2Ym9TSl9FSm1yR210N09sMWdIQXVmNVE?oc=5,2020-12-18 20:42:34
liquidity,Effects of economic factors on the bank's liquidity risk: case of Southeast Asia / Nur Diniey Ezzati Zainorin - UiTM Institutional Repository,https://news.google.com/rss/articles/CBMiUEFVX3lxTE13OXJ5cm9CSnQxZVplV08tWlN4aXdfOW8wWFJnTFFvdkwzcHlVdkx6c1c5UDlsM0FIVmx1TVVmNlNPV1UxUFNSeHRQb0UwdkJm?oc=5,2022-07-06 01:12:37
liquidity,Liquidity Financing for Technology Start-ups (LIFTS) - Malaysia Debt Ventures Berhad,https://news.google.com/rss/articles/CBMioAFBVV95cUxPc2cxeldDVF9hNmZ5cm5XV0V1eDlES1dlemlsN0w3dEZ1d21kbHhBcElFelFYNllxakhiS1BLTUh3cHdBQ2xnWEUwdF9fYVZIMnB1LWUxb0VvZlg5WTRjUkd1Zmh5cEN0MDNnYkd4YXc3LTJRQ0hqdHZxXzV5UXNhVXd6SG8xQWwwRnFacFZOQlJBR192RTdDYWxPSjZORTdq?oc=5,2024-06-01 07:00:00
debt,Contact us online and offline | Help and Support - HSBC,https://news.google.com/rss/articles/CBMiR0FVX3lxTE5tWlRGZXMwaFdsazMxYWIxdDI4bmU0YWo3dUliZkdyS1lJZDM5aEZPUkl1WFhvYW1jSzVzVkZvRS11WmtpemdB?oc=5,2019-08-12 08:49:32
debt,Home - AEON Credit Service - myaeoncredit.com.my,https://news.google.com/rss/articles/CBMiQkFVX3lxTE1wMUlhYXJTbnZDcGIxazFnbjQxTDFOUDJwczc3YmtPbW1nS1BHUkIzTGp1NGFrVkdKX2dsSzQ5Tkhldw?oc=5,2024-03-25 15:56:04
debt,CIMB Clicks App | CIMB - CIMB Malaysia,https://news.google.com/rss/articles/CBMieEFVX3lxTFBISmcxVkpUU3FOUU5QTnRDOTJiWXBwcWhUWVV3NUp1aWFsckg1cXhDX28tSjh6QjU1Sk9XelgxNGpFWlFLcHVJQkU1NDZ5NEpOam80SkJnc2dzWW1kcDBzVVZqLUZTYklrcG9VcVkzOFNDTTlsRzIzOQ?oc=5,2019-11-19 19:10:56
debt,Lawyer or Law Firm - Malaysian Bar,https://news.google.com/rss/articles/CBMiogFBVV95cUxPUEtxWENvOTFJOEpNeDZsY0ZVZWpOM3paaTVWTm9nak1oVlhTMFo5UHJtN0VUVEFNZEdROVNicDlDdDhRalZDdHlYTGxlMkV5WnhKYWQ5VWxoSi1YNXA1VUpEYVhHRVNFWG5NWjRyTXFRY0N0aU9HeFFUZVBPWjRULWdpTThucU1BUkh5Y0JRMW1IWlRFRHpEaHR4Z0w3dVFualE?oc=5,2019-12-24 07:24:44
debt,"Showtimes in TGV Cinemas Station 18, Ipoh - Cinema Online",https://news.google.com/rss/articles/CBMiZEFVX3lxTFBjaG5aYmJWSWhWajR5U3dsQV9yUTdrNHFOQ3pkU2VGaEZJRUp1eWVoMHNGMGhkanplWTBqMHRVV29xMU16S0xXVXI5NEZ1eHFvNmVhN2NvZElYMWJCZWxyLVVGMW8?oc=5,2020-03-29 13:30:47
debt,Fiscal Policy and Debt Management Office (FPDMO) - Portal Rasmi Kementerian Kewangan,https://news.google.com/rss/articles/CBMilgFBVV95cUxQNHBFUnJjb0RfV0hrdWZ5YnBOUHp0YUU5RTlNd1duUURHelBiY3BkWWtWNU92U3owU3JzMTEyMU1aa1FKV3hMLS13dXNRdnh0aHlNZXNHRmZQUEgwam5IdEZlYmFVOF9uNDBrcmxaMkdBcE0zd2gyMTM4OWE1NDdtOVVWV2F0M3NGZkNDOFdNTlFncXJDUnc?oc=5,2020-04-10 07:00:00
debt,The Effect of National Debt on Private Investment (S/O 14327) - UUM Repository,https://news.google.com/rss/articles/CBMiUkFVX3lxTE1GRXRYMHVaaTdxeEdPMEVFREpwVVhVY3VpdXREbnJUblRyUkNaQTBCdEc5bEJQMjJmNXh5eVNRN3lvakFvNjlfbEVvSi1QN1pKeEE?oc=5,2024-11-18 08:00:00
debt,AL-KAFI #1650: CLAIMING ARREAR MAINTENANCE AS DEBT FROM THE INHERITANCE LEFT BY THE DECEASED - Pejabat Mufti Wilayah Persekutuan,https://news.google.com/rss/articles/CBMi5AFBVV95cUxOMnhSVzAzdGxETFJFbkhKNUJKVDJLVUJkMDFRUVowYzBVeXFpdEFNMXU1QW1vdU9NdHktZExNVXVCRWNId015S05ILWNNSHJvU1NCZ1RIQ1hkNmx1VUk5NmxJbTN5RlVaNWVJNk00WXZDRXY3Q0ttWk9BcUVDN1JuMC1nVUJUbHRFazZFeGR1aFhPdXllVzRzWmhYNnU5bU9WTDA0eGFKUGVXUlEzS250UkRMOC0xWGNFRG8xMW9icXJrLU4yQUlHTHloYWZ5VlpTSlROemgwcTE2RjJiNWxuaGtfWlQ?oc=5,2020-03-11 07:00:00
debt,MDV: A year in review - Malaysia Debt Ventures Berhad,https://news.google.com/rss/articles/CBMiXkFVX3lxTE1fb0VPT0hzcDdJc21Eb001aUdkSlEzZjBxdFdqOW8wTlR6cjFUWmVKQTN2UUR6VThyekpiRkMyWEVtMERKVlFaeUF4Z1dqZTFUU0RDRjRtR19JSDhKcmc?oc=5,2019-01-28 08:00:00
debt,(Tax Update) Is bad debt tax deductible? - KTP & Company PLT,https://news.google.com/rss/articles/CBMickFVX3lxTE9Wa0NqSm1YVXpiVGgtZVFvcDZTcFZCWlBjai1pakJWeWJpakkydjVSSTRSNFNmTUtHWU5uYTRaOTdEUzkyMFk3dm1iTG03NkFUR011Z1ozUFpRc0twVnB6MENSdWZfdlJ3Sjh6YjA2a3A4Zw?oc=5,2024-03-20 07:00:00
debt,5 Common Questions on Debt Recovery - CHERN & CO.,https://news.google.com/rss/articles/CBMicEFVX3lxTFA5NDBmbUoybzZoMmRHSzZjWWlpV0FueEdncms5M3M3akhzX2VvT0Uxbms0RDhJUW83MXZkc3BaZV91aEJscmg2T2ZWSXpGY1JlcGRkVkY1MFpFanF5THN0Nko0Nk9BNnh0MWt0S0lmRjI?oc=5,2020-04-01 07:00:00
debt,Tax Treatment On Irrecoverable Debts - Cheng & Co Group,https://news.google.com/rss/articles/CBMif0FVX3lxTE9uakVVOXV4QXg0dmxrcDM2SXEyaEFZMWhNa1JoMVpQWnozdVVsWWc1b24tYk10RDU1aGRtaGxUSWZHbjdxbFBYek9sTXEwM3djc3BuWEt4b3V4TVNLVEMzZmhyWUhhczlBcTF2bWhPdFExZktsMVdsUGZpaVdtRWc?oc=5,2020-08-21 07:00:00
trade,WARTA KERAJAAN PERSEKUTUAN FEDERAL GOVERNMENT GAZETTE - repositori.kpdn.gov.my,https://news.google.com/rss/articles/CBMiwwFBVV95cUxNSWYwUE0yOHphNHBXd01iTjhXcUFzSjR3NDQ4R0dBZzdUNUVlMDNoWWl1T3VUU0ZCU2tqRzlLUzhjN1pxRHY1aDB6ZlNzZkxfdXI0eG54SDI1ZEFJdDhPN2lvY0hya08tZHFkcXJSaklTTzFIZVlnc1QxcERKXy1Pb29xSVEwLTRIZVJacDgydmd5eXZ3LVNFcjdtNkNfNEJkZ19IdTdzMGFfVmpSckIxQ2JTZnlpS05lZ0JSa1c4ZlRidGc?oc=5,2024-12-24 08:00:00
trade,Home - Malaysia Gift Fair - Malaysia Gift Fair,https://news.google.com/rss/articles/CBMiTkFVX3lxTE1HYmxyWW1BREtFZTduLTFXQ0NLQjBxR1ExczEyR2pjb1RXQlpoMGtaRjBabmc0UUFtYjVyNVExUHllTmVsS3R4QXRqRko0QQ?oc=5,2020-04-20 13:45:17
trade,SISTEM i-MAQIS - MAQIS Malaysia,https://news.google.com/rss/articles/CBMiQkFVX3lxTE8zRGRINlByTDhVTHZWYllIVHozMThaT0hFY2Z2MG5NZGw0M0t3SnNKdjJ3X2xlOGN3OVVub2Y2cVJqZw?oc=5,2020-09-23 09:03:20
trade,NTW Malaysia - NTW Malaysia,https://news.google.com/rss/articles/CBMiUkFVX3lxTE8tSXFhT0hMUmtVTFFhbXFpeDNpWkxHWlZ5OS1YdkFvRElQSFdIazlBVDAzUTdnczNQMUNVT2JKbmpfN3FLYzBieF9rTEJLYlhVRXc?oc=5,2023-04-17 06:51:46
trade,BUSINESS NAME REGISTRATION GUIDELINES 1. INTRODUCTION 1.1 The name of a business is the title that is used as an identification - Suruhanjaya Syarikat Malaysia (SSM),https://news.google.com/rss/articles/CBMizwFBVV95cUxNbWJaYkhxcjgtTUdxRmh0bXo1UExMZ1Z5MmFCUTZHUTFCQU9OYUZVREZuVld1a2ZmZGlNbnBsSmQtYndJanFIZFU4bzhpMFNtSUsyOHhRam0zVlgtajZERDktX293WG9WQkNWd1pmM2hSTWxLZUFMV2VsSk1fZzd3alFZQXJFVE4tR2dYcDFlVVNFNEFWUUNRU3RheEtZQXkwRU5ET1dDbGRFQ3psckpiN0Y4MjdqY0IyVV9tZ3h6bmEwMnA2SWtFemt2XzdaVDA?oc=5,2019-04-23 23:35:58
capitalization,Public Rulings - hasil.gov.my,https://news.google.com/rss/articles/CBMiZkFVX3lxTE9jQUZYaS0yWXBncm5LNzJzWlNmY3R1UWhwQ1Jyd0dkaW9YbWVqX0p1eHVPYjNNdjRJM1o0WWVMcE1fQ1BGYkF3Q1dWUTZSdkkyMzFXWmNFM0VSR0QwTDgtTEFjQzU3Zw?oc=5,2022-02-28 22:38:14
capitalization,MPSAS 5 - anm.gov.my,https://news.google.com/rss/articles/CBMipAFBVV95cUxQbGQyeFpkQlBKWHpPWlRhdFBBYkluYURFUFpCZF9Dc3lhdGVKSXhzOERyN1NmMnZzem0yRGZqVFpucmZ1N2NCUVFJNnl0ODQ4MmxQMDhORTU3cmFtc0RGU3RSR1lwX1lHQXhmdExEdWhfMFcyVTdFQlQ4WXVhNVVxMVNaT2lqd2loTWVEM1Z6eWtUTlZNU3ZDaDRROWFfWDdvWHpHcA?oc=5,2021-07-13 22:37:05
capitalization,Using Capital Letters for Proper Nouns PowerPoint for K-2nd Grade - twinkl.my,https://news.google.com/rss/articles/CBMilwFBVV95cUxOS1NxbzZEOWxEYUVvNHBOZWZPRW11bzJsMTFOTGNwLTk4RFRHem1pT1hVQ2s0b1lfMXBDWjVDRmRReFdfNWlFUUxlemI0M3htMXF0VWF5SmpsRVEtWTdOQ28xT1B1TWMtWHFOZTFLN2g4YU5lSlNKNm5GMzJMZWVHNXFONjJDTGtpNGRvOEZQMmR4SnpGM2Yw?oc=5,2024-01-31 22:11:12
capitalization,Capital Markets of the Muslim world: The Paradox Within - INCEIF University,https://news.google.com/rss/articles/CBMihgFBVV95cUxQZk5ubnFiSjNnR2lNYWZvUmk1MDhvVzJqYlB1QzFwMkNUVU05cWVuVmJjNnFLVTdld0dBSmNYVXFMaFVEZTJMbElrSEppZ19pQnd1VUROWWtJanU3N2tCRmJ3R1FLQlVvTExsRldJMVM2cmNkRk94NEEzcDJYN3QteHFybkpmUQ?oc=5,2024-06-30 07:00:00
capitalization,MPSAS 5 - anm.gov.my,https://news.google.com/rss/articles/CBMifEFVX3lxTE94SFBZQzgzdjBBNVlNNzNOVEhxenJiZ01qU2xxQ2FOS0tYaEphYlVKblhGcFpkSU9NZC1OQVR0aE9GWjlvdzd2UEs5WllaMVg4UjhUVkxGazFndGxvSW9Qb01paW1TZllzSTlDTVBpUWhrbHlEb2NrTVkya2Y?oc=5,2023-12-05 00:58:18
capitalization,The 5 key sectors in Bursa Main Market you should know - fsmone.com.my,https://news.google.com/rss/articles/CBMiuwFBVV95cUxQMXJsWlE2cmlDdmdSOUtSbkRrMmR4b0hMRHNzZHhENDYxOWRUeWhUTEU5X3EwU2hrZ3JnVEdjWjRJajJVcXA1bnlqT3lVZm5jeDhYcDRuaW9kd3E3bXJ0VHhZNExYckhXamZSbVN2ek1fZkQtZmxyZkVzTW5YUkVnMjZjNXNoaHpOXzFmS3VDQi1RWjd0RDJUVTFSUGlicTZkSnh1TDVRbXIxTmRNVkhlbmNwNWtCeEZMc2dB?oc=5,2022-05-05 18:14:52
capitalization,Top 10 biggest companies listed in Shenzhen Stock Exchange - fsmone.com.my,https://news.google.com/rss/articles/CBMivwFBVV95cUxOTXBvY3ZWRTRUMW9ZUHJWNFo3aXlUY0p5SFg2ZUZZT3g5dUM2TGZQZW41Q3FVNVRlc1VqUUdWeHl5NGlmNWFwemc2QWN5NGFiaEpmamtmZmhEdGVkN0UxSXZadERSc0EzTncxOXhFODlwWWhjYnBRTFFIOVc3NkdWd2UxLXF2NktEVW5CcDY2WnpxNDFfLTRHeDlIUlBSd1hEMHVqSS1mZnNhMDNpMmliNzE1cnpqRGRFVXFJcUtoQQ?oc=5,2023-02-24 08:00:00
capitalization,Consolidation of the Banking Sector - Bank Negara Malaysia,https://news.google.com/rss/articles/CBMibEFVX3lxTE5DYWFreVEtMmVHWDJZRmhTOTZsY2QtNDZkLVgwZEtXeGlybFNNOVdRSV8tc29nUjVWTzBiWm1Va2cwRVZsbUpJc280ckllbHBkQ1RrYXlIdGpkRldqTk1JcDNwNUVCckJ0VDNraQ?oc=5,2020-12-21 17:47:03
capitalization,Kenanga Blue Chip Fund - Kenanga Investors Berhad,https://news.google.com/rss/articles/CBMiakFVX3lxTE85Y1NFTzY5STBVQmdjeW5DYkpPSndZcGhCVHQ0WHd3NlppVU54bUtMdzdFNHZlUGtLMlhkSVRKV2hUWU1nbUVSazEySHlqN3hXYVFSV2lsUG9oM0ZZSGJvaHlnRWloYXJCZ1E?oc=5,2023-10-18 08:17:04
capitalization,Do you know which are the Top 10 Consumer companies in Malaysia? - fsmone.com.my,https://news.google.com/rss/articles/CBMicEFVX3lxTE83UnRlZVJjRWZPVXFockktalhIWF84Y3hfNU4wcnMxeC1BVGdCamdONzRfSjBpV2dBYlUyNWFlSDB1MWVTRWJCQnpXdGozenY5MHpHZkxobmRQQUFUODNTaVNIZmFma0FUd0hBckRVcmo?oc=5,2023-08-19 12:29:05
capitalization,What costs are included in fixed assets? - KTP & Company PLT,https://news.google.com/rss/articles/CBMigAFBVV95cUxObFUyWElNeFJROWtjYmRxdlRQVzBFS1ljSi14NmRzUjhlXzdhMXBPUnRPN2RBVHBRTzg0Rk1mVmxqMGpRZVZZeFJQMzNNZVMwN1dwZ2VHM1htMFZkSFotaHJLQ2QzZGZzMDVWcjhNQWRnVXNCb09IZHhVeTFxZFA4Ng?oc=5,2022-02-18 08:00:00
capitalization,What you need to know listing at Bursa Malaysia Listing and the requirements - Hills & Cheryl Corporate Advisory,https://news.google.com/rss/articles/CBMisAFBVV95cUxNV1g5UXBlRWFPVXpKNnVHM192bFlmNWozUFJ4SGh4Qml1RFREdklrQzBqM1RFcUNzLVgzM25wWk9jR3U3MnA0d1RIQlV1YmZLTmE5SFVOTFNHa2VvZUZidG5vRFMyNXR3VE9UOEdiNkMtbWRPOUdMQmg1ZGllYkFLNEo3cm0zOVZPTVBTNjFVSVV3OElOVDQyb2g5UUpZYzN6TXVMcDZsZjZka2lwRVkzZA?oc=5,2020-05-04 07:00:00
capitalization,The Effect of Dividend Policy on Share Prices of Bursa Malaysia Listed Companies - UUM eThesis,https://news.google.com/rss/articles/CBMiQ0FVX3lxTE1ZSFRjb041NjlvdmhBRW9LakhNWU9UMkI2SkFDcjUyMkZJc0VmNTVSOURCdU5BU2tVSlVZaWM5WFRIUVk?oc=5,2024-05-27 07:00:00
capitalization,Capitalize on NVIDIA’s Surge with NVIDIA ETFs - Rakuten Trade,https://news.google.com/rss/articles/CBMikwFBVV95cUxPMGIxdzFJR3BudHVraHZNekFTcE1OcVc3U19PeVRSeDNsUHhQcUI2V3c4dTk3dXRkckRMZ0wtckV4Tk9oc2JkanVlSXZNNzUyUE5mS3FBU1ROUVlxWVJXejNST2RaVmh1ZXhURjhxdUE5WFFITVJPU2FtNjV0aWl3dHFRbGtFZTFXdFhDSnV4X2gzMkk?oc=5,2024-07-26 07:00:00
capitalization,Top 10 biggest companies listed in Shanghai Stock Exchange - fsmone.com.my,https://news.google.com/rss/articles/CBMicEFVX3lxTE5ERzdCQTliR3BJeHFmbm1vUjUyYTU1Wjh1enZQbGxUUk5JZDFQVzd6SFZTUC1rT3NoRDlXbnpEOUQxV1BhUG9rTGxucHhWUnBFaDRTcXNIUDV5ZHNtV1RNdXhkM1h5X21GNVVZOHBZRVo?oc=5,2023-07-02 05:22:32
capitalization,"Testing market efficiency in Malaysia's large, medium and small stock market indices - UUM eThesis",https://news.google.com/rss/articles/CBMiQ0FVX3lxTE10TFcwYmxsa2h4WFB3UERYcXZ5TjM0Nk9hTFNBSXRrWXB1OEtveExoSzBCUVhuZWVDVEJCSTZtak0wOWs?oc=5,2023-03-15 07:00:00
capitalization,Financial Deepening and Financial Integration East Asia - Bank Negara Malaysia,https://news.google.com/rss/articles/CBMickFVX3lxTE5pazNlZk5mSEJwWElxMFdiMUtDX0dseUFfYnZoRHJfeE5QNjhrdXRkV3lSRkpRbWphOHZZbVh6bWZDZVpqeExoaHpQbzF2dGRVcVVQUmtFSS1zSzU0Zk1JcHhGbFREZXBySG1oZkNya2dXZw?oc=5,2020-12-16 18:20:36
capitalization,Bursa Malaysia hits all-time high market capitalisation of more than RM2 trillion - thestar.com.my,https://news.google.com/rss/articles/CBMixwFBVV95cUxOZWNpN1hNdzQ2S2lGWk5jeFhhMHBUdG5keE9QaF9VeGdWa09mNHhWcHZGc01GMklJZFU0ck1ZR2I0ZjNQeG5UdnhfNmdsN2ZQdTdGaHd2MlVXLUczUGhoanhYTl81eUEtNlQ3TmN1MUk3NU9JV2xqXzIycmdZMzc4Q3VMZFBwZlh4eFBBa01tZDVEOTRwamxfZjJ1NEtfWWVrVWNmR1VyZURVbGZOTEs4Q2JIdklackU2bHN1V2JwZm4tVUhDR3Jr?oc=5,2024-05-07 07:00:00
capitalization,Board ethnic diversity and goodwill impairment decisions: longitudinal analysis of energy firms in Malaysia - UUM Repository,https://news.google.com/rss/articles/CBMiUkFVX3lxTE9DTTN2Z3d2b3ktRnhybGpBVE55NHFjVXcySm5XU1ZjcEllX1JKVmI5V2ExZFF2c19mOXZxT00tNEFhWXpOaUhGMk1KQmtyRlVwZnc?oc=5,2020-07-23 07:00:00
capitalization,Untitled - UiTM Institutional Repository,https://news.google.com/rss/articles/CBMiUkFVX3lxTE1ZMFZ3LXZLckpFbUMyNjVCcFNOTGFfbU9ZeXZUTnRSV195QWZLMXg1aVFLd3N1VnhBaFZwRW9IMHpUSmNnMnZXQjlDbVRENzNsTUE?oc=5,2024-09-25 21:01:55
capitalization,Hotel Valuation after Covid19 - AVA Malaysia,https://news.google.com/rss/articles/CBMikgFBVV95cUxONGtwVS1wdE0xYUV2LV9vVFBWTzdobVlUbXRROFZNRXFqemtqazBjdzJFMEZCaXBxYWlKWVBSRVdtbjE2dlpCYjBob1RSdUZxZzlodlZVbm1ma3VEd1FheXVFM2JpV1JRSGxTTzRnSWxsRk13eGtJcnVFdTV4VG9zTGZOeFRzdmFpVnE0dFZ3Tno0Zw?oc=5,2023-09-19 06:56:17
capitalization,Kenanga Growth Opportunities Fund - Kenanga Investors Berhad,https://news.google.com/rss/articles/CBMieEFVX3lxTE9LS1owNFFYdGI5VkFWdUdHUkxNYzEwTDVXMHRfOUF4UF85VXZGbG9DMVZPMmJsRW8xV083azd5azF5SjZhN0IxOEhKN3BqQW8zTl9qXzI1UkR4NmxoUlVwbW5jZmhLNzFLV3BmY3Y0TjRJOHBuVDczeQ?oc=5,2023-10-18 10:31:40
capitalization,Capital Letters and Periods Worksheets for 1st-2nd Grade - twinkl.my,https://news.google.com/rss/articles/CBMirAFBVV95cUxONzNUSWdYSWlreEM1S2FqdGpTMUFPUXZ6S0k0dTBrcElGdVNhMm5qeklIODl0Z2lsNno5V1Jlc1VyNU9wT0gwZVhwY25tbXR5eUludlF0WkZRQmZ0RHJha2NBZVozSlF5TVJxUlRRcGNRMXdvTVNDcFpzbFZzRW56YXFXaElVbHRZX19YVHhtVDRmalp5TWhKRXJnNmhKNXhScmlUaWtSdm1KNnR6?oc=5,2024-01-26 05:17:44
capitalization,The Definitive Guide for Industrial REITs in Malaysia - Industrial Malaysia,https://news.google.com/rss/articles/CBMirAFBVV95cUxPdEk3cjRCOFJWd2xkNWg3Yk5HSXlFZW8yZVpKYlNYMXM1ZWMxc3h6YkZ2bUtZeEdwYXp5SlBHQVR0Y2VSTGg1OGpmSGNfdHVlYm9PUVpYV2RCWlcxemRPLXNxYjlJOFZZVGQtUUgxU19MOG0xTDlkb194dENwaEZIekxJbVRud29ISmtyRFNURlZORVBmVUV6aG5QeHRodjBhVUlLSWRjS1dTSTgw?oc=5,2022-04-25 21:53:47
capitalization,Does Tax Policy Change Affect Tax Avoidance Behaviour? Evidence from the Thin Capitalisation Rule in Indonesia - eJournal UM,https://news.google.com/rss/articles/CBMibEFVX3lxTFBxU3lCMUltOWlHazJDNWFlejZNdDRuUWdieUdaeXhKZW1EQlJnY2JwOEpuVGlCT0gxWjhhY0dhbTFWWER5VWZMSkJpNFZ4d0xOQm9iY2ZCQ3BWYU52T1ZiMlY4MEY5UHFtajRDVw?oc=5,2024-12-31 08:00:00
capitalization,FSMOne Mid-Year Review 2024: Malaysia Equities - Capitalizing on External Drivers - fsmone.com.my,https://news.google.com/rss/articles/CBMi0gFBVV95cUxNTjJjejN2Nl9iQXpGakt2clJiSWw2a2F2Qk1kLW8tRkh3cTl6RDNZVEw2NU5ENDI5WEZtRUlvcHVCWGx0bENxMF9TSjIwWHl1NU1Sb0h4SVJIekxQQmlzVzh0SXZNbzNQbGVpT2VzaGVjcnhCVTR5ZTNYY3c4WlU3clNELU1HTVZxdkE5aEpBTGxaalRTNWlFM1FhZ0laNUV1LUVtWWk5Nl9pTnBEaFcxYkdQRk9tQzlhZ1BpRmQ5NlRYZ3d0UXRSX25URUZpSGZSSHc?oc=5,2024-07-29 20:04:25
capitalization,PLANTATION - MIDF Malaysia,https://news.google.com/rss/articles/CBMiswFBVV95cUxOY1BoRmNlODdnWjNNRGdGSHVCeXNER0Jia1MyUFMtdndCTWtZV3NXWlJvTi05dlVja1BBdnk0MXRmcDdpQk1yWUNaUklVcmlFZ1dnRi1YUjU5Z2FFQzh5aXNOQlpKNmlhU29QNS1wU0VRZFVFdzVsYlhlYXYtMVo1cFR5SlB6S2k5dzF2emQ0TS1kUkZVUkhMWFNJdlJVdFdaYjRydnhkSzQ4MW5USnlIMU5zZw?oc=5,2022-04-20 04:37:17
capitalization,Malaysian Capital Market Developments in 2023 - Securities Commission Malaysia,https://news.google.com/rss/articles/CBMitwFBVV95cUxPSU9vV0w1T3JDZWUwU3NiOE9yNjM1VTJZOEpvUk1iU2c2dWFFWHBIUFkxY2xvbWRBYjBqeVViczRHT0xVSy16VHFqbXFkbzhxYzZ3WEoxOUVXTW56Z1kwZWU5aDlYcm45aTdBanh1VGVMQTZGYkVvVWttazlacksxQzJVa3Q0WXIxV0ZFUnFxd1ZZVndpLTNrbEpqLVdYXy1PZGl5ZFZId2pfQnJDY1k1a1dMVUdiclU?oc=5,2024-03-19 16:40:20
capitalization,MRMA Malaysian REIT Forum 2024 - Malaysian REIT Managers Association,https://news.google.com/rss/articles/CBMiP0FVX3lxTE10TC1CUGozTG1Qbmc5eFhjdHZCYi1fdXRGMkdhWks2RDFaLUd0U0J4SVN2MVMtcHFtYWRqVUxsZw?oc=5,2024-05-02 20:02:31
capitalization,Eq8 Dow Jones US Titans 50 ETF - eq8.com.my,https://news.google.com/rss/articles/CBMiY0FVX3lxTE9PUHdwbXBZTC1NZEtyQ1FRalBuSjYyckhiOWZrSC0yRjNkLVZNOFFIOVFOYlhBTHdxUXVtVkU0X293ZUZtZERFU0JxLTJRMHdxSlBOSHVkUkNRN19GZkM2Nm1fQQ?oc=5,2024-03-28 01:33:34
capitalization,Maybank London Residential Home Financing | Maybank Malaysia - Maybank2u,https://news.google.com/rss/articles/CBMimgFBVV95cUxQSWR4cTg1N2hyMXFZMFZzTzRKSlA3TEhKeV8wa1dKSEM0aGRqM3dEWkRwX1NVekJKR2dSU2l0VGtSaks2ODlha3QzUGtQbWdWVlltZDNCSW54ZmVuUlB2ZWJ1bXZCUEN5WExDSE5oMkhlYUFCckVLQkkwVU5FSXJGVUhBYTBfdDJweG5hWlZhRGhod0tGaS1NWmhB?oc=5,2020-06-08 09:59:01
capitalization,Who are the main constituents of Bursa Technology Index? - fsmone.com.my,https://news.google.com/rss/articles/CBMicEFVX3lxTFAwRC14ZHhMRHBLQjdhanFLSzV2dmpsbFRfXzJ2Qlg2a21PMVZwVXlGVkJsMFNhUlF3N2JBc1d5RDlhVDNqR3picjVSMDE5RWZPcGc3eW81d0E2RC1LbngzbU1ZbmZJYi14Z0UzSHRNVHg?oc=5,2023-10-28 22:38:10
capitalization,Untitled - UiTM Institutional Repository,https://news.google.com/rss/articles/CBMiUkFVX3lxTE0zWVNlcE1MSEtVN1RZYzVha21qalBjUE90MDhlV3FQNlJSSjlzOG5kSDdib0d3NDdUU280M3poWjNjNFZvdXdPQkx6RF9CbzJOOGc?oc=5,2024-06-13 03:03:51
capitalization,Faculty of Economics and Business - unimas ir,https://news.google.com/rss/articles/CBMiZkFVX3lxTE9JOTNTZ3h6bXNteDhITGEtblBteXY1YzZUcWhrSmFVNlJhMDJBYkZONDBXY0VlMVJ5bjQyLVhqNDZyMVJOcGVBckVMVTVjQzFQeHBaWlBnTEx1WEMzSV9vakx0anRQQQ?oc=5,2021-11-10 03:32:08
capitalization,the relationship of malaysian reits' portfolio and its financial performance - Universiti Teknologi Malaysia,https://news.google.com/rss/articles/CBMi9gFBVV95cUxOZmpmRk9wY0xmM2JSdGNjUzZxUG5uVnlzb1hZejlLcDFwSVVLeGk4RmtkV2RhV1UwaU1sMXNqUzlKWWVGS0dZQ05EQ3hSNkYwX2VhUW91N3k5bDlJM2NqbjVGeWFrX0tDNlJHcGkzbHFxVURmVzN3WktPT202cjRGMWNoaGx5dnhkNk1MLTVPME83V3JDWnU5WHhLS1laQU14d05uOG9hNVRkVXpOemxtZ2FnMjdhWFFKa3o0MWRrWHFTTUE2Zm1ja3FHZ1JaS0FRemMydldjZllKcFNfYjNXakppTGhmZWdyOG94Z2JUMjJMcE50bGc?oc=5,2024-03-17 00:57:46
capitalization,Practicall Capitalizing on Convenience: - Pacific West Malaysia,https://news.google.com/rss/articles/CBMilAFBVV95cUxNb3MyVGZUQTRfTzYxeVFzQk03dTJyelFVcFV6ak1nMDlQV2lPYXlJbkhSTTFlWHVsNjQ1NS1hY1FSLXdZQkhwWWFTQTM3aXB5WFhTMklCSnk3N3pCSFhXSnJEVWpPalc3dkowQXpXcndMZG9fUFZoV2FmSm1WMWRGVHF5TFBkR3hmSEhHS0RabElwbGVw?oc=5,2019-05-07 07:00:00
capitalization,"Intellectual Property and Innovation Research Centre, Xiamen University Malaysia – IPIRC - Xiamen University Malaysia",https://news.google.com/rss/articles/CBMiPkFVX3lxTE1HY3VnUS0yUGs2Nmp4QlhWd3VJVVk2VTByY1Z4bUFJRWIycmpkUjc1NjVhQ3RXbmI1SWNVX0Fn?oc=5,2024-03-06 14:01:54
capitalization,Federal Government Accrual Accounting Manual INTANGIBLE ASSETS - anm.gov.my,https://news.google.com/rss/articles/CBMihAFBVV95cUxObmpodDE4TW41Q2l0LWxzN0Y4TTh1ZjhzcVNQRFhkSmpEZHQwcjFKZEtscTNDZmN1bk5CUjdQRkRmNU0za3c0QUROWTdTT29VY3E1ZlRUMnZ3NjRfT2t6dFJaSzRKaGFMWmd2M21RQVBDQjhnZ25vbzdRbUp4QVBqTXNIZ20?oc=5,2023-04-10 21:55:06
capitalization,Untitled - UiTM Institutional Repository,https://news.google.com/rss/articles/CBMiYkFVX3lxTFBLRkZwQzlCWnJITGIyb2pCZTFUTm5PT2J6Nmc1b2psblhtVWFOMnlWcDF6Qm02NXVwYTFORXk3WGwyTkZSTjBOR045d0txd2U5VHlhMUtGQkpVVmdydFFXZ2d3?oc=5,2024-10-03 00:07:52
capitalization,Awards and Recognitions - KIP REIT,https://news.google.com/rss/articles/CBMiYEFVX3lxTE56NjVNTGx0RUFLRXB3bncxQlVIUXc0TlZhbnRDTGhqNmZJa3ZhaURVaDR5Y051aUtjb0dxUWNya0RFdGl2QkpfU2lBc3NhUkFiUF9wSHZEX1dIc2VfV3Y2WQ?oc=5,2024-04-24 14:01:40
capitalization,Travelling back in time: Capitalizing on the potential of Nostalgia - MARKETING Magazine Asia,https://news.google.com/rss/articles/CBMiogFBVV95cUxPSHJxRHpkY0lDd18tdm80RVRlc19ma0lib1A3dkRiWGJtbWtjR3dfVXNrenJ4T0VDNGloSnRvbjEtM1RMZEtVbDhObWdlemtzMXViZEFheW15QmxaYmlvSzNSdzhycDdCVGRIZDNUbi1vaGw3UXgwbXZSWDUyZlFBb3QycExrMVhfcGZoenpWRlptclFRa2RyZ0RHNGtyX1FzQkE?oc=5,2022-02-09 08:00:00
capitalization,"FEDERAL GOVERNMENT ACCRUAL ACCOUNTING MANUAL – PROPERTY, PLANT AND EQUIPMENT - anm.gov.my",https://news.google.com/rss/articles/CBMigwFBVV95cUxQNnAzanpkb0FaZzhKaEtQRjJoczhqUzl6UzVPRU5DYXcxWWR0Ni16eGFSSXFoR3c1TXl6VUp1MWF5WmpVZ2ZWc1hjZ0hFS3RFcXlaOWhLX3ItOHlFcEM3SHdLdTRhb2VtVVp1eTF6LWJnbDFScndCZGJsdXEzc042UURkSQ?oc=5,2022-12-12 08:00:00
capitalization,182 USING M.I.N.T.S IN A SONG TO IMPROVE CAPITALISATION IN WRITING AMONG YEAR 5 PUPILS YII WAN JIUN DOROTHEA MARUKAU@NURATIQAH - IPG KAMPUS KENT,https://news.google.com/rss/articles/CBMifEFVX3lxTE5PYmtBSHV1eVMwTVA2WEI5dElNNWxMMWFrRXYzTENjWEtjdURYWDlTMHgwWHFQaUdETkpfMmJyZDhJZXNnOXgtVEVjejlBYkRlaXZvSkNQOXYtbmhKd0lmNmRNa2RJd190WTlndjEtdTVqY0JKcVA3SHdXU0I?oc=5,2021-05-11 00:10:00
capitalization,Latest trends on Managing Intragroup Loans in Malaysia - transferpricingsolutions.my,https://news.google.com/rss/articles/CBMiugFBVV95cUxPS3JOcHBGQ2t5ZDdxYTVKdW00dkQ0MlMwb1FFOE5BZEctQjRLX251QVRSbkU0WGZROXRBZ0JsU2pzUnRrRF8zTXdfSXdMN1VjRjdvSGlORWhHZVdZR3RQWkU4MnZBMGx1OGNvdVhEeTZLd1FoQWRqajNGQW1YTnBlWGFEOHduMTZ0cWdHNlc5WVNiOFBXR1ZqLXcwcm1VYUdZQlJrblh6Z096emRvbTlITG5DTGJXSGMzLUE?oc=5,2023-07-14 04:20:28
capitalization,Rakuten Trade Launches Raku-Invest - Rakuten Trade,https://news.google.com/rss/articles/CBMigwFBVV95cUxNWlhzcVFKdTVEVzhIQ3RfYzlEdWU1b2thU2lQN2pleWhsUnZreUpWTmFPbTVqRnVkZEswQ19MZGJUWDQyQVR5YVgyY2x2UjkzWGhvVHlwSk5fdEJrVGo1Wkc5QlpmVTBHSTZOQnZKNVB5WW9rZzcxLW03VlFUSEpkb0NOYw?oc=5,2024-06-19 07:00:00
capitalization,PUBLIC Wealth and Personal Banking of HSBC Bank Malaysia Berhad - Terms of the Additional Deferment Programme 2 for Individual C - HSBC,https://news.google.com/rss/articles/CBMihwFBVV95cUxQOHBIVmpoTVZFMmc3RHVBZ0lXck5ORUNDbmdGd3Q4bmpramtoTmhQaGlKMzJBLTRlTGVWb3lRbnM4cG16ZG5UY0FQZFpzalBvem13VnR0bVlTbG1qWUJMczhuOXZWSjMxYlh5czJJOWt4Rkhuelp0MngxOHgwT0ZZWDdhOVRRVXc?oc=5,2021-08-17 07:00:00
capitalization,Strategy to Increase Financial Literacy in Indonesia by Capitalize on Peer to Peer Lending - myjms.mohe.gov.my,https://news.google.com/rss/articles/CBMie0FVX3lxTE9kblJzU2R6b29oR1ZadDlsTmxMOHFGSmx3cVNGQ2tmelFaTkZNQUpJVjkyU2o4X0JVeG5ZTXBXVFBVQTdTNnBzZnpYZWdCVDdRYkJTRzd2MC0xdVVtMzM3NGdQNUFGZjlOUVNIV3U1YlZuZFVwZ2VDRXM3QQ?oc=5,2022-10-01 07:00:00
capitalization,"Board Characteristics, Firms’ Specific Factors and Financial Performance: Evidences from ACE Market in Bursa Malaysia - UiTM Institutional Repository",https://news.google.com/rss/articles/CBMiUkFVX3lxTE9ZTVRwQlFKNzJvdk04dzBHOUNYNzVWdTdDMnBEbHJtZlBGSXBjVXdSbnJxZnJLbFNRTjBtM2Y1ZlRuT3dlWnBQelBDRVN3ZFdSRnc?oc=5,2022-08-04 08:03:06
capitalization,FIXED ASSETS GUIDE (For Financial Reporting Purposes) - INSAGE (MSC) SDN BHD,https://news.google.com/rss/articles/CBMiqAFBVV95cUxPUlVRM1g4M01GWlpyWDhkdDg2TzhEU2hPLVFZbDBrUmxTaUJtcFZOYUNWenQ5UXZYZ0hkd1RzNXhIc0xMZEx5d3RuU19JelpzaHVBZ044TU1FT0o3b2loUjBRLUo1OWVoV2RYdnMzWWRqUzBmQTRFdTVqRGNldHVMYlVoeHRXVDJ1TWEydXVUamoxT3BFektTZjZPT0c5Yk5heGlSUXdkU2U?oc=5,2022-07-20 15:41:38
capitalization,"MASB 15 Property, Plant and Equipment - Malaysian Accounting Standards Board",https://news.google.com/rss/articles/CBMiXkFVX3lxTE5zakN0UTF5cTlFY3JDc2g5c2tSbTFoV3piM05PcDV2NWt6aURZRmE0cWJJaHBtSlNjOTNLbzFBWlhNQk9BTDVxTnNsMTQ2VjlUYmF6X3g4Z0FRSFFVU3c?oc=5,2021-01-22 05:55:19
capitalization,Page 1 of 6 1. Definitions Capitalized terms used in these General Terms and Conditions shall have the meaning as specified here - Shell Malaysia,https://news.google.com/rss/articles/CBMi2AFBVV95cUxOUi1JRjR3QWNibm56Rk1MN3l3N182MDVPeXE5STJ3N2RrUVRLSkUxaWFHNTdVRmFtSUdjOE1VNWd6WWZmY1RISGNIdW5qM1A4TkdXMzczRmc1eDhDdS1DU2ZMX085bWtId1djdW0za1RTcHpJaWhpaEd0cldXYW81NlFqNEJaQnphVzlHaWhDODM5aEpVR0htQ3BEWXdwNzI0dTZOM01kYUNFNnEzYXNXeE5ZNGYzNFRqeEt1X0RnN0VjVXZWb0J2SDRkeUVLd2NNSU9XVkxZYWI?oc=5,2022-07-14 07:13:10
capitalization,Corporate Profile - TA Global,https://news.google.com/rss/articles/CBMiVEFVX3lxTFBQeXo0cVhMM2l1NE9lU3A1d0Z1cUFKYjRTWEF2REJyWEpiMlZMTGRKNHpqNk81V0JrYUpxQTZ2NzF1aktSdGxEYTdJX2kwMjhRdjVISg?oc=5,2023-11-04 23:39:14
capitalization,HLB/HLISB Rescheduling & Restructuring Plans - Hong Leong Bank,https://news.google.com/rss/articles/CBMikwFBVV95cUxQa0FfMGtjcDk2SE5fTkRFdTVJd0JzalVvY1lvMkFLY2c3S2x5emdTNUpJM183WnpFeFZtRXRYOXdUbTFMWWYtYk40OEY5Q2xQQWZiTVlYQkZ0U2VibkFLQmtjd0h2VzJzeUlQeUszWmNNZmhjV1NKSU1haHBaMEw0UUpFamZTamNXSnFuTFdEMEIzX2s?oc=5,2022-08-30 22:37:31
capitalization,HSBC Fusion (Retail Business Banking) Financial Assistance Programme - HSBC,https://news.google.com/rss/articles/CBMizwFBVV95cUxQY2ttS1BybTVqZURBVFU4Nk04a0VvcmN1cTdTUjFUQXo5ejdwUGxENzJkQk1MQVlUMWJaNjlmdmtfRTZybnZQVXRJa19EWmdGQTczaFlhbVBibnRza0VsQVlfY0VkT0xySTJRS2FFc3ZyQzRpTTBWLWdPYlM0Sy1oaXUwRkFMblZJWExYVV9LRm03alRrRGI3THI1R2JnY0l2c2xFUDRNTTdPVGVTX3RmNGhWTEhuZlhwR2VobDhPMVdhUHBNT2VOZmpLM1NFeEU?oc=5,2021-12-06 03:40:47
capitalization,TM Lee - Star Media Group Events,https://news.google.com/rss/articles/CBMiWEFVX3lxTE5UaFhPdGN1RVQ1M1ZkenVvdnpBTXFjOFBoZmJ5ODZNM2RLR1gzWG5OTHEtVWUxNzFFemVoeVpaWGZRNXQ1V2taVGNlSUl1dTRGUEtaZXZiNVQ?oc=5,2021-05-21 10:43:47
capitalization,FACULTY OF INFORMATION MANAGEMENT (IM) - IPSis UiTM,https://news.google.com/rss/articles/CBMicEFVX3lxTE5Yd0ZYQmcxbTg2cmN6RVpXcDI2WHh3eUUwUHVyZDJYMnZIcmxFd0lFQVQxaEpyZGRKb3JCLVN4ZUxyYkhvMmNaWlJ2ZUNwOUM1bUh3bWJ6VXJoVnVwMXR2cU04N3l3Y2lGb2dTSkx3OFk?oc=5,2023-11-02 02:30:39
capitalization,"Metal Plate Embossing, dog tag embosser, embossing machine - SLF Technology Sdn Bhd",https://news.google.com/rss/articles/CBMimgFBVV95cUxOMElEUy1hYXBKXzRtdnlqWW0ySUhqOVpZOGFvVGc4QW5mQUt0b2Z1VjBCTFZEUUs4TURqeC1YNktESkdsYkZCOFBTLXdLYkJtNTVwSDQ2QTA2eTNFYlF6VV9NcVhhZE1IMWxOMDhlMUx6YUZ1ak52ekJMN0xSNXFQV0Vud05zTjM0andrckxiSnVpU1c0QzY1TjRn?oc=5,2019-07-31 16:31:29
capitalization,PRACTICE NOTE NO. 2/2020 CLAIMING CAPITAL ALLOWANCE ON THE DEVELOPMENT COST FOR CUSTOMISED COMPUTER SOFTWARE UNDER THE INCOME - Lembaga Hasil Dalam Negeri Malaysia,https://news.google.com/rss/articles/CBMiXEFVX3lxTE82amJoNFdZTmdodnYtMzdyakRXMVRNUGk0c1I2N1d4YXhKZDdvZkwxTUxBTUlCMzN0WUpjQTdwTGh6S1JXbnc3Ym85cDllc0VuQzgtcmY2MjVkNWU2?oc=5,2022-03-17 05:16:32
capitalization,Borrowing Costs - Malaysian Accounting Standards Board,https://news.google.com/rss/articles/CBMiUEFVX3lxTE0zM1NkOFlWLWZMQlQ2QW91NENkc3hXUi1xMmxOVHdKQ0pGYi1vS2xyU29xVmZqbmVtTDZkZHZSQ1JwN2RRdmdSc0k1UmdTdV83?oc=5,2022-10-20 20:44:57
capitalization,Understanding Small and Large Cap Investing - AHAM Asset Management Berhad,https://news.google.com/rss/articles/CBMimgFBVV95cUxNdjZ0cEU0ZEtqWllCcUZBUFZCRDlXSHdLX2g0UDdJRG51aWNBcVM1Z3VFRDBVRGNkeTlCNnR6RTViT1hfeGVaRngwSUhkWjQtekE1SDJaODk2UzZiYmFxU0VJdWhoNXI4VWVlX001T2JsSzNUTm9uNE12aUdHT1lWQ2duZ1VoQVdPTkFBTV8yczhoTGZhS3FGeHBR?oc=5,2023-09-08 07:00:00
capitalization,MFRS Hot Topics - Grant Thornton Malaysia,https://news.google.com/rss/articles/CBMitwFBVV95cUxQQVlCTXVXNFRhUldib0k1dUZ4SDNvSTFidFJzQ0xFTXFhQ0lNaHNNUlFwdDJ3UFJ1QzFGZUZNNjczM2U4UHViWllPSVJrUUNXaFl4X3c2VmdCUlpHZEdkMm5YbTZkUmY1QWFNNE5iRWtXbUwwLXhrdXF6OVB0QmpJcHN1WUJRSlJIMGN3S3RHZ3VsanhicDdiSVhsYjBXRVQ5ZGRfYlg0XzcxdEhRdWswdlhURzcyTWc?oc=5,2019-01-23 17:18:59
capitalization,Top 10 US ETFs to consider for RSP - fsmone.com.my,https://news.google.com/rss/articles/CBMicEFVX3lxTE8wOGpLdG1BcG5VUDZ5SDN1Z1VtU1c3eGZvS2p3UVdmUEMxeUN0NC00U0J3OFotZTdZZnlyR0VIbThZcUxpOFpOSkp4U25EY0hQaFd5dGJHMExydXc3MkNUcTA2Wm96SlpYV082bnB0a0g?oc=5,2023-08-21 10:05:14
capitalization,MASB 32 Property Development Activities - Malaysian Accounting Standards Board,https://news.google.com/rss/articles/CBMiVEFVX3lxTE9YU2JLT2s3ZWI4RkRNRmVzYl9CR0pLbTJiSDlPUjNMa1gwd2RLVDVSQ3ExSm4zVmFaWnZMelNnTHlyclZPUnBkNThXUm1Dd2hDTVBmRg?oc=5,2021-01-22 07:49:09
capitalization,Industrial training report: Genting Malaysia Berhad / Nur Batrisyia Annuar Appandi - UiTM Institutional Repository,https://news.google.com/rss/articles/CBMiUEFVX3lxTE9BSUhGTktwOVoyTGtObTZUN2JCdWFsNnZVOHN6YVVxRTIyNmk4dzVJU2w0bzlFSktrM1lDMnVuSVB6RzNsUzE2RDUyQWs2NC1o?oc=5,2024-10-23 19:36:05
capitalization,MASB 27 Borrowing Costs - Malaysian Accounting Standards Board,https://news.google.com/rss/articles/CBMiVEFVX3lxTE9pSFRvblIySUdLelp1TzdtSl9GeUFocllqZFhEdGpxSWI0N1d5bWdHblptVGVZMzczT2VJelhDQVZHa0pxM2hCUTlIQ2dvZmxqcUJIaA?oc=5,2021-01-22 19:57:06
capitalization,Malaysian Citation Centre - myjurnal.mohe.gov.my,https://news.google.com/rss/articles/CBMif0FVX3lxTE9UdVBaeGRvejRhV0dmNmF6Ui1rUTlfZV8xUzdFaEdzOUgxRWZxcFVIVEc5VG1aTk5odVRPM0xEQi1YY3pzTFZSQ2l4cGtxdmJZVjVyWjNIZ3p1Z1hhLWYyYlZqZmEtLUtndUNITWlMX0NIcUVtWHJiZDd2Zzhsb1U?oc=5,2024-05-03 13:13:33
capitalization,Manulife Asian Small Cap Equity Fund - eUnittrust,https://news.google.com/rss/articles/CBMickFVX3lxTE5GSXV4Nml1clBEakhaR1FMRnJLUDY4QzdlQko0RFFfQzI0el9pNV9PQU1WMDY2WGhaNHdSdDM3WEJfOVEzVjdyNi1tMUR6TkRiTXpJVDV2SGtmN3p1NGVlS1ByWWlHd1BSb2M1SVFUak1Qdw?oc=5,2024-08-01 07:00:00
price drop,Batik Air | Flight Search - Batik Air,https://news.google.com/rss/articles/CBMiQkFVX3lxTFBLNTdOU29mUy12TnJhTlRxdnFCYktXZ2ZtZDczU2ljV0k2TmU4Q09DVW5ZVHB2a3ZOb3hCSlhLcUU1dw?oc=5,2024-07-02 11:59:35
price drop,Starbucks® - Starbucks®,https://news.google.com/rss/articles/CBMiUkFVX3lxTE9rb0xYQ0o3cml1Z1ZnNlQ0VUpYd1dIT205S2ljQ0dqakQtVlZjaGVDWENiaFNqQ0tJOVIzTGtCVzBNTDAtQzZGUUhDT2JEOHQyN0E?oc=5,2023-05-10 09:48:12
price drop,99 Bulksales by 99 Speedmart - 99 Bulksales,https://news.google.com/rss/articles/CBMiQEFVX3lxTFBINDNTc1o0N2R0OHVZVlE2aUpnTVZkeDE5M3lpY0JzN0pjdHh0WWcyNG1takN4aEg0ZnBRamFEaGo?oc=5,2023-09-09 06:01:08
ban,Enter your ID number to continue. - Bank Islam Malaysia,https://news.google.com/rss/articles/CBMiS0FVX3lxTE5hSzRTQk02M0ZIS1JJM3lpaWxYZ2dqUmprYjBsZmszbU0yR0pPMmNmVW5pdlBuR1l0bEExQTlmMGhxcF9GTVBmcUdvUQ?oc=5,2023-02-12 23:42:57
construction,Malaysian Qualifications Register (MQR) - mqa.gov.my,https://news.google.com/rss/articles/CBMiQkFVX3lxTFBta3RlV29OV19xWmhRemVIRjVyNEVhV2ZmVFJjZHk3My1sS2JMWTd1SkxrU1BUa1ItT2VpY1ZwSUl1dw?oc=5,2019-11-14 02:26:57
construction,Starbucks® - Starbucks®,https://news.google.com/rss/articles/CBMiUkFVX3lxTE9rb0xYQ0o3cml1Z1ZnNlQ0VUpYd1dIT205S2ljQ0dqakQtVlZjaGVDWENiaFNqQ0tJOVIzTGtCVzBNTDAtQzZGUUhDT2JEOHQyN0E?oc=5,2023-05-10 09:48:12
construction,Universiti Teknikal Malaysia Melaka - UTeM - Home - Universiti Teknikal Malaysia Melaka - UTeM,https://news.google.com/rss/articles/CBMiQEFVX3lxTE1VaUFXS3NIVnpHaWhhRUVMUGlaYllsMFBwTXgxWmh6d0dqd3ZRNDJ5b1lQSkhmd3E2d1VvX291Q3o?oc=5,2019-03-14 04:54:35
construction,Lawyer or Law Firm - Malaysian Bar,https://news.google.com/rss/articles/CBMiogFBVV95cUxPUEtxWENvOTFJOEpNeDZsY0ZVZWpOM3paaTVWTm9nak1oVlhTMFo5UHJtN0VUVEFNZEdROVNicDlDdDhRalZDdHlYTGxlMkV5WnhKYWQ5VWxoSi1YNXA1VUpEYVhHRVNFWG5NWjRyTXFRY0N0aU9HeFFUZVBPWjRULWdpTThucU1BUkh5Y0JRMW1IWlRFRHpEaHR4Z0w3dVFualE?oc=5,2019-12-24 07:24:44
telecom,Home | U Mobile - U Mobile,https://news.google.com/rss/articles/CBMiTkFVX3lxTE9UVEZfNjkyNWdWQ3Q4aXhOMmRHcU9Icm9ZbW1nS3ExbTMtdmVNVE5lTWE2eURMdFZjSFhqQ1k1LWVJMWdMY3paOXRUV0tGUQ?oc=5,2021-11-09 16:25:10
telecom,Malaysian Communications and Multimedia Commission - MCMC - mcmc.gov.my,https://news.google.com/rss/articles/CBMiRkFVX3lxTE5ycXFFX3FheTZzclN3RGRGU0dRcHFTOU56TEhpUHdZV1lhclZHSElTZ2lGZjZzd0Jia3RNbzVKdmhSY3JTRXc?oc=5,2019-12-18 17:00:51
telecom,Pasti Mampu: Lowest 5G Internet Plans for Postpaid and Prepaid | Hotlink Malaysia - Hotlink,https://news.google.com/rss/articles/CBMiS0FVX3lxTFBCX0RMeWdRUVRaZEhfMG5xYnJkUzl1Wkl0VDR1bmJuOE9mMFJwSEs4SS1RZUljNWtERFpsaVN2OW4tODlXdWNZQ01fVQ?oc=5,2020-12-17 02:32:48
telecom,"Roaming - Yes 5G | Uncap Yourself - No Data Cap, No Speed Cap. - Yes 5G",https://news.google.com/rss/articles/CBMiQEFVX3lxTE15dy1uTWFZMzJiZF9aYjhzZ2F3ZWdUalgySWM5bVc5RnQza2FYZUVQYklKX3ZvSnllUWZIQ1ZxN2o?oc=5,2021-04-07 09:36:29
telecom,"Network Maintenance - Yes 5G | Uncap Yourself - No Data Cap, No Speed Cap. - Yes 5G",https://news.google.com/rss/articles/CBMiUEFVX3lxTE5zSGtuVkFjSGxBVTNXcWNhaHdYSjZMcWNrX1VKeUI4UHlqSjRLclFHMHJjMEtRRzJQcGFXR3l5aXVCNFVzeDhwaEdOSll3NmVa?oc=5,2023-12-27 13:48:38
telecom,CelcomDigi l More Device Savings For You! - Celcom Online Shop,https://news.google.com/rss/articles/CBMiRkFVX3lxTFBZc1B1UVdsWW5XYkJwVHpjNDdLX3ZDNnZFQklRVndxSW5vR24zZlh5eHFpYnBDNzlZMGU4b2drRUhLZ3hKVUE?oc=5,2020-06-19 00:27:24
telecom,Kaunter Service Point | SPX Express Malaysia - SPX Malaysia,https://news.google.com/rss/articles/CBMiR0FVX3lxTE0zUjRwRE84bmI5T0xlbk9xclBsZlFCdWRNNHFMVm5fS1QtMU14WTRqbEpGQ1ZNZFZmWWRoWHZnVFg2TmduMTFJ?oc=5,2023-08-25 09:58:15
telecom,Unifi UniVerse All-in-One Internet Bundles for Home & Mobile - unifi.com.my,https://news.google.com/rss/articles/CBMiRkFVX3lxTE9mbGpGMXlqQ29zdDk1S0lKX0sxVXZxNTZpTnhYOE43N0JNWWhsbFNNeGlucmRIOWxYWU1fX0F1eGJTZTRySEE?oc=5,2024-05-13 05:14:37
telecom,Get Free 5G Phones & Unlimited Data with UNI5G Postpaid - unifi.com.my,https://news.google.com/rss/articles/CBMiS0FVX3lxTE1MdHBYdC1ib0NXSWFmcm9vOXF2cUp4UzZLS2ZwVEE1ZjlWWXVCNk1fal9XbGx6TnVmaXNGOHI3VDdicVdnRzd1dTNuYw?oc=5,2023-04-10 05:33:47
telecom,Unifi EasyFix | Self serve portal for Unifi broadband - easyfix.unifi.com.my,https://news.google.com/rss/articles/CBMiQ0FVX3lxTE1EUDBSUWxfM1lEd2JGTUlxUnJIOHZWcFkyY0dSdTIwXzhrNHZMUlFHOWp5YVlzZW5LVVpIcnRmNTBOMUk?oc=5,2020-02-20 04:13:50
telecom,MySST - MySST,https://news.google.com/rss/articles/CBMiVkFVX3lxTE5DUUdRdlFyM1AyTFhMZjROLXJUcnNXWHZsVjJxYnlHbTBkZUs5OVhyMkg4cXhZdjUzdlVMVVpMZ24yRUwtUDllczJ3WGcwbUY3STk2X2lB?oc=5,2019-11-07 17:58:34
telecom,Universiti Teknikal Malaysia Melaka - UTeM - Home - Universiti Teknikal Malaysia Melaka - UTeM,https://news.google.com/rss/articles/CBMiQEFVX3lxTE1VaUFXS3NIVnpHaWhhRUVMUGlaYllsMFBwTXgxWmh6d0dqd3ZRNDJ5b1lQSkhmd3E2d1VvX291Q3o?oc=5,2019-03-14 04:54:35
telecom,Lotus's Shop Online | Shop Conveniently & Get Rewarded with Lotus's Shop Online - lotuss.com.my,https://news.google.com/rss/articles/CBMiQkFVX3lxTE5uZDRwMmt0RTlHZGJ4WTU5WkcyX0R5VjZ2MzdXZlM1M1Q1eS1rZ3J3aW5XSklQdTA3WjB0SHBIcnRFUQ?oc=5,2022-02-21 05:42:26
telecom,Security Tips - bsn.com.my,https://news.google.com/rss/articles/CBMiU0FVX3lxTE1vTWN0RHExRGVkUDgtSll3TjcyV1pWSG5VbWl4b1dLNHRsUVVOVmhuelpWeklpeFBoYXgzd2VFWFFoLXdaRmgtbU53WXFJd05oRnNn?oc=5,2020-12-14 23:26:51
telecom,Home - AEON Credit Service - myaeoncredit.com.my,https://news.google.com/rss/articles/CBMiQkFVX3lxTE1wMUlhYXJTbnZDcGIxazFnbjQxTDFOUDJwczc3YmtPbW1nS1BHUkIzTGp1NGFrVkdKX2dsSzQ5Tkhldw?oc=5,2024-03-25 15:56:04
telecom,Corporate Contact - Telekom Malaysia,https://news.google.com/rss/articles/CBMiXkFVX3lxTFBLZER6S2ZobmVVYWJhNWctLWwtMG1XT1RkaEoxaEtCYVd5cWJIcjU3QTdPeWw4ZUczcUw2UGZiNFVPUVJEd1M2LTlEUy16VzE5YTRwSVlTalNxYktGNUE?oc=5,2023-01-12 04:40:12
telecom,"Speed Test - Yes 5G | Uncap Yourself - No Data Cap, No Speed Cap. - Yes 5G",https://news.google.com/rss/articles/CBMiREFVX3lxTE1wckJWSUlNODJfMHBFbmZ5Y2dGSVNXN25ESEVOdXRiUHpzWU5USlR2Z3FDTDRWUUl0V3FMZGgycjI0Nzhu?oc=5,2021-12-04 03:56:07
telecom,APPOINTED AS THE EXCLUSIVE DEVELOPER FOR TELECOMMUNICATION INFRASTRUCTURE STATEWIDE | Qhazanah Sabah Berhad - Qhazanah Sabah Berhad,https://news.google.com/rss/articles/CBMiW0FVX3lxTE1MbTNWajhjZ3gxMlpOX0ZJaWZCUGI5MVIwNWlhOWNLeXBmdmFDaUhXVWFGMDJzcDUxTW9qZ0lYaXZpMUxtbEUzb29qN2pyOWNmaWdEN3MwRk4weVk?oc=5,2023-10-30 02:50:48
telecom,Telecommunications - Suria KLCC,https://news.google.com/rss/articles/CBMiqAFBVV95cUxONHQwX0dLeE9Sc0wzWUQ4QlJHM2V4ZVdtd0RYdmVfRzFkYmtuYjkxekxjanJpcVlBQ2dZY3VzTUFKaDRCNDJsSHlXOHFkb1djMTBHR2kyZ01ybDVvM0N6RFV2VWhRY3lqcnlHNHhDLVItYmFpdnRVWFVOcmxOb19rQmpCOGF2TDNRNE1oYzRENG5rQWRtR2FOUElCdGQ3MXllclpSTXpyXzE?oc=5,2022-11-21 18:58:01
telecom,Dynamic-Telecommunication Sdn Bhd – Delivering Excellence in Infrastructure - Dynamic-Telecommunication Sdn Bhd,https://news.google.com/rss/articles/CBMiPkFVX3lxTE1qeHRVOVpTcEt6b0gwTUpvVmJxRDhMME1aVmgwOUdINFQ4NFh2YTJVdjRCOFktS0FkdFB3NGx3?oc=5,2020-05-11 17:40:19
telecom,Connecting the World with Malaysia's Leading Wholesale Service Provider - TM Global,https://news.google.com/rss/articles/CBMitgFBVV95cUxNMWlmdzdPYkU3c2E0dE9sckd2aWdhWkRjX1dfR0o2a01FdFpvYlFSUGIzbzZqV29VTTdBLTFrUlVMZjdyOVY0bENraUxBZ1NsWG5fZ1Znd1ljeU1lZjYtd3cwaUhkRmpKNk5Bd0RDOG1nSzluRGMwRUFqZzFweTJLbjlDeW1KbFRhNXZLbEh2cmlzV3hFM1drYWpBSGNCZTg0WmpiZHYtWUNIaGNDUzRfc2VyOTVrdw?oc=5,2023-01-10 00:06:07
telecom,TERENGGANU TELECOMMUNICATIONS SDN. BHD. (TCOMM) - TERENGGANU TELECOMMUNICATIONS SDN BHD,https://news.google.com/rss/articles/CBMiM0FVX3lxTFBoX2pqRmNCOGRUN3hWd1llMHNlMlRaLUJhOUJYQmNZWW1xZktzZnQtS2U3OA?oc=5,2021-10-23 06:19:25
telecom,Clientele - Telecommunications & Media - Esente Advisory Sdn Bhd,https://news.google.com/rss/articles/CBMiX0FVX3lxTFB4TndIUklHSHFlUlR6Q2pHN2VObFQ1UUU3SWhvRnpSM0lmVVpnSWxzQ0NBMDRTeGI4cUF0TFNHeWE3WHJCeHEwMHRwSXg1b25MV2YwYlFfWDc0QW5XVFRn?oc=5,2023-04-23 20:49:42
telecom,China Telecom fully supports the 1st ever China Smart Industry Trade Exhibition - Persatuan Usahawan China Di Malaysia (PUCM),https://news.google.com/rss/articles/CBMiU0FVX3lxTE9TZWxwVWtxQlFRTVIwY3NFVDV4TE9SWkEzWDRpRnpwYTVDcXJYZVhla0NEUDNHaExZZmxUNWRnT0ZZUXJXOWdJeHl4SnlrT1hSX1lZ?oc=5,2023-08-02 15:44:21
telecom,Telco Network Services - OCK Group,https://news.google.com/rss/articles/CBMiWEFVX3lxTE1fNGNhdS1BVjJLWk5FZl9WSHJZMkFKYjVIOWxMYjA0QXlseVphR1FLbEhvS3FCcTFRTU0wcU5kdTJzdk12ZGFLdDFHWjJpQnF4QmtTY3hxVFI?oc=5,2023-03-18 17:17:53
telecom,Listing Category: Mobile & Telecommunication - CITTA Mall,https://news.google.com/rss/articles/CBMiigFBVV95cUxQaFZNWGhjQ2FFYlNRVnZjX3lZNXpOT1RZYXpjdDFnSzBMR3RJRTVjZGxGUXhOSGZSX2VvanZfdFB5OU1rS1VrY3FYdnF0dlI4NWVybmlVbk9fc2U5bWVZdG9MR0laMUZ5YXVuUzJkRFpIeW5FNFdDeExvcXdpLW1NajNMTEV4WDY0blE?oc=5,2024-02-08 11:29:08
telecom,TM collaborates with Malaysia telecommunications tower providers for access to tower sites facilities - Telekom Malaysia,https://news.google.com/rss/articles/CBMiiAFBVV95cUxQaEp5NVVKMVhmajJXd2pxTElKaEpoQUVYaUF3OVhoUHppdXc0QUVyS1R4Vi1qOHVndkNDaE1VY0g1V1pvRDVqU1FPM2t1VTJLZkRJLXQ0dE9zMUxsQVhJdllGbkZGZ1R2NlVoQWEyWkxSYXNjV3A2RGlBcVVOMlZxS1FabURlZXFp?oc=5,2024-05-11 08:35:31
telecom,Master of Electronic Engineering (Telecommunication System) - Universiti Teknikal Malaysia Melaka - UTeM,https://news.google.com/rss/articles/CBMiuAFBVV95cUxQMWxpUmZoSi03Q0s2ZFZXQzlhb040cl8wNFE0bDZKeUhtc1VSa2FSTElFUk83OWt3M3dhRjVyWkpkYzZHMnhhZS1HWHVoLXhDMU1kRUg0QUY0TFRWNVZXVGk5VkNaOXBkbjZweUNDWUVWdmpTV2FDX2pEQUhBcnpMNHpNY2UyNVFXQ2NadGMxNkZhZUg3U3BPTVctcm1LYklJM2lDYzlDUHNvNWV1UUViY2Y0Q01Hd2k0?oc=5,2023-11-30 12:12:53
telecom,What happened at Aries Telecoms? - Universiti Tenaga Nasional Library,https://news.google.com/rss/articles/CBMitAFBVV95cUxNNWRxTWtTUko4ZnZOaWdLRGI3UEhMekJ4MGF1U3VxNFZtOHBKQXdhMEVqUkxFLVNldkZmN09GR05qV0JZTXNuTU1iRzdVejJYVnBSWng3V3BWamtOV2hZRFppN0x5ZTRGZnJhbUtJXzZyYUJzYTE5MXJiZmphVzcwMUVaVFEzajZfZk5ZQjVmY2NTWEVzVl9WWVNtNnFhWWQwN2UxOXk3aXgycTFXT0xCbmsxRS0?oc=5,2022-07-04 07:00:00
telecom,Naza Communications and Everest Infrastructure Partners to develop telecommunications infrastructure in Malaysia - Naza Group of Companies,https://news.google.com/rss/articles/CBMizgFBVV95cUxPcHVuTWFTdlppTG84RVFpZGR0MXc1MDJIVmJMdVBNUW9WaTAwZ3FuVkFwemYtNkptcmdTLTRuWWJJNzZZOU0zUnhvSEp3OGIwZnFYZmtjWUkwZlJySFBVa1k4SExtXzEyS3hkalpqdWFXTlF6WWtGcVhNTzJXTTV1RjBNVGNwRHY0bU9iZkdoeFo1d1hUSUN5MjVXVmFYblFVSGVuX0VRVGdMTS1pWl9EYTltWWp2S0FtOHI2clAtdUNlbG1SeEVHQUdRWVlKQQ?oc=5,2022-10-27 07:00:00
telecom,Customer churn prediction using machine learning: A Malaysian telecommunication industry case study - MMU Institutional Repository,https://news.google.com/rss/articles/CBMiREFVX3lxTE1LUTlzQTJaN2lXLWhVdEdxQXdMT3lkOUQ1Sk9XYWF5amt5Vy1DMHdBM092NXJpdlZ5RjdQcVd4N1N6andj?oc=5,2024-08-28 07:00:00
telecom,Telecommunication OVERWEIGHT ↔ - Kenanga Investment Bank Berhad,https://news.google.com/rss/articles/CBMioAFBVV95cUxQN1J6MnlCbXV1QWVuVmJkZ0pzdFY2eWc0SEJGallXMEpRZ0l1T0ZocW53R0VZRkNjVjNlcDdiQ2tINTNkTHdVTFdFUzNsc3FxQXBPUm5ib2ZHYlJROUhTT0RLbGh2YVIyckdPWGUxX1RQZHllWms5dHc4UzNzdHlfV0daN1I5WHhKd3FIN1BZTFREQTdILWRTWXh3QjNDWFZJ?oc=5,2024-01-29 08:00:00
telecom,TELECOMMUNICATIONS - HSS Group,https://news.google.com/rss/articles/CBMiZkFVX3lxTE1vMkpJOE1LUmk3T0F2aVViXzlpenpOcWJsTmpBRkpDRXYwbTZ2ZUZNeFFpTUJiQ0VJUGhJeDAyR2dFZGI1MXFkMFFQVkg5elpJTl81Um00aWRXYmp3SmY5UGhOTF9pdw?oc=5,2021-08-09 04:10:41
telecom,Emerging Telecommunication Technology (ETT) - Universiti Tun Hussein Onn Malaysia,https://news.google.com/rss/articles/CBMigAFBVV95cUxPX1hlT1ZDdTB4anBYS0VuTkt3MWNKUmhSdS1BQUZidUdON3lVTVBKOEhxWnZBbTQ2T2liUGNwc2dIQXVxNU9jUEVUWW1fYk11SzFBTlcxOG8tSl9SSkZ4dlQ1NmN2SmJjNV9EOHl4M3Y2NFc5X1RiMjZqbE9IU2xaUQ?oc=5,2022-01-28 08:48:06
telecom,Baraka Telecoms Sdn Bhd Company Overview & Details - Maukerja,https://news.google.com/rss/articles/CBMiakFVX3lxTFBrQzM3elhjM1loRmlVSXZUSUtNRGRybkxRek5uVVdLQjJabmd5M0g0U05ROE8wUXVtSHJxMjdvZlc1RHNtdlQtYmp5eVRuVkF4emhhbk5hbXFFclpVQzEtb2l6dUhhLTRaR3c?oc=5,2024-06-20 14:23:37
downgrade,2Gbps | Time for Home - Time Internet,https://news.google.com/rss/articles/CBMiT0FVX3lxTE5xcVJGT3BILW5ucERDQ3hRVjdwY2JMY1RtYlF0Rzl2YTdTbFRPdGx4ZnR0a1FVLUlXcjA5UnE1SnVCT2c0T095OXlaUXNsNDA?oc=5,2022-10-07 00:10:30
downgrade,Policy Self-Service - Allianz Malaysia,https://news.google.com/rss/articles/CBMimgFBVV95cUxNdjJkMWpnczJxU1FROXo0VGxQWk9wRDlyT2RQRXhuc2F2b3ZkakZpU1BGR252OGdCQVBNZEswVklHa0VPZ0FnXzYyMWNJVHZwaC1BVDNGSFpRbGpoenZGLUxPSWZxcTRmbkUyMFdaaGswMzVqRzBfVjZHOEI3QkZEcGxVWERWWGpVME9DaXFPUFFfVjhxTG1tM2Z3?oc=5,2021-10-28 08:59:59
downgrade,Can I upgrade/ downgrade my plan within the coverage period? - Touch 'n Go eWallet Help Centre,https://news.google.com/rss/articles/CBMiwwFBVV95cUxNQ25DMmNyUVR1ZHhnQkxqYWxEeFVUdXE4ZEFxQ052dmI4M3F6Tm9UN3JPRXZ6MFQ2OFk3OEtUcEtSaEFZZEFUZmJacDhHUUdDQ19DNFY2MTJUR0xFTElMZDczVUlSWmw2Nk9zcEY4YmlmakxUVFpjcDBId0c1UjJ6THppN09VTjZ0cDRHR20wM05zSFZzQmJORERGYjUzc3VjVE5mM2Iza2JkdUNCaXRWcDlvSVY0YWkxLVJPZkJpUnh2RWc?oc=5,2024-08-06 07:00:00
downgrade,"RAM Ratings downgrades Country Garden to BBB3(s), places rating on Negative Rating Watch - ram.com.my",https://news.google.com/rss/articles/CBMiX0FVX3lxTE5hTHNIdGx3cDYtZERnclhUOGhqcXFhZkFiTGUxWmp4MWdzZGE1VU1PaTlyX19TZVJWS3BOcDl3NW1hZHE3ZnlpVGVlS0wwdm1CTlRGLXdITnlNaXNoa3Jn?oc=5,2023-08-11 07:00:00
downgrade,Medical Plan: Rates/Charges/Tabarru' Revision - AIA,https://news.google.com/rss/articles/CBMinAFBVV95cUxNcS04WW9HQUF0aGhVaUtIbmdlMklnYjBZam1WX2JFSnp0ODN3RThzVWtWT3V5RFN6cGFleW9YSG0teFlNa2JKRFhscEQzX3UwZWkwdTJ1bUZ5bE1tMU1mZ0xEOE50TWIzNFhscFc4dHFkT2dWVDZYZDdFTVZaRGF0X2UxMTc3MWtxWjBIVTNxTjc4VnpINWkyV1NTaS0?oc=5,2023-06-13 05:32:07
downgrade,Top Glove Corporation Berhad Downgrade to SELL - MIDF Malaysia,https://news.google.com/rss/articles/CBMiyAFBVV95cUxORU1WaFE5N1ZpQ0hpV0VvWG1CTlNWN1BReG15Z1QzSFdxVE40S2owY3NjNVNiR1ZfVUVJNkFEVEdRZGNEbjhybkR4Y01sRDBHSTI1TG5oaDVTdlAyWlhVU3R6UEZFNDFMc3BYYVM4UWhmNHMtQi0wVzRPWU1BN0wzY25BMUdGWjl2UjB4bi1xc2pyZjJlMFdYMUVYOVc0YVhVRnJKSDRjN2VSRzhKRXdCZGVuSU1XMzBFOTkyM0dVM0J3bDJ0bnN3Qg?oc=5,2024-06-20 07:00:00
downgrade,Datasonic Group Berhad Downgrade to NEUTRAL - MIDF Malaysia,https://news.google.com/rss/articles/CBMi0wFBVV95cUxPX1NTajR2TWtvOWd6a1dWMEUwZGxDVVR2LUpkMEJNZXlQUzNTY0pteHFpX1FIeGJsV0pwbE5DdmFuM04yVkN6NDMxamFwMmhlSTlGWm5Uc2ZLR3NSY3lJUmw1MXNRcVdTd2s2eS0tMm5QV3RhSHZCai1sLUF2LUZzVnJYdlpFQkdsZXFFWHJYQkMwUWFLYkJCLVNTTVVWWGs5TGdLTlFaZlhGem8wck9iNklMam51aHNQYUtJcnNKYUoxa21qWDRVZ3BPYVoxNTE2RVFj?oc=5,2023-09-01 07:00:00
downgrade,Upgrade / Downgrade Electricity - myTNB Portal,https://news.google.com/rss/articles/CBMiigFBVV95cUxQWkhrQ01LX1lYOWJQSXdFQ3BrS2VTM2lRa3VfcFUyZV9mM0FtV0JhX1MzRHpSTjlkd2VDUW92cHY1WjgyVGhtcWlidmFhQ19lZWZjYW1ueXVlS0tTSTVsVjNFZVVFY1NmWDJaOERaeS1MMkRqM2hQdXIyLTVFRzNLX0JNVW1HUXU4Qmc?oc=5,2019-11-20 21:35:02
downgrade,FAQ: Change or Upgrade Mobile Plans - Maxis,https://news.google.com/rss/articles/CBMihAFBVV95cUxNSUZDcmNGYnNveklZeVlTTXZFTUxRQmxieGVXVDYxX3BtbTJpVzBXbFdLQU9mRWZfaExDY3dOQ1BjRGVZNEhvM3hsZl8wcHdrVGJzUTZkV0VrU2FHZ1NxTy1Wck9GV0g2ODhuLUtDb3lBanhUZkl4bU0xemdvZFlIeFQwcnU?oc=5,2021-05-06 17:10:41
downgrade,Tan Chong Motor Holdings Berhad Downgrade to SELL - MIDF Malaysia,https://news.google.com/rss/articles/CBMivAFBVV95cUxOS3FjYUFDVmRNV2JaWWE5dklTWFNrYXFPcVNPOXNYOTBkZUJSYmR4dEs1M2dXamFlQ2ptbGFRaUlnblFITENERDZqY1hvSU9nNnNWeV9ndU5GTDhTbmUxbm1mMUJ0NERCUDdULUlZUXp5R3h5eGFsbExRQ254V3RZQ3ppNFAzbzNOcE10QlNhNHNJeGdUX2R3cGJZT2ZXYWY2WmE2NkJUQVFfeW41bWRWZ1FIVXNicWFFV0NqeQ?oc=5,2024-11-27 08:00:00
downgrade,Downgrade of MEX I Capital Sukuk - fsmone.com.my,https://news.google.com/rss/articles/CBMitgFBVV95cUxNZklUbzA1UDFvUnBXbFdsdTlkY2EtY3hGQWViY2toMG9qOEtULVhNTUFaTy1EVDF6ZXFYeU1KU09qREQ4R1F5bkhaYWhuY2RsMHJKX1k5MGxzM044M0tlUV9zbkNaWVV5T3FrUlBEWDUzdEdWelQ1WGdHVkl0cXlHZHFLS3ZTcFd3TlZiNkFIQTZPc0ZlcDhpYzNSLWgzUTNxSEZ6ZDcwV190OWJlNHBrdlpoZm1aQQ?oc=5,2021-03-19 07:00:00
downgrade,Pintaras Jaya Berhad Downgrade to NEUTRAL - MIDF Malaysia,https://news.google.com/rss/articles/CBMirAFBVV95cUxPS2RrY05BZEFPZFFVcDdVdk9zdExVNFV6YktYNTB1bFF3OXlVclQ0S3gzNGxpUTFzQkFMXzBIc2V0VWx2Nnc2MGVNQm5VT05yYnotcGpWc1N5Rl9hSkwzenZQeksxbURhTTE1blp5V1l1NVAtTDVpT05hcWt1R2paaTNheGZzcVgtQVExblliVi11Zm1WMWN4QnBFUFRZMzZZQm95WmNfOGswN2N1?oc=5,2024-02-23 08:00:00
downgrade,Padini Holdings Berhad Downgrade to Neutral - MIDF Malaysia,https://news.google.com/rss/articles/CBMiugFBVV95cUxOMThKbkZpRG0wZ3daQ2NsZFEzNF9ocHdtRzNCdHBmVk94OVF3VnljR2lZR1ZiU2JSdXhqeEo2Q2QzMWxVeExpTnI5ZHRDQkJ2WVRUTmpyS016QWs4Q2ZseHc4Z0NwZTNydUxWRUQyZ3l1Z1VWYTVERDVYbGZoSi1UM0t1UklKZ210dXJ5UjZ5cUlrNVpXRDVKQXpTLUd1ZWFXZVNjdE1xcWxfOG90OVJCaEhLX0hacjBDeHc?oc=5,2023-12-01 08:00:00
downgrade,Spritzer Berhad Downgrade to Neutral - MIDF Malaysia,https://news.google.com/rss/articles/CBMizAFBVV95cUxPTVVIX3FGSURPWl9QU2lyNEkwMkNmYUJkXzRQQmstY0VKYmhWX2dTVkEzYkZSV0VsZW53YUhpQl9wd3hiQmVEN1JJa0JwR0c3ODBlVXdZTW0xa0FvUkFzX1VwRzZWRFNXU01qZ3dRaDVTV2pUajZ3YXBkM2xJUG5RY0Z2S05ETWJfLURXUm1scmxOMm1Mc2NNMWlSMXY5NkJIRWdzLTAyYWx0WWl5dHZCRTFhMWVWR1k2OWZtOVQtLVR0QUphMS15NkRtQ2E?oc=5,2024-02-29 08:00:00
downgrade,How do I change OR cancel my subscription? - sooka,https://news.google.com/rss/articles/CBMingFBVV95cUxPX1p2TWRfelpNQ2FCUW5WZ01uTy1Wb2RIck9lV0NUY0FuRlBHR0N2YU9FSTlEelRpNnlTSlNSa0ZZZzRUandVUk1WcFVNN1dwdWxJYTNiMDMwQ2Y3UFoxMXZlNF95YnRPR0ttUFBBS1FmTF9BTGlTblkxYVl1WFpvYXRaSFhjYURtekVIT0taR1dFSmRsSERrdHlEYWNZZw?oc=5,2024-01-15 14:29:21
downgrade,Fitch’s downgrade won’t stifle efforts to revive economy in 2021 – Tengku Zafrul - Portal Rasmi Kementerian Kewangan,https://news.google.com/rss/articles/CBMizAFBVV95cUxNblRSek5NakJSQjVMc0pkYUt4SXZCU0lkUUhrekxRdG1SQkI2b1JUNVpVVHdFNUxvbmNNcTVCaVNxakYydmotMXo5VVhnVnVndlRsRDhwc05zUEREYXBORTRaMDUxZVoydFlJd2toenRUTXp2c0RUYzRNbUFwSENkWEVnbWhCYTd6VHM4NHUya2FGQ0NQNjB4enNWbVBPQVlQMXdqZGoxQ1NRSjFqczFSV3diRmM2Y2I2UW5FZUxwT0F4RExVNHlaM0xTVzc?oc=5,2020-12-15 08:00:00
downgrade,Affin Bank Berhad Downgrade to SELL - MIDF Malaysia,https://news.google.com/rss/articles/CBMixgFBVV95cUxQWmU0YTJQLWdwTndMV2NuMnZiWVp1U1VRcG01T1VnckQ4NEFGc0dCWUI3bXZKaGN4NHA5bXgxN3Zpc3RXVVdUdk13WncyLXhKeldJZEhLdHFYWU04OXNyN3JWdUhyell4UEVXLWM3ckJkQU5wcVpxNlpLcGw1dnZEbC1TZEVMR09aUlFoUEh6NWhna093cmZ1cjZFSFAyeTAwLVRHdmc3TUNIdnI1NlJwQ1hHeDhxWFdzcW1aYm9ka2tMNnNjeGc?oc=5,2023-11-20 08:00:00
downgrade,Can I upgrade or downgrade my Astro pack? - Astro One,https://news.google.com/rss/articles/CBMihAFBVV95cUxNc2FEclBvMWhlS2dMMVhMbUo5dkFhSFZYS1ZMQlJWUVlwR3VvajkzM3o0b1dtUzZUb053X1B0WHN5UkYyQ0FFWVI0S3RJYkNlUUswbkZzc0RHYkRtdGRoZldjLXhzWm9pVjdha2pNUHo0TkpNMEFwZDlYSUhxT1UyN25VWlE?oc=5,2021-08-25 06:36:13
downgrade,Moody’s hands France a surprise downgrade - thestar.com.my,https://news.google.com/rss/articles/CBMiowFBVV95cUxNS3cwWFhQWW41WnFRRE43cDM1UUpfd0x0T2Z4R3FHbjlETDBtVVk4akN2YjBMd1VFUEJtRlRmZ2RmOUwtNEZSdng1QVFDVzVoYkpyUDVqcFdidGRSdnJ1aFl3WGc1OUFLQzZraWR3cGJBOFZqZC1sUWwwSWp5cHZLYmsxNmdhQ2h3a1B2YVdGdDdjQUhMMTBDLXN6SFlmS3cta1dj?oc=5,2024-12-16 08:00:00
downgrade,"How to downgrade or cancel your iCloud+ plan on your iPhone, iPad, or iPod touch？ - Touch 'n Go eWallet Help Centre",https://news.google.com/rss/articles/CBMi3AFBVV95cUxPVnNuNG4zc1MyVmQ0NS1RdXY4cm9yRUE4LV9IcWJrdVp0T1ZxUUh6WmljcmZRQ3l1UXR4LW1BeDdrZHVaeTZnNEJYZFQwaFBSTnhWYUtzTVpkcWZaTkhXYmQ2RmNlUUZvdkRUQ0hwODZTVGk4cTNhSHl4NW9LXzRWODlBanBXYWpNNjBSdHdfd0Vnb1FJekxYd2xPRFFpVHcxMFQyemx3U1hxa2J4QVM4RHY0LVJDYU5NS0gyVnRyWWdBRXRWUjlXM2xuMzRHOU14eEhhTnZjaDVKbF8w?oc=5,2024-03-08 08:00:00
downgrade,Our view on WCT?s sukuk following the one-notch downgrade by MARC - fsmone.com.my,https://news.google.com/rss/articles/CBMizwFBVV95cUxQMTNVMnE3VWFXMmJtbjVDaXNESl9NYWtXMTFlZVZESWFMdHZBaWxNZWRBeWN5c2V3Mk55ZmcyVlNsS0lLT3g0ZTNWdTdjLUpZbUswWmZ1bnZQOURjTlZXUTNkbVIxUXVCaDIwUEdYSXJZc2ZHX2V3ZmZJZ1c3LWh1T3p3ck9pRUlOREljYlNPM3hEcVZQRDNTQzc4ajRIdE5Lclp1TVhsSUJVR2k5ZjBGT0xWalpCRXJiY0YxU0w3eFpDSk1KRXZzRWZkeEZqZHM?oc=5,2024-03-09 11:06:36
downgrade, - Touch 'n Go eWallet Help Centre,https://news.google.com/rss/articles/CBMi5wFBVV95cUxPMEJkS2RQV2tBSDkyWHlERTdPeDBiRHNNeEZnUlVwcVhOeURyODNpOXRvWmgwdzB5MncxMTRnWUkzZzgwd2xCUlBjX09WUTBERGZ4SDRuQWFBREphVGxBa00yQUhoUG1YT0k3QjloQXgxcGRpTVpjaWQ1S0d1V2NCZXZmOWtsazZUSzJiN1I5WGpPaldzdENhR0lreExnRmVDOTg3YThLMWVWRkRHM1dUWFY5M3VXdVo4V0ZDNnVPNi1pcFlybUZOMXJzM2d2cGtHVENKTmxWX0R6alFXN0xLZDZWajV4Nkk?oc=5,2024-01-16 16:55:50
downgrade,EXECUTIVE SUMMARY - Malaysian Aviation Commission,https://news.google.com/rss/articles/CBMiowFBVV95cUxOSklaeW9mTEd2a0o2b2M2aXFJT3lzbk90MUZmazBYbzJoeVNNSk0yekFZNHJMcm1UbmNiYkZfSnRaTkVUZV9qMEg3ZjNBZ1d3V0FWNFplRTZUT2x6a0x6dC1TSDhiZk5RTTAwTVA2MzM3c2I4em01U0I1YXhqaHRSSEpuMXgwUFB6OEE3S2c2OU9WNmhvNnpMZUlUYVFlTWxNeHBV?oc=5,2020-02-12 19:18:49
downgrade,RAM Ratings downgrades SPR Energy’s Senior Sukuk to BBB2/Negative - ram.com.my,https://news.google.com/rss/articles/CBMiX0FVX3lxTE1vNHpIVWVzTlJGUjIzWVVBaGNxeFRMV0RPbkRTM0RvcGJkNzV3NEU4T0VvVWpJcnFVcVNrc2JkYS1DWVVQTDlqV2djdzNLbDgzRnEzSk5WeG1pVlNQS09n?oc=5,2022-06-03 07:00:00
downgrade,Am I allowed to Upgrade or Downgrade my Plans? - Touch 'n Go eWallet Help Centre,https://news.google.com/rss/articles/CBMisgFBVV95cUxPSTdtU1VoUUZnODlNT0pvWlVVZUVvdWhFZG0tSnRyY09Ud1hWSUVqQm9KcURraWtuNjEwNDFqaXFzVktrcnczRy1zelFkMnVQZFg1TndFUnUtajZGODhxU1R3RHRKVjllRV80RVlrcFNLX3pIOXNYQ3lzQm14UVRwcnp3SW9NVGZKU0V6LW1jTkNEQzdORGozOEtqRlhSRlhKV2R6NXdURG93WmR0Qk9iOGZR?oc=5,2023-10-19 07:00:00
downgrade,Business Upgrade / Downgrade Electricity - myTNB Portal,https://news.google.com/rss/articles/CBMikgFBVV95cUxQR0RVQ3FGRE9pdi1TX2x1YzdZLVEtcjg5bWtqTS10UC1MVXQwNjY4TWc4b2ZIZXphOE9pUEpfaHFFYm92Zl9ITlZMZ3pLaFRISVNwQjR3ZkdoSHhwNWluTmVDelBfTGtseVprWFRrTUo4T210SERnYk1ENjhOemx3Z2dsUTR1dmxNSTYzT0l0bmgydw?oc=5,2019-11-22 21:15:11
downgrade,Are SingPost?s bonds still a buy after the recent credit downgrade? - fsmone.com.my,https://news.google.com/rss/articles/CBMi0gFBVV95cUxQbVdPbnZNNDNaS29XUzFadlZod25tOWxRNmNFUzkwVHpmRkFyTjJGVnI3S1BTTGVBTG1pLVE4RmhHZkN1Tkk0LWxvYkM4bWZMQjhIZzlIT2p4T0tuQzVLbGdWYmxNN1VaRTJjalhxRDVTZWVBTWFTTGlFZ2pKSEpBb0w2TmlyMHRTOEw3WWhZZ240OHVrSDBVaXctaGRrdzZ0TG1NZkxtcXN1NGFmc2F4NkFna2tiR3NweEpLcGlxRlZJNjF1Z2dpTGgtb09zR1VqZ1E?oc=5,2023-06-29 07:00:00
downgrade,"FREQUENTLY ASKED QUESTIONS (FAQ) FOR UNIFI HOME NO QUESTION ANSWER GETTING TO KNOW 1. What is unifi? ▪ unifi, a premier bra - unifi.com.my",https://news.google.com/rss/articles/CBMijAFBVV95cUxQalBya1UzcDk1MXZPVUVMUEh2SEJiLXB3bmxxTDZicVdycUJyRDFRMm5IdnJqdzdxdk5qSnpGbmRDRGJ2TS1wOXpJN1hsb3BiWmtyZXdCX1o3OHFzSF9xRk9uSFhpeUdVTm1xWkx5VVpUeFdieklXNmQzSDRSZmFTd05qUEZobjltTkdkaw?oc=5,2020-04-09 21:31:10
downgrade,Loyalty Terms & Conditions - Time Internet,https://news.google.com/rss/articles/CBMicEFVX3lxTE05MkNfWUI0STBITHR0VlBqNlU3UEp1Y010YVROOWg5eEp0a3Ztbjg4ZS10VUg1U1RhY05lYjVaNnowZ3dna1QxU0VDSHpNaEVBLXFaMFFsaDl0MUhJd1FuUnlReHdjQm5BT1JCQmoxSVk?oc=5,2021-07-30 06:59:05
downgrade,RAM Ratings downgrades Country Garden to B3; outlook negative - ram.com.my,https://news.google.com/rss/articles/CBMiX0FVX3lxTE5icmRFM29wZExycms3RlU3Q211RHQza2NMaWE2dGd5QlBuX1dnSXZaaGIzcklLOURNcnl3Q09lUkFTU2VHZzZKR0Rnb21Pcmswanh3MEtDeEpVWUFZTE9N?oc=5,2023-10-12 07:00:00
downgrade,Help & Support Center - Astro One,https://news.google.com/rss/articles/CBMi2AFBVV95cUxQQnhiMFMyZV8yRGMzV3dFYkdUZ2ZXYk9fMU1ENDdrNms1Sjh2a1llSkRIdzZPZ1VOMFZ5dVJsWWRJWE1rZmNlOTVfTjc3WWE0NTVBbFJfWk16YUZ5OWlHUEE3dThsa09PSkMtR0ZDLW8tNTBfQThVTVl1RUhXMmZ3bzJZLXpXb003QnFjZVJvcmM3MVJOeUtuM0RnZm94N2lqZ2FCRDdpaERuS1pMU2lsQm1mX0h2R0JJdW95NHNmal9xUk5ZWWZ5VG9HMDZ0WnBSZ0dVbVMtOTY?oc=5,2021-11-17 16:03:54
downgrade,Ta Ann Holdings Berhad Downgrade to NEUTRAL - MIDF Malaysia,https://news.google.com/rss/articles/CBMiwwFBVV95cUxNUFAxZEhabW5aTFFtU25QNDN5VEgwZVF4bjhhdjNIX1RnYnA3QXV2a0xkM2NPVWJ6R1N4SmNGSGh1VTBNaFBwemhhSmNZYVYzLWdIUnVyUk9HN1dad2kwTlB6REVyYnBQZVd5N05BYk1mbVk3NXFBTlRlSHpzb29NTGlTU1pWWDJzZkZYY1Q1VW9QQlZ2N204N0hIRXFDQ2xEMEdudklEQXl3WDU4cjd5V0V4a25mRUVzelJhc1BOUkowNUU?oc=5,2024-11-26 08:00:00
downgrade,MISC Berhad Downgrade to NEUTRAL - MIDF Malaysia,https://news.google.com/rss/articles/CBMipwFBVV95cUxPOF9LWjdQUzl4TEowd3EtSWJZaEc3aC1BX0RfbW16WlF4MXJuaW42UXN1S1dYalVsSUhTejhIQXZLa0RUT1F5N2s4ckR2eW1YTURObU8zUXkxd3B6ZXhhdG9pSUVzS2thS1FVQm5Pdm9ITEpYeWlWbGJPVUlxa1QyRGJrR1pVSUFVZGVLc2V6bG41VVdob1JTemFnaDRJTl9qNDZnZXllYw?oc=5,2022-07-18 21:56:08
downgrade,The Economic Impacts of Air Safety Rating Downgrade for Malaysia - Malaysian Journal of Economic Studies,https://news.google.com/rss/articles/CBMifEFVX3lxTE5qMWw4QWFucTNwUUtaX1RFRjUzR2ZaSzRQYTJqekpSQ3V4T0FPSTlOc1JidFNjb0tCMFM3VGFFN05fUFVZcEZnLTJHY2lnOTRnQUUtSWF0eVJNYzdaQ0JUdTZhS00zV3VINHNWUlZMOVh5NEZwZko2M0lDZG4?oc=5,2022-04-03 15:34:00
downgrade,Change Rate Plan - U Mobile,https://news.google.com/rss/articles/CBMiiwFBVV95cUxNZU1mOVRya2UzRENNWUU3b2ZVUWtkOWZiTWNxQnRvTEw1ZERQZDFiTmJjNFVOcGNXNTdKUFo1cUJiWGk0ejVjdkFENE1UaXJoendKanZyNGVEV2JvM3ZsLWNUTFlIUWdja21QdkdYVjF4Y1RvSEU4TWg0RTZrVGpfNlV3YmEyeWRzMHV3?oc=5,2021-11-10 16:52:56
downgrade,How to Downgrade Unifi Plan 2025 - LogMasuk.my,https://news.google.com/rss/articles/CBMiXEFVX3lxTE55aUlXNThZUDNKMm1zLVpvREVTU09rZ0JhSEpBczI5UER4MDBXQVdheUcwbkdqN2sxdFc1WmEzRWtsYUtvd0N3TlNVdHp4VVJVdVhRREpZcDBRV09Y?oc=5,2023-09-06 07:00:00
downgrade,Can I downgrade to an earlier Android version? - Sony Malaysia,https://news.google.com/rss/articles/CBMibkFVX3lxTFBYNGVFTjZVQV91cmJ0S3NsLVJYWWxCU1RZSXRXcHhTQ3Ewd2dEYVJ6UDR0Z2hGaTNWc0dES3gxaTJSTE1kaXdibk1uV0VfRXBCMUo3NUtDb0p1VXdDVmJoNTRkSWRWSldMYUc5RnB3?oc=5,2024-02-15 08:00:00
downgrade,"Can your Employer demote you? - Donovan & Ho, Advocates & Solicitors",https://news.google.com/rss/articles/CBMiXEFVX3lxTE1wNGR1X3h3UGFfMXlKOEdvbDNDUk9ER0VMcTFOa2Q5bG1mSGI4U2dLdFJIZ1hwMzZGSU9rX0JscmdrTlpyWC1vUVVTYUtmQWtmdXhFSDBmbksxUEcy?oc=5,2019-09-26 07:00:00
downgrade,The Employer’s Guide to Handling Employee Demotions and Salary Cuts in Malaysia - altHR,https://news.google.com/rss/articles/CBMihgFBVV95cUxQVEJjaXoyNE9GQ0xPUzlDeEQ2WVBHdVJ6NG9LUTE5YlJSSnFrVkNUWGhxcVVJWkRoVGtveVdjSGt5X0xPVmlzZnAzQkU2bm5BeVR1ZWJiQnREeFlOOFNtN3ZPakJiWHhiR2p0SDJ0dUROMVRMUmcydFo0VlpmUVgzbFhGVHJ6UQ?oc=5,2021-10-01 07:00:00
downgrade,Can I upgrade or downgrade my Astro pack? - Astro One,https://news.google.com/rss/articles/CBMijAFBVV95cUxQZzJDZFF6QkR5VVFpb1FoZVMtTjluYUhsaDVOalFqNDBMWWNEekdQbkhGM0FFNktnd3ZSWWl6aFRJOGtEc09YUlJJbXlEeXZEc1NWeWJvclVldnRMNE14dWNJa0NUckd5QUZBWnVuOVVCSUg3M2d3MjNFR2d5NjlEN3NNUGQycFhzYlhoNg?oc=5,2024-01-31 12:13:18
downgrade,"Arising from this revision, what are the options available to me? - Ask Prudential",https://news.google.com/rss/articles/CBMivgFBVV95cUxQcFlvc09VYWdRRlBoWHBkRllpVU9uLUgtX284MVVZZlBidnRiUktzNmFYMjd2TE9YeWNvbm1hbXVkOFFSNzd5MEN0WXAtVzNpdjR4MG56dDE3bnFNWXBCa2JQaW4xQ2VPSUV2ZjNiQWg4Tml5b1VBbm0xREl1VXFlZnR2UVZfUThLZnRUdHQ2ZTl5RmF4STdvcGNnZlZ5VWszd2ZvaU9BczJ2N1hDTDh0R0tzSWYtUFZMTHFDWkVn?oc=5,2020-08-18 03:54:47
downgrade,Padini Holdings Berhad Downgrade to NEUTRAL Disappointing Start - MIDF Malaysia,https://news.google.com/rss/articles/CBMiowFBVV95cUxPc053RWtjbU5pcUtFN0g5Wl9XZFlsbXRoYmhaQzJSTDY0dUxoMmplaFdJa2dlN29BLWxrSkhIUkNfcFJUd3NZS0ZTOE93bXhHdmJWeU5vTFlXOXFmUTBWZ2NlbUFYRzYzZDhScFhtM09wSXpkNnJrNXdwanFtdFI2WFlQa3VWTHJWeUVSMGlsU2d0c3dyZlJkVFBETW0zTGhQanBr?oc=5,2024-12-02 08:00:00
downgrade,MSM Malaysia Holdings Berhad Downgrade to NEUTRAL - MIDF Malaysia,https://news.google.com/rss/articles/CBMiugFBVV95cUxNNmpaRFNvTTM5Mjh6QzFMek8yakF0M05KSjFBelRWTWp5cHo5Ykh0X2Frb20yWnNLMU5QZUpVNnM2R0U4V0tKMW1fcFAtMElPdHV3MjhhTF9oQ3NKRUNzREpVN0Y4MmNpdXNwRXZyMnFKVFhvYTlFY19aNk42NzZPREFqVXBOUGNPTjhQRENPRWVoS01lXzloeHB4UWNqUHl3OEluTTVIS1AzUUlNWFdIUWdPUFc0SVZpa2c?oc=5,2024-08-23 07:00:00
downgrade,"RAM Ratings downgrades Menara ABS’s Tranche A Sukuk, revises outlook to negative - ram.com.my",https://news.google.com/rss/articles/CBMiX0FVX3lxTFBhb1gycEs1dFdwcW8wbkpBaUpqdlZqZkJPNHV2dG9oWEtGbkU0eDhBR0c2ZUllc1pqSlVpZDdYQ1llWTZoNG11N0lBd3FwRGZZbWFTdk03LXF6aVBrdGUw?oc=5,2021-07-28 07:00:00
downgrade,"State govt can downgrade hotel ratings if service not up to par, Melaka assembly told - thestar.com.my",https://news.google.com/rss/articles/CBMizwFBVV95cUxPY242eVBfVGxiMHdpRkRvdXh5cTZyV2FuZjVTcEhMUF9WbUpOdW1MRjRkVHduQVFONVlSNjJ6WlZrYzFhbHZ2bHRqMlQ1NWhIV0xsU3A4Qm4xc0J0THMtZWhIakptT0l0aV81U1pYdTVHa0s2aXVTYm82TkZCQ1NKbjRLS2ozekF1WFZIczkyUFhqclNpVFJuVktEUHJUUGNoMExxZ09zaXdWdS05akZVVHRLaEd2ZlJpS3FhcWdLbFk4c0Y0T29aSTBqbHE0c1E?oc=5,2023-08-01 07:00:00
downgrade,RAM Ratings downgrades AMMB Group’s ratings following 1MDB settlement - ram.com.my,https://news.google.com/rss/articles/CBMiX0FVX3lxTE1Wem45UWdHT0M5QmZlc3IwMGZOUC1HeGpRT2E5QXd0NS0zelJId1ZVUURjY0RGN2JvcWhzeTZhaDNSeG1Hak5HeWdVbmhER3pUVWUwcXIta19USDVDWWIw?oc=5,2021-03-05 08:00:00
downgrade,Malaysia Airlines says US codeshare deals may be hit by FAA country downgrade - NST Online,https://news.google.com/rss/articles/CBMitAFBVV95cUxOQmplUUJ1VEJTNllIaDVYUDB0S2JyWlktOG5keHNNZ192RDdTS1dKVE00cURIa2NNTU1MVF84YXF0M0dHUjJwbUJYaV9aWHU2M0hFLS1jMHgwcmJlVnZKLV9vb0o3T1J3bVZrMnVkYnhQc3V3RC05ZG1telNnMGFMdG1hc0V1RHpjZE1TdGtteFNaWlRBTG1ZcVBXRm9aYnNrLUVwVWt2SFdSVW9rTVpqeEJWRGI?oc=5,2019-11-12 08:00:00
downgrade,Fiscal and Political Concerns Fitch ratings has downgraded Malaysia's sovereign rating to BBB+ with a stable outlook from A-/Neg - AHAM Asset Management Berhad,https://news.google.com/rss/articles/CBMi5wFBVV95cUxONmhIVkFkbWI5Z25td2UyTGZRRUhMMl9pRFd4ZG1vV0N0ZzM3U3pnMXBOWUduS2xpQ1V4YXBqRGFvcERKekJoVm5iblNlRDRLYkpnUW9hSjNpbGdkTHpHUW5fQ09JNG5KWTEzdlpfSHgzaGNMSEpnVmNHMVNoczRicjMwY1F2Mk9HdEpDSWhVc09CRVExeXFqams5RUVjREhrOE1CZmdFUHp5SzZKdFBBMkZtRk1BUWJIcS16RU9Gbm5sbzBhS0hCbGpMSWNvdElzaU9femY2QjJTcGtPSXNQU2N0UXZDTFE?oc=5,2023-01-25 06:00:47
downgrade,MARC Ratings extends MARCWatch Negative on YNH’s rating - Malaysian Rating Corporation Berhad,https://news.google.com/rss/articles/CBMiogFBVV95cUxNUThORzNpa0s0ZzF1R0NodW45dXk2QVJXYUJVQkJtSVpTOGwzazd1VGpGNlJuSW1OWVQ3eS1PdXJubkJuUFlBZ095bmFDRnk3Q2RfbTlqcnEzM3NwTi1lZGhJVDI0MU11ZG52TkxqVEhrTEZTdjZZRW9Gb3U1NzZYSFJLdTd5VGZGUTJ1N0pNY0d4eVNjbjRfc2ZiVmdMMzhWbWc?oc=5,2024-04-08 09:47:24
downgrade,Overflight charge revision will help CAAM tackle downgrade - NST Online,https://news.google.com/rss/articles/CBMirAFBVV95cUxNYjJjS2FNWWt2NXRhM0lQWnJIUkZnaFQ5MlZQM1BHckdINnBvdk5PbzhRRTU4RVgyZF8ybmFITTFMVGJDRExnTGZRZjFQQ2FWdnZPMWVmRHU2cXJEUGV2X0lSekUycFFBRUtTRFNDX0JjcTBLb3pULWMyOFk1QXVzbmJVc3dGZ3NxaDJwUDJXOE5yT2RpcU9OTWdqa0FRRkxLaFJaSzBMUmpPWlVX0gGyAUFVX3lxTFBBZWN3c1owYVVDRHlaQ05PQnlGeG5FV0lXeGVMT2ZSbDJHcGtGQWdLQlJvYWdQVUJoRHFIMUxocHhHS1EwVEl2OUtmcXZqYy1vbzhvN0hHNHRtRklONU52Yk9ZeWlLbU13VXZPTld5N1E2OFpZV2lsNERZQWYxdVROYnZaOWkzSG9IZE1oMndKRWNhQlN2NDlTZmRRYm9NNlhJVXFncE55ZTlXVExGSS1GRXc?oc=5,2019-11-18 08:00:00
banking,Connect Scheduled Downtime - Hong Leong Bank,https://news.google.com/rss/articles/CBMimAFBVV95cUxNeDVFV200UTFZWXVyQ2hpbXhpZjk0cW5LcVBiLWM1TGg3R0FkNFRXams1RXJ5SFVWcUFLUlM2YnFISHd5YnE2aDViUVBqTS0yS20zZlZOVGJSMDRZZDdKU1ZTc2lONG5JdTVtZnhEVlVVS0xJY29GaDdjRE5CVzF3ZEZNd0tQYVpxTms4OEVtclJfZmNmN0t2NQ?oc=5,2019-02-20 09:08:33
banking,BizChannel@CIMB: One-Stop Digital Banking Solution for Your Business - CIMB Malaysia,https://news.google.com/rss/articles/CBMifkFVX3lxTE9QQ0x0ZUdKdXl4VjZsU3VRZ1BWOVlJaE1zMmMxSEw5MWJjT0ZiMkNUTWFNOERMNHVaNk5kdHV4NU0xeTdlVkFtUUxGS2k4ZDBlcGFoTjA1UC1IVG9UaThrV08zZzN5dlFTVTRWMlE0OVZ2YWtOd1VRS3JNSDU3UQ?oc=5,2024-12-20 23:35:07
banking,Customer Help Centre - CIMB Malaysia,https://news.google.com/rss/articles/CBMif0FVX3lxTFB4UFYwTUtScC1rQWUtNjlnam4tdnNURENDd1hnLVRtaXlwQ0RSNVhsNlVMeFRvS3BaSGpXZm1wRU45cTJOYTRZVkpwU0V5d21FV0h0ZzFSUTQ2TEZoNkM3UEVoSFd2OGlsNlJRNmF3YzNDVDlCcjJ4dEhWbjR2TFE?oc=5,2024-12-20 21:22:45
banking,Islamic Banking | BSN Malaysia - bsn.com.my,https://news.google.com/rss/articles/CBMiO0FVX3lxTE9FcHVqa0dqSWtKcl9IWEU1LVJWTjBEbmVXN0xsNWJjSWFZekwtTm5GVVNLVE1QODI0cFZV?oc=5,2020-12-14 16:28:22
banking,Security Tips - bsn.com.my,https://news.google.com/rss/articles/CBMiU0FVX3lxTE1vTWN0RHExRGVkUDgtSll3TjcyV1pWSG5VbWl4b1dLNHRsUVVOVmhuelpWeklpeFBoYXgzd2VFWFFoLXdaRmgtbU53WXFJd05oRnNn?oc=5,2020-12-14 23:26:51
banking,Online Banking and Mobile Banking App | HLB Connect - Hong Leong Bank,https://news.google.com/rss/articles/CBMia0FVX3lxTE1IeEJPemZnUUNFQ3BsbXBwd3RZNXFqZjNSN0dOSE45RnZDVklicXZCRmVXN2pBVzRndFB1TVQ4azFtWUozWExOaUJXel9XMUVVaV9CMndEVksyd0Z1d1FIdE4ydV9vUTJpNUxR?oc=5,2020-08-06 04:13:26
banking,Enter your ID number to continue. - Bank Islam Malaysia,https://news.google.com/rss/articles/CBMiS0FVX3lxTE5hSzRTQk02M0ZIS1JJM3lpaWxYZ2dqUmprYjBsZmszbU0yR0pPMmNmVW5pdlBuR1l0bEExQTlmMGhxcF9GTVBmcUdvUQ?oc=5,2023-02-12 23:42:57
banking,The MAE app lets you bank seamlessly and manage all your lifestyle needs. - Maybank2u,https://news.google.com/rss/articles/CBMiqgFBVV95cUxOWUV5U3dVMEZRTXpfcG1TcHVNZ1pOWmRka0pvX0xKcm5DM0lhMjh5QVRpbWpYcTB5U1U2d2cwczhla3JGVllZXzlSQVo3U09RWjZFZVh5WkFPLVozdFN1NUFDNG9DZFBFTnlrQldHMGpEUklKQklrMWd6ZXFhWjlVdDhvMVFlR1Q1em1tRTZTdnlYRW9ITTFTYUZWaW9kNjNROW5mcjdYZDlyQQ?oc=5,2020-10-08 04:07:18
banking,"OCBC Bank Malaysia - Personal Banking, Business Banking, Wealth Management - OCBC",https://news.google.com/rss/articles/CBMiTkFVX3lxTFBTX2xBTEVNSl9PSVN0bGxwQlVGVjN2Qy15Wi1JTlg4aHdIVUhCOUJ4Qi1xWHZBNUdxazNhU3R5cW1oM3NjVno1QkxPaEk3Zw?oc=5,2022-08-25 18:20:59
banking,UOB Malaysia | Financial Solutions for Every Need - UOB,https://news.google.com/rss/articles/CBMiU0FVX3lxTE9HbW45UGtpZi1LVEF4ZlhjR0J6WDRoTGNON2dRQjRNak15WDVESkNwbmE5M2FadDJaRkRzeGZDTC1qN2pxNjdQMzdYd19pMTFIMlN3?oc=5,2019-08-03 20:41:41
banking,Fully Online Account Opening - Seamless Bank Account Opening | CIMB Malaysia - CIMB Malaysia,https://news.google.com/rss/articles/CBMitgFBVV95cUxQMS01TXdpQ3JVZTlIcWx6NjJseFI5OVI0MDdjeXFSaFp4Q2xPSUlybThEajlMZ1RzRFpRV0dqOGhvSk9DM2hvZFZKdExzUThzMzRCcndQWW1iQjRlTWptMHl6cnUzTllEc1ZfQ3pYODNhUTlTb2hoZlVFYTNyaWJLbG1RRXd5NUExSGd5aFpoSUJEZHkta3Y1UHltZnlSVy1NcEdpc0txWnA5OXIxQ055aGsxWl9Rdw?oc=5,2023-10-10 22:30:14
banking,BSN Internet Banking - myBSN - bsn.com.my,https://news.google.com/rss/articles/CBMiXEFVX3lxTFBvaW1yVDJwWHZOWHk4ZHI2Snc4VFdGNkdVOFJUYk5XeTE5TWVrZnZyeVdFWXBWQm5SVWhCdzBTY1M0VjJMcTVyeVpTcmlEXzNtNjNVSWV4LThOWEhG?oc=5,2020-12-16 11:05:29
banking,FAQ | Help & Support | CIMB - CIMB Malaysia,https://news.google.com/rss/articles/CBMiaEFVX3lxTE05dkdyTGx4d2xjTHdDLTdKV3BSOWVpVl9xbDJOb1RXSFdLZk1EbWg0by1lZXJEVlMtVUJqTkp1VU1mTC1wZ1NqOFJoRWF2MV9IM0FaUEt1NzlEX01FajJHODNVSy1zUWRj?oc=5,2019-11-19 19:10:55
banking,Locate Us | Branches | CIMB - CIMB Malaysia,https://news.google.com/rss/articles/CBMicEFVX3lxTE1EcGJ3Wk0wZU1WNG5RcmpFU01qbV9qMDFqanNIS3phMG1ob1ZyNUUzNEV3S2ZKU2h4UUNXVmRiT2p5NXJNeUN0R3k3bVVySDVESEJzTFFkNjg4akczMDRmcUVvb0dFaTVJZ0xkOWZETTA?oc=5,2024-12-20 23:22:03
banking,Embrace simple and secure mobile banking for your business with the new Hong Leong ConnectFirst Mobile - Hong Leong Bank,https://news.google.com/rss/articles/CBMiigFBVV95cUxOLTlNcjJPaklGNk1SdjhFajVUZTlLczFmd1gzVHp5dGlhQjdBM2hsSzZONEJRQXRhQnh5SW54aGJ5VFVhV3Q4c19oMEQ0WWNYZl95QmVMYm5NeHIxVnk4ZVZ3OVZhTkswSHljd1YyOGthR2t2S0pGVXQ3b3pJcU5vczFVZklkVUctUmc?oc=5,2019-08-27 17:29:41
banking,CONTACT US - bsn.com.my,https://news.google.com/rss/articles/CBMiS0FVX3lxTE1kdmprNUJKRmZVT0lKNmlXQUR2YXZfVFYzSUtVbm02eUVXWnRkS0U0OU5Ma0p3SU05X3otd0tCWVo1UEZ6QUo1UDFhcw?oc=5,2020-12-14 23:48:06
banking,Terms and Conditions Governing Transaction Banking - OCBC,https://news.google.com/rss/articles/CBMi0AFBVV95cUxNd3dBZEc5ODNLNjJZOGU5QnFtNVZtVGZsWS1WNUhheEQxanJzV085N094TWJ6T3pCNUJEbXZPX3pNZHBBakZZcXhEajh4OWdmcnYtR1FFbzNZdVZoanp1MzJjdG5CclQ4eFBTLVBJRjMtbnMtVlBIdGhXd0lmcTVzVk9jMk5hdkt6bm5CbjgxbjljZ3E4MTRfQnhUSHdnbm5fZk9TNVRxaGJldlpqeUxoYUVXUTlxWU1YTHl5M2gtOE9NUVpfWUJqNmkyR0dnZldZ?oc=5,2021-05-23 11:18:00
banking,Connect Scheduled Maintenance - Hong Leong Bank,https://news.google.com/rss/articles/CBMinAFBVV95cUxPMkktRTRHS2JkRDl6QXU0QnV0aEw1SnprVHpJV0ktSUFTdFFNVlJSM0MxbG1jQjBuX2dIVEp1YUVGM0JWOHV6MTdkdHNoX3UzNkRRV0xwTXVkOHZEeWRsc1REMjN4cXZNTVJ2SDE4bGlWUy1lMV9WQW44ekZhMTZoYmhDSzJnai1hcTlHS3RDSFYtM2dUZUU5blFWYXA?oc=5,2019-10-10 03:35:19
banking,Forgot User ID or Password - CIMB Malaysia,https://news.google.com/rss/articles/CBMisAFBVV95cUxPck5MQzVDMTRycUJjdFozeWdMSkZxanlaZF9WT3VIOTJ4UjhYaTdkUEhqcGVuZTkwSzdTclI5RS1DbThzMGI3NmRRVmttRXRDcFBpSkVwTTdSVndSbkl4dTc2cGEtVE1Eb0lfd1kxc2FWRW1lT0V6eHN4X0pfN1c2cnc0VnFsU2J1ZGliUjNuZEJPdlAxUXFNeFRxSjRQeWxBQWhUd3NRd3g5VVJLRzhoZg?oc=5,2020-05-05 18:07:44
banking,Unlock financial flexibility with our banking partners through CashLoan​ - touchngo.com.my,https://news.google.com/rss/articles/CBMiWkFVX3lxTE1OWTY0aldJZjhwOXd0WWw5eXFqV1NfeXRSMEYxV1dEWk1QVEFsZjlDUy01dURfbVd0VzAtei05dE1GTmR1T3BaYXRSTHVkTU82TDh3c1dYd3dEdw?oc=5,2024-07-15 04:22:24
banking,Loans - Overview - OCBC,https://news.google.com/rss/articles/CBMiYEFVX3lxTE1BVGNERnUwUzVjbmhaOVVWU3RJWUFXc0hGdnZseGJYQmZ4dVdIUWJNNjE1ckdkYzI3MUZPbEhXTDBtX1Z0b3JTZnJhVzliVUFrVEU4WTNDQXNKelVmeG5tSg?oc=5,2022-11-17 19:23:05
banking,PaymentOption - Lembaga Hasil Dalam Negeri Malaysia,https://news.google.com/rss/articles/CBMia0FVX3lxTE1rWWYwZFJjYkFvbUUyckFhbUN4b0tRc2JmUUY0R3cxdmZfc19iSTc1dUs1UmtyenJ3WUJEcG94bHJLd1VMUTlfRlNsdGoySHF2OTNDWWlIQV9DUzExMFJhODRSeWRxN2RjTGhz?oc=5,2023-06-29 21:55:50
banking,Security - HSBC,https://news.google.com/rss/articles/CBMiSEFVX3lxTE9tSEVDWnVYc2Q5TkV5eVhrQ0ZVT1N6ZEdjZWt4Sno2YV9nWm1BdUF6Q1BUTnd2bWdTd0ZPUnF4Vk4wbl9WQVVuTQ?oc=5,2019-10-15 18:09:25
banking,Contact us online and offline | Help and Support - HSBC,https://news.google.com/rss/articles/CBMiR0FVX3lxTE5tWlRGZXMwaFdsazMxYWIxdDI4bmU0YWo3dUliZkdyS1lJZDM5aEZPUkl1WFhvYW1jSzVzVkZvRS11WmtpemdB?oc=5,2019-08-12 08:49:32
banking,Home - AEON Credit Service - myaeoncredit.com.my,https://news.google.com/rss/articles/CBMiQkFVX3lxTE1wMUlhYXJTbnZDcGIxazFnbjQxTDFOUDJwczc3YmtPbW1nS1BHUkIzTGp1NGFrVkdKX2dsSzQ5Tkhldw?oc=5,2024-03-25 15:56:04
banking,Malaysia’s Leading Cinema Online - GSC,https://news.google.com/rss/articles/CBMibEFVX3lxTFBUWko1cTFVV0QyaDRvemp1MFNqSWUtSXdfRXBWN3Q5bmFvdmxXeTJvVWJnaV9CUEUyaXNwQzhhVlB4b3M1N1JtRU0xcXk1ZDhmUEl6Um1UcTZMVjJldFdyQWlsUEVYdnh0M2ZQaw?oc=5,2023-11-15 03:06:48
profit,"MyKasih – ""Love My Neighbourhood"" - MyKasih",https://news.google.com/rss/articles/CBMiQEFVX3lxTE1saElBeVd0eDZSVWRRaUhJYmRFNjlkWUxIUTlVNmtiZnBQQmZZeU9iejFfMm5PQi1rQ2JvbkExQ0k?oc=5,2021-07-07 13:47:54
profit,Security Tips - bsn.com.my,https://news.google.com/rss/articles/CBMiU0FVX3lxTE1vTWN0RHExRGVkUDgtSll3TjcyV1pWSG5VbWl4b1dLNHRsUVVOVmhuelpWeklpeFBoYXgzd2VFWFFoLXdaRmgtbU53WXFJd05oRnNn?oc=5,2020-12-14 23:26:51
profit,BSN MYGOLD ACCOUNT-i - bsn.com.my,https://news.google.com/rss/articles/CBMiWkFVX3lxTFBCMnNFVlppa3RLc0I0cFpoOTlyTWM4LWZSTjJxUzJDbTU4Y0ozcXFNN0F2dE14bFotaFdkVThwS1RfTHpzUS11U1kzb1cyNnlKQWRVaUJaQmY5QQ?oc=5,2023-08-28 00:23:19
profit,AHAM Asset Management Berhad | Home - AHAM Asset Management Berhad,https://news.google.com/rss/articles/CBMiN0FVX3lxTE1JTFNxNktjLWtNYUxrRHNKZDdZMVo1d0lXNzk1cGRoT3pmWkN5djI2bzVvaDQxV1U?oc=5,2022-11-22 03:39:59
GE14,Here’s How You Can Know Everything Important About GE14 - xtra.com.my,https://news.google.com/rss/articles/CBMihgFBVV95cUxQQnZ2aE5oNmctWVVSQ2pMVUJuLWRDS0x0TjFiMzhRa3VwUTUyUXZBNFJxRnlTSU5RYm5pS1JFdS1OdW9TYWVUYi1HZ052QnJsT0RsTklNN09VV2dMZEZldnFuajg2VTJHMWFPdlY2NjA3bWEydG5qNFFIRFhRejNSZFFieTJJUQ?oc=5,2020-04-01 16:49:20
GE14,The End of UMNO? New and Expanded Post-GE14 Edition - Shopee Malaysia,https://news.google.com/rss/articles/CBMimwFBVV95cUxQZUt4ejJqWmpMMW5SQUg3UkVXUmVNSklzUmpUTTFoZjNOckg0a192TmQyQ0k2WVJMbmt1alhCZjg0MEtkOUVzVFB6aUtJR3YxY0FNVzgyc0ZENDdCTlY4bnE2WFJBdXl3Z0JCYzFRTlF5emc5c3FFVjJXSGZBVVgxSDNTa2xKQklpcVdwZW84TTZmaUtxRHRTSmNtaw?oc=5,2020-03-20 14:14:51
GE14,Remember what happened after GE14 - umno.org.my,https://news.google.com/rss/articles/CBMid0FVX3lxTE5vR2FCLV9jbWtJVnJWVm8ySEg3T0FmUm1tcUphZllJaUxKOU44SnBlNmxxdzZVQmdJNXRZaWwtQUw4S3o1U3BPY3pHR0thaFZiWTFBWllTYzhCTmJKcFV0TEhxQTdxTU1WT1c2UWt3V2FsSEs2YU9B?oc=5,2021-10-29 07:00:00
GE14,I don’t crack under pressure since GE14 defeat - umno.org.my,https://news.google.com/rss/articles/CBMihwFBVV95cUxOeU5hdWt2cWdpcUdobElYM0U2ajdPOVloNVBEMDljRmJzamgxTmoxTmdYZUZqdENRVllXN24wRkpoc0xVWGszc1pvQmtnWS1IeExpVDRKc0NLS1hNM01SNjNDbEZFZ01nTjZRTTZ4Wnp1Zk44RFpITV94Rm45UEdVWmF5QThMZVU?oc=5,2021-08-22 07:00:00
GE14,ANANTHA RAMAN Govindasamy LAI Yew Meng Universiti Malaysia Sabah GE14: THE URBAN VOTING PATTERN IN P172 KOTA KINABALU AND P186 S - - UKM Journal Article Repository,https://news.google.com/rss/articles/CBMiaEFVX3lxTE55WjZpLWlxd2xiY2dselhxNVd0aEVMSkhuSFhkV05yTVI4clV2WnlzakNLbU1IaHZvS0M1MmtIa0dMWkU1SHQzZHF0VkJiekJJa3ZvVTMyLU1xVWU3SExUeHRnMjZvUEZH?oc=5,2022-05-18 20:17:24
GE14,14th General Election Malaysia (GE14 / PRU14) - Melaka - The Star,https://news.google.com/rss/articles/CBMiXkFVX3lxTE9kRmV2VzlQWnVxbnYxWEk0WUhXS2d2TjFObXFiUmdMWHVTNTQ1eVR0ZGhUbUVkamd6Q2xWU0dyZGJ1cWFPeEFTNlFjcnJIYXlhTHNUVnlrSTFIeUN2SGc?oc=5,2022-11-15 06:20:54
GE14,Malaysia Baharu: Five Years On From GE14 - betweenthelines.my,https://news.google.com/rss/articles/CBMidkFVX3lxTE9KdFhUaEFwR1lJZDNyMWRvT1hqSU0wU0lnS2VrVE9OV1lwNXczVUdLdjA0Q0x1ZC00Y0pWa25weWlUZG5UTFVaMzZYN3NtNVF4Z3h3MWdTVVBwQko1UERpTkl5MGthR0JJMm1aUHUwSTdOOFo5YVE?oc=5,2023-05-10 07:00:00
GE14,Post GE14 Racial Politics - The Institute for Democracy and Economic Affairs | IDEAS,https://news.google.com/rss/articles/CBMiYEFVX3lxTE1hQ1RuV0E0dkVyNlIxTWNWQ2lqOHI4RFNhWmlJQm9vNWE2aUJuZjMzQjdBQUcxTGQ5Ri1YaE5RMi1Ca1VpM051UVh4allmSDNsQ0VFM2RXNUZQT1VVakplUA?oc=5,2022-09-16 07:00:00
GE14,14th General Election Malaysia (GE14 / PRU14) - Results Overview - The Star,https://news.google.com/rss/articles/CBMiXkFVX3lxTE1aeFE0cFVnZXZQS2JkalZCYWpJRUZfUFlTaXo2YktFUVgtTlpCejZNSjJUMFBkOG1MOTBoZDRyVTkxd2xhc2pPbDVSWEN0T1UtQlliNzNreUJHS3AzbkE?oc=5,2022-11-15 02:53:57
GE14,GE14 destroys all hopes – Zahid Hamidi - umno.org.my,https://news.google.com/rss/articles/CBMie0FVX3lxTFA2ekRPMmRGWWlMeGlTX1lTSmdqamZTeTdfdzR4VGNRSjZ0aEhaVFhSbTlrVmFINUhESnNTcGl3SUMyazVob1VacWlNX1A0MWViUnpQVWI5eDRTN28xY2REUnk1Nld0OE4zU1N3VVllYmhXNm1CdE9DSDRjNA?oc=5,2022-08-09 07:00:00
GE14,"Consulate General of Malaysia, Xian - kln.gov.my",https://news.google.com/rss/articles/CBMijgJBVV95cUxNZVM3TzhKa1piTHR0WlNndUkzQUwtc2t1N0gyLURJNWhuVHRLT2NfbDZIcTBrbGh3Q2d1cTUxdmN1RkQ0clkxV3Z3WE9ObFpNaTQxVEs0LXZtZDA2S1RuQ1pBcFp1MzMzSURYRWFack9Tb2ZYOUdjd0tJR3RBbzk1Y1RpUHZUS09lNzluMFd2S3dGYWdEWXpWbURSdHdtblpuR3JtdDVYcFY2VjhRblBjenZCN1otZ0hRSTdSN2FtcUV1S2VNVERIVTFMVTJOT1E1dWVHd0RfZ21PdDdHaUhIbjNfalU2RmdSaVVZZVhCclQweS0tRjhDYlhBenc2RzlxdXVOWUE2V2MtSWRMalE?oc=5,2024-12-27 01:08:50
GE14,GE14 media monitoring report now available - University of Nottingham Malaysia,https://news.google.com/rss/articles/CBMinwFBVV95cUxQREhCeFNNWmhNblp5QWcwekc1LWVmWjU4WS0weWROdmtrY3RFZTNxeFkxN2M1OUJoNThIc1FibWthbC1Ga0V4SHpxaGlXbXdxR2hVQXhzUGFNOHRmLUhCT2ZLTm1oeE8xbENJQ01DVld1XzZ6dTEtcGhQWHZtUDFCdWduMlN4MHh1bWk1MTYwU3ZoZEdwUEhua0dSREFscm8?oc=5,2020-09-25 07:00:00
GE14,GE14: Mission impossible for PAS - ILHAM Centre,https://news.google.com/rss/articles/CBMiZkFVX3lxTE14ejZlRXVmTVo4dmdPZnFWZjVaSW5ReEpPN211Slk0cVozamhPazBHSm90ZDFiUG9VUXNTaDA4UjF1NWZpTnVWdTFHZ0E2dHRlb3lHM3c1M0FoV2p2ZVJ0eU5hYVJDUQ?oc=5,2022-04-11 23:58:42
GE14,Malaysia GE15 / PRU15 & 6 States Elections - Results Overview - The Star,https://news.google.com/rss/articles/CBMiR0FVX3lxTE55T19nNWY2UmJaU3J6QVp3QkR1MVk4OVBkUzJWbWEzOXB5NmJ3bXVTeGF4czdGcHRORU1kZ1NJR2xIZGNRQUNF?oc=5,2023-08-12 07:00:00
GE14,"Najib already paid the price in GE14, lawyer argues - NST Online",https://news.google.com/rss/articles/CBMioAFBVV95cUxOVGl3Z1ZmM3doRHg4S1NteDEzNGhHeHdNM3BzT19Da0U3czBZNVIybm1WMk1kWks0VzFJUGNGMks0amk3R25ibVluUDlUMjY3cXpGV1QyUl9yY1psVVRpNXpoakJfeFBkUFZWd0hkYk1VdDFBX3VSbGhueXVKQ0U3cG9HV3NzeDNDQzNpN2s4bXZTRHFmZk53WjJNYjZ0a1Q10gGmAUFVX3lxTE43dWZHU1JLbjRBTDl5LWkyeHRONHFkTzNhdTdoY1VCOW40Y2k1OEVRRmZ3VlU3UE9seGo5amlTeHIwZXJuSVNmX1VGbnBHSUxrdnM1ZGRhbTVXQ1UtQWsyZGxnNjZqa09IdWVmdU1obk5FVklySlVrSjNhVzZicnhrbmc5dUhXY2dkdE9PVng1MmNTRzRncVRBYUtMUTVXcHg1a05Cc0E?oc=5,2021-04-12 07:00:00
GE14,GE14 | Malaysia's 14th General Election - NST Online,https://news.google.com/rss/articles/CBMiZkFVX3lxTE8zazBza1FWaGZSa0o3WWs1dXdMT3U2S1NmMXd2aVFBNDh6dWhac2xzM1BsMXp2UFFPVkp3bTBteDRPejlCMnQ2QkhTZFZUMXllam1Jb2RselYtcHROWVlRUmlOWEVkQQ?oc=5,2024-11-23 07:32:05
GE14,Regime Change in Malaysia: GE14 and The End of UMNO-BN'S 60-Year Rule - Shopee Malaysia,https://news.google.com/rss/articles/CBMiswFBVV95cUxQdnZmeXpLV2VtTTFkQnhPbTVhY1N0RTJZcmJXYUVxQ2RvR005QzBYVE5lcWxla0NTU3U4T2NkLTVTYU5KN2pVNldfcHFWeHdMeVBMME8tTDZQcG1qX1FSVTdESW5mVG4zQ0kwZF9CVG5DNXJKNnZhSTVXU0VIQWc1YlZCalJ2QzYzTG5hQ2VLNHFIV01kYVJKVnFreFd0T3F0TDdEZ3FGbk0wMk1MSkdERjJCSQ?oc=5,2020-05-25 05:28:38
GE14,"Post-GE14 cases driven by political vengeance, says PM - thestar.com.my",https://news.google.com/rss/articles/CBMipgFBVV95cUxQWGZnREJUSTJlVkZ3aUJsRFFkcEh4NlJPMnFOcE9KcnBEX3NsX1RsVU16NUZIMFNCbmV2RnNuSG5rYndxLVBMWmswV001YjNmSFBsdk9JV3U2cTE2QV9KZEZvaTR4Zlo2UUFXQmFIOExCTnRLWFluV2Q5UDZaU1lOblAybGJaZUk0MFY0YmJmUTF3b0RlU0Q5eS1mYm85RV9RS01vcTh3?oc=5,2024-12-22 08:00:00
GE14,EXPRESS HIJAB NO.1 DI MALAYSIA | TUDUNG | GISELLE - GE14 (DARK BLUE) - Qairahijab,https://news.google.com/rss/articles/CBMibEFVX3lxTE1XM2lxUnI3WnhwS3JXS0dnTFBRZWo3TUQ4eDhzZERBeTlaeDBaQ2k0RGdYc3dxaFFYaUZPTG83c0JOVXNJTVVWbVhvT1hfaVprWW9BVkZoN3VQZTY3TUdFeWp5SHZ3SkdwMkttZg?oc=5,2024-11-01 19:43:27
GE14,Social Media Analytics Using Sentiment and Content Analyses on the 2018 Malaysia's General Election. - eJournal UM,https://news.google.com/rss/articles/CBMiggFBVV95cUxNTGlFeFFoaE1zckRMQkREUjJ6dmxvQ3lOMGlwVWNRWkVFcnc0WUZnZTBmR3ZxT2pIenNGS3EyOGtfckNUR1FRamN2ZHkxNW1vazU3OE1QRHdsRktlNkEwY3BSNXUtXzRmN2EzelF2NFlwWUJoejBLLWloUWxYc21iWnBR?oc=5,2021-06-01 06:27:25
GE14,Expert: MA63 will be key campaign issue if by-election is held - mca.org.my,https://news.google.com/rss/articles/CBMikwFBVV95cUxPbGlQNmxNcy1nbzVraVcwWXBINDkzMlU0RmRHTlhoRDNGMFdQVlg4eEp4UFpDUUtnYWtLaE94aHdoaEF5RnExUDVVVWg1LVdDMGkyTHZlbEYyeEtQaHNTUGxZNmFxbGlvVnNsN0tFMnNYZTZpMTIzRU0tdklzaF9ZS3g4QV9pVkdSeVotUUx4ekMybDA?oc=5,2024-07-01 14:04:37
GE14,Malaysian Citation Centre - myjurnal.mohe.gov.my,https://news.google.com/rss/articles/CBMib0FVX3lxTE4wQnRLdWZJYkpvSjhZVnNnMVB2bzhoTmxXUXRJcUM4TUxlcW9fZnFnVWRNZUFJVTI4Yy1mb1pBNHh5d05pWnEyU2w2MVJYM3pUOUZWVXQzMGxjMnlJU2VzdkdhcW1ObzdVeTFYdkZCRQ?oc=5,2022-01-04 20:33:07
GE14,Reflections on 25 years: Can PKR realise its reform goals? | Sinar Daily - Sinar Daily,https://news.google.com/rss/articles/CBMiqgFBVV95cUxNZlhZMmgtY0xSLWwzWmtpYVV5dVBaOEU1aXgzd2gwaDBjYmZWX0NCam9QTmZERTV3cGtDM3FvYllnT3dHTkU2TFhYRXYwRHNzOTd0WmpTRV9nSGxfVkxJNkIyS0d3V2xQMXBicVE1a01JTnE3WWQ3SXhsbWlkeUwzb2gxdUFpWEFBMzdFcGtzU3NwNTd1Y013UGpTOUNvVXNoNDJvX1JzWnhKUdIBVkFVX3lxTE9zdEZFLWZzSDNmbGkxcFE2TGwzVzN4alhGRmh6WE01ZWpBMUtwUTluNl81aFcwa0twWnMtRWNaZjVuUkM5XzlsTW1ya3k2UmpGTFZnWVpB?oc=5,2024-04-19 07:00:00
GE14,RM6m bribe to Zahid was political donation for GE14: Datasonic deputy MD - EdgeProp.my,https://news.google.com/rss/articles/CBMipwFBVV95cUxNWnlKX0ZVenNpVXNpSnFaNUpiejBjbmdja3NDdl9PUEFuMGRCcjZ4NC1XZmhkbDM3MzlHUjZjRUNDNURTa0QzRWJyMWVKWVNld1NxRVNsYUN0dEd4X05vV2Z1a3FFenBOQmVIdlU2cDVWSkR4elNESEhlV1hFZVdMbWtHT2FKeVUwX0JzNDlVWG1hZjc4ZjMxOTgxRUhJNHFUOXBxallsWQ?oc=5,2020-02-19 08:00:00
GE14,Najib spells out consequences of delaying GE15 | Sinar Daily - Sinar Daily,https://news.google.com/rss/articles/CBMipAFBVV95cUxQd01aQkU4YXUzdWN0YmtHbWU2ejlNNDQxd1pqRGM0UGJSWU0yNDc2THZOUkQxaFktaDZucDd6d3FORkxBUHdmVm15QWtyNVVQcHdjZG0xamlEM1BQMWpJQ1lyVTlLcGxZSTQ4RGFBVURja1RjMkFrN3F2TlNSY3NxeS1MZGtZRE1aUHFSbFRzQkJmS2llTkZ0b2FkY045blMzQ0NsLdIBVkFVX3lxTE04Ynltakhkam1ab1VjRXJXbGZneVlPc2R6U2czLW5oS0l3d2I1aTdlVm9HUmxhdksyNFBpVWFvQ1NyTXN2ZGVsQ01fN2RQS2gzU2cweW1R?oc=5,2022-06-01 07:00:00
GE14,Spirit of GE14: Malaysian opposition alliance must enter ego-free zone for GE15 | Sinar Daily - Sinar Daily,https://news.google.com/rss/articles/CBMi0gFBVV95cUxQWjdINGlldllIMU1VVjI2MExuZWhmOGthMThieG9UX2lSTkltLWF1TUlLRUx4M25jaXNWNjFQUmVRV1N5V3dfWlRISjhvMEoxQ1AxZkNqVklKU0I2Q2hFTzdnZDVaSTZmd3o5NlhROXZmYUVCeTRqMkJlNzNaMkRPbEpWcDFtS2NkeThfMmp2LUNESDZpZ0c0cnJpSHRBaHY5NFQwR3lZY1lwUW1nNFRwMFAtajdDTndzMndZczJtMTZOQlZUUjU4RElCSS1CNlRhaUHSAVZBVV95cUxPNjUzUWUzR0c5d24yTHROanRxUzZsMU5PNjdBNDVNVlVjdTNHQmdsY3VDa0E5Vkw4d3hpN1lPcnJ0enZBbm5BTmNESmpKeDhTWEQwOTF4dw?oc=5,2022-09-05 07:00:00
GE14,NEW POLITICAL NORM IN MALAYSIA POST 14TH GENERAL ELECTION: AN ANALYSIS OF HOW THE LOSING PARTIES FORM A GOVERNMENT AND THE WINNING PARTIES BECOME THE OPPOSITION - myjms.mohe.gov.my,https://news.google.com/rss/articles/CBMibEFVX3lxTE1fb0FBLW94MTA1dS11ZU9YcXRmem9uRERLQk1NdFQ0d3E2SmRnNU9wdXItQUFoREVSV1dMZFU5RW40TGlNTlhvdm5lUW1JY0hpZ0VrRzVNYTFwbDk4NERPZ0NPVVNaZmxSbmtiVA?oc=5,2021-03-01 08:00:00
GE14,GE15: Unofficial results show MCA doing slightly better than GE14 [UPDATED] - NST Online,https://news.google.com/rss/articles/CBMiuwFBVV95cUxPUERuWWdlS05PYnRGWTAtNXhRaUxUeklqMDVOMFIwcEFOdk91Z1d1TlZlM3c5UlR6cVJHMHEydWRYdXVEQUZXd1M2NUI3UU1DSGZEZGFMdlZlbFdLUzNPZG92RTk0UlVUQ0xfdTRYZ1B0bmJHaGJiVUM4MVlyMWFoSTdWM2Z1OUJyT3pIQkNfbXlCdV9ycGlIZHotVm83ZkMzc0NSZFBkRFJnbG5ySWFrbnZWOHQyUk1YUXlR0gHAAUFVX3lxTE9fU1IxYmR0R2o3ZENGdkVsR1pZTHVBV2htdjRsR1hlcDQzS0RDSTBsTUpQdEg3a2d1V2ZiZXdNTElxdkF3d2Y2YnBsWi0tR2pIaXlSSXh6bzFFTEIxWlhjSzZiX2RkMDdaWURNb1ZDVTJzdnYtaWoxNF9Rdy1JY1N6ak5nc0JyZGZEM0xZRlZyUHRvNHZJZFVSX1NXYnRCeHpNN19UNFNoN3hlTjdYM29OeFdhdWpjRHpxOG1JZWRFcA?oc=5,2022-11-19 08:00:00
GE14,Malaysia: A New Hope (And Some Legal Issues That Came with It) - Malaysian Bar,https://news.google.com/rss/articles/CBMilwFBVV95cUxPeTdMVUpZSVRhMTNUOWM0TVdWbmgyRTFGYjhVY1QwTUltZ0RnRDUtczFRX3I4QUVHb3FZRVphM1B4MWdEeTl4UTFIbzNWOXB5dGU2VmhPNDZOc01INkwxOHRRMnpsYWVlY1BKZjlXZjNYdHNDQzBqRGRsQmVIWmZqU0R6WXNHa3U3VTdzdDY1T2NhR0J1djRr?oc=5,2019-08-14 19:54:50
GE14,Syed Sddiq used his money during GE14 campaign - NST Online,https://news.google.com/rss/articles/CBMipAFBVV95cUxNTU5oYS1FZFJ6MnAwcjJRZ3pTNFY0NzVtbk12R1FzcEdBM05vUHdrSWduOGF0ZTZWa2JEamlXbUpVREhhX3VPNEtBZFdhTkJVNGlEajFyZ3hXWW5pLUYxVGZScUF0bWtKbUFwUUtfcVlGZ2tzZVJ3U0VFcGNJcXJpNjdQT1Nxc3dGSVlhc3NleHhTM2J6ZGIwb01haGd6ZWVwQzF2Zw?oc=5,2023-03-13 07:00:00
instability,COVID-19 and Social Instability: An Evaluative Study with Special Reference to Maqasid al-Shari‘ah - IIUM Journal Publication,https://news.google.com/rss/articles/CBMihgFBVV95cUxOOGJxOTV1YmhtN3V4SENTVWVpbDlZUGdGbTJIVUdYeG1zRHdYd0RRVWQzRWhpbERSTWNpd0hJcU5vWGhPQU1Gd05SODdUV1JnMUd4cVVCaXlOd29za2hYUVdGNjFqZFdDOUhIcUtMY3pRekhkaFRxV0I3ZENTX0ZJdFdQcmxvZw?oc=5,2022-01-05 20:11:57
instability,A Modified Blatt Dorsal Capsulodesis in the Treatment of Dynamic Scapholunate Instability - UM Research Repository,https://news.google.com/rss/articles/CBMia0FVX3lxTE90aUdobDVqQW03OWxid25pU1lOVnlLbXY0NENybm9ZT1MxZ2YxUGg3VUZnaGgyWTJ3elB0RTJCbGxtUzN1anpSMGhhajhNWEpIRFZCY0VublBfdUlOMUdHaUJJUFU1Zm12dWNJ?oc=5,2022-11-13 16:37:39
instability,"TREND, GROWTH RATE AND INSTABILITY ANALYSIS OF PRODUCTION, PRODUCTIVITY, AREA AND SUPPLY OF POTATO IN KAVREPALANCHOK DISTRICT, N - FOOD AND AGRI ECONOMICS REVIEW – FAER",https://news.google.com/rss/articles/CBMiaEFVX3lxTE5PMDFlWmcwNnFPanA4TFlWcDZIRFcxQ2JRT3dWUjZ1MFlpTzAxWWd6QmlUMm9HVUNKV0NfRkdqZF9CZDNMa09SaVBheEtFYjVCc2VjMkUtdzlMNVU1NExtWW1vVHJ1R2NV?oc=5,2021-08-27 12:15:52
instability,Numerical simulation to assess floating instability of small passenger vehicle under sub-critical flow - Universiti Teknologi PETRONAS,https://news.google.com/rss/articles/CBMiUEFVX3lxTFBtVEVPMjFwS09HUW1qdDU2c2gtdml3c2pLaDlFTEw3MU9ab3JLbE1yZWdrN2l4OEVEOVpCY0Q2VHZQX25ycEtEVUtaaHpaRGlN?oc=5,2023-11-10 08:00:00
instability,"Petronas Gas impacted by geopolitical instability, inflation and ringgit in 2023 - NST Online",https://news.google.com/rss/articles/CBMiugFBVV95cUxPSTF0OTBaRlJ0MjFlZFFTd0ZsaGZXU0UtZ3hxcnVkaEFkMWt1a1NCVGFhYkp1cVdnc3BfVHBCWGhQTGpWRkdmdjhmN0dlVlROTlVDUGdnVTJxd3NuRnJRb0k0eUlTUGplT3hGT0tGc1NiZ0xNd3lhSC1WaGJyeUNCanBzekJQYXJaUWIxd2oyRmF1clZWWFQtRzFMeW5EcEFiZW05MlBpQUcxQllmR0ZHWW51MzZuc2psSmc?oc=5,2024-03-22 07:00:00
instability,Chronic Ankle Instability | Synapse Physiotherapy Near Me - Synapse Physiotherapy,https://news.google.com/rss/articles/CBMiY0FVX3lxTFBpOVcxeGJVNXF2R0I4VnFfUXBUczdxeHFTUkRRN20tcVYyQ1RlWHZSVENZRHFjNC1HU3FBaVZkam4yQzVBdVBMdUs4LVQxYW9za2JQZ05HckxXYTU1ck1wRlp0UQ?oc=5,2024-04-06 07:00:00
instability,Prominent Hardware Post Latarjet Mimicking Shoulder Instability Symptoms - Universiti Putra Malaysia,https://news.google.com/rss/articles/CBMie0FVX3lxTE1jVzdaSU5POHVaTURnd1ROTEVhTzlHVkJ2TlR2UXdHWHZGSUxOTkpKU3VRLVVpVHBBeWR1cmwtMDl0NEY1R3hfb0J5Q3VLb0xGbEFwZ1NvMmRyYnBlbUxGb29vWHFBRHQ5amg5VEp4MlhxeVVZMFROMUN2Zw?oc=5,2020-04-20 07:00:00
instability,The Influence of Boundary Roughness on Rayleigh-Taylor Instability at the Interface of Superposed Couple-Stress Fluids | Journal of Advanced Research in Fluid Mechanics and Thermal Sciences - Semarak Ilmu,https://news.google.com/rss/articles/CBMiwgFBVV95cUxOcGduU0dEZFlaM0NQQ1NheVFNSVpDbXdDZ1YzZEU5ZU56bWY5elF3LUVhbmtzanJMN0Q4TUdGMjQtSDVFXzZyQjMxaDN0SnVUUXlhd2JPSkdnOU9oOFlpb0RBWVBfb2F3b1J2Rk1xdHZuM0stZWxDYTROUHI0OUNaQUhrbTlLQW40UVo0Rm9tOVBQVUw1TzItbXBscmFQQkczdy1UZ1RkRGtsZy0tTjltUGt1V0c5NWhteF9yb3h2OW1Zdw?oc=5,2024-03-28 07:00:00
instability,Enhanced stability of cluster-based location service mechanism for urban vehicular ad hoc networks - UTM Open Science,https://news.google.com/rss/articles/CBMieEFVX3lxTE9TRnRKNkI4OVE3YWFXTWZGTUUzR093b1RGd2VpQ1NsaEVYUWJxcEJXZWZyTWE5cFJIdHdFaUljc19KY05iYkxNZkxwa3Mya2Zma0drVXNCNVktSDNKVjdGYjFiendCZ1VKUENJeTlVTGRQMjZUN0RsTA?oc=5,2024-08-14 22:57:07
instability,Turkey looks to end Kurdish PKK conflict as regional instability grows - thestar.com.my,https://news.google.com/rss/articles/CBMiuwFBVV95cUxNUnZGMl9YRFJWWlJoZUZVSjZUcjYwNVk4TmVDVzJ5LVFZYzRWZHdYdko1c0NJb2NTMWNHVERRb2FrMHBIemZpNUxJUGZlT1lqdi1rTTZiNVM3aEdwTzZZQUVlZExRc0s4S1RWT3ZHLUVMaTl6c2NKajFMOWdXX2ZEVVdRZ0Z1ODduX0xPUkJteVUzWFlLdVhvUHRqNnpvRXFsdFdDZU1zM3ZBM3FYMG5kYjV5MXR5SkNScExv?oc=5,2024-10-31 07:00:00
instability,"IIUM refutes claims of financial incapacity, instability - thestar.com.my",https://news.google.com/rss/articles/CBMiqAFBVV95cUxOdnhjLVR5YW50am5pb1o1U0YxeGgtaVkyZ2xyRTFtZGJmOUUtVVZwQXhjek55cG5FdVlLZHB1TW1DSTJRQUtsOEtTRnBtYWQxd2VhazZwWHM0RTdEVWhzU1c5dmNlYk5nMmNCSFdXYVJURDFDY21RTzhmZ2R3d2xjelJuQmludFpMajFWWXpuOWhNWTBtcmU3UkRoSG1qWTZrNkpER2RFU3c?oc=5,2024-07-06 07:00:00
instability,'Surging debt can lead to macroeconomic instability' - NST Online,https://news.google.com/rss/articles/CBMinwFBVV95cUxPSnRSRDJibUFZTmNibDktREY4aXRaYlJZcFloTVJZSTgyZVZHSUF1b0lMdE5vODMweEFLeW54ejM3VEFEZFRRU0k4YlZxQ0wxYThMTkloYVFoeTNUZUI1LTlCejE3QWlfSFlPSVRueUtMQ3d1dmV3MERMMzRGelhFMWpKeVZoVjlPRENkcFNUQTlXbTI2NmpveVlNb3ZrZmc?oc=5,2024-03-19 07:00:00
instability,"Documents Arnold, B. L., De La Motte, S., Linens, S., Ross, S. E. Ankle instability is associated with balance impairments: A me - IIUM Repository",https://news.google.com/rss/articles/CBMiqAFBVV95cUxQTWhtZVFOZHJFQmx1dHg3SDFkZGdTS1pTczdJUFpYSk5UX2gzZ3EyNk8xVVhlOGk3RV9XVUJjenc1WTRWRktkWDhhV3R2M1dzU0FpOHB3Qm1VTEtmX2NpQ3YwcUJlZThMRUVQdlVoRHUwLWdud01yQThiYnRPZzB6dDFXRjg5STFBOHNmWW5FUmJlLThrVkEya0lFbkRmU0F2SVcwVmJGTEQ?oc=5,2024-03-19 07:00:00
instability,Buckling characteristic of C-column / Mohd Najib Tugiman and Rusi Muhd Fakhruddin - UiTM Institutional Repository,https://news.google.com/rss/articles/CBMiUEFVX3lxTE81emZNM3k3c2R5LWFiVWpybmZfTlhWMVhsUmtRZnM3Z3VXcTVSWFRTUmxsTXJyNExQQ0RLRlV0cmtzZ0JRZEVudDJaWE1DV3FR?oc=5,2022-10-25 13:34:27
instability,"Warisan's plan to reinstate clause on CM appointment will trigger instability, says lawyer - thestar.com.my",https://news.google.com/rss/articles/CBMi2AFBVV95cUxOQjN4VTc3eEtzZWF0TGxFMDRQZDJJWHh3ekthQzFpV2sxQ3RCZjFWUFd4cmVvVm9ZbXhqVWd5NmI3eVBsSm0xUWZ1N0JYY1RJRDI4cmdIdXR3OWY5b2w3WFl3MG9za1B4RGNaY2FYT2hsN0xlSVdkRmpHV3dFZ2dKcVNBODZVU3pwOG54aXRycEdlXzZNYWZ4X1Zxd0tBZkZfY3ZGUU1zTXRONXFJTHg0YUxlQ0RMMENfQVc0UnNBUkFjYnpEWXBLd3ZyWVBBWlJfcVZxN3NtdDE?oc=5,2024-02-26 08:00:00
instability,'Greater clarity emerging for Malaysia under Anwar's leadership after years of political instability' - NST Online,https://news.google.com/rss/articles/CBMiuwFBVV95cUxNa0s3YktVN2lvUUFsM0FMN3pZYV9mX1Brc2h6eDNPZTFmdFM1Y2hPQmNMVWxqYUJkUDMtYWpUd0VibkJzQnZlclJObndQZHByMGhUcDd2cHZuSWZFV081RjBXQVdhMVd1NEV5VWxVT1FSNlpyNGRmNjRtbVp5YUJKMkpfWnlzdDdXWlY0c3VuTEE0Y3Vzc3RYUHJfQ0h3M19OZks2NF9OU19Ebm00U2x2VDBRelV3QVFZcjNr0gHAAUFVX3lxTE43a0VIdHpkUkk5cFpacUdhVWIwQTFHekxreFJVOWRFalVOQmoxMTFBeDlDWHZwVDF5SUJmdmVMeXhZLUNxYTJyTzIwcDRVTnBFNUdyWkJnd2RDX2pucTVxdzRMa1E2dHEwcWZZNFRpdV84ZjRGTlJ4UFU5VHB6ZmFrUFZ3elhHUVVONUFLME5xMURlMGNCQ2xvWWpfUXN0c21ELXNnWjZZTktxVHEwTC01aFAtSTVVdHRiLW42R1BVVQ?oc=5,2022-11-30 08:00:00
instability,German companies in Malaysia worry about geopolitical instability - Lumi News Malaysia,https://news.google.com/rss/articles/CBMiR0FVX3lxTE5jdnNqbnpaZW9KRnZzQlg1MDBvY3EtVkFMc2ZEOHlwYnRXc0dqVGF6YVlPX3huMW5kemdtY0xWek9vTVBoZnlJ?oc=5,2024-06-14 06:42:42
instability,Air Selangor to divert main pipes after soil instability detected near WCE - NST Online,https://news.google.com/rss/articles/CBMivgFBVV95cUxNTUlUMFFodGlRMV9HSlVfQjRvTldEWnNRdVRTYWhtVEpVc05xS1NndmE1Ykw0dnk3N0tva1dMZ01nM1ZsbWlyWDRHN0xPUVR6ZlFzbnNMWW9iRGlYMWlwWVpIQ1lscjM0TFU1UTlCVEp3c1g3dGI3WXVpM1FQS3JTdE1VUFM3SjFPeWpWdFNfblpwR05seFpqZ19iZjZlZER2ZW5ndWhaUkF1WmlWZE5qeXV0VXg5b3ZrQ1h3OE9R0gHDAUFVX3lxTFBCWDIzeDhneTdoaWRBbFRVbG01ckpaVEhObVBoZXNTdzRyZkFwcERUdlhlWWxUOEFYeG5iYndkUlBnamtXRWlCLVdsejFPX0ZvNnlMNlNMMGVwQVdzX1Y3c0JqcGczZDJRSnRWM1pra0ZhM1p1THdWVkU2X3VqYzBnaTctVy1HVEJUa0EwY2UxSkJiTi1LUkptanB4MUpGUk90V3AtZlE3TlA3MGVGbWhYWnp5clh4SVpTQmtSZnRlOXFlRQ?oc=5,2019-05-08 07:00:00
instability,Al-Qaeda Di Semenanjung Arab Dan Kesannya Kepada Ketidakstabilan Geopolitik Di Republik Yaman - eJournal UM,https://news.google.com/rss/articles/CBMia0FVX3lxTFB5WlhOZzFCYXlCQ2U2eTBfT2s4U3V0aWJSQjJKMmsxeGpQSFc2T0dXV3QwUjBuNUlMZUtuaVpsN3kyQmdvX3RxS2xIOWVodmJqMjcyanZiUVRrZEYwZUNtdUdDMXZraTZrYjhN?oc=5,2023-06-28 01:40:23
instability,Singapore PM warns of a dangerous world amid global instability and rising tensions - thestar.com.my,https://news.google.com/rss/articles/CBMi3wFBVV95cUxQQ0xNby1Oc210cFZ2X2ItWUVCZDFIWGpON2ZnSXdkaEJVbjV4ZC1qMmdjV08wUE1BMHI5OG11SlpxaXQ1Mno3NklnV3VIUndsSF90NnBDaGRXQk0wcnprbms3SU1CSUE5Ri1nM3NSSTNRakNUdGdNUXhOQ0gwZGphbkppU09UU25FdWVGXzgzSTJadk5lQXV1TU1jenRSS3U0Ump6YV9aNE9TNmxjUWRhRnRLaEtQSjF2Z1M3YVdRSWIwbkR1YnFqREE4OHV1ejVTUmw4YXpyMTREVWJQQjA4?oc=5,2024-11-24 08:00:00
instability,APPLICATION OF GEOMECHANICS IN IMPROVING BOREHOLE STABILITY DURING DRILLING - UTPedia,https://news.google.com/rss/articles/CBMib0FVX3lxTFBfY2ZyX0JBUzdIZHRtTWMtMjRub212bDFHM1p2a0Ztc0gxcmRPVzN1WWx5UGo0NEU4YzhDMllsOHJXTlYxd2FpVURvaDQ4UFEwZ0RLR2FrR3k3alJLTzlHeGFtcVdTZURvME1Kejd0WQ?oc=5,2022-02-16 00:46:30
instability,Back to the basics of Democracy: Returning the mandate to the people - mca.org.my,https://news.google.com/rss/articles/CBMijAFBVV95cUxPM3FyOHpuR2Y4QmVJckcxQkswM2hHQzN1dFFOd091eE9fTmw5R2I3b002MHJDYXRQT1IxU0had3B4ZjZ5bW9SWUZWVHlNT01IMkFYZEl5aVRMSV85RUZ1bXNhRFVyMGNZNXdkOUpqTFE2bHdmd2E4c0k0bmJxSGpOVjY2OTl0Yk1BSHp3cA?oc=5,2022-10-11 07:00:00
instability,"People are tired of political instability, says Jamaliah | Sinar Daily - Sinar Daily",https://news.google.com/rss/articles/CBMisAFBVV95cUxObURNUkMwWlMzNWt2WmVuSzZuZDJ0OTN1Rk9LVVplakg2ajdQVHFsTlE4dHBiWHhCWmVVa3hrNTY4SjNXakd5aGJBU01hY3djTmFmLU1UZmtFQTRhcW5KU284T25sYTVPZldIQ24yMk1aWXkxcnNzSXNsLVl6YjJON2F0M0dGUUlyNHRXYUt1a1dINjVuSHNlVXgxTGJGaVZNdTRxYkxYX1otWVdwWFhqY9IBVkFVX3lxTE9CSy0wemYxd053d0J6bWdnN1JPekMzWF9FYWcxZFpjbzZBZ3FleXhwYlR4MXVNTTg1eXpuZ3JyMU42bklCTDRQWFVpdWVjTzNDZ3V4Smtn?oc=5,2023-08-10 07:00:00
instability,Zahid as DPM to minimise the risk of instability but expect major backlash | Sinar Daily - Sinar Daily,https://news.google.com/rss/articles/CBMiygFBVV95cUxNVm5ZTmY4MkJzdVI1TWJSYl96ajZhM2w2NDVCMm1xNU5hTVFtbVYzNHdwRm9Vejl6TTJubFNUNU5pMEJqTHN3YTVyLWZDU0RBX3c4NlV2akZXdzNWc1ZDcl9leThrY2UxTXA5dXZFLU1GTElhZlEzMW9vYVUwemt3MTlWTE1xb2hnTW5GeXNQaThaNHdCbkRmSHY4dWkzTjhkem9qQW1ZSVI2eDJaSl80M3lfRldleFRnM2FiVWREMENKQXpzVVRIcUJR0gFWQVVfeXFMT3ltUUg1QU1iaTVGRDJyRk4tNV82YlVpMnk5TWY1RVdCVURROTNBU1RuczhMTEg4RDgtbU02Q3VFMkduMzhPQV8xaUpJal80enB1RFQwM0E?oc=5,2022-12-02 08:00:00
instability,Risk perception towards international travellers’ destination choice: A case of Sabah - fhtm.uitm.edu.my,https://news.google.com/rss/articles/CBMibkFVX3lxTFBWd2FRVEZDTVZMdVBWZzNSVmN3am15NlhmZnVfaENsUDJuLWFESGQwbkRDRDBJSmdabVJQQk1hSi1zeVA2a214ZDhTSVZKcEdGVHZaeXN4M25ZZHdIZjJmcldFZktiX2JyZGE2d0lR?oc=5,2020-03-16 10:47:43
instability,Prevalence of Geriatric Giants Among Older People in Kelantan Malaysia - Universiti Putra Malaysia,https://news.google.com/rss/articles/CBMiggFBVV95cUxOZklSV3ZtLXJjQlQzN3VNQVVLVlFpUW1sdVZvR2ZDR0RNQUZFWHIwdGhmWXFzVGEydFNBeW9LOVctQ09nNGg1bXpaUF93UVI1cV9VeDNsQXFQU2s5UVNGcU9NTC1ORzBrb2tNdVRNZ1gyNkRJTWl1dHB6S0R3LXlKeDdR?oc=5,2019-06-03 07:00:00
instability,Top 3 Body Pain Problems in Malaysia | Physiotherapy Ampang - Synapse Physiotherapy,https://news.google.com/rss/articles/CBMijgFBVV95cUxQSUN4czM3UXJQNnFYZGNWU1NhNjZyQzJpRnNuR01jc0hCVWtxRzVkT1NoX0hXeENFWm1pUEFlR2tZZmlmaTdaZVJ3QzV1bGduNXl1dEdNa05UMk4wQmhRS2hSLWEwWWVNTnBILVFOdHUxSks3SllRRDZ5WG9tMTdteUNQa0tKeHZRZ2YyRjhR?oc=5,2024-04-07 07:00:00
instability,Neta Facing Financial Instability - Piston.my,https://news.google.com/rss/articles/CBMidkFVX3lxTE4xaUV4MnRHVGRLNFdfQTVsOXdXYmw4eWEtbGw3WUpqd3c2X1FMTThWMU1QVHoxcVEzQkJEQVpFWEViYnZ0eVRXM3JxekpfZTMwUlNrejdjZXhhd2pXMFF1ODhmSGFjbGZCekM5d2U3S1lKU0FLM0E?oc=5,2024-11-12 08:00:00
instability,Irreparable Massive Rotator Cuff Tear in a Young Patient With Recurrent Anterior Shoulder Dislocation - Universiti Putra Malaysia,https://news.google.com/rss/articles/CBMie0FVX3lxTE9tZmpEZ3hSQktVdjZBdEIxN3pKVjQ3b2xXcjlTOTg1ZEJHQkVSR2F5VXlsZGpIei1jZzVOZXJLaXBrQzV3N3ZqVkxScTZMMWk5Wll4MlZpVERuaHVDOE5JQ280X1huU2RtRDRVMGJZYUxzWTNYQ282WUNZZw?oc=5,2020-09-08 07:00:00
cabinet,Safety Can Storage Cabinets - proguardsafety.my,https://news.google.com/rss/articles/CBMiuAFBVV95cUxNWWVMUlhRdEtuMVd5UWhRZDBYZTJNSENnYzlKWHhTOW1RWGwtVkt6SThSVlh5SUdBanlSY2RJRUdDYXZsbm5KYzdMSmJMenpKQS1hWGFTWmRYY0kydlhDamZjdGtKMERIeTBUQkVjQlVJT1JXWnZfSjZyRVVQX1YxajZCUDZISVdwTlJDajk1WTJtSDlDVDB2ZFRiY3JZX1JPamg1am5NUTFaa2lPYnphVm5tczlJY2Zo?oc=5,2019-05-06 19:20:08
cabinet,Tv Cabinet /Rak TV/5 Ft Tv Cabinet /ATTIC FURNITURE MODEL-196 5FT RATTAN TV CABINET - Shopee Malaysia,https://news.google.com/rss/articles/CBMixgFBVV95cUxPakdHX2QtT21lYWl1TGltT3dKSFlnanNLWkJOR1poQ0dLWXBVNU1FQTdMcTJDVEpLVWtOeWxIS1M2Q09tZmtwaF9vNHVfbHJKX0stamZIdU9zOUNhVzNxVkx2TDJ0aWFvVDdXcXFyd0M2MzcxaENFMkRyTnNfVzgwWVNDdTFieVBRQW9KRHlsV01Ha2FNVXZhQlZZZXJDTF8zUDZwX3VjUEVmNTV4QXRzREtxN29HZlVETkpaTnctV01UVHEyX2c?oc=5,2023-11-21 00:03:53
cabinet,Supra Aluminium Sdn Bhd - Supra Aluminium Sdn Bhd,https://news.google.com/rss/articles/CBMiSkFVX3lxTE9hV1NDbWRiNE05U0MtQ1Ywc0t5VU16bEdPMW01dlNzd0ZLWm9BbWlDX1d2cFJtMF9EWk4xMTJ2VTA2RXN4R0tLdjln?oc=5,2019-11-12 09:15:45
cabinet,Base Cabinet/Bottom Cabinet/Aluminum Kitchen Cabinet/Kitchen Cabinet/Kitchen Storage/Kitchen Organizer/Kabinet Dapur - Shopee Malaysia,https://news.google.com/rss/articles/CBMi9AFBVV95cUxNQ2t4M2F3R016M3lpQUpXdExjZmZxYzhabzNraFdsMmJLYWtRZnNxa0xZTGpMa2E5WEE2MVlWZFNCSDJVRjRvTjBYNzhOd3JER1VsdTdaYng3TF83djBmbXZCVTFfa1hkZnJ6MmJvT2N0a0pyMkxEYUJHakJDOFVvQzkzV1ZNdjlPdE5RdE9pQ0c1U19NVUk1V2lCenpYb2FYQkdrWnlYTjU4S1ZyQmZrY0F4Q2o3a0xEZ1F0WWJ4aTlKbGZ0MU9PMDk1NTVCRWp0YW5RcUcyeWo4T1VtWmFDZUI1SGhKcDBNU2stMC1DbU1hUnIz?oc=5,2022-05-14 03:37:13
cabinet,Kitchen Cabinet: 10 Tips On Choosing The Right One - properly.com.my,https://news.google.com/rss/articles/CBMiXEFVX3lxTFBZcVRJSTZtUTN2eG92Q1R2Q1ZNZ1d5alJlVEdwV0tvU2J4ZkQzNHIzbXo4UGVxaTM3clNlcENGNkl4dmpXWlJoR1VjNTFCelNZUDFhM3J2dVNkUm1R?oc=5,2022-08-11 18:44:35
cabinet,Hanging TV Cabinet (HTC003) - Shopee Malaysia,https://news.google.com/rss/articles/CBMifEFVX3lxTE9DLXoyNWNpSGZtelQ0UThEVVIxS0YtcEZWbjNSV3pxR0dITU9RcGJIYmhwRENWc1hOM1o4Mkx2SUxxQlBVXzVqM2FJcU80TU1GRFFRYTVYTlpyODZaa0NIOVFxb0FXc1hldVVoc0d4cFh2VmhiWk9IWFFyVmE?oc=5,2023-11-15 21:25:54
cabinet,5ft TV Cabinet with Doors my-com/TV Stand/Living Room Furniture/Rak Tv/Kabinet Tv/Almari Tv - Shopee Malaysia,https://news.google.com/rss/articles/CBMi1AFBVV95cUxOQmVGMk10ajd3d08wWG02dUdtTlhyNWtlaUxSZ3JyNWluS1Vnc3Z4OXlWRnNqX3NhU2pkUm1OZmhkYmJxeHBIWTFBcy1BVXA5UC1tblBiR3Nicldnc1l4UHl5aEtObFdQNWV1dU9RWFNOUDVERGMtMC03R3E1TWNTMjM0R1RYZUhLOUtadUowYlBPOVF2MUZOZndUa0FHcmpmckx2RHpZZUxLZWRNY1B5aE95Q1hDS2t0dWtZTm4yZFFsR2t2ODVOb3pia0d5NWJFRENmUA?oc=5,2024-11-16 18:02:25
cabinet,JoomDecor Will Increase the Storage Space With TV Cabinets - Atome,https://news.google.com/rss/articles/CBMijAFBVV95cUxQZHd1OV9CWlczT3ZmS2h1UTJxUTZGSW9KOVFFUVlWdkpYOXV1bG9ZMnBGM1IzSDV6bVI2UFpoZHY1SDBUdmtqQlFsanlxUGxPYnVlYm1ReENKQTZObng0QVhkaEN2Qjdsa2s0NGF4VDNrVmFldzZoWVZOcjJLejV6LTJ2NGtEdXNfWU9pWA?oc=5,2021-11-18 08:00:00
cabinet,Synergy House Causa 2 Door Display Cabinet with Glass and Led -Side storage -2 door Display cabinet - Shopee Malaysia,https://news.google.com/rss/articles/CBMi2wFBVV95cUxQQ09vQ3UyWV9BZk8xX0ZCZkdNQ0lWa0hCNXB3MWNidko4Yl9OQ2V1Z2hUYlB0bElSLWh3dnNZdDBmaEUxNzNVTmZ4NHEtWnEwSlRTQ3JhNlIyd0NxdmZwMm9sMFF6MF9wR3lsNVZDQ2t3VWxFWWxCNjVYaXhtSW1SUUlhcVJUbXNVTTZ3R0ZVUm1wWUtkNmhVUThLQklYeUVaTkZEV3lIeXQ4MlJ2N2o2NHhLcmRBcG4xMkFtZ0xVc2l6Y3NRZ2x0RTREeVFUa0p0Mmw2ZkliUkFwdjQ?oc=5,2024-05-04 18:55:45
cabinet,ORISS® - Kitchen Cabinet Design Specialist In JB & KL | Kabinet Dapur - Oriss Kitchen,https://news.google.com/rss/articles/CBMiPkFVX3lxTE1ySDlYV0dFRUdCUEY3dTNKQTNfcFFTSnBoZVpzZTdsVUxpcU5jNkNMQ0NkNzg1Q2I0UkxxWGl3?oc=5,2021-03-06 02:20:03
cabinet,TV CABINET/ Modern TV Cabinet/ Customized TV Cabinet/ TV Rack - Shopee Malaysia,https://news.google.com/rss/articles/CBMipwFBVV95cUxPT1h4d2lPYXRlNWczZW1yT0ZqWlFhZktRYjdMU1B0XzVqRDRqa3ViYTRkbWFVOGdvcW12cF84TTFSbXV4WHdISFJ1RDYyQ1NRcklNX3FQVXd6S2JGNDRSOElHbDRia2xHUFVYbDJ5NDJqcGRNMnpNdWFmY3JMWExXVk9mRzJmeGxCTDY1c1dIWkxzVGRJTmJhbk5zOHFIUGszMjBrX3ZYSQ?oc=5,2023-03-28 20:05:05
cabinet,Chemical Storage Cabinet - method.com.my,https://news.google.com/rss/articles/CBMiswFBVV95cUxNY3pQYndSWWFtNGx3a2E3LVNQUDJRR28xU1FLamRDVmxjNy1ZZjNZMFZxMTRzeVI3VF9ZbmUzbWdZQ1VSdnFGcjhadVRRTXFOY1FYQVV6WFlUZ05pa09nZjh4Q0tfRWQ4a2FLSUlpb1FPcjYxeVc1eDBBZTZnYjNIZXZfNHViUmFuN2doaW1ycG9wZURuaFJiWW9ObEktTDh0WXBMcVl4T2JLbDdMbGlTSEZfcw?oc=5,2019-03-20 17:57:28
cabinet,Qatella (5 layers 80cm) Carbon Steel Kitchen Storage Cabinet Multi-layer Organizer Rack Black Oven Shelf with Wheels - Shopee Malaysia,https://news.google.com/rss/articles/CBMi8gFBVV95cUxNbWRBYTRCZGtWVjF6ZnV3TjIySEduRVVqU3lULWdtdjBzcWxab052STl0OEtGcmhGUk1ZUjdWaFdZMFBRRVRSZHg0VExvTjNUaWlWbUptWTU2UEgyTl9kbUJ3VGhMN1d2TjVUUThqc29mVkxCZXVWaFJDS19WWVktLVBlckE2cXcwbE5YQUtwM2JabTgwbFFGck5LOVFyYVRGZWJqcWhmRTdPSTV2NFoxZWlzV0I0bmQxcl9wYTlFNzM2cWw5QWVFNUJKcFp4VmZWcUxIYlZtWVBpc2tmQTJaeFRETWdfa2l3SlFpOFFqWHdqUQ?oc=5,2023-04-21 08:59:57
cabinet,High Swinging Door Cabinet - 5 Tiers (FO-5WR) - Syarikat Kichong Office Equipment Sdn Bhd,https://news.google.com/rss/articles/CBMisAFBVV95cUxNTjFOQm1QQ0lmcXBleUpBMUwyeFdvalducEV1aklDTERQdmxaUmNNUlNJNEhlRUxzTHpzdzZZdEEtcGR6T0Nid0o0Mi02cGFLak9nVUZuemVvX0JZdmpsYWJVVVZXeGdEQnVtLVU5ZEpoeDV1ZXQxR0FpQi1RdE0xV1ZxNGstUm5pUWZYUWh0U081MDlURDRlSHNlTEp4Vzd1a3FwQllPQmdsT2FIa0pWOA?oc=5,2021-06-16 04:55:16
cabinet,Modern Design TV Cabinet (More Choice) - Shopee Malaysia,https://news.google.com/rss/articles/CBMijAFBVV95cUxNZFhxdGhPeWxTaGZvU2NBcHNvTjZIVDViRFRIaGxDWDRhLVkxZDNqc3RCV2J5eEV2aVFmSW5MVTNHZVBFTnhwOXdJOWdvbTNadmtFbWNvRVFFRHgxQ2k5WG1Vd2VMWVE0Z2paSzl3MnlGY1hya1ZRd0RmYTdqdmkzNTZQWEhBa1B3MF90Vw?oc=5,2024-11-11 20:36:35
cabinet,Tv Cabinet 6.5 ft with hanging Display cabinet and Upper Rack - Shopee Malaysia,https://news.google.com/rss/articles/CBMiqgFBVV95cUxOZ0N1Tk42eGY4aGxSZWVBcXdESFpfaGtHd1lvRGUybFRPNGZfV2o0ODIzRDBUb3BMcVdQYTNlT2drYWZWaVA5dmlhRkVMaUdXZmxWRlB3bVRsclI5SVVZbElJVzVRR3lSVVE1d3EtUlRWSS1vTTlMRUhWM2hWeUY3cVhDS1RQYXFRWFR1Q2F0YWNVaklBZm9BbG0zeGVGZ01KdmRmWnQ3ZUIzdw?oc=5,2020-10-09 01:48:02
cabinet,Kitchen Cabinet Specialist In KL & Selangor - Ba Li Kitchen Cabinet - Ba Li Kitchen Cabinet,https://news.google.com/rss/articles/CBMiSkFVX3lxTE42ZnlFTUJoa1ZXNUNuanpMLUNqZWd4Mk9VWUgtcmNjMTJPWmJzaHZfX2FmM2FNSHlDSFgyMS1PaGhEaVo2Nk1TdkhB?oc=5,2019-03-19 19:41:39
cabinet,PHOTO GALLERY : THE SPECIAL CABINET COMMITTEE ON NATIONAL GOVERNANCE (JKKTN) - Prime Minister's Office of Malaysia,https://news.google.com/rss/articles/CBMipwFBVV95cUxQVlNTeld5VUxRSkt3Tl9vV2trSi1lVEtERUVxUF9jYUF0clNHamZrUmZYbG1vc2FUSGdIMXpQVk5GUHhKbFU5ZUFsVV9hUUQ0Njd0WEZGWmxmdTdENTh4dGZ1azlQekxyZ0NNcWN4WFptcjFyX3JSbGZNZk10OTRSVmdiV25ESW5PNmNlSTVNSk9vSFJpSXNKMXktT2RSc3gyUENMM2szRQ?oc=5,2023-09-14 07:00:00
cabinet,Cabinet Archives - Recafi Furniture,https://news.google.com/rss/articles/CBMid0FVX3lxTE9maWdHQU1pb0pHcTh3QUFQOHhZb0puYzAwdHY4dVlkTUo4Sy1tdVRZTm4tclNOYVQ4WTZpTnliXzRlSVBYeTE4djI2ME94clpMQ09MZHFhM19KOV8zb25Fc1JjRUplNEZQRjhaWlVMc1pwQ1hld0tN?oc=5,2024-08-13 22:34:52
cabinet,Kitchen cabinet 15ft - Shopee Malaysia,https://news.google.com/rss/articles/CBMic0FVX3lxTE0tWFdXQ2RVY2JqNThNV3JXZlJ6YzNYSURTOVk5UUNuVm5BWE55WWd5eFhlUm1lX0FKRzhObjh3VVk3VUFma1hXS3BKT0cwbzR0bi1ZX09HX3hob05vVDh3U2RfbWJMc1ZodWFMa29qR3A1TXM?oc=5,2020-10-08 23:14:12
cabinet,Tv Cabinet /Solid Wood Tv Cabinet /ATTIC FURNITURE MG FULL SOLID TV CABINET - Shopee Malaysia,https://news.google.com/rss/articles/CBMiuwFBVV95cUxQVnA4Y0t6RTJ0cE92ekZaejZOQlBYTko2RkxTbDRJTktRQmx2SEZDZmpfM2xPR1FBcm5FS29IcmRfTnAxcnhtV09hdENMYUpKOGZSM083bDQyTFowWXd1NzJtYUhXRVdkczVmXzNEZlZER0Rkb1BITEpyb042S21UT09FQnNNVmhIeEtGVFRFbjR4cFB0TVhQbkc3TWNsUkQzV1VETnFVOHZ5ajkwNldxblFfQUViOEdreVNz?oc=5,2024-01-31 05:42:50
cabinet,Half Height Steel Cabinet c/w 1 Adjustable Shelf | Cabinet Office | Metal Cabinet | Cabinet Storage - Shopee Malaysia,https://news.google.com/rss/articles/CBMi1gFBVV95cUxPTFMyNlJNdzVKQVp0YWFDXzdLYUR2RWRDVXZhNS1sYk9tZUk0YjhtVGVVRHlYeTdiNmtfWXhrUHBpbnpIYU1FUDBqMGNSXzlMU3BSOXpEY3E3WWVlUWRZWUFRZklXbVpBNlZ5R0RTRVBPMGpGMXE5N1FTMWM3dFhJWmpYY18zSVg3S1BGazJYRmxEaXZDZFZnZnJYZHhubGdzS09BT1pKZmVwOFFkR3BLd2ZhVzBSLWNxVUVrVldjQ05Oelowak1LNHVtMG5VZ3ZWNWZwZmJB?oc=5,2023-11-19 18:59:31
cabinet,Milano Kitchen Cabinet - sephorakitchen.com.my,https://news.google.com/rss/articles/CBMihgFBVV95cUxNNGNYR3J1MkJ1MmpaMi1CQXZDc2YzdmxBVFZzRm5CN1RSRTNXRXhVa1JNREdlYThxWUp0MkhrQW5EaFo2b3YzMGhNMTQzX2oxWV9VRGlWZFU3ZkZWMVN3a1BOVC1LWXRDeWJIZFJBNl9MYUtBd2lYejBpbkpuM1lKVVI4cmwyZw?oc=5,2022-11-18 22:37:17
cabinet,Biosafety Cabinet Class II Type A2 EN Certified - method.com.my,https://news.google.com/rss/articles/CBMixgFBVV95cUxOaWVVNkF1ZkY4N24tSmFSYjEyRmJ6Ykh3eWZDZm1TZUR2NjRzdE9RWnEyUktuZWNUMHpGSEtsTE52NjFSVnQ4a3dfZm1Da2FmVnBfVndGVEM5T0twMS1jTFZLYnVfS28xYWlhbERtRkszR1BrcVctcGdzLWsySEN3R1FfWkV2VTdJYzZxaVVLandIamJkd1RFWmE3UHJzOFBZUmxlRFpfWTB5OWZHZHBMaUVxYW9uNDQxQnVsY2FfZFRlVlA1amc?oc=5,2022-05-27 01:55:47
emergency,Contact us online and offline | Help and Support - HSBC,https://news.google.com/rss/articles/CBMiR0FVX3lxTE5tWlRGZXMwaFdsazMxYWIxdDI4bmU0YWo3dUliZkdyS1lJZDM5aEZPUkl1WFhvYW1jSzVzVkZvRS11WmtpemdB?oc=5,2019-08-12 08:49:32
emergency,ESCAPE Penang - ESCAPE Penang,https://news.google.com/rss/articles/CBMiPEFVX3lxTE9vUC1SRHZOWlNIR3o4SGhOX05CdERraWpMeVlSM0xPc05WOEI0Vk5wVkZrVWZkQW9ITE5tYQ?oc=5,2020-11-03 10:04:36
emergency,Honda Civic - Honda Malaysia,https://news.google.com/rss/articles/CBMiTEFVX3lxTFB0VHVYdFQzR29kblludk5JbWhYaEhIREZGMFJlZU90VS1GendVVmlwbWtIUUVNZ2lHZ3AtT2NSZnJhT2RpM2tQa25zdUI?oc=5,2020-05-19 04:26:02
emergency,Security Tips - bsn.com.my,https://news.google.com/rss/articles/CBMiU0FVX3lxTE1vTWN0RHExRGVkUDgtSll3TjcyV1pWSG5VbWl4b1dLNHRsUVVOVmhuelpWeklpeFBoYXgzd2VFWFFoLXdaRmgtbU53WXFJd05oRnNn?oc=5,2020-12-14 23:26:51
emergency,My Bayar PDRM - MyBayar PDRM,https://news.google.com/rss/articles/CBMiQ0FVX3lxTE1rUHlQX19HUmc1SEVNRVFWcy1hTEk5d0oybW11X2NvNmJ0QkhQejRlU3dTcE85M0ZhSDlUY1NlYVp0RnM?oc=5,2021-03-25 02:08:33
emergency,EPF Malaysia - Safeguard Members' Retirement Savings - kwsp.gov.my,https://news.google.com/rss/articles/CBMiQEFVX3lxTE5DLTR6RlBNRk1NNGdCYUZ1T0dLc21BRW42QWNPUGQ3ZV9mbTA1R1luQUxjaEVvTHdOaGNmZTdCby0?oc=5,2019-05-26 04:08:41
emergency,Laman Web Rasmi Hospital Kuala Lumpur - Portal Rasmi Kementerian Kesihatan Malaysia,https://news.google.com/rss/articles/CBMiO0FVX3lxTFBkYnYyYmh3QTZWSzRJM0VlcTBEZEJvVUZWX2MzeVJCWjNxMGkzMm1MQ3AyYXVzcFRTMTRB?oc=5,2024-04-27 03:48:53
emergency,Formulari Ubat KKM (FUKKM) - Portal Rasmi Kementerian Kesihatan Malaysia,https://news.google.com/rss/articles/CBMiU0FVX3lxTFByNW90dE9IUTRCcGk4RWV6OEJrSDRtRHoyenl2QVQ5NmhESWNab0ljRTNlN1FfS3h1a05uSGUyRXdGT1daa0pfZ2F0SVRqQXc1T2xN?oc=5,2023-10-13 14:18:11
emergency,HOME | DIVISION OF ADMISSION AND DIVISION OF ACADEMIC GOVERNANCE - Universiti Putra Malaysia,https://news.google.com/rss/articles/CBMiQkFVX3lxTE9hQ3VxVl9tbV9MNW9jSG9nRmcxMHE5a1JMdDA1ZlZNMnp3Qk1jTWNVVHVXS0s3VnB6VFdMUTE4bVBFZw?oc=5,2019-08-05 05:07:50
emergency,Mega Cineplex | Perai | Riverfront - Mega Cineplex | Perai,https://news.google.com/rss/articles/CBMiR0FVX3lxTE1wTHNYSnQzUW5fWHl0a0pXUjJsc3B5ZjRFV1VpYmdCbXJhSHRSNTB3dmN4VjFGR3BYWV9PNmgxWTZ3SjloM2hB?oc=5,2021-03-15 01:19:38
emergency,Emergency Shower & Eyewash - method.com.my,https://news.google.com/rss/articles/CBMizAFBVV95cUxPUTEzMVd0UjBFY3lCLXVIbmNBZW01NWNBWFY5TFRIOVFrR0NKak04N25hWmhSUkFhODh4bDMtTk5mZGt4ZkRRU2RfOFplOTIzUWNjQ2tsLTdCUFA0OUt1MFBvQzd0N3FtR2NBdVI4T0tfd0trdHEwXzNvRUUyNElmYWpIMmpKOXczVFlFSy1xcmtMYnV4QlZLOWJseE40ZkxCRk9RYkVnbC1zaHBtT1JKV21FX0plOWl2MVQtNm1UTnVEOXNzeHpMaWQ5a1M?oc=5,2024-11-12 08:00:13
emergency,MMJD 1143 EMERGENCY RESPONSE PLANNING AND COMMUNICATION - Malaysia Japan International Institute of Technology |,https://news.google.com/rss/articles/CBMiTEFVX3lxTE5SNlpXN1NlSy1OTFNGNUl5eW02OHpxc1F5azZBeVQ3dFJLYW9yR2IyMkZSOUpaQTdZZC1rQXBHUWZKbXRZNm9WNmV4LWo?oc=5,2019-12-13 01:38:26
emergency,8 must-have items in the house in case of emergencies - iProperty,https://news.google.com/rss/articles/CBMifkFVX3lxTE5PU2pCaGE3YjRBd0RCQ2E5MFBxYTBibndSa0tNdnQ4V0JZbERVaVVkOTFvbkl4b0VtT3Ixb0hZVlZCajNwMnBfOWZBTVU3amFvR2FrcEZPRWQ5cUtUVU9WcUxmMTUzbDk4TEY4cUhvSlhUSGpIWjNvS1hCaHJPUQ?oc=5,2020-04-20 07:00:00
emergency,"APPLICATION FOR EMERGENCY CERTIFICATE - Other Information - Consulate General of Malaysia, Guangzhou - kln.gov.my",https://news.google.com/rss/articles/CBMi4wFBVV95cUxQWmJlZVREbDBNOGk1ellFQVRTc3pjcUlEa21oTVBuV3RDYS1HcmxtVzlsVVhTYklDOVlXRmZXem0xQ0Y0eGdNTzExLU50cUd1dVVCZWJBRnN3b2FnX1BUTWJTZUtmMHFHZWlLWkhlaWh5WUZwVVpRWkNwOVd3NTJOdnN6cHgxR2lMR1lwTkQ4NHprWk5XcThudHlfTlkyUTdMZHFLRVdBX09MckltZVpHc09yUG5sQWFQY1FyOW5yYXJJWTdIbnZTQW8tSkFoam5KWEZPcnJTOXNZWWR0MWhUVzVVVQ?oc=5,2021-11-12 02:32:34
emergency,Locking/unlocking the vehicle with the emergency key | GLB SUV September 2020 X247 MBUX | Owner's Manual - Mercedes-Benz | Malaysia,https://news.google.com/rss/articles/CBMi5wFBVV95cUxQaHhtY0V2X0Y1U0tWdnhXY2hWUHREVHNrSXFydDhOMm5neE1uUEVzdHgzUGxsRmZ6V0xGdDdDMENpVF9FemxqNHhMN1ZwRWRLdnl0QTMzcHp2Z0xablN2dmsxNWpRajFzcG1KM1FZT1lfRGZEMjFqRUNMSzNWQVh4YjNFTEluVlZaM0FfUk9DU2VTUldubU1XaHlXRjFBYUZjeTcya2p5clRmcWc4cDZiMzdqcEtLLXFsTzFBMktjNGczTmoxLURQbS15NXNBakdITkh2QVVPUGItRURTS184WWFub3p0UTQ?oc=5,2024-09-08 00:54:34
emergency,VITALITE LED EMERGENCY LIGHT ROUND SURFACE TYPE - VELR 135/S - E S L Lighting (M) Sdn Bhd,https://news.google.com/rss/articles/CBMiywFBVV95cUxNM245aEs3NHd0U0lVVUI3ZG5GQ2RCZnZ3ajFJbHRrVmFSLUVZLXZFWjY0S08xcWdHbTh2NHdMUjV4NlRyX3NDanNqOHAzZUpuVjdnX0w1eEwzTVc4aWpYaTYwZ3dzYnZ6a0s1TXpMb1g5Nms5NzR6Skk0UloyakRxMktKZ0o5VU1ITnBQUmZONE5UZTNTS19vTnFFampKSDFMVkZvX1U0dElYNU1OZmNia29zalZpd2NtZ2xMMzh2a0J3ejREZnRDN1VxSQ?oc=5,2023-09-18 16:32:19
emergency,"3M™ Scott™ ELSA Emergency Life Support Apparatus 2009419, 15 min, Standard Bag, Empty - 3M Malaysia",https://news.google.com/rss/articles/CBMiWkFVX3lxTE1ZRVlCVnNBSFIyaEdZTXFoWkpSaHdfbmpENW1PS1FNVFpEa1hQRWMyZVluTm5GVDNJcGxMVExNN29ReU9BdzM5MHF0d3dabzVYTm13RFhZZ1FpUQ?oc=5,2024-11-11 15:32:58
emergency,Bachelor of Emergency Medical Science with Honors - ukm.my,https://news.google.com/rss/articles/CBMieEFVX3lxTE9JVmhyR1huLUdHel9KcHNRbTVoM0tFazdpUWxKb1hOZ0RiSXIxT25EdmhjSjZpRTJvaEZjblFxdHZzWWFQMzhEcU40VnFVVEpMMG54TjNLdzlBVzJNX1FSWk10dUlMaEdwS2FYdV9xd1dwejRMZkxmRA?oc=5,2022-03-16 17:33:08
declaration,Lembaga Hasil Dalam Negeri Malaysia - hasil.gov.my,https://news.google.com/rss/articles/CBMiPkFVX3lxTFBGNktGRG93allpMzJ1LXFBSVF5MnYyNG9VWVBrM0Q1N3RrNy12V0dROTFxZkZZSFp6ZFJxZm93?oc=5,2021-10-21 13:07:27
declaration,PRUServices - Prudential,https://news.google.com/rss/articles/CBMiWEFVX3lxTFBoQVk3QmM5ZFZKb0c3TlJWWHgwQWRCZjhaUWQwd0hmaFFYRW9lS2VUMmRTRjl4Sjl3emNFZURVRXAxMlYycmZFZmt2UzFGLVNzbGNTYWh0VGQ?oc=5,2024-11-13 10:35:09
declaration,Maxis ID - Hotlink,https://news.google.com/rss/articles/CBMiSEFVX3lxTFBFV25XTTZUNDBIeFUyRWxNbmJ4R2RkOW92eF9KVFNNYkhka21qVUZZZjYyRzJmaFFxdnByZElBbnZhTHBWVkhXTw?oc=5,2020-05-15 10:24:54
declaration,MyZurichLife - MyZurichLife,https://news.google.com/rss/articles/CBMiQkFVX3lxTE04N2ptQU9hMjE0aVA0blNBSEdNRkMtN2JiWmlFdHpDSXo0TGZnYS1VNjZoX3NkS1hkT2RyQjBNaVZPUQ?oc=5,2020-11-01 05:57:56
declaration,Safeguarding Patients and Guiding Doctors - Malaysian Medical Council (MMC),https://news.google.com/rss/articles/CBMiNkFVX3lxTE5kVk1CY1RzZTdGVklOQzR5M3FhckE1STZCdUhreHRJWjQ2ZGdDV3lPdzNRM1J1Zw?oc=5,2019-12-19 00:35:18
declaration,Hong Leong Assurance - The largest domestic life insurance in Malaysia - Hong Leong Assurance,https://news.google.com/rss/articles/CBMiS0FVX3lxTFA5eEVMZ2tWRThUcmRIX2xLWjdsc0F4SC1kb0JPSDlsM3U2MkxwTlU2V3NfUlY0RlpkS3dYbTQ3Zk4wbWY1VEhPeUozUQ?oc=5,2024-04-26 16:41:36
declaration,Home - Tunku Abdul Rahman University of Management and Technology,https://news.google.com/rss/articles/CBMiQkFVX3lxTE1vSlZMZndkUGw5Z3VsREVDanJVVllZaEZQUm1vZ0luT1lVb05QVFotaFNLc1FoM01ySnp5S2JHdG5UUQ?oc=5,2023-09-12 09:18:04
declaration,More on AGC - Jabatan Peguam Negara,https://news.google.com/rss/articles/CBMiO0FVX3lxTFBHRjA0YXpXRndLMzJWSHNBMENidnBSazVzb0ZxN3g1ZVU3UFRHQkpobXFvVFVOR0N0YkxJ?oc=5,2021-07-25 00:37:15
declaration,"Malaysian Palm Oil Board – 6, Persiaran Institusi, Bandar Baru Bangi43000 Kajang Selangor, Malaysia - MPOB",https://news.google.com/rss/articles/CBMiN0FVX3lxTE9za2J0Ykt1NWVqZUNBM2txeXBiV3pMdVM5Y1dsaVhsZ3pNeTZ4ak9ILTk1dHBOLXM?oc=5,2019-05-10 17:56:34
declaration,Undergraduate (International Students or Malaysian Students with International Qualifications) - International Islamic University Malaysia,https://news.google.com/rss/articles/CBMiVEFVX3lxTE9LMjJjWktFcmhjdHhmYjJJYmc5aG1rWm9aaWhQbXk1RzZmbS1lTzRSWEhtSVVJZ0F6OUExY2FBNEJfV1E5amxVX18xY2dGSXRteEIxSA?oc=5,2020-07-04 01:42:14
declaration,mystudent - mystudent,https://news.google.com/rss/articles/CBMiREFVX3lxTE9Zc00zMFY3amxtWEJtemF6VjE2VHYxbjhXRHhwM0ltREZ1LWlNY2diQW05QzNiN1dXRFFjWE9zSFdnbDBn?oc=5,2021-09-09 16:58:17
declaration,Home - AEON Credit Service - myaeoncredit.com.my,https://news.google.com/rss/articles/CBMiQkFVX3lxTE1wMUlhYXJTbnZDcGIxazFnbjQxTDFOUDJwczc3YmtPbW1nS1BHUkIzTGp1NGFrVkdKX2dsSzQ5Tkhldw?oc=5,2024-03-25 15:56:04
declaration,Policy Self-Service - Allianz Malaysia,https://news.google.com/rss/articles/CBMimgFBVV95cUxNdjJkMWpnczJxU1FROXo0VGxQWk9wRDlyT2RQRXhuc2F2b3ZkakZpU1BGR252OGdCQVBNZEswVklHa0VPZ0FnXzYyMWNJVHZwaC1BVDNGSFpRbGpoenZGLUxPSWZxcTRmbkUyMFdaaGswMzVqRzBfVjZHOEI3QkZEcGxVWERWWGpVME9DaXFPUFFfVjhxTG1tM2Z3?oc=5,2021-10-28 08:59:59
declaration,UNIMAS eLEAP EXAM - UNIMAS Official Website,https://news.google.com/rss/articles/CBMiO0FVX3lxTE9yVFJXb2M1c2RyY1psSUMwdGZabXMzQ2RGdWluY05NdXBlNjVuOTllcUhFNHRfcWVVamlR?oc=5,2020-07-02 19:07:17
declaration,Kuala Lumpur Public Holidays 2025 - PublicHolidays.com.my - Malaysia Public Holidays,https://news.google.com/rss/articles/CBMiZEFVX3lxTE9UU2s2WE1xbVBFZEk0QkRyaFVHLUczUTc5UktzNlB2dTNLYmVGaHdCZVRWM3JnQzNnREk4QUlJTVFJOFhWWHhYQ3doWThUUU1ybWZWanJQbWhOUV9ZbUFkNDNKcWI?oc=5,2022-05-24 23:34:58
declaration,BSN MYGOLD ACCOUNT-i - bsn.com.my,https://news.google.com/rss/articles/CBMiWkFVX3lxTFBCMnNFVlppa3RLc0I0cFpoOTlyTWM4LWZSTjJxUzJDbTU4Y0ozcXFNN0F2dE14bFotaFdkVThwS1RfTHpzUS11U1kzb1cyNnlKQWRVaUJaQmY5QQ?oc=5,2023-08-28 00:23:19
declaration,HOME | DIVISION OF ADMISSION AND DIVISION OF ACADEMIC GOVERNANCE - Universiti Putra Malaysia,https://news.google.com/rss/articles/CBMiQkFVX3lxTE9hQ3VxVl9tbV9MNW9jSG9nRmcxMHE5a1JMdDA1ZlZNMnp3Qk1jTWNVVHVXS0s3VnB6VFdMUTE4bVBFZw?oc=5,2019-08-05 05:07:50
declaration,FAQ Rules Of Origin (ROO) - Customs.gov.my,https://news.google.com/rss/articles/CBMiX0FVX3lxTE5HdXZfcnhHa0x6Vkx3bDVOSkh6QTdaYlNZZDhaYUt5Z2RTc1dWS3gyaVo0Q01CZVM1M3BKMnZPRDZpaFk3SlJiT0VDOWRZLU9mbS1Eb0t3N2d4R1g0S2xR?oc=5,2024-01-16 04:39:02
declaration,"THIRD PARTY INTEGRITY DECLARATION I/Our company, ……………...…………………………..…………………..… Re - KUMPULAN FIMA BERHAD",https://news.google.com/rss/articles/CBMikgFBVV95cUxNYTVaRGtxRE1YXzhvR2pvc3liT2xBWG0wMDZMUnVfRWVteU45OFU2RWVDMWx0UGc2WmdrSDcyX0FzQkREbWszVTZIMFFWVnJiUHp6U0NScWo2MmhPMExUOURIUkx3S284NWIySE1HUEpMQnlBT2liOXVDUWFPLTRFRXYzT29NRmp3NWhxRW45UHA0Zw?oc=5,2020-06-10 03:00:46
declaration,s 360(2)_Statutory Declaration Verifying Memorandum.docx - Suruhanjaya Syarikat Malaysia (SSM),https://news.google.com/rss/articles/CBMiugFBVV95cUxNMmxoa1EtYzRxOWozOVlNWTFXSWR2QlE2OGRlTmc1WUxEY3BwdWNDTXZ2TlZPUks5RVlnRU5ZTW9NZUEwMTNOWWRaRkJWVHJjZkcyWjdZeWsyaGRFTk5YT2tZV1dDMS1tSWZScW9KN3lxTmZnR1BpQzJiWXFIV3RTd0sxdWVpVC1XTnVfU2w1SFRWdF9vZHNtSU1VZGJuZjZTZ0xWSldOY0hrS3FlXzVWLWpUZExZdDdKOWc?oc=5,2019-06-17 04:09:15
declaration,Explainer-What we know about South Korea's martial law declaration - thestar.com.my,https://news.google.com/rss/articles/CBMiuAFBVV95cUxNNUFiVGZTRnFvRm11WWZ3ZTNIWUdBS0FVd0xWZkhFSk9wM3Fsb1VGYi15aWZzM3p6RU9Ya2ZuZTNEVmdPX3VfN3ZYNmw5bTZlaWtBYUhtc0RQejFQMUxyVXhURXVva2dpU1pNRHF4NEJaeFNtSVdEQ3FIb0tzN2ZwZDd6ejlYelJPNWMtS0xBWTdYRDdudjBaanVNellyd3RlQVU2R3JQeFJnOGdyZEViWXJ4QlV3UDBi?oc=5,2024-12-04 08:00:00
declaration,DECLARATION OF PEACEFUL EDUCATION IN INDONESIA HIGHER EDUCATION - Universiti Malaysia Pahang Al-Sultan Abdullah,https://news.google.com/rss/articles/CBMiX0FVX3lxTE5WYlphZmRQa3Vvck1PTmJBanAtTWt5aENHczJXdHZ1TVRPR2RqQkI4TE9YZEI1SU9IUUJSSHdmYW1ORW92Z1VzNFhYcF9WRmR0V1ctTFRJdWZreHZrWGhz?oc=5,2021-07-19 07:00:00
declaration,Declaration of Jointly Acquired Asset - Bank Muamalat Malaysia,https://news.google.com/rss/articles/CBMiqgFBVV95cUxOV2FBQlo5S0ZVOTRJaWo0eEJXVFpxaW5MTzl0algyZks3bzY5UE9XX3NTX1JrTTlSWGNBUFgtVnhpM1prMWlucFcybTBOTlBtSENYZUZ4Uno1eXNkZjc3WFJmU3JLWEE0U2UzNVFiYm5lNzgzaGV1dUE5UERBQlZoX2pEdmlkV0RfVFBFa3F0Mjg2QlFELWVLbVFGYWdLRThqOTlkeFRYazBkZw?oc=5,2023-12-31 15:02:41
declaration,DECLARATION BY RESIDENT ON INVESTMENT ABROAD AND INVESTMENT IN FOREIGN CURRENCY ASSET ONSHORE - CGS iTrade,https://news.google.com/rss/articles/CBMic0FVX3lxTE5RNVpoNzFaYnBqaGRuc1Z0SVE1aVVpTnpuNklnYmE4d0oteGE5WElMbFU4MTl5eUk1Qm1iOEc2WjZ1Y1cwc29CTDY5ZFVPWEZra1VNZDc2REJiNm9VaDI4YjZuZU1jc1g4VExuN1JpUUtwcm8?oc=5,2024-03-11 15:19:17
declaration,DECLARATION AS PER BANK NEGARA MALAYSIA’S FOREIGN EXCHANGE ADMINISTRATION POLICY To - Inter-Pacific Securities Sdn Bhd,https://news.google.com/rss/articles/CBMiswFBVV95cUxPbDd6bDZsOWJ6UEZ2R0VvbldMeVhOeEdYSW1GLUxhNDRRNEg3WFhYd0JUUzlRV0FDTUh3bGlCZHdERkpLV2UweFkwZll6RDR2WmdVcVFXdUg5ZTRuZURCN1psZG5ZUE5vYUdlMlBKUzNuYWRDMVQ5cE16aGMtX20weEhNcU9BeXpMR3Npb2xWN3dFbTNqT1NCRlNnSy1PMU1WM3Y3T0RNS3c5Smt0Y2M5aUFERQ?oc=5,2021-12-09 09:27:13
declaration,Declaration of Charitable Trust Citation and commencement - SarawakID,https://news.google.com/rss/articles/CBMizAFBVV95cUxOeDl4cDZNUEItczdTMGN3S1RoYUhaSkt6YjFhWDJLSWlrYmJfelliX1VLaG5pU2hUNnpTT2VlakJ2OXplVklNQjZaQ21SZ1VzX3ZSNUFsSGMwbWRQa0hHMVJOR1JhbUxLZXFGVHlTcFM1Y0g3UDdlaGpyOGY3ZE5sR2lJWkNlUm0wQzk4UTZ3aC1rZ2N4YnluZF9Odnp5dHBOMk9ob0hBTU1BREhQb3ZoS24tYzV2SWZJZjBKY0hCeWdTQ3VUUENPSkVDbHk?oc=5,2024-04-09 08:50:15
declaration,STUDENT DECLARATION Registrar Tunku Abdul Rahman University of Management and Technology I shall abide and comply with all the r - Tunku Abdul Rahman University of Management and Technology,https://news.google.com/rss/articles/CBMijAFBVV95cUxPbjhWWjhxc3d1bFVfWEx3cUxha3FCb2pJX1Z3QUdRWmNUSHFCc1hnSUpPc09WREpuaUZEYk5iUk9NUFZGZEh6RWJYa0RfeFN0T0QwNHNmVWxhZXl0Sk9jNWljQTR4R01SV3puYTliVnI1S2JfZkZ1c0E3NG02UUJnemVsMmdGaWdaOThnRQ?oc=5,2022-11-12 12:19:06
declaration,Requirement to Perform RTK Antigen Self-Test for UTAR Convocation Health Declaration Form - Universiti Tunku Abdul Rahman,https://news.google.com/rss/articles/CBMigAFBVV95cUxNbGdQMm5Gc3J1c19lUGIxeDljWVJvR2dMN0U4VDRtZjUyaVd4aFJEaVhFOGxhRGc2YzRIQlJfYXd4Z0FwRDBVV2VOS2VDb1BCRFc2dE51dHJWbFNnbkpfemhVTFd6RnVyUjlNNjFULUY2bVZNWFhPMWZhdzFTdVFObg?oc=5,2022-06-28 05:39:16
declaration,APPLICATION FOR APPROVAL OF FIRM NAME (*) Statutory Declaration Form - Malaysian Institute of Accountants - MIA,https://news.google.com/rss/articles/CBMikwFBVV95cUxPemx5WDc5QlB3RU9VWXl4czg2X01pcWdHSTBmNThrWThRS3ZXSzNhckM4blBCQXBmNDNuRUhUb0NSRHhQQVlPOXNFR0JqY0dWa25RWDhQS2pZWlMzTXRjQm5mTC1jaWJrQUxnNUlZeFZYNnZGaFd1UUVwcWRVMmRqT2pHZDNJNXVORUtwYjF4X2R2WHc?oc=5,2024-12-30 01:30:18
declaration,Appendix 3 MANUSCRIPTS SUBMISSION & AUTHOR’S DECLARATION FORM Title of Manuscript: Name Designation Institution Correspond - Portal Rasmi Kementerian Kesihatan Malaysia,https://news.google.com/rss/articles/CBMipgFBVV95cUxOVlJsc2ZRR0gzUVVCNjg0cE5DTm1pVkIyOER0OFQ4cEY0SHpGQmQ1N1Q5eDJodU9SY1g1cHNSRmYwSjQyTmxVRi0zdFJkRkxBaDhlWXc5REpzS0phb2pFSEtSb090VE1UZi04dms0eWNUYmg4OF84Vlh0eDU0VGZRN0lFWVRybFNHNHg2cmhWdi13YU5tQUJzV2RUaWJvaVhFMWFzVDd3?oc=5,2024-07-01 01:56:58
declaration,"FORM OF DECLARATION I, Ali bin Abu (NRIC No.: 800101-01-5211) of full age and a Malaysian citizen with an address at No.1, Bukit - MyIPO",https://news.google.com/rss/articles/CBMie0FVX3lxTFBMa3RwTnJrVW8wTjd6bGkybEd1MG1USGlqZ1NyTlZadEpBTWM3VHJtMjRBVmtqZkdJcXNHZHpWM2pON01MZkVIZm1vVGxmbDJNNXcwallfUEh6S3ZqdlRBenJoX0czZUxIS0NSUUs1ZVAwSlpIVFo2NnpxWQ?oc=5,2021-05-17 07:24:18
declaration,ITRF Deadlines - hasil.gov.my,https://news.google.com/rss/articles/CBMinwFBVV95cUxNOUpNSS16X1dYaFFEcVBYZE1Eb0ZBalFoYm5rVy1TWFd6dlJDbDhaNzhKcWtZdkF5bk5oRGxhRFRzRGlsZUR2Z3pkeWVndXh1ZWt2WENaS25sNm5fUU84VldyU29YM0wzcXo4ODc5UHRXRnhXdVdiX2VhcU1WOS1vcmtzTE5jRWgwSXE0S2FCSE90YUFyT3VSd3RvcVg1ZTQ?oc=5,2024-03-14 07:00:00
declaration,DECLARATION TO BE COMPLETED BY APPLICANT - Asian Institute of Chartered Bankers,https://news.google.com/rss/articles/CBMiiAFBVV95cUxNRlVGLW1RaUZJem8wOUpoYjJBQVBsMkxSNnpFN3hYY2tLZHR5VTdFZGw4TE5ZdmtnTjFFczd1ZFJGTFNpZTBQZEtvUnRJcTZ4X1FtY3NXb1BvLWV3eDVvcGRlZGhTcjl6VnlCaUxfUGY3WE42WEdVTEZVTlEzc3lIWVRYRnlvWHFV?oc=5,2023-05-23 12:17:23
declaration,SECTION 264(4A) - Declaration by Firm of Auditors - Suruhanjaya Syarikat Malaysia (SSM),https://news.google.com/rss/articles/CBMiwgFBVV95cUxPS1ZUUVVyblRJNUlFMnJZN0pxMFF4b0xPSHlDbW1OZ3hJYlg0d2xjaE5vWUw1VlIyakY3a3BocWI5Q2xabDh4OUhlcmY3MElYRHBUeXl4NDUxaTlTVG9pb1d0UFloUTJiYmt0U21zZDRLREN3dF9tbGhrdE4wUUFuOUZvdXpvd1ZPVmVDOWxnTjVyWElTTmpKN0xGVkxjMTJVOXRGdm03azFFLTgtZ3BkamZmMTR1a0ZqQzhMeV9oQTRuZw?oc=5,2024-04-01 02:55:16
declaration,FORMAT OF DECLARATION LETTER BY SUPPLIER (MANUFACTURER) - matrade.gov.my,https://news.google.com/rss/articles/CBMiiwJBVV95cUxNbUZ6VkYweXp2akx6M3p3TDMwVmFqcnN1S3ZmVnNYYnRYclVrWnRoZ1U0TS1YdEgzSUIzT3JEUVlSR0RjOTZvMUNydV95ZXR4R2o0NHNWeTA1Ul9MU0Naa3lMOGdGQk5CdjNNSm1xZnJTdmxwUnV2eTNKNS1uLUQ0X2I3dFJNdWtnM2piTUdhb2o2MXhxQVg5TC0xc0VlX1VieTVEVzFUSmZfd3o5ZVo2RFZGWGctWGIxX2lOX3J0ZGNjR09nelJlOEwycXJJVE1fLWw5eWVwSHYyX1JHdXVyamNyeEtib2stN2l2WHkxR0dlNG1iWnF5RFVtRl9XeGxOVTJuV2JPVy1ZQUE?oc=5,2022-12-15 02:28:37
declaration,Declaration Clerk Jobs - June 2025 - Urgent Hiring - Maukerja,https://news.google.com/rss/articles/CBMia0FVX3lxTE5RUlNhQXBVMWRlaHpmMjZYY0pQdDNMUG9TdklxQ1Jwcl9YWVNyWGszX1VwZWo5dGJKNHkwSVdockJLd2tDZDRXSm83elZTODE3RDhMX1o3cVZYU1MtMldwWEdIMktWTTAxY2E4?oc=5,2019-02-20 18:01:46
declaration,UNDERGRADUATE STUDIES ONLINE APPLICATION - portal.utem.edu.my,https://news.google.com/rss/articles/CBMiTEFVX3lxTFBXaWpELU1SWDctVWZKWDR3QWJLdWFGdTd6bFRjM2o4d0JtVUlLdnBrMkUyMnZ4VlFGcWRfZzBGcWdMdmxVRTZmTTViQk0?oc=5,2023-04-22 00:54:51
declaration,Anti-Bribery and Anti-Corruption Declaration - S & J Bar Code Sdn Bhd,https://news.google.com/rss/articles/CBMif0FVX3lxTE8yWTJlUEFUS3Q2UTZYbWRmZlVkaTllWHBvcGNydl9xUmVfYVNZNnBaZ1Z1eF9PZXAzX3BVVHhNeDE0ajhvTG91ZlZieThuVlR3V0dYekpFSjZtV2Z1MGY1UW5qcTVWMkN5dG55Z1NoU2RwVHQ4cVVoQTBrc291dFk?oc=5,2024-12-06 08:00:00
policy,MyZurichLife - MyZurichLife,https://news.google.com/rss/articles/CBMiQkFVX3lxTE04N2ptQU9hMjE0aVA0blNBSEdNRkMtN2JiWmlFdHpDSXo0TGZnYS1VNjZoX3NkS1hkT2RyQjBNaVZPUQ?oc=5,2020-11-01 05:57:56
policy,PRUServices - Prudential,https://news.google.com/rss/articles/CBMiWEFVX3lxTFBoQVk3QmM5ZFZKb0c3TlJWWHgwQWRCZjhaUWQwd0hmaFFYRW9lS2VUMmRTRjl4Sjl3emNFZURVRXAxMlYycmZFZmt2UzFGLVNzbGNTYWh0VGQ?oc=5,2024-11-13 10:35:09
policy,ESCAPE Penang - ESCAPE Penang,https://news.google.com/rss/articles/CBMiPEFVX3lxTE9vUC1SRHZOWlNIR3o4SGhOX05CdERraWpMeVlSM0xPc05WOEI0Vk5wVkZrVWZkQW9ITE5tYQ?oc=5,2020-11-03 10:04:36
policy,Buy Insurance and Takaful Products Online - Zurich Malaysia,https://news.google.com/rss/articles/CBMiU0FVX3lxTE9rT0JxS1MwNlBwZm5QSngtcS1jZE1tZVBubzBYaTY5QXRRSjQ2RnAtdE90UkV5aERvSlA4cE90bmZ0VjR5b1NiYlBaM2dPalN0WjRv?oc=5,2024-07-31 08:45:44
policy,Starbucks® - Starbucks®,https://news.google.com/rss/articles/CBMiUkFVX3lxTE9rb0xYQ0o3cml1Z1ZnNlQ0VUpYd1dIT205S2ljQ0dqakQtVlZjaGVDWENiaFNqQ0tJOVIzTGtCVzBNTDAtQzZGUUhDT2JEOHQyN0E?oc=5,2023-05-10 09:48:12
policy,"Yes 5G Wireless Broadband - Yes 5G | Uncap Yourself - No Data Cap, No Speed Cap. - Yes 5G",https://news.google.com/rss/articles/CBMiVEFVX3lxTFAwUzVDSDcxNlJ5emhaZFUzamU0ZHY3SXBfeFZwVWJJeE80V3c5d2MyQUVWTlFUeTdMSEp6a0w3TWg5R0g1VEpzTUd2eFl3ZVZCby1zbQ?oc=5,2023-08-24 16:59:37
policy,Universiti Teknikal Malaysia Melaka - UTeM - Home - Universiti Teknikal Malaysia Melaka - UTeM,https://news.google.com/rss/articles/CBMiQEFVX3lxTE1VaUFXS3NIVnpHaWhhRUVMUGlaYllsMFBwTXgxWmh6d0dqd3ZRNDJ5b1lQSkhmd3E2d1VvX291Q3o?oc=5,2019-03-14 04:54:35
policy,Motorcycle & Car Insurance Online Renewal within 5 minutes - Pos Malaysia,https://news.google.com/rss/articles/CBMiQ0FVX3lxTE9lcGItajNBaDhlUzZURlpDajFaMWxtS2JPT3VkWjVSbjJHa0ZrdTdhbGJJazJDMTRMbkZLTEMtN2d1TVk?oc=5,2023-08-25 01:48:26
policy,PETRONAS Dagangan Berhad Privacy Statement - Policies & Notice - MyMesra | PETRONAS Dagangan Berhad,https://news.google.com/rss/articles/CBMimgFBVV95cUxOWUdja0tjVzVuazNMVVREMEtTSWt1VllmY1doQ1NnT21CcjNZWXBwakstSEhzcy02WlNQaVNEYnF2TlVkS1dwWFlqTnhOck1qYUpLX1dkQklXbU5OenVPaUM4cTdfRGFCUVNUUXA4R25FaGVQT0JjZmdqbmhoYnFobnVPem53aXFMVzB6bzBRV3F4Ul9TNGprZEl3?oc=5,2023-11-06 08:00:00
policy,Insecure WiFi NetWork - Touch 'n Go eWallet Help Centre,https://news.google.com/rss/articles/CBMikgFBVV95cUxPQzRIRUFDalQzZVkwOE1hWnMxcE0zdUU3SUpuRHJ1ZUtWTEJfelZfR1ZuNWNqeV9rU2hTMm42V050aFlLNUdoSGpmUDJmZHpGeHRxX3U4bVVMVFY2U3d1NnZtU21RblJ2VDJVcWI2MzFaOXJ1MVduckR5SnNSRDNuZHRMQ0tFYmxHSF83d2k0dkFKZw?oc=5,2024-12-19 08:00:00
policy,EPF Malaysia - Safeguard Members' Retirement Savings - kwsp.gov.my,https://news.google.com/rss/articles/CBMiQEFVX3lxTE5DLTR6RlBNRk1NNGdCYUZ1T0dLc21BRW42QWNPUGQ3ZV9mbTA1R1luQUxjaEVvTHdOaGNmZTdCby0?oc=5,2019-05-26 04:08:41
pandemic,Portal Rasmi Kementerian Kesihatan Malaysia - Portal Rasmi Kementerian Kesihatan Malaysia,https://news.google.com/rss/articles/CBMiO0FVX3lxTE10NnIzcnBtZE1tSnIwdGhHYXUwMktIWU5VdUZrV2wzc19xSzljSUZkNHFzTlNrLXNJY1JV?oc=5,2020-04-29 11:29:34
pandemic,The Impact of the COVID-19 Pandemic on Indonesia's Energy Transition - spaj.ukm.my,https://news.google.com/rss/articles/CBMiaEFVX3lxTE1jSGloMEliSXpSYTBCdHc4Q1l4M3E1U2NpYjdoSmIyd1MtSWlFZ09jYUNTaldvbmZXQl85TGkyTFpSOEI2eHc0RmxCbWYzOFRHbUlQdVNsb24yckt2V3lPZll1eWJ6ZWt6?oc=5,2024-07-24 07:00:00
pandemic,Academic Library Online Services During Pandemic COVID-19 - aclim.uitm.edu.my,https://news.google.com/rss/articles/CBMiXEFVX3lxTE1jSm1rcVAzSzRpb1BrWm5FR0luVzlBUllBS2I3T1hndjFsRG9kbzU3b25iQlZ4UndTaTFpejdoMlZSZ3VmTl9ONEpTaGxSOXNkeWFVV0dQMGktQlVh?oc=5,2021-06-07 07:00:00
pandemic,BEHAVIOURAL CHANGE ON SHOPPING MODE IN COVID-19 PANDEMIC - myjms.mohe.gov.my,https://news.google.com/rss/articles/CBMibEFVX3lxTFAzemdYa2l1VHRCMnJ1cG84YzZ2SHFZN2dmbFBWV0Fucjk2dVduT2lndzI5dGJFSG5EQ1p5UDNPbmdMSFFoZGNSekpnRFJHSlM1TXFUSXotVmNmNWp4SWRjSzhDeW1mSXFtekl6Qw?oc=5,2022-06-15 07:00:00
pandemic,Spacers : Alternative to Nebulisers During Pandemic Guideline - Portal Rasmi Kementerian Kesihatan Malaysia,https://news.google.com/rss/articles/CBMipAFBVV95cUxNZnI5ckl6cXFuTWlwcDV4UHdwWWpUX3FZOVlZaUc0REs2VUVLZDNkVEZtaG1vTy1HeDhxUnRfWWQyZ2VVSkgzaENkaUFZc000NHdITUNmbDdKVDhlTlB6ZlFFcHFacDZwYnNvc1IwTGdyeXBOblRHLVFvMkJtU3VqQmNIR2ZOamlqbi1zRURpZnBDcm9UVHdxY1RQT3BiUWZfZ0tTeQ?oc=5,2021-08-18 07:00:00
pandemic,ASEAN’s Function in Handling the COVID-19 Pandemic - spaj.ukm.my,https://news.google.com/rss/articles/CBMiaEFVX3lxTE1KOGdvaDB1LS02d2lXZ3l6azh3cGwwaWNpQ2dXYk1pOTdERG9BT04wUzV6QkhseVV3cXZXY2ZFSWFWNjFyVnFRS0JGZFF6QTRSNXNwaW9waTJrcl9Pb01PTHZhTDlBU1lo?oc=5,2024-07-24 07:00:00
pandemic,INVESTIGATING BRAND AWARENESS DURING COVID-19 PANDEMIC IN THE MALAYSIAN HOTEL INDUSTRY - jurcon.ums.edu.my,https://news.google.com/rss/articles/CBMic0FVX3lxTE93bW04aGpWV0lNU2VUdk9NT0cxU3hnLXRqdlBFMFlBVnZXS1dxV3d0SW1iUjVLNmRhYTdRVGlSREFrMFA2bXNncFNxQ0cxQmdYdTdINTF3alFCT201eGRBSFZwdzEzbTdKY2xCUHA1UkpEWUU?oc=5,2022-08-05 07:00:00
pandemic,Physiological Response and Impact of COVID-19 Pandemic among Malaysian Citizens: A Cross-sectional Study - Universiti Putra Malaysia,https://news.google.com/rss/articles/CBMie0FVX3lxTFBrQWQ0UjVVRGlhd0V4WU4zaDFtbTkxNnZmb3o2TUJxM3lreTNOZ1A4a2RVR2FjRGJIUHhHTm1tcUJPY3ZBLUFmNFNpa3lKMjNtR2RDN01BcEJkRTc0UjUyd0dSVzNITXRiakJfalZFRng5WDdPY0RSRUlDYw?oc=5,2024-01-24 08:00:00
pandemic,GRADUATE UNEMPLOYMENT DURING THE COVID-19 PANDEMIC IN MALAYSIA - jurcon.ums.edu.my,https://news.google.com/rss/articles/CBMic0FVX3lxTE5MU1VUUV9VR3lqUDBrcHkxTjJJWklOc0tVRkVtUVJvRFptSFZaWGUzV042SnRBaHdHRktGaXpjemJCc0MzUUZuQUdtdHVPUHplMzlCMG9ENUlsVmUwUFBGTkZUbkExcE96YVROa2lLVHMxYTg?oc=5,2022-12-30 08:00:00
pandemic,Rising Fiscal Risks in the Wake of Pandemic Recovery - Portal Rasmi Kementerian Kewangan,https://news.google.com/rss/articles/CBMingFBVV95cUxOM3c1NDJ3Z0xRcnl0VTBMUHp2cEs0NDNlM2hubDZlV0dSX3FZRDlRMFVvcXVwQ1dQeFRUTFpwZ0RSM1Rvc1BXWVVta2NTaXZhcFRYT242ZmpsQXJzWHowUVVVaVlJNlJFa1Vvc2ZCWjJydV9pMm9RczYyQVNLQU5qaXZtRHZfVng3N2VXZlgtVFU0dEg4R05xai1EWjBiUQ?oc=5,2022-03-22 07:00:00
pandemic,Utilizing and Evaluating of Virtual Tours in Art Exhibition Amidst Global Pandemic - UiTM Journal,https://news.google.com/rss/articles/CBMickFVX3lxTFBxQkx1LXI1cGpXdS1GVzl2Z3ZLWGZQWXppaDNKY3hySTZ1bUxnV3h6MFlFNWY0RFNtUG13Ymg2Q2hFbks4aVRsRTgzSVk4T3p2RGpabnJlM2VFemZ6MTB1Y2NjUjhuWnBySWpSU282OXlNdw?oc=5,2021-09-21 07:00:00
pandemic,DEVELOPMENT OF PREVENTIVE COUNTERMEASURES TO COMBAT COVID-19 PANDEMIC IN SMALL AND MEDIUM-SIZED ENTERPRISES IN MALAYSIA | Journal of Energy and Safety Technology (JEST) - Journal of Energy and Safety Technology,https://news.google.com/rss/articles/CBMiYEFVX3lxTE5rbTZHczhTR2M1VXRpSklaUVlOdHBUbWc0Si1wQ3FJQ0NsLWF6cWtrYU9veXlXY0RKY2NtV3h6cUdaR1oyck9KUno5VUZncHhJdk9leUtlMnVFZHRMaFgxQw?oc=5,2023-07-02 07:00:00
pandemic,Forced Online and Distance Learning during COVID-19 Pandemic: Students’ Perceptions and Experiences - UiTM Institutional Repository,https://news.google.com/rss/articles/CBMiVEFVX3lxTE9Bb1BaQlFoZWNJdUVGTWR3Z19Xa0JOVjJvcHp0bTJmbHkzRm05cEZ0S2pyM3VCU1VDME44clJlbjE1MEtFaTBVR0hyWmV2cWo1aFNVRQ?oc=5,2022-10-07 07:00:00
pandemic,Institutional Problems of Spatial Policy during the COVID-19 Pandemic: A Polish Case - International Journal of Real Estate Studies,https://news.google.com/rss/articles/CBMiZ0FVX3lxTE1OWF9jV1JFZlhIclRhdjNzSml5aE8xRDRFTEhqandQSXZKLVc3SUNXa0dvaHd1Rk5mWng5SDBLWVBCcE9JNlRvT2l0YW9GclROb1BmMFY1N3JDWG1pZkV4dnFHUVU4U0E?oc=5,2020-11-11 08:00:00
pandemic,Pandemic Papers: Lessons from Covid-19 - Institute of Strategic & International Studies (ISIS) Malaysia,https://news.google.com/rss/articles/CBMigAFBVV95cUxNYmFwMHNrU2VZR3JJdTVqZms0RDNUbU92Vzc3YlpHaENDR29Oak9UYjFtdE9ya0dWNmJ3U1J2X0k4LVVwMWh4VFBqNzBRZzdvdnd2Q2VqdElLMW9UNTZ2LXJ1YkdYb3RHNG1FaUNlQWtpenhOTkIyakRtNk9uQzE4VA?oc=5,2022-04-20 07:00:00
pandemic,IMU Psychology Students Adapt to Online Learning During Covid-19 Pandemic - IMU University,https://news.google.com/rss/articles/CBMiowFBVV95cUxNWm5Gb3ZHUEtMaTNJczV1TV9aS0RGbE02V0JtQlVBTTZUbWtUbVZFM1B0ekNpcHBDWGEyd1RhZ2M0MENfdzhURV9fb0VTY0JPNlNRVjlJTVZDejRxbDFSaUxlR3pDS2FWTUJkTGczYVV2Q0FvUFI1V0UtNVgzWUJ0ZHhQcGxJQ29fZE0tYWQ5OFpibHBWQ3RNbXA1WFlGbjhvRVI4?oc=5,2021-09-06 07:00:00
pandemic,What we can learn from Covid19 pandemic: A zoom lens from Islamic viewpoint based on Hadith - UniSZA Journal,https://news.google.com/rss/articles/CBMidEFVX3lxTE1rcE5Ea3hkQldUTk9CUGxMTFk1MU5wTlQ4aHRrelNRSG1QOG1nSVpqTWU5alIzWm1NVDE5LXppWTlTMHRjV3dJSmUzVDd1d054N3FYVlZZSUZ1ZUFScnpLWnZIb0lXSl9PU1FhMGlmTGg5NDFq?oc=5,2022-12-20 08:00:00
pandemic,MALAYSIA’S TOURISM INDUSTRY CHALLENGES AMID THE COVID-19 PANDEMIC - Asia-Europe Institute (AEI),https://news.google.com/rss/articles/CBMijwFBVV95cUxPZ2FDZThjRUJCMkdLTUZ5VklfZXZhT2E5dHhxNGdWajJMbFZkRThYMVVYdUVlcXlvaE1GSDJMNEF6LURLdm84QllSR1hpZy1WaUNQeFRldnBqV1dhMmJCaHJPWnoyakM1LTVjOC1rTGtGcmlhUFE0ZlNlX2JPMmRqM1kxanhvQXNfUm4wSjlKcw?oc=5,2023-07-27 07:00:00
pandemic,TESL Student Darshni Sees Poems Published in Covid-19 Pandemic Poetry Selection - Quest International University,https://news.google.com/rss/articles/CBMioAFBVV95cUxOUU8tS2x2d0pVUC1fNWNrcHV0S1MtQ2xfUVM5RGtOdDFoWjY5UnQxMjNSZ1NBUThZOUgxcHF0M1M1OUZ5ZVJXUmVtNFN4OW10aTlIcjBQMk1HajRyempicjFBZFgzTVU5Yy1SbFJlY3ptXzkyWDJBa21sWkw5MVE3VGFTeGFuWHJGSzVybHRGN3lya3hyVVlFZ0dEcnFWeVNt?oc=5,2020-07-22 07:00:00
pandemic,Shining a light on a silent pandemic - National Coalition for Mental WellBeing,https://news.google.com/rss/articles/CBMiaEFVX3lxTFBvWHF6RHdWanVWMTViNjJaYVFEZXlxYTBxZnBLUXRVSXpRWFdidkpaandoVHJGZDVxNVZuSFRqaHRNZlVvLXFVX2pZdl9OVTZvNkxRZDBsSzhaaDVWT0kyaUk5YjhNTzBi?oc=5,2021-05-23 07:00:00
pandemic,MDV unveils key initiatives to support development of tech sector post-pandemic - Malaysia Debt Ventures Berhad,https://news.google.com/rss/articles/CBMiqgFBVV95cUxNRkJrd1VTUVcwYTJ6bjlPaXJRV2VHT1BSWFUzZVM5YzRIYmlLN21YejFFbjVGMVlkZU1BRlh0dlNRdGhlYWJDMFB5SGFNZ2p4N1JoWW14N0IwU1NzaG80ZzhTdlNpN205NG5MNU1CbGJ6amVzeXA3UGo2OGFWblYyNkxZV1ZtNTRidURWWlM0T2lBdlpVTkF1YXBWbEk3cG51UU01WVV6TURqQQ?oc=5,2021-10-28 07:00:00
pandemic,Commitment and Challenges of UTAR during COVID-19 Pandemic - Universiti Tunku Abdul Rahman,https://news.google.com/rss/articles/CBMiwAFBVV95cUxQU1VmQ0NoQW5fMmI1V3Bza0ZOSGtLdlplbUpadHBKcFhYTXJ2ZnhKUFpBcnVJVDJnLTNxOUE3cmF2b1ZLTXhzQlBSdHFfODhkcEZweWRoVmVveV9kbTI2UzBKMlc2d2ZzaDdScDJOYUhfeGVvVGtvOXRwTjdyZzNrTkd0clBib1o2MS1HS3JNWHJabTZzTDRDenQ5alc0czVmSktKRWNleHJNb3paczRSMVNXTkIwUm0yTFppdkptYWs?oc=5,2021-07-07 07:00:00
pandemic,AHCS Impact of Pandemic Covid-19 On Human Resources Management - Penerbit UTHM,https://news.google.com/rss/articles/CBMihwFBVV95cUxOMWhkUmg1RWlaWFhaV09SYkNwX0t5ekF0WnBhS1ltN29NNnpqY2RQRzlCRnlGVnhiN283Q2ZZRjhOdG9CWHNoZ2JPNDRWUGFMQnZybVUtVTRMdGlRd2FWWXFyci1ya1hEUGVIVWRPdzdEeFJybGQtRW5jNVFIeTdhLVRUal8tSWc?oc=5,2021-06-25 07:00:00
pandemic,IMPACT OF THE POST-COVID-19 PANDEMIC ON LOCAL TOURIST TRAVEL INTENTIONS IN THE HOSPITALITY AND TOURISM INDUSTRY IN MALAYSIA | International Journal of Social Science Research - myjms.mohe.gov.my,https://news.google.com/rss/articles/CBMibEFVX3lxTE5IaWxaMlVhSERRaHE2OXdwUnp5UEREV1dvRmpnemh3RlFRSV9yUTVJMGxhdnNycV9EOVlNQWg1aGREYmxsMDVzX3FBNU9VMUlTQVBLTXI2TVpVNFJ0VHVIZVgwXzhMMG05N1IwbA?oc=5,2023-03-07 08:00:00
COVID,mystudent - mystudent,https://news.google.com/rss/articles/CBMiREFVX3lxTE9Zc00zMFY3amxtWEJtemF6VjE2VHYxbjhXRHhwM0ltREZ1LWlNY2diQW05QzNiN1dXRFFjWE9zSFdnbDBn?oc=5,2021-09-09 16:58:17
