Date,Close,High,Low,Open,Volume,headline,Polarity,Subjectivity,Sentiment,Close_Change
2023-08-28,1675.8299560546875,1680.780029296875,1666.219970703125,1675.1600341796875,69484500,,0.0,0.0,Neutral,0.004627974636515431
2019-08-03,1669.780029296875,1676.550048828125,1668.1500244140625,1672.5799560546875,64869000,,0.0,0.0,Neutral,-0.003610107777316185
2020-06-04,1679.1700439453125,1687.1300048828125,1673.030029296875,1674.9200439453125,144668500,,0.0,0.0,Neutral,0.005623503984768297
2019-05-12,1672.760009765625,1686.3699951171875,1670.6700439453125,1685.719970703125,176071900,,0.0,0.0,Neutral,-0.003817382404361358
2020-12-18,1667.8299560546875,1684.0799560546875,1667.8299560546875,1679.06005859375,176278400,,0.0,0.0,Neutral,-0.002947257037564044
2019-06-10,1678.8800048828125,1681.22998046875,1669.280029296875,1677.3800048828125,156200700,,0.0,0.0,Neutral,0.006625404938920942
2021-06-22,1683.219970703125,1684.989990234375,1676.75,1684.989990234375,139377800,,0.0,0.0,Neutral,0.0025850363383268515
2023-11-04,1676.1600341796875,1684.18994140625,1672.27001953125,1683.050048828125,87794700,,0.0,0.0,Neutral,-0.004194304158884443
2020-05-06,1679.4200439453125,1679.4200439453125,1672.550048828125,1674.8299560546875,136098300,Calculate your credit card repayment - Hong Leong Bank,0.0,0.0,Neutral,0.0019449275123781806
2019-08-05,1673.0799560546875,1676.3399658203125,1668.4300537109375,1675.780029296875,111608800,,0.0,0.0,Neutral,-0.0037751650717058327
2019-01-15,1682.969970703125,1684.239990234375,1674.3599853515625,1680.2099609375,140150900,,0.0,0.0,Neutral,0.005911262407183093
2020-12-18,1692.219970703125,1692.219970703125,1681.8900146484375,1682.0799560546875,133706000,,0.0,0.0,Neutral,0.005496235916874648
2024-02-29,1702.1199951171875,1702.1199951171875,1688.18994140625,1698.8800048828125,128811400,,0.0,0.0,Neutral,0.005850317680596184
2024-06-30,1688.1400146484375,1691.22998046875,1680.8399658203125,1690.760009765625,127894400,,0.0,0.0,Neutral,-0.008213275508691442
2021-12-21,1693.5899658203125,1694.5899658203125,1686.8699951171875,1689.300048828125,153312500,,0.0,0.0,Neutral,0.0032283762748257505
2022-11-18,1701.030029296875,1701.030029296875,1695.3800048828125,1699.5899658203125,130046000,,0.0,0.0,Neutral,0.004393072483137139
2020-12-18,1697.5,1705.5,1693.6300048828125,1705.4100341796875,114151100,,0.0,0.0,Neutral,-0.0020752304404256794
2024-09-07,1690.4100341796875,1694.7099609375,1688.47998046875,1694.7099609375,145706700,,0.0,0.0,Neutral,-0.004176710350699553
2021-07-30,1684.1099853515625,1691.22998046875,1681.5699462890625,1689.68994140625,111179200,,0.0,0.0,Neutral,-0.0037269353001576633
2023-11-24,1683.530029296875,1695.4000244140625,1683.530029296875,1694.8599853515625,183261900,,0.0,0.0,Neutral,-0.00034436946501825716
2021-11-24,1683.6099853515625,1699.6600341796875,1683.6099853515625,1698.969970703125,55504500,,0.0,0.0,Neutral,4.749309682394731e-05
2019-11-20,1693.3900146484375,1693.47998046875,1685.6600341796875,1688.0,79976000,,0.0,0.0,Neutral,0.005808963704163839
2019-11-19,1686.52001953125,1690.4300537109375,1683.7099609375,1688.510009765625,112074900,,0.0,0.0,Neutral,-0.0040569479315216705
2020-01-08,1688.56005859375,1689.739990234375,1681.6400146484375,1688.699951171875,85843900,,0.0,0.0,Neutral,0.0012096144954549803
2019-11-20,1687.4100341796875,1692.219970703125,1683.72998046875,1692.219970703125,109831900,MPower Platinum Credit Card-i - HSBC Amanah,0.0,0.0,Neutral,-0.0006810681137514596
2020-06-10,1685.300048828125,1688.4599609375,1683.6099853515625,1687.72998046875,101659700,,0.0,0.0,Neutral,-0.0012504283540000216
2022-03-29,1689.06005859375,1689.06005859375,1682.81005859375,1684.489990234375,97867800,,0.0,0.0,Neutral,0.002231062515093196
2024-10-25,1688.8299560546875,1693.8499755859375,1687.1199951171875,1692.2900390625,113332100,,0.0,0.0,Neutral,-0.00013623111735538984
2024-06-07,1692.739990234375,1695.6099853515625,1690.18994140625,1693.9200439453125,91243800,,0.0,0.0,Neutral,0.0023152326056685713
2020-03-04,1706.56005859375,1710.1400146484375,1693.3699951171875,1694.030029296875,155030200,,0.0,0.0,Neutral,0.008164318465390341
2020-12-16,1726.1800537109375,1727.25,1711.43994140625,1712.8299560546875,179676200,,0.0,0.0,Neutral,0.011496809044830636
2020-10-18,1730.6800537109375,1730.6800537109375,1719.6700439453125,1722.3699951171875,163806400,,0.0,0.0,Neutral,0.002606912291870156
2021-04-01,1721.4200439453125,1732.27001953125,1716.1700439453125,1730.510009765625,130778600,,0.0,0.0,Neutral,-0.005350503546724061
2020-06-22,1724.5799560546875,1724.5799560546875,1717.4100341796875,1722.3399658203125,108306900,,0.0,0.0,Neutral,0.0018356426837768947
2020-07-11,1719.0,1726.0,1715.1500244140625,1725.5699462890625,119649500,,0.0,0.0,Neutral,-0.0032355450004490915
2023-06-01,1713.449951171875,1717.5899658203125,1709.300048828125,1717.1400146484375,116938100,,0.0,0.0,Neutral,-0.0032286496964077926
2023-12-29,1707.72998046875,1717.8800048828125,1706.9200439453125,1715.3800048828125,208301100,,0.0,0.0,Neutral,-0.003338277081984753
2023-01-27,1700.760009765625,1701.050048828125,1696.7099609375,1700.449951171875,128892800,,0.0,0.0,Neutral,-0.004081424336891848
2023-11-04,1693.989990234375,1698.8699951171875,1688.219970703125,1688.219970703125,98568100,,0.0,0.0,Neutral,-0.003980584851699942
2020-03-13,1685.6199951171875,1691.280029296875,1682.18994140625,1682.18994140625,106231900,,0.0,0.0,Neutral,-0.0049409944364721126
2023-06-02,1686.8199462890625,1688.3299560546875,1684.0799560546875,1684.97998046875,120497300,,0.0,0.0,Neutral,0.0007118752597565781
2023-05-11,1686.949951171875,1690.22998046875,1682.3299560546875,1682.3299560546875,107349800,,0.0,0.0,Neutral,7.70709897630617e-05
2020-07-11,1679.9000244140625,1688.280029296875,1678.6600341796875,1686.1300048828125,111301300,KARAOKE MANEKINEKO MALAYSIA - Karaoke Manekineko,0.0,0.0,Neutral,-0.004179096571842678
2023-03-31,1664.6300048828125,1680.1800537109375,1664.6300048828125,1680.1400146484375,122405500,,0.0,0.0,Neutral,-0.009089838269736417
2019-12-27,1671.280029296875,1672.93994140625,1666.8399658203125,1667.9599609375,100522600,,0.0,0.0,Neutral,0.003994896400134618
2023-11-04,1678.239990234375,1678.239990234375,1669.9200439453125,1671.1300048828125,106093600,,0.0,0.0,Neutral,0.004164449293651895
2021-08-11,1674.52001953125,1678.8800048828125,1673.469970703125,1675.6600341796875,108432300,,0.0,0.0,Neutral,-0.0022165904309106033
2020-06-22,1680.5400390625,1683.25,1672.5999755859375,1674.5899658203125,235527300,,0.0,0.0,Neutral,0.003595071698775598
2023-05-03,1690.93994140625,1690.93994140625,1681.3599853515625,1681.8299560546875,87929700,,0.0,0.0,Neutral,0.006188428780043553
2020-07-11,1687.6800537109375,1694.8900146484375,1687.6800537109375,1692.47998046875,70723100,Vaginal Tightening & Stress Urinary Incontinence - Venusys Medical Sdn Bhd,0.0,0.0,Neutral,-0.0019278553989335867
2023-12-16,1684.2099609375,1687.06005859375,1680.2900390625,1683.780029296875,93870500,,0.0,0.0,Neutral,-0.0020561318869695144
2020-12-18,1663.6600341796875,1689.6099853515625,1663.6600341796875,1687.6400146484375,118957800,Login to your CTOS ID Account - CTOS | Login to your CTOS ID Account - CTOS,0.0,0.0,Neutral,-0.012201523108421486
2022-04-21,1666.6600341796875,1673.449951171875,1657.010009765625,1669.5799560546875,96193500,,0.0,0.0,Neutral,0.0018032530314879835
2020-12-19,1649.1500244140625,1654.260009765625,1648.06005859375,1652.1400146484375,87635300,,0.0,0.0,Neutral,-0.010506047668109586
2023-05-02,1649.93994140625,1653.5799560546875,1647.1099853515625,1647.8199462890625,103876000,,0.0,0.0,Neutral,0.00047898431343029735
2021-01-08,1642.72998046875,1650.219970703125,1641.8900146484375,1649.1700439453125,97583500,SIARAN AKHBAR - Bank Negara Malaysia,0.0,0.0,Neutral,-0.004369832353627978
2022-04-08,1641.3299560546875,1645.2099609375,1638.68994140625,1642.9000244140625,91661100,,0.0,0.0,Neutral,-0.0008522547410153569
2023-11-05,1643.6300048828125,1649.5999755859375,1639.260009765625,1648.3599853515625,142055400,,0.0,0.0,Neutral,0.0014013323887986928
2020-12-16,1628.6600341796875,1647.5899658203125,1628.43994140625,1646.4300537109375,100896200,,0.0,0.0,Neutral,-0.009107871393594036
2020-08-11,1632.8299560546875,1639.3199462890625,1630.97998046875,1633.8299560546875,101492100,,0.0,0.0,Neutral,0.0025603390440536167
2020-12-19,1643.2099609375,1645.5400390625,1635.800048828125,1638.27001953125,81246900,,0.0,0.0,Neutral,0.006357064214998376
2019-02-12,1645.0699462890625,1645.6099853515625,1637.5699462890625,1644.010009765625,106616000,,0.0,0.0,Neutral,0.0011319219063772312
2023-06-01,1641.81005859375,1645.0899658203125,1640.300048828125,1645.0799560546875,65502900,,0.0,0.0,Neutral,-0.0019816103884616743
2023-10-31,1644.3499755859375,1645.719970703125,1640.3800048828125,1643.6700439453125,83680300,,0.0,0.0,Neutral,0.0015470224334981353
2020-07-11,1641.93994140625,1645.56005859375,1639.2099609375,1645.18994140625,98177100,,0.0,0.0,Neutral,-0.0014656455228326815
2022-03-30,1639.4599609375,1642.1300048828125,1635.8900146484375,1641.8299560546875,86807000,,0.0,0.0,Neutral,-0.0015103965779807993
2019-02-12,1624.22998046875,1639.3299560546875,1622.449951171875,1639.3299560546875,105835100,,0.0,0.0,Neutral,-0.009289632459240416
2020-12-16,1630.1700439453125,1631.0899658203125,1623.43994140625,1624.530029296875,100767200,,0.0,0.0,Neutral,0.003657156651454052
2021-03-28,1631.3299560546875,1638.8699951171875,1630.8299560546875,1634.949951171875,73256000,,0.0,0.0,Neutral,0.000711528293433572
2024-01-12,1629.4599609375,1635.469970703125,1626.989990234375,1631.5799560546875,90054600,,0.0,0.0,Neutral,-0.0011463009737834318
2023-02-20,1620.9000244140625,1627.77001953125,1615.530029296875,1627.0699462890625,103910200,,0.0,0.0,Neutral,-0.005253235261155176
2020-12-18,1619.72998046875,1620.550048828125,1609.8299560546875,1617.6700439453125,138129600,,0.0,0.0,Neutral,-0.0007218483112402252
2020-12-18,1622.0699462890625,1625.219970703125,1618.68994140625,1620.6400146484375,75776100,,0.0,0.0,Neutral,0.0014446641406460348
2024-01-24,1622.06005859375,1630.9100341796875,1621.1600341796875,1622.56005859375,115059500,,0.0,0.0,Neutral,-6.0957268428474265e-06
2022-10-06,1627.43994140625,1629.4200439453125,1620.9300537109375,1624.1199951171875,106178700,,0.0,0.0,Neutral,0.003316697667264057
2024-09-30,1638.010009765625,1640.9599609375,1633.699951171875,1633.699951171875,134534900,,0.0,0.0,Neutral,0.006494905335948431
2023-09-14,1635.6800537109375,1640.1300048828125,1632.510009765625,1637.3399658203125,120413200,,0.0,0.0,Neutral,-0.0014224309013965986
2022-04-21,1638.3800048828125,1639.1800537109375,1632.5799560546875,1638.6600341796875,114937300,,0.0,0.0,Neutral,0.0016506597153578273
2020-12-18,1637.4000244140625,1637.489990234375,1631.8299560546875,1637.300048828125,63429800,,0.0,0.0,Neutral,-0.0005981399100509766
2024-12-20,1642.2900390625,1643.449951171875,1634.5400390625,1634.6199951171875,139943400,,0.0,0.0,Neutral,0.0029864508217454233
2021-05-12,1632.239990234375,1644.3499755859375,1631.27001953125,1642.4599609375,87894400,,0.0,0.0,Neutral,-0.006119533449683523
2024-10-15,1637.300048828125,1637.4100341796875,1625.56005859375,1631.530029296875,82569700,,0.0,0.0,Neutral,0.0031000702249817103
2022-03-29,1632.800048828125,1633.6600341796875,1623.6099853515625,1632.0400390625,64595700,,0.0,0.0,Neutral,-0.0027484272068646343
2024-08-29,1639.3699951171875,1641.8599853515625,1626.06005859375,1626.77001953125,165442400,,0.0,0.0,Neutral,0.004023729846025947
2023-08-08,1633.550048828125,1635.56005859375,1627.3800048828125,1635.56005859375,147577400,,0.0,0.0,Neutral,-0.003550111510151499
2021-02-27,1618.530029296875,1630.43994140625,1618.3299560546875,1629.6099853515625,133418700,,0.0,0.0,Neutral,-0.009194710343907175
2024-10-15,1610.27001953125,1620.4000244140625,1610.27001953125,1615.9100341796875,98812400,,0.0,0.0,Neutral,-0.005103402232959131
2022-09-24,1601.0899658203125,1611.469970703125,1598.5999755859375,1610.550048828125,107076500,,0.0,0.0,Neutral,-0.005700940587349379
2024-09-25,1599.18994140625,1603.719970703125,1572.030029296875,1580.8499755859375,173978800,,0.0,0.0,Neutral,-0.001186706840105023
2024-06-27,1611.4300537109375,1617.4300537109375,1601.0400390625,1601.4300537109375,147144300,,0.0,0.0,Neutral,0.007653945280523766
2020-03-18,1599.18994140625,1610.780029296875,1599.18994140625,1609.219970703125,95600000,,0.0,0.0,Neutral,-0.007595807386426734
2020-12-16,1605.3599853515625,1610.9599609375,1599.3199462890625,1599.3199462890625,85616600,,0.0,0.0,Neutral,0.0038582308364738527
2023-09-15,1603.739990234375,1614.22998046875,1603.6500244140625,1608.739990234375,100448000,,0.0,0.0,Neutral,-0.0010091164174823586
2021-07-31,1601.8699951171875,1605.1300048828125,1589.7900390625,1599.93994140625,149289000,,0.0,0.0,Neutral,-0.0011660213803823538
2023-12-25,1598.3199462890625,1606.8499755859375,1592.969970703125,1594.1600341796875,99444600,,0.0,0.0,Neutral,-0.0022161903518677084
2024-06-07,1601.3499755859375,1604.43994140625,1597.25,1604.43994140625,71164500,,0.0,0.0,Neutral,0.0018957589210533143
2020-09-11,1614.5699462890625,1614.5699462890625,1602.1500244140625,1604.260009765625,384159000,,0.0,0.0,Neutral,0.00825551622360865
2024-06-14,1623.6700439453125,1626.6400146484375,1611.47998046875,1614.6800537109375,116436500,,0.0,0.0,Neutral,0.005636236248027338
2024-06-10,1636.5,1639.4200439453125,1620.280029296875,1620.97998046875,130813400,,0.0,0.0,Neutral,0.007901824698023141
2021-05-01,1650.760009765625,1650.760009765625,1634.1400146484375,1639.760009765625,159714600,,0.0,0.0,Neutral,0.008713724268637257
2023-04-30,1655.31005859375,1656.6800537109375,1642.6600341796875,1649.9300537109375,105242100,,0.0,0.0,Neutral,0.0027563357491140472
2020-12-16,1644.0899658203125,1655.8900146484375,1644.0899658203125,1654.02001953125,61533700,,0.0,0.0,Neutral,-0.006778242369269161
2023-12-16,1649.3299560546875,1651.989990234375,1646.800048828125,1650.9300537109375,102539800,,0.0,0.0,Neutral,0.0031871675779984177
2020-11-30,1655.469970703125,1656.0,1651.8499755859375,1651.9300537109375,93023500,Everyday Global Account - HSBC Malaysia,-0.1,0.3,Negative,0.003722732753320468
2022-03-29,1651.199951171875,1657.3599853515625,1649.81005859375,1655.800048828125,111042200,,0.0,0.0,Neutral,-0.002579339768655764
2019-08-22,1650.739990234375,1650.739990234375,1642.1099853515625,1646.6700439453125,90831900,,0.0,0.0,Neutral,-0.0002785616225179366
2024-03-06,1643.739990234375,1646.219970703125,1640.300048828125,1644.0799560546875,96232000,,0.0,0.0,Neutral,-0.004240522457450213
2023-06-01,1638.6300048828125,1649.5699462890625,1636.3199462890625,1649.4200439453125,83903000,,0.0,0.0,Neutral,-0.0031087552666002605
2022-10-18,1638.4000244140625,1644.0400390625,1637.4599609375,1638.9300537109375,84794700,,0.0,0.0,Neutral,-0.0001403492356814029
2021-08-10,1652.760009765625,1652.760009765625,1636.1800537109375,1636.6600341796875,100923800,,0.0,0.0,Neutral,0.008764639366199978
2020-05-31,1666.5400390625,1666.9000244140625,1652.5799560546875,1654.5699462890625,109775000,,0.0,0.0,Neutral,0.00833758634977455
2021-12-10,1675.4300537109375,1675.4300537109375,1660.8299560546875,1660.8299560546875,132199500,,0.0,0.0,Neutral,0.005334414079507299
2022-10-08,1682.22998046875,1682.22998046875,1672.0899658203125,1672.239990234375,219305100,,0.0,0.0,Neutral,0.004058615722423831
2021-07-07,1676.1300048828125,1679.280029296875,1674.4000244140625,1679.280029296875,87859800,,0.0,0.0,Neutral,-0.0036261246421477322
2021-07-01,1676.6099853515625,1677.760009765625,1672.4100341796875,1675.8199462890625,111387800,,0.0,0.0,Neutral,0.00028636231518541777
2022-12-31,1674.489990234375,1677.1700439453125,1672.5899658203125,1674.22998046875,82354800,,0.0,0.0,Neutral,-0.0012644533527235158
2022-02-25,1672.699951171875,1676.72998046875,1670.72998046875,1670.72998046875,118539600,,0.0,0.0,Neutral,-0.0010690055317974512
2020-11-29,1672.1300048828125,1677.3399658203125,1670.81005859375,1671.4200439453125,120364900,,0.0,0.0,Neutral,-0.0003407343251629058
2024-02-22,1683.6199951171875,1683.6199951171875,1674.9100341796875,1674.9100341796875,88667200,,0.0,0.0,Neutral,0.006871469443657352
2020-12-19,1691.0,1694.550048828125,1684.06005859375,1685.780029296875,182396400,,0.0,0.0,Neutral,0.0043834148467087886
2020-12-16,1690.050048828125,1690.050048828125,1683.239990234375,1689.25,102458400,,0.0,0.0,Neutral,-0.0005617688775133578
2021-09-19,1687.47998046875,1690.81005859375,1685.6400146484375,1688.6500244140625,84268400,,0.0,0.0,Neutral,-0.0015207054732828684
2022-07-15,1682.530029296875,1687.5999755859375,1677.0799560546875,1687.5999755859375,88226700,,0.0,0.0,Neutral,-0.0029333391976004153
2024-12-21,1677.6400146484375,1679.6600341796875,1672.8800048828125,1679.6500244140625,79839500,,0.0,0.0,Neutral,-0.0029063461354571496
2020-12-18,1682.8699951171875,1682.8699951171875,1677.97998046875,1679.1500244140625,88883400,,0.0,0.0,Neutral,0.00311746287825998
2020-12-18,1678.969970703125,1683.68994140625,1674.1300048828125,1682.68994140625,87430200,,0.0,0.0,Neutral,-0.002317484075049392
2022-07-06,1679.260009765625,1681.780029296875,1674.699951171875,1681.219970703125,85988000,,0.0,0.0,Neutral,0.00017274821322654788
2024-06-01,1669.449951171875,1682.0400390625,1668.989990234375,1681.030029296875,126112400,,0.0,0.0,Neutral,-0.005841893772673856
2020-08-15,1672.3699951171875,1672.3699951171875,1664.3800048828125,1670.4000244140625,75675700,,0.0,0.0,Neutral,0.001749105412392149
2020-07-09,1668.93994140625,1672.469970703125,1666.3699951171875,1671.489990234375,93222700,,0.0,0.0,Neutral,-0.002051013663813772
2020-12-18,1657.530029296875,1667.7900390625,1656.760009765625,1667.5,88444600,,0.0,0.0,Neutral,-0.006836622353085353
2022-11-19,1648.9300537109375,1659.93994140625,1648.9300537109375,1657.800048828125,101531000,,0.0,0.0,Neutral,-0.00518842822388299
2021-04-08,1658.18994140625,1658.93994140625,1649.550048828125,1649.550048828125,86279200,,0.0,0.0,Neutral,0.005615694658771542
2023-06-28,1655.4000244140625,1658.280029296875,1647.699951171875,1658.280029296875,73533400,,0.0,0.0,Neutral,-0.0016825074875448376
2024-08-16,1655.6700439453125,1658.3499755859375,1654.02001953125,1654.72998046875,108738200,,0.0,0.0,Neutral,0.0001631143694984516
2023-06-22,1652.4100341796875,1659.3800048828125,1651.3599853515625,1653.8800048828125,154536400,,0.0,0.0,Neutral,-0.0019689972513222687
2022-07-07,1656.5799560546875,1656.5799560546875,1650.3199462890625,1653.739990234375,113375000,,0.0,0.0,Neutral,0.002523539429527988
2021-03-28,1647.9599609375,1653.77001953125,1647.9599609375,1653.739990234375,141697300,,0.0,0.0,Neutral,-0.0052034887212548675
2024-02-09,1642.68994140625,1648.7099609375,1637.25,1647.9599609375,78401400,,0.0,0.0,Neutral,-0.0031979050803224718
2024-05-13,1634.8699951171875,1642.72998046875,1626.3199462890625,1640.9200439453125,196276700,,0.0,0.0,Neutral,-0.004760451800397636
2024-06-28,1639.0699462890625,1639.1300048828125,1627.949951171875,1628.800048828125,138091900,,0.0,0.0,Neutral,0.002568981744370369
2024-04-03,1626.760009765625,1631.4200439453125,1623.6600341796875,1631.3900146484375,116380700,,0.0,0.0,Neutral,-0.007510318001564098
2024-02-13,1610.4100341796875,1621.6800537109375,1610.4100341796875,1621.1199951171875,123498200,UOB Balance Transfer - UOB Malaysia,0.0,0.0,Neutral,-0.010050637763275971
2021-02-26,1611.7900390625,1617.219970703125,1588.97998046875,1592.8399658203125,183727500,,0.0,0.0,Neutral,0.0008569276479424293
2024-01-26,1604.699951171875,1611.47998046875,1602.800048828125,1611.0999755859375,366237100,,0.0,0.0,Neutral,-0.004398890499874852
2023-11-21,1616.02001953125,1620.6500244140625,1605.8399658203125,1607.1800537109375,113077000,,0.0,0.0,Neutral,0.007054320872327713
2019-04-27,1615.050048828125,1620.760009765625,1613.27001953125,1613.300048828125,94084900,,0.0,0.0,Neutral,-0.0006002219597541769
2024-04-17,1592.8800048828125,1615.239990234375,1591.2900390625,1615.239990234375,149253200,,0.0,0.0,Neutral,-0.013727155985908346
2022-07-31,1600.31005859375,1603.0400390625,1596.8199462890625,1598.3599853515625,110009700,,0.0,0.0,Neutral,0.004664540761489588
2024-05-14,1600.2900390625,1600.2900390625,1581.260009765625,1584.9100341796875,129951400,,0.0,0.0,Neutral,-1.2509782802760938e-05
2024-01-26,1599.219970703125,1600.1700439453125,1590.1800537109375,1598.06005859375,110266200,,0.0,0.0,Neutral,-0.0006686715115729047
2022-12-09,1596.449951171875,1602.030029296875,1594.8399658203125,1595.510009765625,103561700,,0.0,0.0,Neutral,-0.001732106640734421
2024-01-21,1602.75,1603.4300537109375,1597.1300048828125,1598.3699951171875,106942400,,0.0,0.0,Neutral,0.00394628646109485
2024-01-25,1594.5899658203125,1601.9000244140625,1594.5899658203125,1601.239990234375,96427600,,0.0,0.0,Neutral,-0.005091270740719023
2024-08-27,1602.469970703125,1605.530029296875,1594.1700439453125,1596.260009765625,113714400,,0.0,0.0,Neutral,0.0049417123221133785
2024-01-25,1609.3299560546875,1609.3299560546875,1594.5899658203125,1595.77001953125,84127400,,0.0,0.0,Neutral,0.004280882311044287
2024-01-26,1600.530029296875,1600.530029296875,1590.510009765625,1598.280029296875,89033000,,0.0,0.0,Neutral,-0.005468068698221251
2024-01-23,1590.8399658203125,1601.4000244140625,1590.8399658203125,1601.4000244140625,210071500,,0.0,0.0,Neutral,-0.006054284080392658
2024-08-24,1589.8199462890625,1592.1300048828125,1585.6600341796875,1590.3900146484375,92700600,,0.0,0.0,Neutral,-0.0006411829933654634
2024-01-23,1595.1800537109375,1597.3900146484375,1584.8299560546875,1593.3599853515625,92439100,,0.0,0.0,Neutral,0.0033715185385529978
2024-05-16,1612.1400146484375,1612.1400146484375,1601.5899658203125,1602.239990234375,150191400,,0.0,0.0,Neutral,0.010632004141504448
2024-01-25,1591.52001953125,1616.3399658203125,1591.52001953125,1612.780029296875,105352900,,0.0,0.0,Neutral,-0.012790449297100381
2023-08-15,1599.8900146484375,1600.9100341796875,1591.1099853515625,1593.969970703125,95861600,,0.0,0.0,Neutral,0.00525912022121644
2024-06-30,1599.75,1603.7900390625,1592.8399658203125,1598.1700439453125,108502500,,0.0,0.0,Neutral,-8.751517114025109e-05
2021-02-01,1604.469970703125,1606.4000244140625,1599.5799560546875,1601.6600341796875,91206400,,0.0,0.0,Neutral,0.0029504426961244334
2021-08-23,1595.8499755859375,1597.780029296875,1589.780029296875,1590.8299560546875,174806400,,0.0,0.0,Neutral,-0.005372487659217384
2022-11-10,1602.300048828125,1602.300048828125,1595.280029296875,1597.8800048828125,128033000,,0.0,0.0,Neutral,0.004041779202847318
2023-02-13,1601.0,1608.3900146484375,1601.0,1603.2099609375,120542700,,0.0,0.0,Neutral,-0.0008113641568417984
2024-10-01,1601.25,1603.6800537109375,1596.3299560546875,1600.68994140625,87804400,,0.0,0.0,Neutral,0.0001561524047470897
2024-01-18,1604.300048828125,1609.969970703125,1597.0899658203125,1609.9200439453125,140900100,,0.0,0.0,Neutral,0.0019047923985167081
2024-12-31,1599.489990234375,1599.5699462890625,1594.0899658203125,1599.5699462890625,102870800,,0.0,0.0,Neutral,-0.002998228789722668
2024-01-18,1596.280029296875,1599.1700439453125,1592.6500244140625,1598.6500244140625,82675500,,0.0,0.0,Neutral,-0.0020068652864965175
2024-01-19,1597.4100341796875,1597.6099853515625,1590.02001953125,1597.6099853515625,246858500,,0.0,0.0,Neutral,0.0007078989037470063
2021-11-20,1592.9300537109375,1597.5899658203125,1590.969970703125,1597.5899658203125,83778400,,0.0,0.0,Neutral,-0.002804527562048631
2024-09-30,1592.3299560546875,1593.5,1585.5799560546875,1593.5,100387100,,0.0,0.0,Neutral,-0.000376725679104406
2022-03-03,1589.5799560546875,1593.989990234375,1586.1400146484375,1592.52001953125,74123200,,0.0,0.0,Neutral,-0.0017270289926678561
2022-04-04,1593.0,1593.050048828125,1589.2099609375,1589.47998046875,95044500,,0.0,0.0,Neutral,0.002151539425422122
2024-09-30,1584.1400146484375,1592.050048828125,1583.449951171875,1590.239990234375,73331700,,0.0,0.0,Neutral,-0.005561823823956424
2024-06-05,1583.9100341796875,1586.68994140625,1578.530029296875,1584.260009765625,92489700,,0.0,0.0,Neutral,-0.00014517685723702822
2024-01-18,1589.43994140625,1589.6400146484375,1583.8399658203125,1584.93994140625,71303900,,0.0,0.0,Neutral,0.00349130134113107
2023-11-01,1574.9000244140625,1589.06005859375,1574.9000244140625,1588.8499755859375,87431300,,0.0,0.0,Neutral,-0.009147824094141832
2024-01-18,1564.1199951171875,1572.0400390625,1563.1300048828125,1571.9599609375,90318700,,0.0,0.0,Neutral,-0.006844897536201211
2023-04-05,1557.6700439453125,1564.7900390625,1551.9599609375,1563.8900146484375,76431100,,0.0,0.0,Neutral,-0.004123693317654831
2022-06-20,1559.0,1560.3699951171875,1555.550048828125,1557.7900390625,44082500,,0.0,0.0,Neutral,0.0008538111520197678
2024-12-05,1558.7900390625,1565.1600341796875,1556.2099609375,1560.4599609375,78376500,,0.0,0.0,Neutral,-0.000134676675753731
2024-03-28,1551.22998046875,1555.4200439453125,1548.6199951171875,1554.72998046875,87647500,,0.0,0.0,Neutral,-0.004849953107409433
2021-10-21,1551.8699951171875,1553.1800537109375,1548.449951171875,1550.699951171875,69706900,,0.0,0.0,Neutral,0.0004125852752305814
2022-04-14,1556.8399658203125,1558.260009765625,1550.9599609375,1550.9599609375,78630200,,0.0,0.0,Neutral,0.0032025689772741117
2021-11-20,1567.5899658203125,1568.9599609375,1562.6500244140625,1562.6500244140625,67604000,,0.0,0.0,Neutral,0.006905012869666161
2022-07-19,1566.22998046875,1568.239990234375,1563.1300048828125,1567.030029296875,84407300,,0.0,0.0,Neutral,-0.0008675644659735804
2020-02-12,1574.9000244140625,1574.9000244140625,1567.8699951171875,1568.0999755859375,104215600,,0.0,0.0,Neutral,0.005535613577463128
2024-08-28,1574.5,1577.0400390625,1569.2099609375,1573.0400390625,96261500,,0.0,0.0,Neutral,-0.00025399987799945567
2020-11-18,1571.1500244140625,1576.8699951171875,1567.719970703125,1572.719970703125,102591400,,0.0,0.0,Neutral,-0.0021276440685534803
2023-10-25,1570.9300537109375,1572.06005859375,1565.0799560546875,1568.780029296875,48984300,,0.0,0.0,Neutral,-0.00014000617363518764
2020-05-07,1574.0899658203125,1574.0899658203125,1567.699951171875,1570.27001953125,92716700,,0.0,0.0,Neutral,0.002011491283084421
2021-05-27,1568.7900390625,1573.22998046875,1564.0799560546875,1571.6600341796875,81163100,,0.0,0.0,Neutral,-0.0033669783004115494
2021-11-05,1571.1099853515625,1571.4300537109375,1565.6400146484375,1569.469970703125,85709400,,0.0,0.0,Neutral,0.0014788124805080738
2024-02-18,1570.0,1573.1500244140625,1567.9000244140625,1572.9200439453125,70214800,,0.0,0.0,Neutral,-0.000706497547537488
2023-08-15,1577.7900390625,1577.97998046875,1570.1800537109375,1573.1600341796875,136240000,,0.0,0.0,Neutral,0.004961808320063765
2024-01-04,1580.0,1583.0,1575.3299560546875,1583.0,103994200,,0.0,0.0,Neutral,0.001400668582502318
2022-08-22,1597.97998046875,1599.77001953125,1579.1400146484375,1579.1400146484375,192718900,,0.0,0.0,Neutral,0.0113797344738924
2022-03-02,1593.3399658203125,1596.8399658203125,1583.0,1595.72998046875,88597000,,0.0,0.0,Neutral,-0.002903675080507817
2023-11-04,1603.56005859375,1603.56005859375,1595.199951171875,1598.280029296875,105488800,,0.0,0.0,Neutral,0.006414257467128648
2024-11-18,1606.739990234375,1606.739990234375,1597.760009765625,1599.0699462890625,136828000,,0.0,0.0,Neutral,0.001983044927804878
2022-04-04,1603.25,1609.6400146484375,1597.1800537109375,1609.4300537109375,86576200,,0.0,0.0,Neutral,-0.0021720939639188197
2021-03-04,1609.3299560546875,1609.3299560546875,1601.1800537109375,1604.8499755859375,106440400,,0.0,0.0,Neutral,0.003792269486784683
2024-01-18,1609.72998046875,1614.18994140625,1606.02001953125,1607.0899658203125,109606800,,0.0,0.0,Neutral,0.00024856581620036344
2021-11-03,1608.1500244140625,1611.4300537109375,1601.989990234375,1610.6600341796875,87810000,,0.0,0.0,Neutral,-0.0009815037763212242
2023-01-17,1609.72998046875,1614.2099609375,1605.7099609375,1612.1800537109375,102461500,,0.0,0.0,Neutral,0.000982468072444398
2023-11-29,1597.219970703125,1610.8800048828125,1593.9100341796875,1610.8800048828125,120634300,,0.0,0.0,Neutral,-0.007771495789611893
2024-02-27,1593.550048828125,1598.0899658203125,1592.6300048828125,1595.4000244140625,83645300,Malaysian Qualifications Register (MQR) - mqa.gov.my,0.0,0.0,Neutral,-0.0022976934563273543
2023-10-13,1594.75,1596.8499755859375,1592.219970703125,1593.7900390625,77516500,,0.0,0.0,Neutral,0.0007530050108921493
2021-03-13,1604.3599853515625,1604.3599853515625,1592.469970703125,1593.0899658203125,57599800,,0.0,0.0,Neutral,0.006026013702186805
2022-07-01,1605.31005859375,1605.31005859375,1595.1500244140625,1601.0899658203125,80138500,CASHLITE - CIMB Malaysia,0.0,0.0,Neutral,0.0005921820856054083
2024-12-06,1601.1400146484375,1604.3800048828125,1598.3199462890625,1601.4200439453125,87737000,Cash Plus Personal Loan - CIMB Malaysia | Hire Purchase - CIMB Malaysia,0.0,0.3,Neutral,-0.0025976563985187218
2022-04-23,1592.18994140625,1601.3599853515625,1587.0699462890625,1601.3599853515625,97583900,,0.0,0.0,Neutral,-0.00558981298344019
2023-09-09,1596.8399658203125,1600.06005859375,1589.25,1589.8699951171875,93254800,,0.0,0.0,Neutral,0.002920521159652356
2024-01-12,1591.3499755859375,1596.300048828125,1588.719970703125,1595.0799560546875,56368900,,0.0,0.0,Neutral,-0.003438034087251074
2023-04-17,1583.8699951171875,1595.9200439453125,1583.699951171875,1589.6400146484375,255822800,,0.0,0.0,Neutral,-0.004700399398941735
2021-12-27,1587.1800537109375,1590.510009765625,1582.4599609375,1587.6400146484375,72429300,How can we help you? - Touch 'n Go eWallet Help Centre,0.0,0.0,Neutral,0.0020898549779682085
2023-09-09,1583.77001953125,1588.510009765625,1582.280029296875,1588.0799560546875,68597800,,0.0,0.0,Neutral,-0.0021484860345331036
2020-12-16,1561.739990234375,1585.699951171875,1560.719970703125,1585.699951171875,113618700,,0.0,0.0,Neutral,-0.013909866347511235
2019-11-19,1570.550048828125,1570.550048828125,1561.97998046875,1562.550048828125,75988700,,0.0,0.0,Neutral,0.005641181405893203
2023-01-25,1562.27001953125,1568.8499755859375,1556.1700439453125,1568.8499755859375,85943900,,0.0,0.0,Neutral,-0.005272056947852932
2020-06-19,1560.9300537109375,1560.9300537109375,1550.9200439453125,1553.989990234375,106194700,,0.0,0.0,Neutral,-0.0008577043683617447
2020-05-19,1563.5799560546875,1567.3399658203125,1560.1300048828125,1561.93994140625,102869400,,0.0,0.0,Neutral,0.001697643233564694
2023-08-28,1568.43994140625,1569.010009765625,1561.5799560546875,1561.5799560546875,67750300,,0.0,0.0,Neutral,0.0031082422953447875
2021-01-30,1562.7099609375,1567.780029296875,1560.02001953125,1566.1800537109375,76676600,,0.0,0.0,Neutral,-0.0036532992545526
2021-07-25,1561.7900390625,1564.8199462890625,1559.22998046875,1561.469970703125,72435300,,0.0,0.0,Neutral,-0.0005886708973481536
2019-05-26,1563.18994140625,1568.030029296875,1558.760009765625,1558.760009765625,94604400,,0.0,0.0,Neutral,0.000896344776657898
2020-11-03,1567.3399658203125,1572.510009765625,1559.8299560546875,1559.8299560546875,124138400,,0.0,0.0,Neutral,0.0026548433457351805
2023-09-14,1571.1600341796875,1579.22998046875,1571.1600341796875,1576.510009765625,125142500,,0.0,0.0,Neutral,0.0024372940412935584
2020-06-19,1569.3499755859375,1573.4100341796875,1565.5899658203125,1568.4300537109375,77939800,,0.0,0.0,Neutral,-0.0011520523399101146
2024-05-08,1576.949951171875,1576.949951171875,1564.25,1571.8699951171875,105202000,,0.0,0.0,Neutral,0.004842753817930312
2024-07-18,1599.1099853515625,1599.1099853515625,1599.1099853515625,1599.1099853515625,0,,0.0,0.0,Neutral,0.014052465116739965
2022-06-16,1596.010009765625,1603.5899658203125,1585.760009765625,1587.1300048828125,84325300,,0.0,0.0,Neutral,-0.0019385630846748825
2024-03-25,1610.1800537109375,1610.1800537109375,1591.949951171875,1598.27001953125,170098700,,0.0,0.0,Neutral,0.008878417966434515
2020-12-14,1614.1800537109375,1615.1099853515625,1601.22998046875,1606.449951171875,65777100,,0.0,0.0,Neutral,0.0024841942308138076
2019-11-19,1604.22998046875,1613.8699951171875,1602.0999755859375,1613.8299560546875,34847100,Lawyer or Law Firm - Malaysian Bar,-0.2,0.4,Negative,-0.006164165651355136
2024-05-08,1603.550048828125,1607.1199951171875,1602.6600341796875,1604.6800537109375,22687500,,0.0,0.0,Neutral,-0.0004238367621245409
2019-11-19,1610.6099853515625,1610.9100341796875,1598.47998046875,1599.9300537109375,63765200,UOB Easi Payment Plan TERMS AND CONDITIONS - UOB Malaysia,0.0,0.0,Neutral,0.00440269172053398
2020-12-14,1615.6700439453125,1617.4300537109375,1608.760009765625,1609.449951171875,82149800,,0.0,0.0,Neutral,0.0031417032303109327
2019-03-21,1588.760009765625,1610.68994140625,1588.760009765625,1609.3699951171875,104601300,,0.0,0.0,Neutral,-0.016655649636218905
2022-01-26,1602.5,1603.719970703125,1590.97998046875,1590.97998046875,69876500,,0.0,0.0,Neutral,0.008648247784385
2023-07-28,1611.3800048828125,1612.6199951171875,1604.3399658203125,1606.31005859375,109697200,,0.0,0.0,Neutral,0.00554134470066292
2020-12-16,1597.760009765625,1611.1600341796875,1593.0799560546875,1611.1600341796875,57241400,,0.0,0.0,Neutral,-0.008452379374148888
2020-12-18,1611.0400390625,1612.5999755859375,1596.4200439453125,1596.56005859375,96579400,,0.0,0.0,Neutral,0.008311654576223182
2020-09-21,1589.0999755859375,1604.06005859375,1587.4300537109375,1604.06005859375,93682000,Car Loan Calculator - Perodua,0.0,0.0,Neutral,-0.013618571199093155
2020-12-13,1595.6500244140625,1599.010009765625,1589.97998046875,1593.719970703125,97468500,,0.0,0.0,Neutral,0.004121860756878926
2020-12-16,1591.4599609375,1597.8499755859375,1589.0699462890625,1596.6500244140625,77260800,,0.0,0.0,Neutral,-0.0026259288769171496
2021-02-12,1584.72998046875,1595.239990234375,1581.5699462890625,1593.0999755859375,76066600,,0.0,0.0,Neutral,-0.004228809165130021
2020-12-16,1580.5999755859375,1587.469970703125,1571.8900146484375,1584.989990234375,96081600,,0.0,0.0,Neutral,-0.00260612529182469
2020-12-16,1585.1400146484375,1585.1400146484375,1573.9200439453125,1579.93994140625,84830800,,0.0,0.0,Neutral,0.002872351722526645
2024-09-09,1587.8800048828125,1588.22998046875,1575.77001953125,1582.1199951171875,95089400,,0.0,0.0,Neutral,0.0017285477680548667
2021-01-30,1595.81005859375,1595.81005859375,1586.760009765625,1586.93994140625,147653500,,0.0,0.0,Neutral,0.004994113967398128
2019-08-03,1588.8800048828125,1596.3900146484375,1588.8800048828125,1596.3900146484375,82673100,,0.0,0.0,Neutral,-0.00434265574002235
2024-02-09,1587.3299560546875,1592.5899658203125,1587.0999755859375,1589.2900390625,113059900,,0.0,0.0,Neutral,-0.0009755606611963064
2021-10-21,1577.97998046875,1595.3800048828125,1576.9000244140625,1584.6400146484375,169768500,,0.0,0.0,Neutral,-0.005890379344428709
2021-02-02,1574.43994140625,1577.7900390625,1571.5799560546875,1575.27001953125,109508300,,0.0,0.0,Neutral,-0.0022433992232577804
2024-12-20,1572.81005859375,1575.2099609375,1568.6400146484375,1573.5999755859375,80187200,,0.0,0.0,Neutral,-0.001035214344882629
2024-12-20,1551.6400146484375,1551.6400146484375,1551.6400146484375,1551.6400146484375,0,,0.0,0.0,Neutral,-0.013460013070008325
2021-12-15,1550.469970703125,1554.4200439453125,1547.93994140625,1551.6300048828125,173163500,,0.0,0.0,Neutral,-0.0007540692005018057
2023-04-23,1545.5899658203125,1545.5899658203125,1545.5899658203125,1545.5899658203125,0,,0.0,0.0,Neutral,-0.0031474359226701942
2024-09-25,1531.06005859375,1552.4599609375,1530.68994140625,1544.25,232272000,,0.0,0.0,Neutral,-0.009400880924360089
2019-03-21,1521.949951171875,1528.06005859375,1517.6099853515625,1522.1400146484375,154060300,,0.0,0.0,Neutral,-0.005950195990510276
2024-08-21,1535.800048828125,1542.5899658203125,1527.699951171875,1528.3199462890625,167916100,,0.0,0.0,Neutral,0.009100232005386122
2023-06-08,1536.7900390625,1539.8900146484375,1529.0999755859375,1539.6400146484375,192358700,,0.0,0.0,Neutral,0.0006446088051177412
2019-05-26,1552.77001953125,1555.6300048828125,1540.8800048828125,1540.8800048828125,154660000,,0.0,0.0,Neutral,0.010398284777078937
2019-03-08,1554.489990234375,1554.9100341796875,1546.0799560546875,1554.2900390625,124357000,,0.0,0.0,Neutral,0.0011076789746651272
2020-12-14,1542.800048828125,1557.0699462890625,1540.1099853515625,1557.0699462890625,101850300,,0.0,0.0,Neutral,-0.0075201136576553695
2023-08-28,1551.47998046875,1554.6700439453125,1543.22998046875,1544.8900146484375,103140000,,0.0,0.0,Neutral,0.005626089814566804
2020-10-08,1542.93994140625,1555.6600341796875,1538.6600341796875,1551.02001953125,182740200,Localized Muscle Spasm - DoctorOnCall,0.0,0.0,Neutral,-0.005504446831418264
2022-01-26,1539.1600341796875,1545.9200439453125,1536.760009765625,1544.75,98000800,,0.0,0.0,Neutral,-0.002449808398321318
2020-12-16,1544.4599609375,1544.4599609375,1534.969970703125,1538.719970703125,95266500,,0.0,0.0,Neutral,0.0034433890174632165
2021-08-23,1537.1199951171875,1545.9200439453125,1537.1199951171875,1542.969970703125,75684400,,0.0,0.0,Neutral,-0.004752448108694907
2020-12-14,1537.0799560546875,1537.8699951171875,1532.8900146484375,1536.510009765625,100882100,,0.0,0.0,Neutral,-2.6048104654896598e-05
2024-02-01,1534.1600341796875,1539.9000244140625,1530.8299560546875,1539.219970703125,100665400,,0.0,0.0,Neutral,-0.0018996551633493342
2019-11-27,1534.97998046875,1540.1800537109375,1531.1500244140625,1537.0999755859375,125662200,,0.0,0.0,Neutral,0.000534459424567757
2020-12-16,1531.199951171875,1533.9100341796875,1527.5699462890625,1529.010009765625,106739500,,0.0,0.0,Neutral,-0.002462591919746515
2021-02-12,1490.06005859375,1510.4200439453125,1486.7099609375,1501.469970703125,255636600,,0.0,0.0,Neutral,-0.026867746793382108
2024-09-09,1500.8800048828125,1503.300048828125,1481.4599609375,1481.4599609375,174202800,,0.0,0.0,Neutral,0.007261416227258621
2024-06-30,1495.18994140625,1508.4300537109375,1485.239990234375,1489.3299560546875,199950000,,0.0,0.0,Neutral,-0.0037911514964894533
2019-12-24,1505.5899658203125,1508.27001953125,1494.93994140625,1496.72998046875,133612600,,0.0,0.0,Neutral,0.0069556543460165265
2020-12-19,1482.6400146484375,1494.0899658203125,1473.77001953125,1484.9000244140625,312195000,,0.0,0.0,Neutral,-0.015243161612976674
2021-10-12,1466.93994140625,1478.6800537109375,1456.0799560546875,1471.3399658203125,231463500,,0.0,0.0,Neutral,-0.0105892685257859
2020-12-18,1478.6400146484375,1481.3599853515625,1466.9000244140625,1476.300048828125,179122500,,0.0,0.0,Neutral,0.007975836577857054
2020-12-16,1489.949951171875,1491.0699462890625,1474.949951171875,1478.3299560546875,185113600,MaxiHome Flexi Loan - Home Financing - Maybank2u,0.0,0.0,Neutral,0.007648877624975237
2024-10-15,1491.030029296875,1497.31005859375,1486.3499755859375,1492.3599853515625,140555700,,0.0,0.0,Neutral,0.0007249089972118927
2022-10-07,1483.0999755859375,1486.8399658203125,1479.739990234375,1486.8399658203125,169355600,,0.0,0.0,Neutral,-0.00531850704219361
2021-01-13,1424.1600341796875,1459.81005859375,1422.6500244140625,1459.81005859375,255462000,,0.0,0.0,Neutral,-0.03974104401354617
2019-03-27,1430.469970703125,1446.72998046875,1414.949951171875,1415.8599853515625,220291600,,0.0,0.0,Neutral,0.004430637268284299
2024-01-24,1443.8299560546875,1454.0,1428.5899658203125,1431.3499755859375,195734000,,0.0,0.0,Neutral,0.009339577638945995
2020-12-16,1419.4300537109375,1432.699951171875,1419.4300537109375,1431.4100341796875,232856800,,0.0,0.0,Neutral,-0.016899429355534012
2020-12-18,1344.75,1369.0,1320.9599609375,1363.760009765625,442093200,,0.0,0.0,Neutral,-0.05261270431445009
2021-07-04,1280.6300048828125,1319.3699951171875,1278.47998046875,1319.3699951171875,343898600,,0.0,0.0,Neutral,-0.047681721596718685
2020-12-18,1256.5799560546875,1278.4300537109375,1211.949951171875,1217.280029296875,431606800,,0.0,0.0,Neutral,-0.018779857364286667
2020-12-18,1239.010009765625,1275.22998046875,1226.260009765625,1254.4300537109375,292176800,News Release - HSBC Malaysia,0.0,0.0,Neutral,-0.013982354409207032
2020-12-18,1219.719970703125,1242.8199462890625,1207.800048828125,1227.7099609375,280828500,,0.0,0.0,Neutral,-0.0155689130115656
2022-12-31,1303.280029296875,1304.550048828125,1220.5400390625,1220.5400390625,396283500,,0.0,0.0,Neutral,0.06850757600171176
2024-11-15,1259.8800048828125,1259.8800048828125,1259.8800048828125,1259.8800048828125,0,,0.0,0.0,Neutral,-0.03330061340499246
2023-06-01,1291.1400146484375,1311.219970703125,1271.3399658203125,1271.3399658203125,199940700,,0.0,0.0,Neutral,0.024811894501439058
2022-03-07,1324.5,1341.8599853515625,1304.969970703125,1322.18994140625,208580500,,0.0,0.0,Neutral,0.025837620221727864
2020-12-26,1328.0899658203125,1336.739990234375,1309.2099609375,1333.72998046875,173835400,,0.0,0.0,Neutral,0.0027104309704133467
2020-12-23,1343.0899658203125,1353.3499755859375,1335.5699462890625,1335.5699462890625,194261000,,0.0,0.0,Neutral,0.011294415578793293
2020-12-16,1328.8800048828125,1336.22998046875,1317.3900146484375,1336.22998046875,144260500,,0.0,0.0,Neutral,-0.01058005144787233
2020-12-16,1350.8900146484375,1352.199951171875,1335.9100341796875,1336.5999755859375,260583600,,0.0,0.0,Neutral,0.016562827106098243
2020-12-16,1322.6600341796875,1344.9000244140625,1322.6600341796875,1344.9000244140625,189037100,,0.0,0.0,Neutral,-0.020897319665285075
2024-02-29,1330.9000244140625,1332.6099853515625,1316.93994140625,1320.6199951171875,154382300,,0.0,0.0,Neutral,0.0062298625659202855
2021-08-26,1330.6500244140625,1333.8199462890625,1324.4100341796875,1331.56005859375,138072800,,0.0,0.0,Neutral,-0.000187842809688199
2021-01-08,1341.68994140625,1343.050048828125,1324.4300537109375,1332.6099853515625,150403500,,0.0,0.0,Neutral,0.008296634569295414
2020-12-16,1369.9200439453125,1369.9200439453125,1352.6300048828125,1355.510009765625,182160000,,0.0,0.0,Neutral,0.021040705209039556
2024-09-19,1361.3900146484375,1367.1600341796875,1358.199951171875,1366.4599609375,149272300,,0.0,0.0,Neutral,-0.0062266621578211945
2020-12-16,1369.760009765625,1371.3499755859375,1366.530029296875,1368.8900146484375,131792500,,0.0,0.0,Neutral,0.00614812436342782
2020-12-16,1357.5,1362.1600341796875,1354.280029296875,1361.6199951171875,81993900,,0.0,0.0,Neutral,-0.008950480141205697
2021-01-06,1356.030029296875,1359.6800537109375,1352.780029296875,1357.93994140625,73131100,,0.0,0.0,Neutral,-0.0010828513466850653
2020-12-16,1371.6600341796875,1373.800048828125,1357.8299560546875,1361.010009765625,114404000,,0.0,0.0,Neutral,0.011526297017859566
2020-12-16,1387.7900390625,1394.6600341796875,1375.1199951171875,1375.6199951171875,166219900,,0.0,0.0,Neutral,0.011759477188864054
2021-01-30,1386.530029296875,1398.530029296875,1378.300048828125,1381.9599609375,162695500,,0.0,0.0,Neutral,-0.0009079253562565004
2020-12-18,1407.3399658203125,1414.6700439453125,1395.550048828125,1395.550048828125,161977100,,0.0,0.0,Neutral,0.015008644662380943
2020-12-16,1413.1199951171875,1428.949951171875,1411.68994140625,1411.68994140625,183669900,,0.0,0.0,Neutral,0.00410705972775105
2021-02-27,1381.72998046875,1407.22998046875,1381.72998046875,1407.22998046875,166167900,,0.0,0.0,Neutral,-0.022213269047852036
2020-12-18,1381.8900146484375,1383.0899658203125,1359.5400390625,1366.4000244140625,190817200,,0.0,0.0,Neutral,0.0001158216018684044
2021-11-03,1381.6400146484375,1395.3399658203125,1378.780029296875,1388.739990234375,147390800,,0.0,0.0,Neutral,-0.00018091164806888216
2024-03-17,1369.8499755859375,1377.7099609375,1367.489990234375,1376.1700439453125,143980200,,0.0,0.0,Neutral,-0.008533365375567814
2024-12-01,1370.1600341796875,1378.4000244140625,1370.1600341796875,1371.5999755859375,74707700,,0.0,0.0,Neutral,0.00022634492774820103
2022-05-18,1372.199951171875,1377.3699951171875,1367.43994140625,1371.97998046875,145151500,,0.0,0.0,Neutral,0.0014888165917121832
2024-05-09,1380.300048828125,1386.22998046875,1372.1700439453125,1372.3900146484375,122355200,,0.0,0.0,Neutral,0.005903000979800677
2024-11-29,1407.780029296875,1418.4200439453125,1383.9599609375,1383.9599609375,189319500,,0.0,0.0,Neutral,0.019908700642357058
2024-01-24,1376.5899658203125,1388.8299560546875,1375.3900146484375,1388.8299560546875,116486800,What you need to know listing at Bursa Malaysia Listing and the requirements - Hills & Cheryl Corporate Advisory,0.0,0.0,Neutral,-0.022155495054252627
2020-12-16,1389.550048828125,1398.0699462890625,1378.75,1378.75,79911100,,0.0,0.0,Neutral,0.00941462841485241
2021-04-23,1376.9300537109375,1393.56005859375,1376.9300537109375,1387.75,105301100,,0.0,0.0,Neutral,-0.009082073098288568
2023-07-06,1382.31005859375,1392.22998046875,1382.02001953125,1382.1199951171875,127071100,,0.0,0.0,Neutral,0.003907246318222812
2023-03-16,1379.9300537109375,1388.4100341796875,1377.56005859375,1379.43994140625,139615300,,0.0,0.0,Neutral,-0.0017217590713575204
2023-09-14,1397.1300048828125,1400.6700439453125,1379.0999755859375,1383.219970703125,186890100,,0.0,0.0,Neutral,0.012464364498490754
2020-12-18,1397.25,1411.0799560546875,1388.800048828125,1400.3399658203125,180103600,,0.0,0.0,Neutral,8.588686576627147e-05
2024-03-02,1403.43994140625,1408.18994140625,1398.7099609375,1403.469970703125,114462900,,0.0,0.0,Neutral,0.004430088678654576
2020-12-18,1410.1600341796875,1416.93994140625,1405.6500244140625,1409.3900146484375,100010700,,0.0,0.0,Neutral,0.004788300927721867
2022-08-05,1423.969970703125,1428.1199951171875,1418.760009765625,1419.77001953125,171866300,Honda Civic - Honda Malaysia,0.0,0.0,Neutral,0.009793169703232296
2020-12-18,1435.1199951171875,1435.1199951171875,1420.1800537109375,1429.260009765625,101428000,,0.0,0.0,Neutral,0.00783023844846742
2022-03-31,1452.1099853515625,1455.1300048828125,1437.1300048828125,1437.489990234375,168060000,,0.0,0.0,Neutral,0.011838724491457953
2020-12-18,1436.760009765625,1451.43994140625,1435.22998046875,1451.3699951171875,144048200,,0.0,0.0,Neutral,-0.010570807818129024
2021-07-30,1451.72998046875,1458.239990234375,1446.4200439453125,1446.9100341796875,189841100,,0.0,0.0,Neutral,0.010419256244170505
2020-12-18,1457.5,1458.72998046875,1449.25,1453.530029296875,189529500,,0.0,0.0,Neutral,0.003974581780963771
2023-03-29,1473.25,1473.77001953125,1448.8399658203125,1450.5400390625,595843500,,0.0,0.0,Neutral,0.010806174957118442
2022-05-18,1507.68994140625,1509.739990234375,1480.1700439453125,1484.510009765625,225473000,,0.0,0.0,Neutral,0.02337684806125906
2024-03-26,1538.530029296875,1542.010009765625,1492.3399658203125,1515.6800537109375,292940300,,0.0,0.0,Neutral,0.02045519243954086
2023-08-25,1561.8399658203125,1561.8399658203125,1541.5,1541.68994140625,261501300,,0.0,0.0,Neutral,0.015150784241819704
2024-09-22,1556.3299560546875,1564.1300048828125,1547.5699462890625,1561.1700439453125,189450200,,0.0,0.0,Neutral,-0.003527896510658879
2023-11-04,1575.1600341796875,1590.8299560546875,1567.969970703125,1572.800048828125,290834700,,0.0,0.0,Neutral,0.012099026978015903
2024-02-20,1575.27001953125,1578.0999755859375,1570.449951171875,1576.260009765625,165205700,,0.0,0.0,Neutral,6.982487441020702e-05
2023-09-11,1557.25,1586.219970703125,1550.9000244140625,1577.6500244140625,212285100,,0.0,0.0,Neutral,-0.011439321073737019
2023-12-27,1546.02001953125,1546.02001953125,1509.1600341796875,1512.3900146484375,186027200,,0.0,0.0,Neutral,-0.0072114178640231286
2021-07-01,1498.8299560546875,1548.050048828125,1490.43994140625,1548.050048828125,218572900,,0.0,0.0,Neutral,-0.03052357853093679
2021-03-31,1517.7099609375,1528.760009765625,1517.469970703125,1518.9200439453125,143663500,,0.0,0.0,Neutral,0.012596495557447795
2024-10-11,1526.3199462890625,1528.6300048828125,1510.7099609375,1527.97998046875,154681700,,0.0,0.0,Neutral,0.005673011031860131
2024-05-07,1504.9100341796875,1525.68994140625,1503.3499755859375,1524.510009765625,200979200,,0.0,0.0,Neutral,-0.014027145593837553
2024-11-04,1507.260009765625,1512.93994140625,1496.7900390625,1497.9599609375,254830200,CelcomDigi l More Device Savings For You! - Celcom Online Shop | CelcomDigi l More Device Savings For You! - Celcom Online Shop,0.625,0.5,Positive,0.0015615389176526495
2024-09-15,1511.239990234375,1511.6500244140625,1502.6400146484375,1505.949951171875,98222800,Fixed Deposit Rates - UOB Malaysia | Lending & Financing Rates - UOB Malaysia,0.1,0.2,Positive,0.0026405400813154234
2022-02-10,1507.0400390625,1511.5400390625,1492.3199462890625,1511.1500244140625,109465200,,0.0,0.0,Neutral,-0.0027791424254354213
2020-06-11,1502.6300048828125,1507.3800048828125,1496.989990234375,1507.3800048828125,92440000,,0.0,0.0,Neutral,-0.0029262886621319595
2023-05-09,1489.199951171875,1498.6099853515625,1484.4000244140625,1494.43994140625,93460100,,0.0,0.0,Neutral,-0.00893769834709568
2024-05-05,1488.1400146484375,1495.5699462890625,1483.050048828125,1491.969970703125,94462100,,0.0,0.0,Neutral,-0.0007117489646728536
2024-12-17,1494.4300537109375,1494.969970703125,1476.280029296875,1485.18994140625,104824100,,0.0,0.0,Neutral,0.0042267790668784055
2019-03-19,1500.969970703125,1509.1199951171875,1492.0699462890625,1493.4100341796875,140817600,,0.0,0.0,Neutral,0.0043761947746887575
2020-05-01,1514.4300537109375,1517.010009765625,1497.5400390625,1503.9300537109375,114831700,,0.0,0.0,Neutral,0.008967589805615628
2021-10-14,1536.280029296875,1536.3599853515625,1513.2099609375,1514.780029296875,132430200,,0.0,0.0,Neutral,0.014427853919299016
2024-11-11,1552.6500244140625,1552.6500244140625,1538.1600341796875,1543.47998046875,85868800,,0.0,0.0,Neutral,0.010655606272952589
2024-10-08,1576.9000244140625,1577.8199462890625,1553.7900390625,1553.7900390625,120130400,,0.0,0.0,Neutral,0.015618458518461997
2023-12-15,1566.719970703125,1587.6400146484375,1562.8800048828125,1582.030029296875,152251200,,0.0,0.0,Neutral,-0.0064557381909612355
2024-06-26,1583.5,1584.6700439453125,1562.0799560546875,1562.0799560546875,127417600,,0.0,0.0,Neutral,0.010710292592583937
2021-08-26,1583.25,1590.6300048828125,1579.9000244140625,1583.93994140625,164873700,IFSB-FIS Regional Workshop on Liquidity Risk Management and Stress Testing Standards - Labuan FSA,0.0,0.0,Neutral,-0.000157878118092869
2022-01-09,1591.8399658203125,1591.8399658203125,1574.0799560546875,1578.9200439453125,145111600,,0.0,0.0,Neutral,0.005425527124782947
2024-05-01,1606.4300537109375,1608.3399658203125,1595.75,1596.4000244140625,136029500,,0.0,0.0,Neutral,0.009165549429528408
2024-02-26,1598.75,1617.3599853515625,1577.3299560546875,1608.280029296875,144740400,,0.0,0.0,Neutral,-0.004780820486516735
2023-10-10,1585.56005859375,1605.260009765625,1585.56005859375,1601.52001953125,133790000,,0.0,0.0,Neutral,-0.008250158815480857
2024-06-19,1573.47998046875,1599.530029296875,1572.1099853515625,1583.3199462890625,94192100,,0.0,0.0,Neutral,-0.007618808293968993
2022-01-18,1596.3299560546875,1599.5899658203125,1563.010009765625,1563.010009765625,181775800,,0.0,0.0,Neutral,0.014521936007810154
2024-09-15,1589.449951171875,1609.02001953125,1580.3900146484375,1607.3499755859375,136294000,,0.0,0.0,Neutral,-0.004309888977975684
2024-12-26,1595.9300537109375,1601.81005859375,1587.8599853515625,1588.4200439453125,147303200,,0.0,0.0,Neutral,0.004076946577830087
2024-10-17,1586.97998046875,1599.5699462890625,1586.27001953125,1594.050048828125,118174700,,0.0,0.0,Neutral,-0.005608061093514971
2024-05-31,1606.4200439453125,1607.800048828125,1585.449951171875,1586.969970703125,104270000,,0.0,0.0,Neutral,0.012249721934627367
2024-08-06,1589.6099853515625,1605.2099609375,1585.1099853515625,1603.300048828125,117983500,,0.0,0.0,Neutral,-0.010464298336607558
2024-09-29,1591.47998046875,1595.0,1585.239990234375,1594.6800537109375,89988600,,0.0,0.0,Neutral,0.001176386116355399
2024-10-20,1609.93994140625,1609.93994140625,1593.239990234375,1594.6400146484375,138510800,,0.0,0.0,Neutral,0.01159924168952653
2024-07-03,1611.4200439453125,1618.010009765625,1589.97998046875,1610.1300048828125,112190000,,0.0,0.0,Neutral,0.0009193526422914822
2024-09-29,1603.75,1614.3499755859375,1584.949951171875,1614.02001953125,126475200,,0.0,0.0,Neutral,-0.004759804232379761
2024-07-13,1572.6099853515625,1599.3399658203125,1570.1800537109375,1595.010009765625,148578200,,0.0,0.0,Neutral,-0.01941700056021045
2024-10-08,1575.93994140625,1580.8699951171875,1549.6199951171875,1578.239990234375,142530200,,0.0,0.0,Neutral,0.0021174710104254757
2024-10-03,1568.1300048828125,1579.9100341796875,1566.8699951171875,1578.8199462890625,115800000,,0.0,0.0,Neutral,-0.00495573233359925
2024-10-16,1588.5699462890625,1588.5699462890625,1575.4000244140625,1577.469970703125,88750000,,0.0,0.0,Neutral,0.013034596202230908
2024-12-29,1578.1400146484375,1591.0799560546875,1578.1400146484375,1590.5400390625,78209400,,0.0,0.0,Neutral,-0.006565610576348635
2024-10-08,1571.6600341796875,1579.2900390625,1558.0699462890625,1579.2900390625,65970000,,0.0,0.0,Neutral,-0.004106087171355077
2024-07-11,1564.739990234375,1581.9300537109375,1564.739990234375,1580.1700439453125,80677300,What is the interest rate offered by JCL? - JCL Malaysia,0.0,0.0,Neutral,-0.004403015788922993
2022-08-24,1556.6400146484375,1564.3800048828125,1539.6099853515625,1558.8199462890625,147372000,,0.0,0.0,Neutral,-0.005176563286226399
2022-05-25,1576.4200439453125,1576.4200439453125,1561.1700439453125,1564.1300048828125,103047400,,0.0,0.0,Neutral,0.012706874492971476
2020-05-03,1564.5899658203125,1579.6300048828125,1561.1800537109375,1578.7900390625,113661000,,0.0,0.0,Neutral,-0.007504394637988021
2020-12-13,1560.739990234375,1567.550048828125,1543.0400390625,1561.93994140625,102190000,,0.0,0.0,Neutral,-0.002460693005863046
2022-05-11,1577.8499755859375,1577.8499755859375,1557.25,1559.6400146484375,122344500,,0.0,0.0,Neutral,0.01096273912286505
2020-12-16,1575.3800048828125,1584.3599853515625,1570.699951171875,1576.3800048828125,108285500,,0.0,0.0,Neutral,-0.0015654027577670648
2021-07-13,1577.1199951171875,1579.010009765625,1568.97998046875,1574.7900390625,194313500,,0.0,0.0,Neutral,0.0011044892210019253
2024-02-07,1568.5799560546875,1581.27001953125,1567.0999755859375,1578.550048828125,119426200,,0.0,0.0,Neutral,-0.0054149583347749
2022-05-05,1554.9599609375,1569.5799560546875,1552.9200439453125,1563.3499755859375,125072300,,0.0,0.0,Neutral,-0.008683009791508933
2023-12-05,1549.5799560546875,1558.949951171875,1538.260009765625,1554.75,129083600,,0.0,0.0,Neutral,-0.003459899301567093
2020-12-21,1554.780029296875,1554.780029296875,1544.1199951171875,1548.2099609375,132430100,,0.0,0.0,Neutral,0.0033557953701384147
2024-06-30,1525.2099609375,1558.2900390625,1525.2099609375,1555.050048828125,265628700,,0.0,0.0,Neutral,-0.01901881153744145
2023-02-16,1521.4300537109375,1541.989990234375,1520.199951171875,1541.550048828125,215671500,,0.0,0.0,Neutral,-0.0024782864807931793
2020-05-04,1537.5400390625,1537.5400390625,1523.68994140625,1525.1199951171875,146423000,,0.0,0.0,Neutral,0.010588712450019244
2024-05-27,1515.4000244140625,1544.1800537109375,1507.5799560546875,1540.6400146484375,227392200,,0.0,0.0,Neutral,-0.014399634536956252
2021-02-22,1515.8599853515625,1519.280029296875,1498.719970703125,1504.6199951171875,123115500,,0.0,0.0,Neutral,0.00030352443585179856
2021-08-10,1516.3800048828125,1520.8900146484375,1507.5699462890625,1514.6300048828125,94876900,,0.0,0.0,Neutral,0.000343052482600692
2024-05-07,1519.3199462890625,1519.3199462890625,1494.18994140625,1518.5,177379900,,0.0,0.0,Neutral,0.0019387893514708487
2024-01-26,1496.719970703125,1505.739990234375,1490.530029296875,1505.739990234375,233845100,,0.0,0.0,Neutral,-0.014875060148547337
2023-10-18,1490.1199951171875,1504.030029296875,1474.22998046875,1502.219970703125,280828000,,0.0,0.0,Neutral,-0.004409626192691918
2022-04-25,1504.8499755859375,1505.8900146484375,1477.469970703125,1486.22998046875,323100600,Effective Liquidity (Cash Flow) Management - Forster Consulting & Partners,0.6,0.8,Positive,0.009885096849258534
2021-07-14,1511.3599853515625,1515.6600341796875,1506.4100341796875,1513.4300537109375,247327400,,0.0,0.0,Neutral,0.004326019119009095
2024-05-02,1531.280029296875,1532.0400390625,1503.18994140625,1510.3599853515625,182127100,,0.0,0.0,Neutral,0.013180211292069366
2024-03-06,1513.0699462890625,1541.1400146484375,1508.010009765625,1541.1400146484375,314591800,,0.0,0.0,Neutral,-0.011892065892202708
2024-03-28,1506.6300048828125,1524.0699462890625,1503.4300537109375,1511.780029296875,284135400,,0.0,0.0,Neutral,-0.004256208658459215
2023-03-04,1499.4300537109375,1511.77001953125,1496.969970703125,1510.4200439453125,156236400,Laman Web Rasmi Jabatan Meteorologi Malaysia - met.gov.my,0.0,0.0,Neutral,-0.004778844937735727
2024-03-17,1505.780029296875,1511.9000244140625,1494.9300537109375,1495.280029296875,135822100,,0.0,0.0,Neutral,0.00423492617759802
2021-02-23,1496.47998046875,1509.1500244140625,1491.1700439453125,1507.2900390625,145529900,,0.0,0.0,Neutral,-0.006176233345628668
2023-08-21,1500.800048828125,1506.5999755859375,1492.97998046875,1494.719970703125,209154000,,0.0,0.0,Neutral,0.00288682001480689
2023-04-10,1509.1400146484375,1516.0,1505.050048828125,1507.949951171875,161816600,,0.0,0.0,Neutral,0.005557013292226687
2024-10-03,1511.6600341796875,1519.050048828125,1507.3499755859375,1510.260009765625,126847900,,0.0,0.0,Neutral,0.0016698381242228333
2023-07-14,1503.9000244140625,1517.3299560546875,1503.9000244140625,1512.75,171248200,,0.0,0.0,Neutral,-0.005133435819010712
2022-12-12,1504.8199462890625,1512.949951171875,1497.780029296875,1505.77001953125,110856400,,0.0,0.0,Neutral,0.0006116908438500435
2024-07-01,1496.77001953125,1503.8599853515625,1491.1300048828125,1501.5799560546875,84881100,,0.0,0.0,Neutral,-0.005349428533070633
2024-06-05,1500.300048828125,1501.8499755859375,1489.6600341796875,1494.8399658203125,122647500,,0.0,0.0,Neutral,0.002358431322656118
2022-10-01,1512.4300537109375,1513.3699951171875,1498.81005859375,1501.0799560546875,147917700,,0.0,0.0,Neutral,0.008085052648159952
2024-06-19,1509.469970703125,1522.3199462890625,1508.1800537109375,1515.699951171875,114933600,,0.0,0.0,Neutral,-0.001957170184862189
2022-08-04,1489.56005859375,1510.3499755859375,1489.56005859375,1509.239990234375,136587800,,0.0,0.0,Neutral,-0.013190002117167476
2021-01-22,1519.4300537109375,1519.4300537109375,1495.280029296875,1495.52001953125,89887800,The MAE app lets you bank seamlessly and manage all your lifestyle needs. - Maybank2u,0.1,0.1,Positive,0.020052897461138253
2023-11-04,1530.3499755859375,1532.530029296875,1512.739990234375,1516.93994140625,87613900,,0.0,0.0,Neutral,0.0071868539445629764
2023-04-11,1518.4300537109375,1526.02001953125,1512.739990234375,1525.9200439453125,111076300,,0.0,0.0,Neutral,-0.007789016934140247
2022-07-14,1525.199951171875,1527.0400390625,1512.4599609375,1514.1800537109375,134541300,,0.0,0.0,Neutral,0.004458484896549875
2022-08-30,1523.25,1524.22998046875,1516.0999755859375,1523.5699462890625,217994300,,0.0,0.0,Neutral,-0.0012784888764104663
2021-05-21,1513.949951171875,1524.030029296875,1512.9599609375,1521.43994140625,134270100,,0.0,0.0,Neutral,-0.006105398869604484
2023-11-02,1503.8399658203125,1520.31005859375,1503.8399658203125,1519.3299560546875,152911800,"Survey shows Malaysians blame politics, not pandemic, for economic woes - NST Online",0.2,0.2,Positive,-0.006677886110922571
2024-03-06,1518.1099853515625,1521.9100341796875,1505.9200439453125,1507.2099609375,132510200,,0.0,0.0,Neutral,0.009489054590636536
2022-10-20,1510.969970703125,1520.969970703125,1510.68994140625,1518.5,130512500,,0.0,0.0,Neutral,-0.004703226193973009
2023-09-08,1492.4000244140625,1513.199951171875,1492.18994140625,1512.0400390625,183844000,,0.0,0.0,Neutral,-0.012290082959372839
2020-03-14,1498.800048828125,1500.050048828125,1485.77001953125,1492.949951171875,163496000,,0.0,0.0,Neutral,0.004288410821070121
2022-03-17,1494.6400146484375,1502.6700439453125,1489.8299560546875,1499.760009765625,130007200,,0.0,0.0,Neutral,-0.0027755764906334246
2022-10-20,1494.6099853515625,1497.5400390625,1482.1500244140625,1495.56005859375,102464600,,0.0,0.0,Neutral,-2.0091324051785264e-05
2023-08-21,1500.3499755859375,1504.550048828125,1489.97998046875,1492.1099853515625,140621900,,0.0,0.0,Neutral,0.0038404602475774485
2023-12-02,1495.199951171875,1505.6400146484375,1492.1099853515625,1505.47998046875,105403500,,0.0,0.0,Neutral,-0.003432548737204666
2024-10-23,1466.8900146484375,1494.8699951171875,1461.050048828125,1494.31005859375,165737400,,0.0,0.0,Neutral,-0.018933880048116247
2021-01-22,1466.4599609375,1468.0899658203125,1452.1300048828125,1465.469970703125,114250300,,0.0,0.0,Neutral,-0.00029317379397431065
2024-05-03,1461.449951171875,1470.68994140625,1460.5999755859375,1469.1099853515625,92265300,2x Guinness World Records Holder - ESCAPE Penang | 2x Guinness World Records Holder - ESCAPE Penang,0.0,0.0,Neutral,-0.0034163972417099453
2019-02-05,1464.6099853515625,1473.530029296875,1462.3699951171875,1464.489990234375,88912900,,0.0,0.0,Neutral,0.002162259595105187
2022-02-09,1501.489990234375,1501.489990234375,1467.8399658203125,1468.8599853515625,128922500,,0.0,0.0,Neutral,0.025180768430962175
2024-03-15,1519.6400146484375,1519.6400146484375,1497.3199462890625,1500.800048828125,139420600,,0.0,0.0,Neutral,0.012088008932533256
2024-04-10,1524.3199462890625,1533.050048828125,1513.2099609375,1521.6300048828125,109245000,,0.0,0.0,Neutral,0.0030796317519368177
2021-02-18,1575.0699462890625,1575.0699462890625,1516.5400390625,1521.949951171875,592756400,,0.0,0.0,Neutral,0.03329353533918544
2020-12-18,1570.0799560546875,1572.68994140625,1550.43994140625,1572.68994140625,242168200,,0.0,0.0,Neutral,-0.0031681070711377934
2022-11-22,1590.780029296875,1592.280029296875,1558.7099609375,1565.989990234375,283572200,,0.0,0.0,Neutral,0.013184088595209476
2023-09-27,1589.68994140625,1592.18994140625,1572.0,1588.3800048828125,178410200,,0.0,0.0,Neutral,-0.0006852536935020304
2023-11-24,1599.6600341796875,1602.22998046875,1587.06005859375,1593.3499755859375,328920300,,0.0,0.0,Neutral,0.006271721619259818
2021-09-14,1610.1500244140625,1613.3399658203125,1593.02001953125,1599.6199951171875,467715300,,0.0,0.0,Neutral,0.0065576372543145744
2023-09-07,1604.75,1611.5799560546875,1595.0899658203125,1611.0799560546875,237706200,Template for for the Jurnal Teknologi - Universiti Teknologi Malaysia,0.0,0.0,Neutral,-0.003353739919997545
2022-10-11,1583.6800537109375,1596.550048828125,1583.6800537109375,1595.7900390625,174677700,,0.0,0.0,Neutral,-0.013129737522394436
2021-03-10,1593.75,1599.489990234375,1579.489990234375,1584.989990234375,192318500,,0.0,0.0,Neutral,0.006358573668630907
2023-03-31,1597.47998046875,1600.5799560546875,1592.7099609375,1593.260009765625,139314000,,0.0,0.0,Neutral,0.0023403799019607874
2024-07-14,1578.3900146484375,1599.97998046875,1578.3900146484375,1588.530029296875,186434400,,0.0,0.0,Neutral,-0.011950050112497168
2024-04-23,1597.5799560546875,1600.199951171875,1582.31005859375,1582.31005859375,196393300,,0.0,0.0,Neutral,0.012157921190678822
2024-12-27,1612.1099853515625,1612.780029296875,1590.6500244140625,1597.68994140625,184343200,,0.0,0.0,Neutral,0.00909502478533697
2023-07-23,1607.5899658203125,1618.6800537109375,1605.6800537109375,1615.199951171875,204625000,,0.0,0.0,Neutral,-0.0028037910392721965
2021-12-07,1562.7099609375,1614.77001953125,1562.7099609375,1606.77001953125,415540700,,0.0,0.0,Neutral,-0.02791756967698622
2023-12-23,1602.260009765625,1604.5699462890625,1580.1700439453125,1580.1700439453125,218992400,,0.0,0.0,Neutral,0.025308630402789634
2021-09-14,1598.719970703125,1605.5999755859375,1592.9300537109375,1604.489990234375,221580800,,0.0,0.0,Neutral,-0.002209403617966954
2023-03-07,1628.260009765625,1628.260009765625,1599.3599853515625,1601.1300048828125,181778200,,0.0,0.0,Neutral,0.018477306597670218
2024-03-16,1621.8499755859375,1628.8199462890625,1618.5400390625,1627.9100341796875,156357300,,0.0,0.0,Neutral,-0.003936738691144415
2024-08-06,1622.8900146484375,1627.5899658203125,1618.97998046875,1624.0699462890625,155252700,,0.0,0.0,Neutral,0.0006412671197435493
2023-03-28,1631.699951171875,1631.719970703125,1624.949951171875,1625.43994140625,202623800,,0.0,0.0,Neutral,0.005428548111034992
2024-07-17,1646.530029296875,1654.1500244140625,1638.77001953125,1640.989990234375,246630400,,0.0,0.0,Neutral,0.009088728668741552
2024-10-03,1654.3900146484375,1658.0699462890625,1647.6500244140625,1651.6700439453125,173122000,,0.0,0.0,Neutral,0.004773666566481705
2024-03-09,1684.5799560546875,1689.77001953125,1660.489990234375,1660.760009765625,295540900,,0.0,0.0,Neutral,0.018248382267143537
2023-08-30,1662.739990234375,1695.9599609375,1662.449951171875,1682.4599609375,361491200,CONTACT US - bsn.com.my | Security Tips - bsn.com.my | Security Alert - bsn.com.my | Security Tips - bsn.com.my,0.0,0.0,Neutral,-0.01296463592708419
2024-11-30,1674.02001953125,1679.0999755859375,1655.8800048828125,1661.5400390625,226532100,,0.0,0.0,Neutral,0.006784000723579764
2024-09-07,1681.4100341796875,1695.8699951171875,1679.3900146484375,1694.3299560546875,191726100,P 13 Annual Report 2018 Table A.15 Interest Rates (%) As at end-year 2012 2013 2014 2015 2016 2017 2018 Overnight interbank 3.00 - Bank Negara Malaysia | Monthly Statistical Bulletin May 2003 - Bank Negara Malaysia | Exchange Rates - Bank Negara Malaysia | Decrease in Statutory Reserve Requirement (SRR) Ratio - Bank Negara Malaysia | Instruments - Bank Negara Malaysia | Statement by Financial Markets Committee - Bank Negara Malaysia | Exchange Rates - Bank Negara Malaysia | Exchange Rates - Bank Negara Malaysia | List of Approved and Registered Intermediaries - Bank Negara Malaysia | CURRENT BANKNOTE SERIES - Bank Negara Malaysia | National Summary Data Page for Malaysia - Bank Negara Malaysia | Exchange Rates - Bank Negara Malaysia | List of Approved and Registered Intermediaries - Bank Negara Malaysia | Bank Negara Malaysia Annual Report 2012 - Bank Negara Malaysia | About Money Services Business - Bank Negara Malaysia | Notice 4 Foreign Exchange Policy Notices Page 1 of 10 NOTICE 4: PAYMENT AND RECEIPT TABLE OF CONTENTS No. Content Page 1. PART A - Bank Negara Malaysia | Overview on Malaysian Payment Systems - Bank Negara Malaysia | Legislation & Guidelines - Bank Negara Malaysia | Dynamic Hedging Programme for Institutional Investors - Bank Negara Malaysia | Bank Negara Malaysia Annual Report 2011 - Bank Negara Malaysia | Bank Negara Malaysia Annual Report 2017 - Bank Negara Malaysia | Leverage Ratio - Bank Negara Malaysia | Home - Bnm Bank Notes - Bank Negara Malaysia | List of Approved and Registered Intermediaries - Bank Negara Malaysia | About Money Services Business - Bank Negara Malaysia | National Summary Data Page for Malaysia - Bank Negara Malaysia,-0.03125,0.17291666666666666,Neutral,0.004414531822926948
2023-06-14,1674.3499755859375,1684.300048828125,1669.68994140625,1684.27001953125,149955400,,0.0,0.0,Neutral,-0.00419889167438825
2022-03-29,1652.489990234375,1678.1099853515625,1644.800048828125,1676.8399658203125,217881000,"Monetary Stability - Bank Negara Malaysia | Monetary Policy in 2009 - Bank Negara Malaysia | 1997 Bank Negara Malaysia Annual Report - Bank Negara Malaysia | 2002 Annual Report: Annex - Bank Negara Malaysia | Monetary Stability - Bank Negara Malaysia | Monetary Policy in 2009 - Bank Negara Malaysia | Monetary Policy Statement - Bank Negara Malaysia | Development of the Financial Sector - Bank Negara Malaysia | ESG, ISLAMIC FINANCE HELP SHIELD ECONOMIES DURING PANDEMIC - Cagamas Berhad | Generating Liquidity in the Housing Market by Using Sukuk in Malaysia - Cagamas Berhad | Who we are - Bank Negara Malaysia | Item 1. Submission by applicant seeking registration 2. Submission on behalf of the applicant (third party) Descript - Bank Negara Malaysia | Newly published: Guidelines on Data Management and MIS Framework for Development Financial Institutions - Bank Negara Malaysia | Legal Entity Identifier (LEI) - Bank Negara Malaysia | MALAYSIAN BANKNOTES AND COINS: PAST SERIES - Bank Negara Malaysia | Governors - Bank Negara Malaysia | Who we are - Bank Negara Malaysia | Monetary Policy in 2009 - Bank Negara Malaysia | Quarterly Bulletin 2014 - Bank Negara Malaysia | 1997 Bank Negara Malaysia Annual Report - Bank Negara Malaysia | Introduction of Bank Negara Monetary Notes-Istithmar - Bank Negara Malaysia | Monetary Policy Statement - Bank Negara Malaysia | MONETARY POLICY IN 2013 - Bank Negara Malaysia | Monetary Stability - Bank Negara Malaysia",0.014393939393939395,0.15075757575757576,Neutral,-0.013055804145075789
2024-05-01,1647.8900146484375,1657.8199462890625,1641.9200439453125,1651.8599853515625,120517100,Consolidation of the Banking Sector - Bank Negara Malaysia,0.0,0.0,Neutral,-0.002783663207112763
2022-11-07,1631.9200439453125,1647.3599853515625,1625.3900146484375,1646.800048828125,170479700,,0.0,0.0,Neutral,-0.009691162978818113
2024-09-28,1647.5,1652.5899658203125,1627.530029296875,1631.550048828125,115592000,Bank Negara Malaysia Opens Public Service Centres (BNMLINK) Nationwide - Bank Negara Malaysia,0.0,0.06666666666666667,Neutral,0.009547009433759746
2022-03-19,1641.1700439453125,1649.7099609375,1636.97998046875,1649.0799560546875,70670800,,0.0,0.0,Neutral,-0.003842158455045541
2023-08-10,1643.9000244140625,1655.9599609375,1639.9200439453125,1642.22998046875,97323000,,0.0,0.0,Neutral,0.0016634354732598666
2023-03-09,1634.989990234375,1645.760009765625,1630.8299560546875,1644.3699951171875,132040100,,0.0,0.0,Neutral,-0.0054200584265233775
2022-11-30,1644.4100341796875,1645.31005859375,1631.77001953125,1635.5999755859375,122722900,,0.0,0.0,Neutral,0.005761530040903962
2023-10-21,1627.2099609375,1644.260009765625,1627.2099609375,1644.260009765625,122930600,,0.0,0.0,Neutral,-0.010459722870012622
2024-07-12,1602.5699462890625,1629.1700439453125,1593.1199951171875,1629.010009765625,519385300,,0.0,0.0,Neutral,-0.015142492511686312
2024-10-09,1608.3499755859375,1608.3499755859375,1589.81005859375,1603.0699462890625,214185500,,0.0,0.0,Neutral,0.0036067251293832037
2023-11-15,1591.969970703125,1610.780029296875,1586.25,1610.780029296875,177008600,Establishment of Bank Negara Malaysia TELELINK 1-300-88-LINK - Bank Negara Malaysia,0.0,0.0,Neutral,-0.01018435361174741
2021-08-29,1602.949951171875,1602.949951171875,1572.6199951171875,1589.530029296875,344222000,,0.0,0.0,Neutral,0.006897102753703699
2023-03-23,1633.18994140625,1633.18994140625,1595.1199951171875,1601.949951171875,419320700,Glossary - Bank Negara Malaysia,0.0,0.0,Neutral,0.018865211738062992
2024-08-12,1617.25,1627.219970703125,1607.530029296875,1627.219970703125,312214300,,0.0,0.0,Neutral,-0.009760004640075759
2020-10-16,1612.0400390625,1621.0999755859375,1590.7099609375,1615.8399658203125,294833700,,0.0,0.0,Neutral,-0.003221493855309898
2024-02-26,1636.68994140625,1637.31005859375,1617.6800537109375,1617.6800537109375,215713300,PAYMENT SYSTEMS IN MALAYSIA - Bank Negara Malaysia,0.0,0.0,Neutral,0.015291122891764708
2024-12-16,1635.7099609375,1646.239990234375,1632.199951171875,1638.0,211876200,,0.0,0.0,Neutral,-0.0005987575556968272
2022-01-01,1627.010009765625,1637.8800048828125,1626.25,1637.27001953125,135442000,Dutch government quits over child benefits scandal - NST Online,0.0,0.0,Neutral,-0.005318761503957936
2019-05-20,1609.52001953125,1625.3499755859375,1608.6400146484375,1625.3499755859375,108538700,,0.0,0.0,Neutral,-0.010749774205073614
2021-02-23,1601.8800048828125,1618.4100341796875,1601.8800048828125,1611.06005859375,137672400,,0.0,0.0,Neutral,-0.004746765840578093
2021-09-12,1601.5400390625,1616.8399658203125,1601.5400390625,1606.550048828125,163315800,,0.0,0.0,Neutral,-0.00021222926765818162
2021-06-30,1594.800048828125,1615.219970703125,1594.31005859375,1608.4300537109375,147155800,,0.0,0.0,Neutral,-0.004208443167190712
2024-07-31,1596.739990234375,1605.699951171875,1595.02001953125,1596.06005859375,218347800,"MASB 15 Property, Plant and Equipment - Malaysian Accounting Standards Board | MASB 27 Borrowing Costs - Malaysian Accounting Standards Board",0.0,0.0,Neutral,0.0012164166960462186
2024-09-11,1576.6199951171875,1601.5400390625,1575.8800048828125,1600.5400390625,273030500,,0.0,0.0,Neutral,-0.012600670892093269
2022-05-09,1575.31005859375,1609.18994140625,1575.31005859375,1590.5899658203125,342432600,,0.0,0.0,Neutral,-0.000830851141996436
2023-10-22,1580.6199951171875,1593.0799560546875,1580.3699951171875,1585.06005859375,247946400,,0.0,0.0,Neutral,0.003370724699223615
2024-10-01,1566.4000244140625,1597.52001953125,1560.5400390625,1597.1600341796875,478916100,,0.0,0.0,Neutral,-0.008996451232461289
2021-10-09,1580.489990234375,1585.1800537109375,1571.300048828125,1575.030029296875,315294100,Portal Rasmi Kementerian Kewangan - Portal Rasmi Kementerian Kewangan,0.0,0.0,Neutral,0.008995126149581756
2021-01-15,1582.989990234375,1597.9300537109375,1582.5400390625,1584.02001953125,278473600,,0.0,0.0,Neutral,0.0015817879363027032
2023-04-07,1584.9000244140625,1586.550048828125,1576.3299560546875,1582.0999755859375,187635200,,0.0,0.0,Neutral,0.0012065990255596404
2024-01-23,1578.6300048828125,1590.469970703125,1574.68994140625,1587.699951171875,137659000,,0.0,0.0,Neutral,-0.003956097819840743
2024-06-11,1573.3299560546875,1586.06005859375,1572.77001953125,1580.43994140625,184060700,,0.0,0.0,Neutral,-0.0033573724126182425
2021-07-25,1586.1300048828125,1588.9599609375,1574.22998046875,1574.6700439453125,196502000,,0.0,0.0,Neutral,0.008135641718932662
2020-11-03,1596.8499755859375,1596.8499755859375,1586.8699951171875,1586.93994140625,165986600,,0.0,0.0,Neutral,0.006758570022711963
2020-12-13,1599.4200439453125,1602.5,1594.52001953125,1602.18994140625,69045700,,0.0,0.0,Neutral,0.0016094613762522858
2019-11-14,1608.0699462890625,1614.9200439453125,1607.0,1607.0,114171800,,0.0,0.0,Neutral,0.005408149270414997
2021-07-07,1606.1400146484375,1613.010009765625,1605.4000244140625,1612.0400390625,198115800,,0.0,0.0,Neutral,-0.0012001540387460707
2023-04-17,1595.2900390625,1609.510009765625,1593.800048828125,1609.510009765625,194961500,,0.0,0.0,Neutral,-0.006755311172738865
2021-10-15,1575.8399658203125,1599.31005859375,1575.8399658203125,1599.31005859375,192950300,Overview Investor(Group) - lottechem.my,0.0,0.0,Neutral,-0.012192186226911872
2024-03-25,1584.9300537109375,1584.9300537109375,1573.8399658203125,1580.1800537109375,186226900,,0.0,0.0,Neutral,0.005768408015907278
2020-11-01,1570.4599609375,1587.510009765625,1570.4599609375,1587.510009765625,179953300,,0.0,0.0,Neutral,-0.00912979897097499
2023-02-16,1565.050048828125,1580.6800537109375,1565.050048828125,1573.6700439453125,235770800,,0.0,0.0,Neutral,-0.0034447946741319457
,1557.550048828125,1581.550048828125,1557.550048828125,1571.010009765625,414859700,,0.0,0.0,Neutral,-0.004792179014093456
,1581.5400390625,1587.1099853515625,1565.77001953125,1566.9000244140625,349181300,,0.0,0.0,Neutral,0.015402388033966874
,1577.75,1586.22998046875,1563.56005859375,1580.969970703125,399365000,Mechanomyography and Torque during FES-Evoked Muscle Contractions to Fatigue in Individuals with Spinal Cord Injury - UM Research Repository,0.0,0.0,Neutral,-0.002396423086921451
,1567.1400146484375,1584.4599609375,1563.1800537109375,1578.699951171875,291083800,,0.0,0.0,Neutral,-0.006724756996712045
,1569.8699951171875,1583.4300537109375,1568.6700439453125,1572.030029296875,311452100,,0.0,0.0,Neutral,0.0017420143977131541
,1588.449951171875,1588.449951171875,1568.6500244140625,1576.9000244140625,321230300,,0.0,0.0,Neutral,0.011835346947503433
,1581.260009765625,1590.4599609375,1577.3900146484375,1588.8900146484375,246614300,,0.0,0.0,Neutral,-0.004526388383181756
,1600.1199951171875,1600.1199951171875,1579.739990234375,1582.6800537109375,232875700,,0.0,0.0,Neutral,0.01192718796092107
,1611.81005859375,1625.68994140625,1607.47998046875,1607.47998046875,257561700,,0.0,0.0,Neutral,0.007305741764514595
,1624.780029296875,1625.219970703125,1612.2900390625,1615.989990234375,218665000,,0.0,0.0,Neutral,0.008046835688841014
,1639.8299560546875,1642.199951171875,1628.8199462890625,1629.030029296875,229133700,Malaysia Foreign Exchange Rate Depreciation Does Political - UTAR Institutional Repository,-0.0625,0.1125,Negative,0.009262747255901038
,1629.4100341796875,1636.72998046875,1626.22998046875,1636.72998046875,185399900,,0.0,0.0,Neutral,-0.0063542697439614715
,1615.68994140625,1632.010009765625,1615.68994140625,1630.5899658203125,166695300,,0.0,0.0,Neutral,-0.008420282486074626
,1620.9200439453125,1624.739990234375,1619.2099609375,1619.6199951171875,151420400,,0.0,0.0,Neutral,0.003237070681092691
,1623.9599609375,1625.52001953125,1617.9200439453125,1623.800048828125,154718200,,0.0,0.0,Neutral,0.001875426862381513
,1624.969970703125,1625.6700439453125,1616.9100341796875,1625.6099853515625,201888500,,0.0,0.0,Neutral,0.0006219425293232383
,1627.989990234375,1635.1500244140625,1626.1800537109375,1626.1800537109375,174422500,,0.0,0.0,Neutral,0.0018585079021142814
,1626.18994140625,1631.0400390625,1615.1600341796875,1631.0400390625,323782900,,0.0,0.0,Neutral,-0.0011056878966840822
,1616.72998046875,1628.469970703125,1616.72998046875,1628.469970703125,153698000,,0.0,0.0,Neutral,-0.005817254612532796
,1595.2900390625,1616.780029296875,1595.2900390625,1616.780029296875,164102600,,0.0,0.0,Neutral,-0.013261300071910398
,1602.4000244140625,1602.77001953125,1585.43994140625,1591.6600341796875,124110000,,0.0,0.0,Neutral,0.004456860619364678
,1597.72998046875,1608.050048828125,1594.3299560546875,1607.8599853515625,110480800,,0.0,0.0,Neutral,-0.002914405812631027
,1601.4200439453125,1603.010009765625,1593.239990234375,1598.739990234375,98128000,,0.0,0.0,Neutral,0.002309566398372098
,1611.280029296875,1611.280029296875,1597.8299560546875,1603.5899658203125,118893300,,0.0,0.0,Neutral,0.006157026314764336
,1609.18994140625,1610.6099853515625,1601.0799560546875,1606.1500244140625,195281600,,0.0,0.0,Neutral,-0.0012971599303797099
,1573.510009765625,1608.9599609375,1564.06005859375,1608.9599609375,282957300,Causes Of Fan Wobbling Noise And Action To Improve - KDK Fans Malaysia,0.1,0.1,Positive,-0.022172604192047585
,1582.6400146484375,1586.260009765625,1576.3299560546875,1579.969970703125,129797600,PREFERRED SAVINGS ACCOUNT-i - CIMB Malaysia,0.0,0.0,Neutral,0.00580231763773309
,1585.3499755859375,1588.719970703125,1582.6500244140625,1586.510009765625,71636100,,0.0,0.0,Neutral,0.001712304069414028
,1584.239990234375,1590.6700439453125,1582.199951171875,1584.8900146484375,62205300,,0.0,0.0,Neutral,-0.000700151618668432
,1578.9100341796875,1589.06005859375,1575.1800537109375,1588.27001953125,110036800,,0.0,0.0,Neutral,-0.0033643615156432327
,1600.5899658203125,1600.5899658203125,1580.9000244140625,1584.3800048828125,135168300,,0.0,0.0,Neutral,0.013730948040930446
,1602.4000244140625,1609.3900146484375,1596.6400146484375,1599.81005859375,270051300,"EXAMINING THE RELATIONSHIP BETWEEN OPERATIONAL RISK, CREDIT RISK AND LIQUIDITY RISK WITH PERFORMANCE OF MALAYSIA BANKS BY MAYTHA - UUM eThesis",0.0,0.0,Neutral,0.0011308696370730953
,1612.25,1615.489990234375,1605.3699951171875,1614.949951171875,286765100,,0.0,0.0,Neutral,0.006147014126225647
,1608.4200439453125,1613.9599609375,1603.3199462890625,1613.9599609375,148809600,,0.0,0.0,Neutral,-0.0023755348455186676
,1597.7099609375,1608.7900390625,1594.8900146484375,1608.7099609375,118420400,,0.0,0.0,Neutral,-0.006658759972638539
,1598.280029296875,1601.3699951171875,1592.8699951171875,1600.18994140625,102835400,,0.0,0.0,Neutral,0.00035680340819843614
,1608.25,1608.25,1597.780029296875,1599.81005859375,271930500,,0.0,0.0,Neutral,0.006237937357892909
,1608.3800048828125,1609.760009765625,1600.300048828125,1607.43994140625,247719600,,0.0,0.0,Neutral,8.083623989585398e-05
,1600.2900390625,1608.6199951171875,1596.050048828125,1608.1099853515625,184998100,,0.0,0.0,Neutral,-0.005029884601743695
,1607.5699462890625,1607.5699462890625,1591.8299560546875,1600.4300537109375,146388800,,0.0,0.0,Neutral,0.0045491173780143335
,1596.5799560546875,1605.72998046875,1596.5799560546875,1604.8699951171875,141522500,,0.0,0.0,Neutral,-0.006836399411263239
,1607.72998046875,1609.0999755859375,1598.18994140625,1599.8900146484375,176049300,,0.0,0.0,Neutral,0.006983693094591681
,1608.4300537109375,1610.81005859375,1605.43994140625,1607.280029296875,153568100,,0.0,0.0,Neutral,0.00043544205226764277
,1623.469970703125,1623.469970703125,1609.43994140625,1610.739990234375,214928700,,0.0,0.0,Neutral,0.009350681403575978
,1606.6800537109375,1623.25,1603.8199462890625,1623.2099609375,191167600,,0.0,0.0,Neutral,-0.010341994182322845
,1608.5,1608.5,1597.7900390625,1606.52001953125,140500200,,0.0,0.0,Neutral,0.0011327372147671433
,1601.6500244140625,1615.5999755859375,1600.050048828125,1615.2099609375,218697900,,0.0,0.0,Neutral,-0.004258610870959023
,1590.72998046875,1602.0899658203125,1588.8900146484375,1602.0899658203125,130410800,,0.0,0.0,Neutral,-0.006817996303098428
,1588.25,1597.4200439453125,1587.8699951171875,1591.6700439453125,121073200,,0.0,0.0,Neutral,-0.0015590203863632413
,1575.6700439453125,1592.1800537109375,1575.3800048828125,1591.97998046875,129302100,,0.0,0.0,Neutral,-0.00792063973221313
,1578.3299560546875,1578.3299560546875,1556.0,1572.0899658203125,249623100,,0.0,0.0,Neutral,0.0016881149194882816
,1587.449951171875,1590.0400390625,1573.4000244140625,1578.6700439453125,135461200,,0.0,0.0,Neutral,0.005778256366612
,1583.9200439453125,1591.52001953125,1580.0,1587.47998046875,120560600,,0.0,0.0,Neutral,-0.00222363371138512
,1577.6400146484375,1581.260009765625,1571.9599609375,1579.31005859375,113321700,,0.0,0.0,Neutral,-0.003964865095862025
,1582.52001953125,1583.1300048828125,1572.989990234375,1576.2900390625,125837600,Sukuk Market Liquidity Determinants: A Case Study on Sovereign Sukuk in Indonesia - eJournal UM,0.0,0.0,Neutral,0.0030932309256239687
,1583.4599609375,1583.4599609375,1583.4599609375,1583.4599609375,0,,0.0,0.0,Neutral,0.0005939523005391578
,1591.3199462890625,1591.3199462890625,1580.25,1583.25,133726000,,0.0,0.0,Neutral,0.004963804292789975
,1580.52001953125,1591.3199462890625,1574.280029296875,1591.219970703125,183977300,,0.0,0.0,Neutral,-0.006786772693321508
,1575.3199462890625,1585.3199462890625,1570.3199462890625,1577.8499755859375,185675800,,0.0,0.0,Neutral,-0.003290102737028122
,1562.1700439453125,1574.699951171875,1552.0699462890625,1569.4300537109375,174750200,TM Lee - Star Media Group Events,0.0,0.0,Neutral,-0.008347448640339317
,1571.8199462890625,1576.9599609375,1563.5699462890625,1563.780029296875,143036100,,0.0,0.0,Neutral,0.006177241959766988
,1577.8199462890625,1577.8199462890625,1567.3699951171875,1569.0,166737100,,0.0,0.0,Neutral,0.0038172311110860058
,1593.9000244140625,1593.9000244140625,1593.9000244140625,1593.9000244140625,0,,0.0,0.0,Neutral,0.010191326432917425
,1594.43994140625,1594.6199951171875,1580.780029296875,1585.1700439453125,171210500,,0.0,0.0,Neutral,0.00033873955951913004
,1583.550048828125,1585.969970703125,1568.469970703125,1571.0400390625,110858000,,0.0,0.0,Neutral,-0.006829917073276848
,1585.9000244140625,1588.300048828125,1580.0999755859375,1585.739990234375,123977600,,0.0,0.0,Neutral,0.001483991988555422
,1597.93994140625,1598.6099853515625,1585.469970703125,1585.469970703125,150289300,,0.0,0.0,Neutral,0.00759185119291228
,1590.5699462890625,1599.719970703125,1586.6099853515625,1599.0799560546875,125694200,,0.0,0.0,Neutral,-0.004612185305726602
,1578.449951171875,1590.31005859375,1573.3399658203125,1590.300048828125,151652300,,0.0,0.0,Neutral,-0.007619907031101936
,1587.9599609375,1591.550048828125,1577.1800537109375,1581.43994140625,189900000,,0.0,0.0,Neutral,0.0060249042160409605
,1581.47998046875,1590.77001953125,1581.47998046875,1589.510009765625,156299700,,0.0,0.0,Neutral,-0.004080695123398703
,1579.9000244140625,1586.280029296875,1579.9000244140625,1583.3499755859375,116791600,,0.0,0.0,Neutral,-0.0009990363926195567
,1575.1600341796875,1584.0899658203125,1571.5799560546875,1583.27001953125,118198800,,0.0,0.0,Neutral,-0.0030001836579076624
,1582.4599609375,1587.469970703125,1578.199951171875,1582.4599609375,146222800,,0.0,0.0,Neutral,0.0046344032348524244
,1581.3699951171875,1586.0999755859375,1578.6300048828125,1586.0999755859375,144042400,,0.0,0.0,Neutral,-0.0006887793986691815
,1578.3199462890625,1584.949951171875,1576.4599609375,1582.9200439453125,156285700,,0.0,0.0,Neutral,-0.0019287382696918653
,1570.8599853515625,1578.75,1568.6700439453125,1578.75,139278200,,0.0,0.0,Neutral,-0.004726520091848152
,1589.050048828125,1589.050048828125,1565.739990234375,1571.0899658203125,301725900,,0.0,0.0,Neutral,0.011579684788069367
,1572.239990234375,1580.6500244140625,1567.8399658203125,1580.510009765625,109189500,,0.0,0.0,Neutral,-0.01057868416803287
,1574.02001953125,1577.5699462890625,1571.2099609375,1571.56005859375,130993000,,0.0,0.0,Neutral,0.0011321613162946775
,1564.760009765625,1573.6600341796875,1564.5400390625,1571.760009765625,113746300,,0.0,0.0,Neutral,-0.005883031759902679
,1555.7099609375,1567.5899658203125,1554.1500244140625,1565.9599609375,155098200,,0.0,0.0,Neutral,-0.005783665719755082
,1559.6800537109375,1563.469970703125,1556.1600341796875,1556.1600341796875,119037900,,0.0,0.0,Neutral,0.002551949189195213
,1544.7099609375,1557.5799560546875,1539.5999755859375,1557.4599609375,115406200,,0.0,0.0,Neutral,-0.009598181843653908
,1548.31005859375,1549.260009765625,1541.719970703125,1542.3900146484375,106857400,,0.0,0.0,Neutral,0.002330597812721491
,1532.6300048828125,1551.949951171875,1531.6600341796875,1547.300048828125,146788700,,0.0,0.0,Neutral,-0.010127205222175473
,1534.22998046875,1541.1099853515625,1531.8399658203125,1533.3399658203125,104833600,Bolts and tightening system - pjmotors.com.my,0.0,0.0,Neutral,0.0010439411866138837
,1533.3499755859375,1536.0,1529.6800537109375,1533.699951171875,87817700,,0.0,0.0,Neutral,-0.0005735808151419164
,1532.3599853515625,1535.8800048828125,1525.4000244140625,1534.0400390625,87054900,,0.0,0.0,Neutral,-0.0006456387974941302
,1531.6300048828125,1536.469970703125,1530.75,1531.9200439453125,99833000,,0.0,0.0,Neutral,-0.00047637661889388117
,1530.1500244140625,1531.030029296875,1523.4200439453125,1530.9599609375,101657600,LIQUIDITY ANALYSIS: A CASE STUDY IN CTRM AC MELAKA - UiTM Institutional Repository,0.0,0.0,Neutral,-0.0009662780593432396
,1508.7099609375,1525.9000244140625,1501.2099609375,1525.9000244140625,190293600,,0.0,0.0,Neutral,-0.014011739459843131
,1520.5799560546875,1522.800048828125,1508.3599853515625,1508.3599853515625,137225100,,0.0,0.0,Neutral,0.007867645488210062
,1512.8900146484375,1525.4200439453125,1509.25,1522.22998046875,70680200,,0.0,0.0,Neutral,-0.005057242386781402
,1519.56005859375,1520.030029296875,1513.5400390625,1513.8299560546875,97812800,MPSAS 5 - anm.gov.my,0.0,0.0,Neutral,0.004408809550416892
,1512.3199462890625,1522.8699951171875,1509.5699462890625,1520.77001953125,149335700,The Impact of Stock Market Development on Economic Growth in Malaysia - TAR UMT Institutional Repository,0.2,0.2,Positive,-0.0047646108251804264
,1520.8199462890625,1523.949951171875,1511.5999755859375,1512.5699462890625,130878500,,0.0,0.0,Neutral,0.005620503796737841
,1522.47998046875,1525.3699951171875,1511.780029296875,1523.9000244140625,109839000,,0.0,0.0,Neutral,0.0010915389318362223
,1519.969970703125,1533.800048828125,1518.72998046875,1522.6700439453125,135999200,,0.0,0.0,Neutral,-0.001648632361557989
,1516.52001953125,1521.5699462890625,1515.3399658203125,1521.3699951171875,157913600,,0.0,0.0,Neutral,-0.0022697495597752138
,1527.6199951171875,1527.6199951171875,1518.010009765625,1519.0,115176100,,0.0,0.0,Neutral,0.007319372934732726
,1523.43994140625,1529.6500244140625,1523.1600341796875,1528.2099609375,81841000,,0.0,0.0,Neutral,-0.0027363177519922344
,1512.530029296875,1525.72998046875,1512.530029296875,1524.469970703125,88319400,,0.0,0.0,Neutral,-0.007161366728578922
,1514.5999755859375,1517.3900146484375,1511.8499755859375,1515.72998046875,111563800,,0.0,0.0,Neutral,0.0013685323590069132
,1515.3900146484375,1516.3499755859375,1509.81005859375,1511.4599609375,80066500,,0.0,0.0,Neutral,0.0005216156577543263
,1512.9300537109375,1520.0400390625,1511.510009765625,1514.969970703125,112971300,,0.0,0.0,Neutral,-0.0016233186926936094
,1494.5999755859375,1512.010009765625,1494.5999755859375,1511.97998046875,166143200,MONETARY AND FINANCIAL DEVELOPMENTS Interest rates lowered in line with OPR reductions - Bank Negara Malaysia | MONETARY AND FINANCIAL DEVELOPMENTS Interest rates lowered in line with OPR reductions - Bank Negara Malaysia,0.0,0.0,Neutral,-0.012115615047794015
,1493.0,1499.739990234375,1486.22998046875,1497.3900146484375,102338600,,0.0,0.0,Neutral,-0.0010705042232522777
,1500.260009765625,1500.260009765625,1489.739990234375,1493.1500244140625,139077200,,0.0,0.0,Neutral,0.004862699106245705
,1491.3299560546875,1497.8800048828125,1483.72998046875,1497.280029296875,133527200,,0.0,0.0,Neutral,-0.005952337363396509
,1495.780029296875,1498.9200439453125,1491.010009765625,1493.6500244140625,121413400,,0.0,0.0,Neutral,0.0029839628877033064
,1489.800048828125,1498.5899658203125,1486.050048828125,1494.8599853515625,114709800,,0.0,0.0,Neutral,-0.003997900995884374
,1496.72998046875,1497.199951171875,1491.760009765625,1491.760009765625,82638200,,0.0,0.0,Neutral,0.00465158505403207
,1504.43994140625,1514.52001953125,1498.530029296875,1499.4300537109375,130603000,Reference Rate Framework - Bank Negara Malaysia,0.0,0.0,Neutral,0.005151203649361946
,1501.969970703125,1505.2900390625,1497.1800537109375,1505.2900390625,80529000,,0.0,0.0,Neutral,-0.0016417875085237288
,1505.1099853515625,1507.5400390625,1498.800048828125,1503.3599853515625,64811000,,0.0,0.0,Neutral,0.002090597488422219
,1502.9000244140625,1502.9000244140625,1493.5999755859375,1499.9200439453125,96664900,,0.0,0.0,Neutral,-0.001468305279353932
,1523.5899658203125,1524.7099609375,1505.27001953125,1505.27001953125,143637800,,0.0,0.0,Neutral,0.013766678468394078
,1525.239990234375,1526.3399658203125,1518.949951171875,1524.97998046875,98883800,,0.0,0.0,Neutral,0.0010829845634841018
,1514.949951171875,1524.6800537109375,1513.780029296875,1524.6800537109375,86339400,,0.0,0.0,Neutral,-0.006746504896530281
,1518.030029296875,1522.6800537109375,1515.7900390625,1517.22998046875,71866900,,0.0,0.0,Neutral,0.0020331220332510114
,1522.4300537109375,1524.8599853515625,1519.530029296875,1519.989990234375,96734800,FORMAT INSTRUCTIONS FOR SOMChE 2004 PAPERS - Journal of Engineering Science and Technology (JESTEC) | Get your Touch 'n Go Card refund for - customerservice.touchngo.com.my,0.0,0.0,Neutral,0.002898509468946653
,1553.3699951171875,1553.3699951171875,1522.81005859375,1524.2099609375,201073600,,0.0,0.0,Neutral,0.020322734256876807
,1569.800048828125,1569.800048828125,1554.5799560546875,1554.5799560546875,171038200,,0.0,0.0,Neutral,0.01057703815741462
,1585.739990234375,1590.9100341796875,1570.719970703125,1570.719970703125,221320600,"Preparing Our Financial Sector for Risks from Climate Change - Bank Negara Malaysia | HADA LABO, Kouji Tightening & Hydrating Gel Emulsion 50ml - Watsons Malaysia",0.0,0.0,Neutral,0.010154122124119702
,1590.1600341796875,1594.52001953125,1577.31005859375,1582.9000244140625,183093000,,0.0,0.0,Neutral,0.0027873699172202837
,1601.3800048828125,1604.9000244140625,1592.0999755859375,1593.18994140625,310815000,,0.0,0.0,Neutral,0.007055875171025239
,1586.8900146484375,1604.97998046875,1586.8900146484375,1603.4300537109375,239935300,,0.0,0.0,Neutral,-0.009048439589724566
,1582.18994140625,1593.5699462890625,1581.52001953125,1588.31005859375,147320300,,0.0,0.0,Neutral,-0.002961814113644601
,1589.18994140625,1589.18994140625,1579.93994140625,1585.1700439453125,140548700,,0.0,0.0,Neutral,0.004424247567759387
,1581.5899658203125,1592.1600341796875,1577.7900390625,1590.6700439453125,115666800,,0.0,0.0,Neutral,-0.004782295298957351
,1583.47998046875,1586.3699951171875,1580.1400146484375,1581.75,139656100,,0.0,0.0,Neutral,0.0011950092560539805
,1597.6300048828125,1597.6300048828125,1579.1800537109375,1581.719970703125,180612500,,0.0,0.0,Neutral,0.008936029876344787
,1578.8900146484375,1592.739990234375,1577.449951171875,1592.1800537109375,192149900,,0.0,0.0,Neutral,-0.011729868728742154
,1575.969970703125,1583.8399658203125,1572.6099853515625,1576.1400146484375,173719400,,0.0,0.0,Neutral,-0.0018494283441032877
,1570.1300048828125,1573.780029296875,1562.1099853515625,1573.780029296875,130906600,,0.0,0.0,Neutral,-0.0037056326763047487
,1555.510009765625,1573.1800537109375,1548.8900146484375,1569.550048828125,185018900,"Govt, PH MoU a sign of positive economic growth, stability - Portal Rasmi Kementerian Kewangan",0.21363636363636362,0.3727272727272727,Positive,-0.009311327770134992
,1555.260009765625,1560.56005859375,1549.6500244140625,1554.8599853515625,205564200,,0.0,0.0,Neutral,-0.00016071899147573898
,1548.510009765625,1556.739990234375,1543.0799560546875,1556.3499755859375,326712900,,0.0,0.0,Neutral,-0.0043401103079974135
,1527.8900146484375,1547.6700439453125,1526.9000244140625,1547.6199951171875,177366500,,0.0,0.0,Neutral,-0.01331602313653013
,1530.43994140625,1533.1099853515625,1521.43994140625,1524.7099609375,175388100,,0.0,0.0,Neutral,0.0016689203629616234
,1529.02001953125,1529.7900390625,1520.7099609375,1524.6300048828125,169897700,,0.0,0.0,Neutral,-0.0009277867341173085
,1539.3399658203125,1539.72998046875,1531.1800537109375,1532.3299560546875,165616300,,0.0,0.0,Neutral,0.006749385983988887
,1532.06005859375,1543.3499755859375,1525.6400146484375,1542.4000244140625,137450600,,0.0,0.0,Neutral,-0.004729239406632946
,1533.050048828125,1533.510009765625,1526.1400146484375,1532.8900146484375,150078500,,0.0,0.0,Neutral,0.0006461823926691146
,1546.8199462890625,1546.8199462890625,1526.280029296875,1533.510009765625,164396500,,0.0,0.0,Neutral,0.008982027345723953
,1547.6500244140625,1547.6500244140625,1528.68994140625,1541.9599609375,124104800,,0.0,0.0,Neutral,0.0005366352606142044
,1537.800048828125,1549.3599853515625,1532.56005859375,1546.4300537109375,231802200,,0.0,0.0,Neutral,-0.006364472219529516
,1524.47998046875,1539.469970703125,1521.0799560546875,1536.489990234375,144760700,,0.0,0.0,Neutral,-0.00866176871923341
,1522.469970703125,1532.72998046875,1519.6600341796875,1529.0400390625,119364900,,0.0,0.0,Neutral,-0.001318488790523098
,1530.4200439453125,1530.4200439453125,1515.5400390625,1522.239990234375,115647300,,0.0,0.0,Neutral,0.005221825976978733
,1559.4200439453125,1559.4200439453125,1531.1300048828125,1531.3699951171875,211713700,,0.0,0.0,Neutral,0.018949046122814783
,1561.2900390625,1561.2900390625,1551.97998046875,1558.239990234375,157809100,,0.0,0.0,Neutral,0.0011991606267010013
,1563.9000244140625,1567.300048828125,1558.56005859375,1562.1500244140625,135219100,,0.0,0.0,Neutral,0.0016716851361773255
,1570.8199462890625,1575.6300048828125,1567.8800048828125,1567.8800048828125,160435600,,0.0,0.0,Neutral,0.00442478532321311
,1583.9100341796875,1583.9100341796875,1563.719970703125,1572.3399658203125,194652300,Management of Customer Information and Permitted Disclosures - Bank Negara Malaysia,0.0,0.0,Neutral,0.008333283468642705
,1600.3800048828125,1600.3800048828125,1581.81005859375,1582.8699951171875,160913300,,0.0,0.0,Neutral,0.010398299365314001
,1592.52001953125,1601.6600341796875,1588.6300048828125,1601.6600341796875,120281800,TNB assures that Malaysia's coal inventory in 'good position9 despite tightening global supply - tnb.com.my,0.35,0.30000000000000004,Positive,-0.004911324390195704
,1598.280029296875,1599.760009765625,1592.6700439453125,1595.1700439453125,132390000,Pages - e-Search - Suruhanjaya Syarikat Malaysia (SSM),0.0,0.0,Neutral,0.0036169151376321818
,1605.969970703125,1609.6199951171875,1602.7099609375,1602.8900146484375,153516900,,0.0,0.0,Neutral,0.004811385530252066
,1606.3199462890625,1613.3499755859375,1601.31005859375,1611.8299560546875,155600800,,0.0,0.0,Neutral,0.0002179216251374516
,1591.6199951171875,1608.9200439453125,1590.3399658203125,1608.4300537109375,180339300,How big a concrete floor slab can be casted without cracks? - Academy of Concrete Technology Sdn Bhd | Lembaga Hasil Dalam Negeri Malaysia - hasil.gov.my,0.10000000000000002,0.23333333333333336,Positive,-0.009151322067459167
,1588.0799560546875,1591.9100341796875,1582.219970703125,1591.719970703125,87464300,,0.0,0.0,Neutral,-0.002224173529712048
,1587.93994140625,1593.3699951171875,1586.77001953125,1586.77001953125,75804200,,0.0,0.0,Neutral,-8.816599435290673e-05
,1584.199951171875,1589.1099853515625,1583.0699462890625,1588.0400390625,103545400,,0.0,0.0,Neutral,-0.0023552466543935724
,1583.0799560546875,1591.6400146484375,1581.760009765625,1587.219970703125,109028100,,0.0,0.0,Neutral,-0.0007069783813331565
,1566.8599853515625,1581.489990234375,1566.8599853515625,1581.0799560546875,126028300,,0.0,0.0,Neutral,-0.010245831640461223
,1562.31005859375,1570.6500244140625,1559.6600341796875,1568.8699951171875,144120400,,0.0,0.0,Neutral,-0.0029038502484901585
,1530.9200439453125,1545.989990234375,1526.0400390625,1545.989990234375,229544000,,0.0,0.0,Neutral,-0.020092051815048806
,1537.6300048828125,1544.0,1532.2099609375,1532.2099609375,143617700,,0.0,0.0,Neutral,0.004382959752886828
,1531.3299560546875,1543.8699951171875,1530.3499755859375,1543.1500244140625,140157900,Untitled - Portal Rasmi Kementerian Kewangan | FAQ 1. What type of monetary and fiscal data is available on the MOF website? - Portal Rasmi Kementerian Kewangan,0.4,0.4,Positive,-0.00409724628689534
,1531.72998046875,1540.6099853515625,1525.449951171875,1535.77001953125,122048000,Untitled - Portal Rasmi Kementerian Kewangan,0.0,0.0,Neutral,0.0002612267934032353
,1535.4100341796875,1538.1199951171875,1531.4200439453125,1534.2099609375,96941100,,0.0,0.0,Neutral,0.0024025472882702736
,1524.030029296875,1536.1600341796875,1520.0799560546875,1535.550048828125,119440000,,0.0,0.0,Neutral,-0.0074117041242943715
,1520.739990234375,1526.1500244140625,1516.75,1526.030029296875,100293300,,0.0,0.0,Neutral,-0.002158775745395136
,1518.8499755859375,1522.719970703125,1517.739990234375,1520.47998046875,97057300,,0.0,0.0,Neutral,-0.0012428256378963498
,1531.219970703125,1532.6400146484375,1520.6700439453125,1522.68994140625,136842900,,0.0,0.0,Neutral,0.008144316631677473
,1522.3399658203125,1534.6600341796875,1520.27001953125,1531.3800048828125,91980600,,0.0,0.0,Neutral,-0.00579930059215128
,1522.8900146484375,1528.0999755859375,1518.9300537109375,1521.469970703125,105897000,,0.0,0.0,Neutral,0.00036131799760541483
,1525.1300048828125,1525.1300048828125,1519.0699462890625,1522.4200439453125,119348000,,0.0,0.0,Neutral,0.001470881162020099
,1523.7900390625,1525.1199951171875,1519.9100341796875,1524.5799560546875,110251600,,0.0,0.0,Neutral,-0.0008785912125671702
,1525.5400390625,1527.5,1523.1400146484375,1525.3800048828125,109830900,,0.0,0.0,Neutral,0.001148452185103288
,1526.8699951171875,1529.260009765625,1522.7099609375,1526.760009765625,113642900,,0.0,0.0,Neutral,0.0008717936079245536
,1522.8800048828125,1531.72998046875,1521.510009765625,1527.25,124348300,,0.0,0.0,Neutral,-0.0026131826855820828
,1522.27001953125,1525.97998046875,1521.1199951171875,1524.2099609375,93203000,Interest Rates & Volumes - Bank Negara Malaysia,0.0,0.0,Neutral,-0.00040054721948323824
,1517.5999755859375,1523.1600341796875,1515.4300537109375,1520.3199462890625,82655700,,0.0,0.0,Neutral,-0.0030678157523923444
,1512.219970703125,1518.43994140625,1508.969970703125,1518.1700439453125,238900400,,0.0,0.0,Neutral,-0.003545074439484819
,1510.5699462890625,1516.5999755859375,1501.510009765625,1507.7900390625,453704100,,0.0,0.0,Neutral,-0.001091127247377477
,1513.97998046875,1519.6199951171875,1511.27001953125,1512.5799560546875,684033900,,0.0,0.0,Neutral,0.002257448712033927
,1496.9300537109375,1509.9000244140625,1495.75,1507.47998046875,226840300,,0.0,0.0,Neutral,-0.011261659320312534
,1501.739990234375,1501.739990234375,1491.8299560546875,1498.3399658203125,211493000,,0.0,0.0,Neutral,0.0032132005844318634
,1483.449951171875,1503.760009765625,1483.449951171875,1503.6600341796875,210885300,,0.0,0.0,Neutral,-0.012179231545698888
,1497.969970703125,1497.969970703125,1484.3499755859375,1484.93994140625,177743200,"Control of Corruption, Political Stability, Foreign Investors, Government Expenditure and Economic Growth Trends in the Southeast Asian Region - IPN Journal",0.018750000000000003,0.10625000000000001,Neutral,0.009788007690977096
,1494.030029296875,1501.239990234375,1491.8800048828125,1500.5699462890625,138474400,,0.0,0.0,Neutral,-0.0026301871755149975
,1501.7900390625,1501.7900390625,1491.8199462890625,1493.06005859375,99381700,,0.0,0.0,Neutral,0.005194011909705143
,1488.8800048828125,1505.4100341796875,1488.8800048828125,1501.6500244140625,130085000,Liquidity Risk and Regulation in the Organization of the Islamic Cooperation (OIC) Banking Industry - Universiti Sains Malaysia,0.0,0.0,Neutral,-0.008596430821812273
,1494.8599853515625,1501.8800048828125,1491.8499755859375,1491.8800048828125,152423300,,0.0,0.0,Neutral,0.004016428757951385
,1480.9200439453125,1492.8900146484375,1479.9200439453125,1492.8900146484375,147863700,,0.0,0.0,Neutral,-0.009325248881400516
,1482.81005859375,1484.6300048828125,1475.3699951171875,1482.1199951171875,130742800,Bringing 5G to the Country - digital-nasional.com.my,0.0,0.0,Neutral,0.0012762435461419752
,1484.6400146484375,1491.68994140625,1483.7900390625,1485.4599609375,145137700,,0.0,0.0,Neutral,0.001234113596735975
,1502.010009765625,1502.010009765625,1482.3900146484375,1485.4300537109375,275103300,,0.0,0.0,Neutral,0.011699802609254517
,1493.9000244140625,1502.6099853515625,1490.77001953125,1497.5699462890625,144587300,,0.0,0.0,Neutral,-0.005399421640890356
,1492.5899658203125,1496.239990234375,1490.010009765625,1492.800048828125,116475100,"THE EFFECT OF INFLATION RATE, INTEREST RATE AND UNEMPLOYMENT RATE ON THE ECONOMIC GROWTH OF MALAYSIA - UMS Official Website",0.2,0.2,Positive,-0.0008769385985275546
,1500.3199462890625,1502.18994140625,1492.739990234375,1492.739990234375,116438200,,0.0,0.0,Neutral,0.0051789042173424615
,1516.4200439453125,1516.4200439453125,1499.81005859375,1499.81005859375,123965700,,0.0,0.0,Neutral,0.01073110951838796
,1516.449951171875,1517.9599609375,1513.93994140625,1516.6400146484375,51488600,,0.0,0.0,Neutral,1.9722257485366157e-05
,1533.9100341796875,1535.9300537109375,1515.0999755859375,1517.3699951171875,110161500,"Beauty, Perfume & Accessories - Victoria's Secret Malaysia - Victoria's Secret Malaysia",-0.4,0.7,Negative,0.011513787840027101
,1539.8900146484375,1542.199951171875,1535.8599853515625,1535.97998046875,115107800,,0.0,0.0,Neutral,0.0038985209924309316
,1545.0400390625,1545.0400390625,1536.449951171875,1540.3900146484375,115519200,,0.0,0.0,Neutral,0.0033444105520992196
,1543.6099853515625,1547.75,1539.5699462890625,1544.72998046875,105401000,,0.0,0.0,Neutral,-0.0009255771208397379
,1567.530029296875,1567.530029296875,1531.81005859375,1542.989990234375,165322800,,0.0,0.0,Neutral,0.015496170776496232
,1549.050048828125,1556.280029296875,1545.530029296875,1553.6400146484375,65775200,,0.0,0.0,Neutral,-0.01178923537244092
,1541.9000244140625,1551.3299560546875,1536.52001953125,1550.9200439453125,104133100,,0.0,0.0,Neutral,-0.004615747838148665
,1547.949951171875,1549.530029296875,1540.239990234375,1542.4100341796875,122004900,,0.0,0.0,Neutral,0.003923682899033221
,1533.3599853515625,1546.5,1532.5999755859375,1546.4599609375,126065800,,0.0,0.0,Neutral,-0.009425347253163574
,1543.1099853515625,1543.1700439453125,1531.5400390625,1534.81005859375,108158900,,0.0,0.0,Neutral,0.006358585128830363
,1550.1700439453125,1550.1700439453125,1540.31005859375,1543.3800048828125,143108700,,0.0,0.0,Neutral,0.004575214120036586
,1564.2900390625,1564.2900390625,1546.18994140625,1549.010009765625,209789300,,0.0,0.0,Neutral,0.009108674994938504
,1563.199951171875,1567.3499755859375,1555.699951171875,1564.3900146484375,129352500,,0.0,0.0,Neutral,-0.0006968579121543472
,1569.510009765625,1570.1400146484375,1560.2900390625,1561.9599609375,147237200,,0.0,0.0,Neutral,0.004036629216255694
,1555.3299560546875,1565.22998046875,1549.9300537109375,1565.22998046875,166786800,,0.0,0.0,Neutral,-0.009034701035806059
,1542.9200439453125,1555.31005859375,1541.0699462890625,1553.800048828125,136687800,,0.0,0.0,Neutral,-0.007978957816034415
,1530.3299560546875,1541.699951171875,1525.550048828125,1541.699951171875,187807400,,0.0,0.0,Neutral,-0.008159909478155258
,1527.75,1532.8199462890625,1525.449951171875,1529.43994140625,151951800,,0.0,0.0,Neutral,-0.0016858822141460061
,1527.06005859375,1531.25,1520.800048828125,1528.81005859375,132758900,,0.0,0.0,Neutral,-0.00045160622238582526
,1521.8599853515625,1525.8199462890625,1518.8199462890625,1521.719970703125,120098100,,0.0,0.0,Neutral,-0.0034052840377321036
,1508.9100341796875,1517.0899658203125,1503.3399658203125,1517.0899658203125,158204700,,0.0,0.0,Neutral,-0.008509292113941358
,1515.760009765625,1520.1500244140625,1508.780029296875,1508.780029296875,140010100,Internship Programme - Bank Negara Malaysia | Internship Programme - Bank Negara Malaysia,0.0,0.0,Neutral,0.004539684560890045
,1515.989990234375,1518.6099853515625,1510.6400146484375,1516.47998046875,120210600,,0.0,0.0,Neutral,0.00015172617516512332
,1520.02001953125,1522.949951171875,1517.9599609375,1518.25,103982800,,0.0,0.0,Neutral,0.002658348223164575
,1512.27001953125,1523.6300048828125,1512.27001953125,1519.719970703125,101180600,,0.0,0.0,Neutral,-0.00509861705794501
,1525.72998046875,1526.6199951171875,1515.25,1515.9200439453125,129274700,,0.0,0.0,Neutral,0.008900501076965162
,1522.760009765625,1526.800048828125,1518.8199462890625,1526.300048828125,94910600,,0.0,0.0,Neutral,-0.0019465899871827785
,1530.6500244140625,1535.1199951171875,1525.22998046875,1525.22998046875,197023100,,0.0,0.0,Neutral,0.0051813907627189515
,1530.0899658203125,1534.72998046875,1529.0999755859375,1533.3299560546875,151107200,,0.0,0.0,Neutral,-0.0003658959166478182
,1551.510009765625,1551.510009765625,1531.18994140625,1531.18994140625,221080100,Travelling back in time: Capitalizing on the potential of Nostalgia - MARKETING Magazine Asia,0.0,0.5,Neutral,0.013999205552484462
,1570.0999755859375,1570.0999755859375,1550.4200439453125,1550.4200439453125,201197900,SAFI Naturals Refreshing & Pore Tightening Facial Cleanser - safi.com.my,0.25,0.5,Positive,0.011981853615704807
,1578.8900146484375,1578.8900146484375,1562.9100341796875,1564.300048828125,159819400,,0.0,0.0,Neutral,0.005598394496643344
,1583.8399658203125,1585.0799560546875,1575.0999755859375,1576.989990234375,168289300,,0.0,0.0,Neutral,0.0031350829544496417
,1599.6099853515625,1599.6099853515625,1585.5400390625,1585.9599609375,221071000,,0.0,0.0,Neutral,0.009956826366028793
,1603.199951171875,1613.7099609375,1597.3499755859375,1606.6500244140625,179739900,,0.0,0.0,Neutral,0.002244275700444165
,1605.02001953125,1614.8199462890625,1601.93994140625,1609.9200439453125,201735200,,0.0,0.0,Neutral,0.0011352722148254557
,1603.050048828125,1607.4200439453125,1599.800048828125,1601.739990234375,178641400,,0.0,0.0,Neutral,-0.001227380767312991
,1582.68994140625,1603.3800048828125,1578.6099853515625,1601.6600341796875,189244500,,0.0,0.0,Neutral,-0.012700855744808948
,1576.9599609375,1581.050048828125,1567.18994140625,1579.93994140625,189714900,,0.0,0.0,Neutral,-0.0036204061950749766
,1586.1400146484375,1592.3399658203125,1579.93994140625,1582.260009765625,166551000,,0.0,0.0,Neutral,0.005821361314386264
,1573.8900146484375,1586.0699462890625,1565.239990234375,1585.56005859375,241575600,,0.0,0.0,Neutral,-0.007723151731163669
,1591.719970703125,1600.489990234375,1579.0699462890625,1579.0699462890625,213621200,a11 liquidity creation on bank's performance between single and dual banking system in southeast - UTAR Institutional Repository,-0.07142857142857142,0.21428571428571427,Negative,0.011328590872768274
,1608.280029296875,1613.489990234375,1595.739990234375,1595.739990234375,382513300,,0.0,0.0,Neutral,0.01040387687441946
,1596.43994140625,1620.43994140625,1593.5699462890625,1608.56005859375,268878900,,0.0,0.0,Neutral,-0.0073619566710664275
,1598.0999755859375,1606.3800048828125,1592.6199951171875,1601.1300048828125,284332800,,0.0,0.0,Neutral,0.0010398350333338247
,1618.5400390625,1618.5400390625,1600.1800537109375,1608.68994140625,255937300,Round Ligament Discomfort in Pregnancy: Non-Invasive Care - mychiro.com.my,-0.2,0.4,Negative,0.012790228264078607
,1603.93994140625,1616.280029296875,1598.1700439453125,1616.0,237853300,,0.0,0.0,Neutral,-0.009020535361427773
,1572.56005859375,1606.56005859375,1565.5699462890625,1606.27001953125,280535900,BNM Statement of Assets & Liabilities - 28 February 2022 - Bank Negara Malaysia,0.0,0.0,Neutral,-0.019564250507402292
,1546.8699951171875,1566.8399658203125,1540.9000244140625,1566.449951171875,311082900,,0.0,0.0,Neutral,-0.01633645935248773
,1562.3299560546875,1568.0,1543.9100341796875,1550.3199462890625,321135900,,0.0,0.0,Neutral,0.009994350518337303
,1580.530029296875,1581.27001953125,1567.77001953125,1570.7099609375,324240800,,0.0,0.0,Neutral,0.01164931464807073
,1568.219970703125,1575.1400146484375,1560.6300048828125,1575.1400146484375,178057100,,0.0,0.0,Neutral,-0.00778856356131763
,1567.43994140625,1572.5999755859375,1556.0999755859375,1570.699951171875,204245200,,0.0,0.0,Neutral,-0.000497397885148243
,1557.4100341796875,1566.739990234375,1554.1700439453125,1564.9000244140625,243167000,,0.0,0.0,Neutral,-0.006398910070879005
,1571.3199462890625,1571.3199462890625,1554.260009765625,1554.260009765625,228365200,,0.0,0.0,Neutral,0.008931438609037556
,1590.8800048828125,1592.9000244140625,1577.56005859375,1577.56005859375,348316600,,0.0,0.0,Neutral,0.012448170495095168
,1591.260009765625,1594.760009765625,1583.25,1593.6800537109375,643455100,,0.0,0.0,Neutral,0.00023886457912980497
,1587.1600341796875,1589.489990234375,1579.31005859375,1588.0699462890625,160876100,,0.0,0.0,Neutral,-0.0025765591800056553
,1585.81005859375,1591.6700439453125,1583.969970703125,1585.530029296875,168581900,,0.0,0.0,Neutral,-0.0008505604708193282
,1597.8800048828125,1601.8299560546875,1588.780029296875,1588.780029296875,163151000,,0.0,0.0,Neutral,0.007611218142837162
,1598.969970703125,1601.1600341796875,1593.530029296875,1595.8499755859375,139118600,,0.0,0.0,Neutral,0.0006821324611245849
,1603.300048828125,1603.68994140625,1596.6300048828125,1596.6300048828125,151106400,,0.0,0.0,Neutral,0.0027080421798639787
,1597.949951171875,1606.1400146484375,1595.3699951171875,1606.1400146484375,136648600,,0.0,0.0,Neutral,-0.0033369285182524022
,1583.4200439453125,1598.2099609375,1579.27001953125,1597.9300537109375,165623300,Interest Rate Policy - Bank Negara Malaysia | Reduction of the 3-month Intervention Rate and the Introduction of a New Liquidity Framework - Bank Negara Malaysia | New Liquidity Framework for the Discount Houses - Bank Negara Malaysia | PURSUIT OF POWER AND PROFIT LED TO HUMAN RIGHTS VIOLATIONS GLOBALLY AND IN MALAYSIA - Amnesty Malaysia,0.06818181818181818,0.25227272727272726,Positive,-0.009092842498544362
,1583.219970703125,1591.4000244140625,1580.8800048828125,1585.550048828125,151449700,UOB Business Banking Rates and Fees - UOB Malaysia,0.0,0.0,Neutral,-0.00012635512790970527
,1587.3599853515625,1589.06005859375,1575.5400390625,1585.1700439453125,220511000,Economic & Monetary Review 2021 - Bank Negara Malaysia,0.2,0.2,Positive,0.0026149333163090205
,1602.4100341796875,1602.4100341796875,1582.0899658203125,1588.2900390625,165218100,,0.0,0.0,Neutral,0.009481181941720429
,1598.9200439453125,1602.3199462890625,1594.77001953125,1602.030029296875,111270500,Fluoxetine Affects Intestinal Motility via 5-HT and Muscarinic Receptors in ex vivo Mouse Model - - UKM Journal Article Repository | Introductory Medical Physiology: Skeletal Muscle Constraction - UPM Press,0.0,0.0,Neutral,-0.0021779632927483306
,1596.7900390625,1601.6800537109375,1594.4100341796875,1601.6600341796875,133372500,,0.0,0.0,Neutral,-0.0013321522179162715
,1604.719970703125,1605.5,1595.18994140625,1596.1199951171875,144055900,,0.0,0.0,Neutral,0.004966170533779568
,1600.7900390625,1606.1300048828125,1597.949951171875,1605.510009765625,183691800,,0.0,0.0,Neutral,-0.0024489828209111053
,1607.2900390625,1608.1099853515625,1599.199951171875,1603.72998046875,121401200,Term Loan for Business - Hong Leong Bank,0.0,0.0,Neutral,0.004060495031445122
,1604.6099853515625,1613.4599609375,1603.219970703125,1607.949951171875,130839000,,0.0,0.0,Neutral,-0.0016674362721121883
,1597.1300048828125,1603.97998046875,1597.1300048828125,1603.8699951171875,171551400,,0.0,0.0,Neutral,-0.00466155672533175
,1597.1800537109375,1605.1099853515625,1596.1300048828125,1599.6199951171875,170038600,,0.0,0.0,Neutral,3.133672773780738e-05
,1595.699951171875,1602.3800048828125,1595.699951171875,1601.0999755859375,155439300,GUIDELINES ON INDUCTION OF LABOUR - Portal Rasmi Kementerian Kesihatan Malaysia,0.0,0.0,Neutral,-0.000926697359902251
,1589.010009765625,1596.6199951171875,1589.010009765625,1596.5799560546875,88773900,,0.0,0.0,Neutral,-0.004192480798997922
,1581.1400146484375,1591.6400146484375,1581.1400146484375,1591.6400146484375,100095100,,0.0,0.0,Neutral,-0.004952766231062555
,1593.75,1597.0699462890625,1584.8699951171875,1585.8199462890625,217355100,,0.0,0.0,Neutral,0.007975249019528619
,1598.3199462890625,1599.9100341796875,1594.1300048828125,1598.3900146484375,157702500,"Rates, Tariff and Charges - HSBC Malaysia | BANKING - MIDF Malaysia",0.0,0.0,Neutral,0.0028674172794118657
,1601.969970703125,1603.3199462890625,1594.719970703125,1598.0699462890625,146615600,,0.0,0.0,Neutral,0.0022836631817910735
,1589.97998046875,1599.3800048828125,1589.97998046875,1599.3800048828125,178307100,The Definitive Guide for Industrial REITs in Malaysia - Industrial Malaysia,0.0,0.0,Neutral,-0.007484528707559002
,1596.6800537109375,1602.68994140625,1592.469970703125,1599.719970703125,161400900,,0.0,0.0,Neutral,0.004213935599498786
,1585.97998046875,1593.3399658203125,1585.1700439453125,1591.6500244140625,139713500,,0.0,0.0,Neutral,-0.00670145106235831
,1597.31005859375,1600.5999755859375,1590.1700439453125,1593.6199951171875,185350000,,0.0,0.0,Neutral,0.007143897315558423
,1600.4300537109375,1605.02001953125,1595.780029296875,1602.02001953125,154247500,,0.0,0.0,Neutral,0.0019532808301065963
,1582.97998046875,1615.1700439453125,1576.8399658203125,1614.3399658203125,226169700,The 5 key sectors in Bursa Main Market you should know - fsmone.com.my,0.08333333333333333,0.6666666666666666,Positive,-0.010903365130969567
,1564.3399658203125,1578.5400390625,1563.9300537109375,1574.1500244140625,240641800,,0.0,0.0,Neutral,-0.011775268720023768
,1549.1800537109375,1563.800048828125,1546.6400146484375,1563.800048828125,165661500,"ADVANCING DEMOCRATIC REPRESENTATION, STABILITY AND ACCOUNTABILITY: Regulating Change of Party Affiliation in Malaysia - sunwayuniversity.edu.my",0.0,0.0,Neutral,-0.009690931920559476
,1554.5799560546875,1559.0400390625,1548.72998046875,1551.550048828125,204417900,,0.0,0.0,Neutral,0.0034856518652011115
,1555.9300537109375,1559.4599609375,1552.93994140625,1555.47998046875,163931700,ALLOWABLE AND NON-ALLOWABLE EXPENSES - Lembaga Hasil Dalam Negeri Malaysia,0.0,0.0,Neutral,0.0008684645977787842
,1538.800048828125,1559.7099609375,1538.800048828125,1556.93994140625,207028200,,0.0,0.0,Neutral,-0.011009495473113917
,1544.4100341796875,1551.3299560546875,1541.1500244140625,1545.97998046875,261766800,,0.0,0.0,Neutral,0.003645688311379347
,1548.5999755859375,1558.1099853515625,1548.02001953125,1555.6800537109375,247756000,,0.0,0.0,Neutral,0.0027129721469827395
,1554.9100341796875,1558.8900146484375,1547.469970703125,1554.1500244140625,208475500,Monetary Policy Committee Meeting Schedule - Bank Negara Malaysia | Overnight Policy Rate Decisions - Bank Negara Malaysia,0.0,0.0,Neutral,0.0040746859700566684
,1549.4100341796875,1554.530029296875,1545.02001953125,1550.239990234375,222552600,,0.0,0.0,Neutral,-0.0035371821385805635
,1549.1199951171875,1558.510009765625,1549.1199951171875,1552.3800048828125,180829200,,0.0,0.0,Neutral,-0.00018719322587423814
,1542.530029296875,1556.4300537109375,1540.0899658203125,1553.1500244140625,161612400,,0.0,0.0,Neutral,-0.004254006042839764
,1531.300048828125,1547.8399658203125,1531.300048828125,1547.8399658203125,185458500,,0.0,0.0,Neutral,-0.007280234585688383
,1535.56005859375,1538.8199462890625,1531.219970703125,1531.77001953125,145386500,Real Carrotene - aprilskin my,0.2,0.30000000000000004,Positive,0.0027819562657789287
,1541.1500244140625,1541.75,1535.8900146484375,1539.719970703125,175471800,,0.0,0.0,Neutral,0.0036403433320815193
,1546.760009765625,1546.760009765625,1531.56005859375,1540.699951171875,171414000,,0.0,0.0,Neutral,0.0036401292948071706
,1543.02001953125,1547.02001953125,1540.56005859375,1546.3499755859375,143220900,,0.0,0.0,Neutral,-0.0024179512081785592
,1570.0999755859375,1570.0999755859375,1537.949951171875,1544.3499755859375,745939000,,0.0,0.0,Neutral,0.017549970649709534
,1553.4100341796875,1563.8900146484375,1552.219970703125,1563.4000244140625,276242600,,0.0,0.0,Neutral,-0.010629859031761058
,1549.9000244140625,1555.5400390625,1546.2900390625,1554.719970703125,221159300,,0.0,0.0,Neutral,-0.002259551366602608
,1537.8299560546875,1551.6700439453125,1537.510009765625,1551.239990234375,155523600,,0.0,0.0,Neutral,-0.007787643182945336
,1525.9300537109375,1541.4300537109375,1525.9300537109375,1538.739990234375,170810900,,0.0,0.0,Neutral,-0.007738113239957434
,1523.8599853515625,1532.719970703125,1523.8599853515625,1525.9000244140625,184381000,,0.0,0.0,Neutral,-0.0013565945269514712
,1509.7099609375,1526.8299560546875,1508.0,1523.31005859375,218442900,,0.0,0.0,Neutral,-0.009285646023967198
,1493.949951171875,1505.6800537109375,1493.3199462890625,1505.6800537109375,201280200,,0.0,0.0,Neutral,-0.010439097689888932
,1464.8299560546875,1483.760009765625,1458.8499755859375,1483.760009765625,260416300,,0.0,0.0,Neutral,-0.01949194823718514
,1481.280029296875,1481.719970703125,1451.1800537109375,1457.8599853515625,239619000,,0.0,0.0,Neutral,0.011230022416044427
,1459.050048828125,1480.9599609375,1453.18994140625,1480.8800048828125,228046100,,0.0,0.0,Neutral,-0.015007277509372696
,1472.77001953125,1476.02001953125,1461.93994140625,1469.0999755859375,238653100,,0.0,0.0,Neutral,0.009403358516827165
,1456.739990234375,1461.030029296875,1445.6400146484375,1460.9300537109375,422332000,,0.0,0.0,Neutral,-0.010884271871569595
,1441.239990234375,1454.4000244140625,1437.22998046875,1454.4000244140625,135252900,FORMAT INSTRUCTIONS FOR SOMChE 2004 PAPERS - Journal of Engineering Science and Technology (JESTEC),0.0,0.0,Neutral,-0.01064019667470395
,1457.8800048828125,1457.8800048828125,1443.260009765625,1443.300048828125,220812900,,0.0,0.0,Neutral,0.011545623741491928
,1431.0999755859375,1461.530029296875,1431.0999755859375,1461.1300048828125,213442200,,0.0,0.0,Neutral,-0.018369158783426487
,1431.050048828125,1441.469970703125,1427.780029296875,1434.5,138751900,,0.0,0.0,Neutral,-3.488698110842847e-05
,1436.699951171875,1440.72998046875,1431.300048828125,1431.300048828125,144218900,,0.0,0.0,Neutral,0.003948081584132401
,1438.1199951171875,1441.030029296875,1431.6500244140625,1438.8199462890625,112772600,,0.0,0.0,Neutral,0.000988406761031957
,1454.739990234375,1455.4599609375,1431.3499755859375,1438.97998046875,141126700,,0.0,0.0,Neutral,0.011556751295870304
,1451.47998046875,1459.8599853515625,1445.22998046875,1450.449951171875,252629700,,0.0,0.0,Neutral,-0.002240957000913757
,1444.219970703125,1460.300048828125,1444.219970703125,1455.5,298977000,,0.0,0.0,Neutral,-0.005001798070463526
,1449.739990234375,1452.3199462890625,1441.6199951171875,1441.6199951171875,124199100,,0.0,0.0,Neutral,0.0038221459633760446
,1437.52001953125,1449.5,1437.52001953125,1449.5,121107100,,0.0,0.0,Neutral,-0.008429077479713776
,1440.81005859375,1444.6700439453125,1435.5799560546875,1441.8699951171875,143105000,,0.0,0.0,Neutral,0.0022886909523338606
,1420.8499755859375,1448.0899658203125,1419.5,1442.5699462890625,174436600,,0.0,0.0,Neutral,-0.01385337566791689
,1418.68994140625,1425.8499755859375,1418.68994140625,1421.0400390625,177874100,,0.0,0.0,Neutral,-0.001520240853575494
,1425.7900390625,1427.199951171875,1420.6300048828125,1421.260009765625,127603700,,0.0,0.0,Neutral,0.0050046859775521035
,1426.0799560546875,1426.18994140625,1418.5,1426.18994140625,180406300,,0.0,0.0,Neutral,0.00020333778764380916
,1411.3199462890625,1421.4300537109375,1410.3299560546875,1421.4300537109375,159991500,,0.0,0.0,Neutral,-0.01035005765487318
,1420.06005859375,1420.06005859375,1408.8299560546875,1408.8299560546875,137943400,Page 1 of 6 1. Definitions Capitalized terms used in these General Terms and Conditions shall have the meaning as specified here - Shell Malaysia,0.05000000000000002,0.5,Positive,0.006192863870215115
,1418.43994140625,1420.06005859375,1415.4599609375,1420.06005859375,115312500,Assessing the impact of liquidity on the value of assets return - Universiti Utara Malaysia,0.0,0.0,Neutral,-0.0011408793435851994
,1429.5400390625,1429.5400390625,1416.7099609375,1420.8900146484375,164058300,,0.0,0.0,Neutral,0.007825567605805883
,1428.760009765625,1430.8599853515625,1417.1600341796875,1428.68994140625,120980400,,0.0,0.0,Neutral,-0.0005456505418249824
,1436.97998046875,1438.3699951171875,1430.02001953125,1430.02001953125,150338100,,0.0,0.0,Neutral,0.005753220027815198
,1450.3199462890625,1451.3299560546875,1440.050048828125,1441.1600341796875,147979100,,0.0,0.0,Neutral,0.009283334494305961
,1465.800048828125,1468.47998046875,1450.72998046875,1451.0899658203125,172149500,,0.0,0.0,Neutral,0.010673577632763998
,1469.219970703125,1469.219970703125,1461.280029296875,1463.780029296875,151287500,,0.0,0.0,Neutral,0.0023331435128099987
,1463.68994140625,1466.489990234375,1459.1199951171875,1466.489990234375,129765300,,0.0,0.0,Neutral,-0.003763921949841542
,1470.7099609375,1470.9599609375,1460.969970703125,1464.1300048828125,131413600,,0.0,0.0,Neutral,0.004796111070152875
,1491.199951171875,1491.199951171875,1472.3900146484375,1472.3900146484375,193900200,,0.0,0.0,Neutral,0.013932040156519943
,1492.22998046875,1497.530029296875,1488.0699462890625,1491.1700439453125,196951200,,0.0,0.0,Neutral,0.0006907385532473054
,1502.0699462890625,1503.8299560546875,1490.68994140625,1492.6700439453125,118037000,,0.0,0.0,Neutral,0.006594134918279426
,1495.050048828125,1503.0,1490.719970703125,1501.3299560546875,159324800,,0.0,0.0,Neutral,-0.004673482402254625
,1490.5699462890625,1490.5699462890625,1483.010009765625,1488.5799560546875,149070000,,0.0,0.0,Neutral,-0.0029966237869923917
,1507.7099609375,1507.7099609375,1491.6600341796875,1491.6600341796875,190421100,,0.0,0.0,Neutral,0.011498967016683403
,1501.550048828125,1505.530029296875,1497.77001953125,1505.0699462890625,174897900,Tun Ismail Ali Chair (TIAC) - Tun Ismail Ali Chair,0.0,0.0,Neutral,-0.004085608153404197
,1496.030029296875,1501.5799560546875,1490.4100341796875,1501.5799560546875,122167900,,0.0,0.0,Neutral,-0.003676214146546841
,1497.6800537109375,1501.030029296875,1495.0,1498.52001953125,102724400,,0.0,0.0,Neutral,0.0011029353567442168
,1492.3299560546875,1496.25,1490.219970703125,1495.719970703125,266326400,,0.0,0.0,Neutral,-0.003572256733334722
,1505.56005859375,1505.56005859375,1497.81005859375,1497.81005859375,216126900,,0.0,0.0,Neutral,0.008865400366310006
,1506.18994140625,1511.800048828125,1504.2099609375,1505.0699462890625,267605700,,0.0,0.0,Neutral,0.0004183710964598131
,1504.010009765625,1510.1099853515625,1503.02001953125,1506.4200439453125,316946800,,0.0,0.0,Neutral,-0.0014473152294389724
,1518.780029296875,1518.780029296875,1503.8599853515625,1504.0899658203125,470904500,,0.0,0.0,Neutral,0.009820426350454659
,1518.1600341796875,1527.8399658203125,1516.5699462890625,1519.550048828125,341134600,,0.0,0.0,Neutral,-0.0004082191661912704
,1516.6199951171875,1522.52001953125,1514.6700439453125,1516.780029296875,235365700,,0.0,0.0,Neutral,-0.0010144115428069034
,1504.43994140625,1519.6800537109375,1502.9100341796875,1516.8199462890625,168464900,,0.0,0.0,Neutral,-0.008031051779715193
,1487.3699951171875,1502.0699462890625,1486.3699951171875,1501.6099853515625,169380000,The Country Could Potentially Experience Shrinkage By 2072 - Malaysia Population Research Hub,0.0,1.0,Neutral,-0.01134637935304128
,1482.5699462890625,1484.9200439453125,1477.5400390625,1484.9200439453125,172621700,,0.0,0.0,Neutral,-0.0032272056340271194
,1467.260009765625,1487.969970703125,1464.8299560546875,1484.0999755859375,152863500,,0.0,0.0,Neutral,-0.010326620043633605
,1495.489990234375,1495.489990234375,1470.3699951171875,1470.3699951171875,202206400,,0.0,0.0,Neutral,0.01923993040146943
,1500.2900390625,1507.489990234375,1495.6800537109375,1496.3800048828125,175717000,,0.0,0.0,Neutral,0.0032096830199261905
,1501.5699462890625,1506.550048828125,1481.7900390625,1486.52001953125,171238200,,0.0,0.0,Neutral,0.0008531065282297856
,1512.050048828125,1512.050048828125,1496.800048828125,1500.780029296875,380089300,,0.0,0.0,Neutral,0.006979430139077314
,1491.949951171875,1503.489990234375,1490.7099609375,1498.010009765625,221522800,,0.0,0.0,Neutral,-0.013293275359389067
,1491.1800537109375,1498.6099853515625,1489.22998046875,1493.1199951171875,158415100,,0.0,0.0,Neutral,-0.0005160343752367291
,1489.800048828125,1494.81005859375,1486.7900390625,1492.030029296875,119861900,,0.0,0.0,Neutral,-0.0009254448377163937
,1488.27001953125,1497.0,1488.27001953125,1492.5799560546875,163008800,,0.0,0.0,Neutral,-0.001027003119028258
,1491.3499755859375,1492.18994140625,1483.2900390625,1485.9200439453125,162618300,,0.0,0.0,Neutral,0.0020694874009876685
,1494.72998046875,1497.6600341796875,1486.97998046875,1490.8699951171875,163489700,,0.0,0.0,Neutral,0.0022664062347166336
,1496.530029296875,1498.3199462890625,1493.1500244140625,1495.75,121606000,,0.0,0.0,Neutral,0.0012042635470257412
,1497.9599609375,1501.8699951171875,1496.050048828125,1497.6600341796875,139781400,,0.0,0.0,Neutral,0.0009554981274226826
,1487.8399658203125,1497.8800048828125,1482.3800048828125,1497.4000244140625,168161200,,0.0,0.0,Neutral,-0.006755851545493852
,1468.43994140625,1480.550048828125,1468.43994140625,1475.239990234375,174111700,,0.0,0.0,Neutral,-0.013039053164139447
,1467.31005859375,1478.5400390625,1466.3299560546875,1473.3599853515625,311214100,,0.0,0.0,Neutral,-0.0007694443474602908
,1451.52001953125,1460.9100341796875,1446.0400390625,1459.510009765625,304695900,,0.0,0.0,Neutral,-0.010761215034287286
,1461.0999755859375,1465.5799560546875,1454.4200439453125,1454.4200439453125,260241500,,0.0,0.0,Neutral,0.006599947589962518
,1447.1800537109375,1459.8900146484375,1447.1800537109375,1459.449951171875,381229500,,0.0,0.0,Neutral,-0.009527015336111888
,1439.1600341796875,1448.510009765625,1435.760009765625,1444.8699951171875,232744900,,0.0,0.0,Neutral,-0.005541825642693565
,1424.97998046875,1440.2900390625,1424.97998046875,1439.1099853515625,232715500,,0.0,0.0,Neutral,-0.009853006874958159
,1413.0400390625,1423.8299560546875,1411.47998046875,1423.8299560546875,269196600,,0.0,0.0,Neutral,-0.008379023965180421
,1410.8699951171875,1420.27001953125,1410.8699951171875,1412.8599853515625,307257400,,0.0,0.0,Neutral,-0.0015357271452494103
,1401.8900146484375,1409.1300048828125,1400.4100341796875,1407.3199462890625,317186600,,0.0,0.0,Neutral,-0.0063648532464567475
,1397.5,1410.760009765625,1395.81005859375,1407.3900146484375,319309200,,0.0,0.0,Neutral,-0.0031314971949054637
,1394.6300048828125,1402.22998046875,1390.4100341796875,1395.2900390625,283725900,,0.0,0.0,Neutral,-0.0020536637690071746
,1397.6199951171875,1401.8199462890625,1384.8199462890625,1393.699951171875,205504800,,0.0,0.0,Neutral,0.0021439308088213593
,1409.3599853515625,1411.550048828125,1402.9000244140625,1403.760009765625,171969900,,0.0,0.0,Neutral,0.008399987318005397
,1420.550048828125,1424.6500244140625,1413.6700439453125,1413.6700439453125,202932700,,0.0,0.0,Neutral,0.007939819203658605
,1420.4300537109375,1428.1300048828125,1420.4300537109375,1424.75,61327800,Bank Negara raises OPR - arcalandrealty.my,0.0,0.0,Neutral,-8.447088315299833e-05
,1406.0,1421.9000244140625,1405.1800537109375,1421.7900390625,78281500,BNM Instructs iPay88 to Further Strengthen Cyber Security Controls - Bank Negara Malaysia,0.0,0.5,Neutral,-0.010158932974727142
,1386.8199462890625,1400.5799560546875,1383.25,1400.5799560546875,225392200,"Political Stability, key in investment attractiveness - Saluran 122",0.0,0.55,Neutral,-0.013641574474350993
,1380.5699462890625,1391.469970703125,1376.5400390625,1388.280029296875,208604100,,0.0,0.0,Neutral,-0.004506713374525795
,1373.3599853515625,1385.0699462890625,1372.5699462890625,1384.8599853515625,305862900,,0.0,0.0,Neutral,-0.0052224524783262005
,1382.469970703125,1391.3800048828125,1381.3399658203125,1381.6300048828125,271513000,,0.0,0.0,Neutral,0.006633355747022396
,1386.27001953125,1389.2099609375,1376.6800537109375,1383.5,225972200,,0.0,0.0,Neutral,0.0027487387854017165
,1400.3599853515625,1400.3900146484375,1389.1600341796875,1392.9200439453125,234389700,Page 151 - Bank-Muamalat-Annual-Report-2021 - Bank Muamalat Malaysia Berhad,0.0,0.0,Neutral,0.010163940373663083
,1415.0999755859375,1415.0999755859375,1400.280029296875,1402.6800537109375,216942000,,0.0,0.0,Neutral,0.010525857914081005
,1437.719970703125,1437.719970703125,1411.739990234375,1414.719970703125,336728500,Terms & Conditions - Opera Cafe & Lounge | Borrowing Costs - Malaysian Accounting Standards Board,0.0,0.0,Neutral,0.015984732886325848
,1446.4200439453125,1446.4200439453125,1433.260009765625,1435.3900146484375,167325000,,0.0,0.0,Neutral,0.006051298875630717
,1444.4100341796875,1454.06005859375,1441.18994140625,1449.1400146484375,205560800,,0.0,0.0,Neutral,-0.001389644573883575
,1454.97998046875,1454.97998046875,1447.4100341796875,1447.5699462890625,252568000,,0.0,0.0,Neutral,0.007317829452123226
,1454.0899658203125,1459.8599853515625,1452.280029296875,1457.9599609375,247414700,,0.0,0.0,Neutral,-0.0006117023329426097
,1447.31005859375,1456.469970703125,1442.0400390625,1454.5400390625,232514400,,0.0,0.0,Neutral,-0.004662646318955743
,1460.3800048828125,1468.4100341796875,1450.93994140625,1450.93994140625,349208000,,0.0,0.0,Neutral,0.009030508847400531
,1445.9200439453125,1457.6400146484375,1443.5400390625,1457.6400146484375,191406100,,0.0,0.0,Neutral,-0.009901505696567225
,1451.6099853515625,1451.9200439453125,1442.8900146484375,1450.97998046875,176884200,,0.0,0.0,Neutral,0.003935170156936563
,1420.3800048828125,1448.3199462890625,1420.3800048828125,1448.3199462890625,312941100,,0.0,0.0,Neutral,-0.021514029790299705
,1438.280029296875,1438.280029296875,1422.0799560546875,1425.52001953125,215622500,,0.0,0.0,Neutral,0.012602278511755882
,1442.1199951171875,1442.6600341796875,1435.3900146484375,1441.1800537109375,174970300,POLITICAL STABILITY CRUCIAL TO ECONOMIC GROWTH - thestar.com.my,0.06666666666666667,0.43333333333333335,Positive,0.0026698318422662126
,1441.3499755859375,1447.8499755859375,1433.2900390625,1447.1199951171875,224557400,,0.0,0.0,Neutral,-0.0005339496947945888
,1446.18994140625,1447.1500244140625,1439.68994140625,1443.6199951171875,251220400,,0.0,0.0,Neutral,0.003357939363994422
,1449.739990234375,1453.27001953125,1440.760009765625,1442.31005859375,191907900,Wound Healing in Rats Intraperitoneally Treated with Sea Cucumber Stichopus vastus (Glycosaminoglycans) - UniSZA Journal,0.0,0.0,Neutral,0.0024547597286377343
,1468.2099609375,1468.2099609375,1459.5400390625,1467.18994140625,370670700,,0.0,0.0,Neutral,0.012740195364369544
,1464.0,1468.989990234375,1459.050048828125,1468.989990234375,248453200,,0.0,0.0,Neutral,-0.0028674106902338847
,1450.5400390625,1461.510009765625,1447.8699951171875,1461.510009765625,256705300,,0.0,0.0,Neutral,-0.009193962389002719
,1448.3800048828125,1448.3800048828125,1440.5899658203125,1447.5,220514400,,0.0,0.0,Neutral,-0.0014891241341283834
,1449.3199462890625,1449.3199462890625,1441.5699462890625,1446.56005859375,234928400,,0.0,0.0,Neutral,0.0006489604959203366
,1447.9599609375,1447.9599609375,1427.75,1434.550048828125,332039800,,0.0,0.0,Neutral,-0.0009383610258346664
,1441.2900390625,1451.31005859375,1435.02001953125,1446.719970703125,242609900,,0.0,0.0,Neutral,-0.004606427011062841
,1443.5,1443.5,1431.6099853515625,1431.9000244140625,172539700,,0.0,0.0,Neutral,0.0015333214534234418
,1501.8800048828125,1502.1099853515625,1450.6800537109375,1450.6800537109375,457068200,,0.0,0.0,Neutral,0.040443370199385154
,1486.5400390625,1504.1600341796875,1481.3800048828125,1501.699951171875,337650300,,0.0,0.0,Neutral,-0.010213842497696413
,1476.9599609375,1486.6800537109375,1467.260009765625,1483.77001953125,297992100,,0.0,0.0,Neutral,-0.006444547656477395
,1488.800048828125,1489.780029296875,1464.81005859375,1476.219970703125,597872800,'Greater clarity emerging for Malaysia under Anwar's leadership after years of political instability' - NST Online,0.25,0.3,Positive,0.008016525974820166
,1491.510009765625,1497.239990234375,1487.3399658203125,1490.800048828125,266128700,,0.0,0.0,Neutral,0.0018202316285742537
,1481.800048828125,1489.3599853515625,1479.699951171875,1489.3599853515625,206833400,,0.0,0.0,Neutral,-0.0065101547250264735
,1471.56005859375,1482.0799560546875,1470.3299560546875,1482.0799560546875,163267400,,0.0,0.0,Neutral,-0.0069105074213442474
,1471.550048828125,1473.52001953125,1467.1300048828125,1468.989990234375,225294700,,0.0,0.0,Neutral,-6.802145496198619e-06
,1466.8800048828125,1477.8599853515625,1466.4599609375,1471.4599609375,218835400,,0.0,0.0,Neutral,-0.0031735542729460775
,1465.9300537109375,1469.1199951171875,1461.780029296875,1467.3699951171875,166059100,,0.0,0.0,Neutral,-0.0006475997823358615
,1477.18994140625,1477.4200439453125,1466.760009765625,1467.9000244140625,166544000,The Effects of Area Contraction on Shock Wave Strength and Peak Pressure in Shock Tube - umpsa journals,0.0,0.0,Neutral,0.007681053858476172
,1474.3800048828125,1475.6099853515625,1468.8499755859375,1475.6099853515625,129733800,,0.0,0.0,Neutral,-0.0019022174770311207
,1470.1199951171875,1477.2900390625,1469.469970703125,1476.530029296875,139788100,,0.0,0.0,Neutral,-0.0028893567136808462
,1483.1700439453125,1483.1700439453125,1471.6400146484375,1471.8900146484375,203191200,,0.0,0.0,Neutral,0.008876859624703526
,1467.1300048828125,1482.1099853515625,1466.25,1481.780029296875,190145800,,0.0,0.0,Neutral,-0.010814699992074184
,1478.5400390625,1478.5400390625,1459.31005859375,1461.760009765625,251764100,,0.0,0.0,Neutral,0.0077771118726448485
,1477.0899658203125,1477.4100341796875,1471.5699462890625,1476.719970703125,103220400,,0.0,0.0,Neutral,-0.0009807466851604607
,1467.3199462890625,1476.22998046875,1464.8599853515625,1473.72998046875,93572900,,0.0,0.0,Neutral,-0.006614369982416157
,1462.550048828125,1469.4200439453125,1458.8199462890625,1467.010009765625,92165900,,0.0,0.0,Neutral,-0.0032507548697888744
,1468.3499755859375,1468.3499755859375,1462.4100341796875,1463.7900390625,67390900,,0.0,0.0,Neutral,0.003965626176321013
,1474.6800537109375,1474.8699951171875,1460.5699462890625,1469.1600341796875,48286800,,0.0,0.0,Neutral,0.004311014560731019
,1474.68994140625,1477.4300537109375,1468.1500244140625,1474.3900146484375,114386800,,0.0,0.0,Neutral,6.704976640570237e-06
,1480.1099853515625,1480.1099853515625,1461.1800537109375,1473.550048828125,134741200,,0.0,0.0,Neutral,0.003675378663086315
,1491.6300048828125,1491.6300048828125,1472.5400390625,1476.27001953125,107605300,,0.0,0.0,Neutral,0.007783218575147854
,1495.489990234375,1503.3299560546875,1479.1300048828125,1491.9300537109375,242921700,,0.0,0.0,Neutral,0.0025877632783779525
,1473.989990234375,1488.5400390625,1473.800048828125,1488.5400390625,59804600,,0.0,0.0,Neutral,-0.014376558947499563
,1469.550048828125,1476.1400146484375,1469.550048828125,1472.8499755859375,99239400,,0.0,0.0,Neutral,-0.003012192372855993
,1480.9300537109375,1481.010009765625,1471.9100341796875,1472.4599609375,114428100,,0.0,0.0,Neutral,0.007743870235578099
,1480.550048828125,1482.3900146484375,1474.47998046875,1479.530029296875,73345700,,0.0,0.0,Neutral,-0.00025659880550077396
,1493.4200439453125,1493.4200439453125,1483.9300537109375,1484.56005859375,107069100,,0.0,0.0,Neutral,0.008692711960243571
,1485.1300048828125,1491.219970703125,1480.3699951171875,1490.4000244140625,148942700,,0.0,0.0,Neutral,-0.00555104312153154
,1487.8699951171875,1489.0,1484.2099609375,1487.0400390625,130154200,,0.0,0.0,Neutral,0.0018449497521202396
,1488.6600341796875,1491.3499755859375,1486.1500244140625,1488.5699462890625,147707800,,0.0,0.0,Neutral,0.0005309866218774495
,1495.030029296875,1495.030029296875,1488.050048828125,1488.050048828125,120946200,,0.0,0.0,Neutral,0.004279012649585745
,1493.56005859375,1496.050048828125,1489.0,1494.81005859375,118165300,,0.0,0.0,Neutral,-0.0009832382455998712
,1499.3800048828125,1499.3800048828125,1488.949951171875,1492.530029296875,109129200,STRETCHING EXERCISE - novachiropractic.com.my,0.0,0.0,Neutral,0.0038966938460729406
,1495.5,1496.6300048828125,1491.050048828125,1495.31005859375,112489800,,0.0,0.0,Neutral,-0.002587739512449838
,1496.219970703125,1501.7099609375,1493.4200439453125,1494.800048828125,132631400,,0.0,0.0,Neutral,0.0004814247429789642
,1500.3299560546875,1500.3299560546875,1495.800048828125,1496.8800048828125,106940500,,0.0,0.0,Neutral,0.002746912507544552
,1499.449951171875,1501.8599853515625,1494.72998046875,1501.300048828125,83468600,,0.0,0.0,Neutral,-0.0005865409000608279
,1498.3900146484375,1498.3900146484375,1494.030029296875,1497.4100341796875,94842000,,0.0,0.0,Neutral,-0.0007068835626085068
,1497.550048828125,1500.9100341796875,1493.0699462890625,1499.969970703125,116233200,,0.0,0.0,Neutral,-0.0005605788960824087
,1499.3900146484375,1500.949951171875,1494.1500244140625,1499.75,154968600,,0.0,0.0,Neutral,0.0012286506362524374
,1485.5,1493.8900146484375,1485.5,1493.7900390625,227210500,,0.0,0.0,Neutral,-0.009263776944449131
,1489.800048828125,1493.2099609375,1485.9000244140625,1488.8199462890625,190424300,,0.0,0.0,Neutral,0.0028946811364019
,1490.469970703125,1493.3399658203125,1485.25,1490.56005859375,123555800,,0.0,0.0,Neutral,0.0004496723406117731
,1476.3800048828125,1487.989990234375,1471.7900390625,1487.8199462890625,157016900,,0.0,0.0,Neutral,-0.009453371149547918
,1470.75,1479.949951171875,1469.010009765625,1476.3900146484375,143187400,,0.0,0.0,Neutral,-0.0038133846734529353
,1464.6400146484375,1471.300048828125,1463.75,1471.300048828125,133461000,,0.0,0.0,Neutral,-0.00415433306242563
,1474.5899658203125,1476.030029296875,1463.31005859375,1465.050048828125,105719000,,0.0,0.0,Neutral,0.006793444854955144
,1475.1700439453125,1475.1700439453125,1469.260009765625,1474.719970703125,110899900,,0.0,0.0,Neutral,0.0003933826612452229
,1483.969970703125,1485.5799560546875,1476.06005859375,1477.1300048828125,117992500,,0.0,0.0,Neutral,0.005965364327950473
,1488.18994140625,1488.18994140625,1478.31005859375,1482.800048828125,95417000,,0.0,0.0,Neutral,0.0028437035697734814
,1484.260009765625,1494.5400390625,1483.5400390625,1487.8399658203125,128062600,Macroeconomic determinants of stock market performance in Malaysia - UUM eThesis | MyTax - Lembaga Hasil Dalam Negeri Malaysia,0.0,0.0,Neutral,-0.0026407460037738417
,1476.9000244140625,1484.760009765625,1473.1500244140625,1484.030029296875,153358600,,0.0,0.0,Neutral,-0.004958690056417248
,1473.4599609375,1477.47998046875,1471.0699462890625,1474.25,160268400,"Malaysia MADANI - Kemampanan, Kesejahteraan, Daya Cipta, Hormat, Keyakinan, Ihsan - Malaysia MADANI",0.0,0.0,Neutral,-0.002329246001554708
,1474.010009765625,1477.3599853515625,1471.8499755859375,1474.1099853515625,94234300,,0.0,0.0,Neutral,0.0003733042245512852
,1464.0,1473.22998046875,1462.5999755859375,1472.489990234375,142969300,,0.0,0.0,Neutral,-0.006791005284432661
,1457.6500244140625,1467.6300048828125,1456.300048828125,1464.5799560546875,138265300,,0.0,0.0,Neutral,-0.004337415017716895
,1456.800048828125,1460.18994140625,1448.0899658203125,1458.6600341796875,166737000,,0.0,0.0,Neutral,-0.0005831136224068167
,1455.5,1458.1800537109375,1447.550048828125,1456.0400390625,173142300,,0.0,0.0,Neutral,-0.0008924003188843788
,1454.18994140625,1458.969970703125,1452.4300537109375,1456.489990234375,246842100,,0.0,0.0,Neutral,-0.0009000746092407974
,1450.199951171875,1454.3800048828125,1444.3900146484375,1454.3800048828125,137107700,,0.0,0.0,Neutral,-0.002743788910076317
,1455.489990234375,1457.02001953125,1447.06005859375,1451.3399658203125,103775800,,0.0,0.0,Neutral,0.0036477997797650374
,1453.550048828125,1457.780029296875,1452.6199951171875,1457.780029296875,101759100,,0.0,0.0,Neutral,-0.0013328442100365434
,1452.6800537109375,1460.97998046875,1452.1199951171875,1458.77001953125,97343200,,0.0,0.0,Neutral,-0.0005985312427934097
,1458.6700439453125,1461.4200439453125,1452.6400146484375,1453.969970703125,114286600,,0.0,0.0,Neutral,0.00412340640258213
,1454.6600341796875,1458.6300048828125,1451.0799560546875,1455.469970703125,116583700,,0.0,0.0,Neutral,-0.002749086253104216
,1449.530029296875,1455.1199951171875,1448.449951171875,1454.8199462890625,112442800,Nepal elects new president amid political uncertainty - NST Online,0.06818181818181818,0.2772727272727273,Positive,-0.0035266005542700096
,1433.0799560546875,1445.800048828125,1433.0799560546875,1445.800048828125,118232000,,0.0,0.0,Neutral,-0.011348556366346463
,1421.8299560546875,1423.6600341796875,1409.9300537109375,1419.4200439453125,130371500,,0.0,0.0,Neutral,-0.007850224931602257
,1393.8299560546875,1416.9599609375,1393.8299560546875,1416.9599609375,208134800,,0.0,0.0,Neutral,-0.019692931549771808
,1403.9300537109375,1406.5699462890625,1399.800048828125,1400.0999755859375,158859400,,0.0,0.0,Neutral,0.007246291136430161
,1391.5999755859375,1403.9300537109375,1391.0400390625,1400.8199462890625,123798800,Monetary - Portal Rasmi Kementerian Kewangan,0.0,0.0,Neutral,-0.00878254446680482
,1411.72998046875,1416.9200439453125,1397.22998046875,1397.280029296875,281587900,,0.0,0.0,Neutral,0.014465367372787252
,1401.81005859375,1408.52001953125,1400.489990234375,1408.1800537109375,95554800,,0.0,0.0,Neutral,-0.007026784167115441
,1406.550048828125,1412.81005859375,1403.9599609375,1407.1600341796875,89710500,,0.0,0.0,Neutral,0.0033813355848866244
,1412.0400390625,1413.52001953125,1406.510009765625,1408.5999755859375,104359400,,0.0,0.0,Neutral,0.0039031602458434733
,1410.97998046875,1410.97998046875,1403.550048828125,1406.969970703125,106373400,Anwar: Days of political uncertainty are over - NST Online,0.0,0.1,Neutral,-0.0007507284244246959
,1399.699951171875,1411.6700439453125,1399.699951171875,1411.1300048828125,116712200,,0.0,0.0,Neutral,-0.007994464452378391
,1396.5999755859375,1404.6500244140625,1396.5999755859375,1400.949951171875,109243200,,0.0,0.0,Neutral,-0.002214742940686798
,1409.0899658203125,1409.22998046875,1398.4200439453125,1401.5999755859375,89163800,Governance Quality of Political Stability and Rule of Law on Tax Compliance: A Mediation Analysis of Tax Morale - - UKM Journal Article Repository,0.0,0.1,Neutral,0.00894314080818659
,1420.3499755859375,1422.68994140625,1407.47998046875,1407.47998046875,98993200,BNM Annual Report 2022 - Bank Negara Malaysia,0.0,0.0,Neutral,0.007990980021683747
,1424.6099853515625,1425.3699951171875,1415.0999755859375,1417.81005859375,105758500,,0.0,0.0,Neutral,0.002999267672650685
,1422.5899658203125,1429.47998046875,1421.3599853515625,1424.7900390625,138336300,Governance Quality of Political Stability and Rule of Law on Tax Compliance: A Mediation Analysis of Tax Morale - ukm.my,0.0,0.1,Neutral,-0.0014179456497011023
,1433.3900146484375,1433.3900146484375,1426.77001953125,1426.77001953125,96205600,,0.0,0.0,Neutral,0.007591821317182834
,1429.6099853515625,1432.8299560546875,1426.6300048828125,1432.239990234375,99190200,,0.0,0.0,Neutral,-0.0026371254566065483
,1429.550048828125,1430.199951171875,1425.7099609375,1429.2900390625,54635100,"Singapore factory activity shrinks, forecast of contraction remains - thestar.com.my",0.0,0.0,Neutral,-4.192508729772282e-05
,1424.8900146484375,1431.3199462890625,1416.6700439453125,1431.3199462890625,101716000,,0.0,0.0,Neutral,-0.0032597908576251777
,1427.0400390625,1427.0799560546875,1421.6199951171875,1424.8599853515625,76320400,,0.0,0.0,Neutral,0.0015089055239065896
,1428.1300048828125,1429.6500244140625,1425.18994140625,1427.8900146484375,57424000,Federal Government Accrual Accounting Manual INTANGIBLE ASSETS - anm.gov.my,0.0,0.0,Neutral,0.0007637948414036533
,1435.8900146484375,1435.8900146484375,1426.5,1429.1199951171875,92736300,Legal Update - lo siaw ching & partners,0.2,0.2,Positive,0.005433685826285561
,1434.739990234375,1437.0799560546875,1429.0,1437.02001953125,92391900,,0.0,0.0,Neutral,-0.0008009139992133374
,1434.219970703125,1435.010009765625,1430.8900146484375,1433.8699951171875,99529900,,0.0,0.0,Neutral,-0.0003624486212062683
,1435.1300048828125,1438.280029296875,1431.81005859375,1434.8399658203125,72150500,,0.0,0.0,Neutral,0.000634515066221919
,1434.9000244140625,1436.0400390625,1429.4300537109375,1434.7900390625,87631200,NTW Malaysia - NTW Malaysia | NTW Malaysia - NTW Malaysia,0.0,0.0,Neutral,-0.00016025061699465049
,1432.3599853515625,1435.469970703125,1429.5899658203125,1435.469970703125,76820400,,0.0,0.0,Neutral,-0.0017701853922102995
,1425.0699462890625,1431.5699462890625,1423.050048828125,1431.5699462890625,97047400,,0.0,0.0,Neutral,-0.005089529962477024
,1422.1099853515625,1428.6400146484375,1418.8199462890625,1428.6400146484375,79987200,,0.0,0.0,Neutral,-0.0020770636172686707
,1425.18994140625,1427.0,1420.8399658203125,1422.27001953125,86166500,,0.0,0.0,Neutral,0.002165765015654575
,1414.25,1422.47998046875,1412.75,1421.969970703125,108165700,,0.0,0.0,Neutral,-0.007676128695839224
,1418.050048828125,1418.1700439453125,1413.4599609375,1416.43994140625,87781900,,0.0,0.0,Neutral,0.002686971064610244
,1415.949951171875,1420.5,1412.8399658203125,1418.239990234375,92223200,,0.0,0.0,Neutral,-0.0014809756947474773
,1426.1099853515625,1428.3199462890625,1415.9200439453125,1416.2099609375,95430800,Pay&Save Account (for Sole Proprietors) - Hong Leong Bank,0.0,0.25,Neutral,0.007175418997881211
,1425.989990234375,1425.989990234375,1415.469970703125,1423.9000244140625,108563000,Monetary Policy Statement - Bank Negara Malaysia,0.0,0.0,Neutral,-8.414155879987728e-05
,1431.0400390625,1431.22998046875,1421.780029296875,1423.6099853515625,83059100,,0.0,0.0,Neutral,0.003541433574365316
,1433.739990234375,1438.3299560546875,1430.8599853515625,1432.300048828125,79483400,,0.0,0.0,Neutral,0.001886705541547018
,1432.6300048828125,1432.75,1428.52001953125,1431.5799560546875,95374100,KGT 3 Ton Self-Tightening Grips Frame & Auto Body Repair Small Mouth Pull Clamp (two way) ID34334 - Knight Auto Sdn Bhd,-0.25,0.4,Negative,-0.0007741887365372291
,1425.6800537109375,1433.6800537109375,1424.530029296875,1433.1099853515625,90411500,,0.0,0.0,Neutral,-0.004851183591148889
,1425.1800537109375,1428.780029296875,1424.8199462890625,1425.5799560546875,122493500,,0.0,0.0,Neutral,-0.0003507098234969419
,1422.9200439453125,1429.9200439453125,1422.9200439453125,1426.47998046875,153286800,,0.0,0.0,Neutral,-0.0015857713976141774
,1417.3699951171875,1427.3599853515625,1415.93994140625,1423.530029296875,92214400,,0.0,0.0,Neutral,-0.003900464296459294
,1423.5,1426.1199951171875,1417.9200439453125,1417.9200439453125,93493100,,0.0,0.0,Neutral,0.0043249150919875134
,1424.3399658203125,1427.4000244140625,1421.3399658203125,1422.010009765625,92504200,,0.0,0.0,Neutral,0.0005900708256498799
,1428.0400390625,1428.0400390625,1421.9200439453125,1424.739990234375,88484500,,0.0,0.0,Neutral,0.0025977458549066856
,1428.5400390625,1428.5400390625,1423.6500244140625,1425.449951171875,91861400,,0.0,0.0,Neutral,0.0003501302388750904
,1419.0,1425.6600341796875,1416.199951171875,1423.6199951171875,116266900,,0.0,0.0,Neutral,-0.006678174080973487
,1411.5400390625,1419.6099853515625,1409.510009765625,1418.3199462890625,106577700,,0.0,0.0,Neutral,-0.005257195868569431
,1409.6199951171875,1414.6600341796875,1406.27001953125,1411.3599853515625,122164200,,0.0,0.0,Neutral,-0.0013602475963684357
,1402.47998046875,1411.4200439453125,1402.47998046875,1408.93994140625,116408900,,0.0,0.0,Neutral,-0.005065205284523477
,1402.97998046875,1405.449951171875,1397.97998046875,1402.9300537109375,149780100,,0.0,0.0,Neutral,0.000356511327764375
,1404.9300537109375,1406.530029296875,1401.9300537109375,1405.469970703125,130205600,,0.0,0.0,Neutral,0.0013899508683907769
,1396.9100341796875,1406.0400390625,1396.9100341796875,1406.0400390625,152265400,,0.0,0.0,Neutral,-0.00570848314481287
,1387.1199951171875,1398.3800048828125,1380.9000244140625,1396.6800537109375,657523800,,0.0,0.0,Neutral,-0.007008353310490101
,1383.010009765625,1386.4100341796875,1378.5799560546875,1383.300048828125,139957800,Foreign Currency Fixed Deposit (FD) - Best Rates - OCBC | THAT TARGET YOUR MONEY BY OFFERING LOW INTEREST RATES - OCBC | Quarterly Bulletin Q1 2023 - Bank Negara Malaysia | Policy Document on Registration Procedures and Requirements on Professionalism of Adjusters - Bank Negara Malaysia,0.24375,0.23125,Positive,-0.002962963093337323
,1381.260009765625,1385.8199462890625,1376.780029296875,1385.8199462890625,128952300,Junior Fixed Deposit - Hong Leong Bank,0.1,0.2,Positive,-0.0012653559899371558
,1383.1700439453125,1383.5799560546875,1377.3499755859375,1382.0999755859375,120094000,,0.0,0.0,Neutral,0.001382820154194997
,1378.6500244140625,1383.550048828125,1371.739990234375,1382.0,118413400,,0.0,0.0,Neutral,-0.003267869739542073
,1374.6400146484375,1376.6199951171875,1369.4100341796875,1375.7900390625,109443600,Xpats Gateway - Xpats Gateway,0.0,0.0,Neutral,-0.002908649544563935
,1376.0799560546875,1381.260009765625,1373.0799560546875,1375.5799560546875,92008800,,0.0,0.0,Neutral,0.0010475043581634758
,1386.77001953125,1390.550048828125,1377.6099853515625,1377.6099853515625,100957500,,0.0,0.0,Neutral,0.007768490071762724
,1380.6099853515625,1387.7900390625,1378.1500244140625,1387.68994140625,139291300,,0.0,0.0,Neutral,-0.00444200126403782
,1385.4200439453125,1386.7900390625,1381.489990234375,1381.699951171875,134350100,Food Politics and the Paradigm Shift in the Parliamentary Debate on Food Security - Journal of the Malaysian Parliament,0.0,0.0,Neutral,0.0034840097093207234
,1381.72998046875,1382.9599609375,1378.8299560546875,1382.9599609375,109127300,,0.0,0.0,Neutral,-0.002663497971383544
,1388.6099853515625,1388.6099853515625,1373.1500244140625,1382.4200439453125,305649700,,0.0,0.0,Neutral,0.0049792687283796155
,1387.3299560546875,1390.5,1379.8299560546875,1383.8900146484375,75445100,,0.0,0.0,Neutral,-0.000921806202157538
,1388.3299560546875,1388.75,1383.8599853515625,1387.239990234375,96573400,,0.0,0.0,Neutral,0.0007208090588946003
,1393.449951171875,1395.8499755859375,1383.8800048828125,1385.72998046875,118222400,,0.0,0.0,Neutral,0.0036878806042168755
,1394.6700439453125,1402.43994140625,1391.760009765625,1392.1199951171875,116525600,STOCK LIQUIDITY AND CASH HOLDINGS: EVIDENCE FROM MALAYSIA - Universiti Sains Malaysia,0.0,0.0,Neutral,0.0008755913855473807
,1390.8900146484375,1397.5400390625,1389.699951171875,1395.699951171875,89365400,,0.0,0.0,Neutral,-0.002710339490896274
,1389.8800048828125,1394.300048828125,1388.4100341796875,1391.550048828125,79124900,,0.0,0.0,Neutral,-0.0007261607711521734
,1386.739990234375,1393.3800048828125,1385.300048828125,1390.8699951171875,85691700,,0.0,0.0,Neutral,-0.0022591983749721267
,1388.3699951171875,1394.56005859375,1387.6700439453125,1387.6700439453125,71393900,,0.0,0.0,Neutral,0.0011754221370201545
,1376.6800537109375,1391.47998046875,1370.1500244140625,1388.52001953125,172513900,,0.0,0.0,Neutral,-0.00841990351805555
,1395.8900146484375,1397.3699951171875,1379.31005859375,1379.3900146484375,70750600,,0.0,0.0,Neutral,0.013953831092212265
,1392.489990234375,1396.3299560546875,1388.8499755859375,1393.56005859375,63595600,,0.0,0.0,Neutral,-0.002435739476880472
,1389.9000244140625,1395.8199462890625,1389.9000244140625,1392.3800048828125,68297000,,0.0,0.0,Neutral,-0.0018599529177776297
,1385.949951171875,1389.7099609375,1381.8599853515625,1389.7099609375,92373100,Monetary Policy Statement (MPS) Snapshot: July 2023 - Bank Negara Malaysia,0.0,0.0,Neutral,-0.0028419837202698917
,1377.6700439453125,1385.739990234375,1377.6700439453125,1382.199951171875,85665300,,0.0,0.0,Neutral,-0.005974174766961493
,1383.06005859375,1386.93994140625,1377.56005859375,1377.56005859375,77577500,,0.0,0.0,Neutral,0.003912413333022613
,1391.4599609375,1391.4599609375,1384.8399658203125,1386.0899658203125,105063900,,0.0,0.0,Neutral,0.006073418353423232
,1398.06005859375,1400.050048828125,1389.93994140625,1390.27001953125,81189300,,0.0,0.0,Neutral,0.004743289668071471
,1396.22998046875,1401.760009765625,1396.22998046875,1401.0999755859375,71844700,,0.0,0.0,Neutral,-0.0013090125232823047
,1412.0899658203125,1414.219970703125,1399.3900146484375,1399.530029296875,160012400,Latest trends on Managing Intragroup Loans in Malaysia - transferpricingsolutions.my,0.5,0.9,Positive,0.011359149691254844
,1406.0999755859375,1412.0899658203125,1403.1199951171875,1411.77001953125,92626300,,0.0,0.0,Neutral,-0.004241932440115614
,1403.030029296875,1407.9000244140625,1399.469970703125,1407.5400390625,78504600,,0.0,0.0,Neutral,-0.0021833058405276162
,1406.68994140625,1409.3399658203125,1402.7099609375,1404.5699462890625,100328400,,0.0,0.0,Neutral,0.0026085771743666886
,1413.52001953125,1413.52001953125,1405.6400146484375,1407.47998046875,86987100,,0.0,0.0,Neutral,0.004855425438083483
,1424.68994140625,1424.68994140625,1412.3800048828125,1412.6800537109375,87448700,,0.0,0.0,Neutral,0.007902202813303116
,1436.7900390625,1437.81005859375,1425.280029296875,1425.760009765625,135600500,,0.0,0.0,Neutral,0.008493144581554812
,1449.2900390625,1449.2900390625,1436.699951171875,1436.699951171875,133082000,,0.0,0.0,Neutral,0.0086999489557682
,1451.27001953125,1456.3599853515625,1446.9200439453125,1447.6600341796875,123234900,,0.0,0.0,Neutral,0.0013661726882707725
,1450.3499755859375,1454.239990234375,1446.4599609375,1448.2099609375,101845900,,0.0,0.0,Neutral,-0.0006339577976052224
,1459.4300537109375,1464.699951171875,1451.0699462890625,1451.0699462890625,164867900,,0.0,0.0,Neutral,0.006260611768088342
,1451.239990234375,1462.56005859375,1449.02001953125,1458.9000244140625,98171000,,0.0,0.0,Neutral,-0.005611823229031976
,1444.56005859375,1450.280029296875,1441.8499755859375,1449.449951171875,91589600,,0.0,0.0,Neutral,-0.00460291315397543
,1441.8499755859375,1442.780029296875,1433.0400390625,1441.3699951171875,89240200,,0.0,0.0,Neutral,-0.0018760611521065895
,1445.2099609375,1447.1300048828125,1442.22998046875,1442.489990234375,70523900,,0.0,0.0,Neutral,0.0023303293743837106
,1445.81005859375,1449.3800048828125,1442.1300048828125,1444.8900146484375,48138700,,0.0,0.0,Neutral,0.00041523216174121913
,1451.0,1452.469970703125,1441.6300048828125,1444.2099609375,87847500,Macquarie - Malaysia Warrants,0.0,0.0,Neutral,0.0035896426196522224
,1462.030029296875,1462.030029296875,1446.7099609375,1450.300048828125,140193500,,0.0,0.0,Neutral,0.007601674222518895
,1458.9300537109375,1460.699951171875,1453.3699951171875,1460.3599853515625,140203100,,0.0,0.0,Neutral,-0.0021203227866860574
,1457.1600341796875,1458.969970703125,1449.6700439453125,1458.469970703125,116246300,,0.0,0.0,Neutral,-0.0012132312489880892
,1457.0,1457.4300537109375,1452.1500244140625,1457.18994140625,83404700,,0.0,0.0,Neutral,-0.00010982608356924217
,1460.280029296875,1463.2900390625,1456.27001953125,1456.8599853515625,84618900,UNIVERSITI TEKNOLOGI MARA TECHNICAL REPORT - UiTM Institutional Repository,0.0,0.1,Neutral,0.002251221205816778
,1463.510009765625,1464.27001953125,1458.3699951171875,1459.030029296875,120690800,,0.0,0.0,Neutral,0.002211891146868039
,1447.97998046875,1460.760009765625,1447.97998046875,1460.6099853515625,154807600,,0.0,0.0,Neutral,-0.01061149509962156
,1446.0899658203125,1449.22998046875,1442.260009765625,1449.22998046875,127832700,,0.0,0.0,Neutral,-0.001305276781399689
,1450.5699462890625,1451.6800537109375,1445.0999755859375,1446.68994140625,121972100,Malaysia Sector Outlook: Consumer sector to see brighter days ahead - fsmone.com.my | Top 10 US ETFs to consider for RSP - fsmone.com.my,0.5,0.5,Positive,0.0030979956812082765
,1451.530029296875,1456.4000244140625,1449.18994140625,1450.8699951171875,99704700,,0.0,0.0,Neutral,0.0006618660549728705
,1440.1099853515625,1451.719970703125,1439.1300048828125,1451.6300048828125,101613400,,0.0,0.0,Neutral,-0.007867590552600778
,1444.6700439453125,1446.75,1441.52001953125,1441.52001953125,87375800,,0.0,0.0,Neutral,0.0031664655062000335
,1444.489990234375,1444.81005859375,1438.510009765625,1444.2099609375,110374500,Shop Vagina Tightening And Cleaning Soap online - Sep 2024 - Lazada Malaysia,0.0,0.0,Neutral,-0.00012463310338028943
,1444.06005859375,1445.31005859375,1441.780029296875,1443.6700439453125,90966700,BSN MYGOLD ACCOUNT-i - bsn.com.my | BSN MYGOLD ACCOUNT-i - bsn.com.my | BSN MYGOLD ACCOUNT-i - bsn.com.my,0.0,0.0,Neutral,-0.0002976355970145672
,1454.43994140625,1455.800048828125,1441.52001953125,1443.469970703125,124595100,,0.0,0.0,Neutral,0.007187985534762298
,1451.93994140625,1462.800048828125,1451.93994140625,1456.22998046875,323180900,Malaysia Ringgit Outlook 2023: MYR might be oversold - ifastgm.com.my,0.0,0.0,Neutral,-0.0017188746876566352
,1463.4300537109375,1463.4300537109375,1454.6700439453125,1461.9100341796875,163156900,,0.0,0.0,Neutral,0.007913627814081003
,1462.719970703125,1465.9300537109375,1460.8399658203125,1464.0699462890625,95591500,,0.0,0.0,Neutral,-0.0004852182760712864
,1454.8299560546875,1462.5799560546875,1452.47998046875,1462.5799560546875,112482000,,0.0,0.0,Neutral,-0.00539407050321794
,1460.6199951171875,1463.0400390625,1454.25,1455.010009765625,106479500,,0.0,0.0,Neutral,0.0039798734129739
,1460.0699462890625,1463.300048828125,1458.27001953125,1458.969970703125,81318800,Forum on Political Stability in a Hung Parliament - Asian Strategy & Leadership Institute (ASLI),0.0,0.05,Neutral,-0.00037658585392763566
,1454.949951171875,1460.22998046875,1454.699951171875,1459.5400390625,82555700,Understanding Small and Large Cap Investing - AHAM Asset Management Berhad,-0.017857142857142863,0.41428571428571426,Neutral,-0.0035066779712852325
,1455.0400390625,1455.56005859375,1450.6800537109375,1453.719970703125,69955700,(EAST MALAYSIA) AMIRO S1 FACIAL RF SKIN TIGHTENING DEVICE - Health Lane Family Pharmacy,0.0,0.0,Neutral,6.191820588230534e-05
,1453.3900146484375,1454.3199462890625,1447.9599609375,1454.2900390625,98947900,,0.0,0.0,Neutral,-0.00113400619210835
,1453.5400390625,1453.5400390625,1444.81005859375,1447.030029296875,87516400,,0.0,0.0,Neutral,0.00010322378202021198
,1449.5799560546875,1455.0899658203125,1445.31005859375,1449.219970703125,117849500,iPhone 15 Pro - Machines,0.0,0.0,Neutral,-0.0027244402640375087
,1459.030029296875,1459.030029296875,1448.75,1449.0899658203125,318200600,"The Influence Of Liquidity Management On Efficiency, Performance And Risk Taking In Islamic Banking Industry - Universiti Sains Malaysia",0.0,0.0,Neutral,0.0065191804030648726
,1457.989990234375,1458.4599609375,1452.8599853515625,1456.9599609375,83396200,,0.0,0.0,Neutral,-0.0007128290998926756
,1457.6600341796875,1459.0,1454.6099853515625,1456.719970703125,78288600,,0.0,0.0,Neutral,-0.00022630886144459073
,1451.56005859375,1456.77001953125,1450.3699951171875,1452.6300048828125,103370600,,0.0,0.0,Neutral,-0.004184772472938358
,1448.2099609375,1453.969970703125,1446.800048828125,1452.77001953125,106609700,,0.0,0.0,Neutral,-0.0023079290701175648
,1450.22998046875,1450.68994140625,1441.5,1445.8800048828125,85968500,,0.0,0.0,Neutral,0.001394838860203862
,1443.449951171875,1450.3199462890625,1441.1700439453125,1449.8299560546875,85332300,,0.0,0.0,Neutral,-0.004675140762628205
,1445.550048828125,1447.050048828125,1441.8900146484375,1442.7900390625,87996700,,0.0,0.0,Neutral,0.0014549154645404627
,1440.1099853515625,1441.8699951171875,1436.75,1440.8599853515625,100446200,Political Stability in Hung Parliament - Asian Strategy & Leadership Institute (ASLI),0.0,0.05,Neutral,-0.003763317279102618
,1424.1700439453125,1436.969970703125,1424.1700439453125,1436.3900146484375,170332100,,0.0,0.0,Neutral,-0.01106855835206133
,1418.760009765625,1428.0400390625,1418.760009765625,1424.0699462890625,77411100,,0.0,0.0,Neutral,-0.0037987276889355215
,1420.010009765625,1424.1099853515625,1417.93994140625,1418.5799560546875,119741100,,0.0,0.0,Neutral,0.0008810510526064963
,1415.8399658203125,1419.6600341796875,1412.699951171875,1417.9100341796875,146327300,,0.0,0.0,Neutral,-0.0029366299650245287
,1415.5999755859375,1420.6099853515625,1412.1700439453125,1413.43994140625,147628100,,0.0,0.0,Neutral,-0.00016950378585756098
,1416.8800048828125,1419.9599609375,1415.280029296875,1415.2900390625,136679500,,0.0,0.0,Neutral,0.0009042309402027549
,1417.260009765625,1420.7099609375,1415.800048828125,1417.06005859375,85675400,,0.0,0.0,Neutral,0.0002681983523677989
,1435.1700439453125,1435.8900146484375,1419.3299560546875,1419.3299560546875,99011700,"ISHIZAWA, Nadeshiko Tightening Mask 10s - Watsons Malaysia",0.0,0.0,Neutral,0.012637084272665966
,1436.489990234375,1438.449951171875,1432.27001953125,1434.75,147588000,,0.0,0.0,Neutral,0.0009197142140968673
,1443.8199462890625,1446.06005859375,1437.9599609375,1437.9599609375,108247800,,0.0,0.0,Neutral,0.005102685089710679
,1444.1400146484375,1444.969970703125,1440.489990234375,1443.3699951171875,75517900,Untitled - Portal Rasmi Kementerian Kesihatan Malaysia,0.0,0.0,Neutral,0.00022168163017677323
,1438.9599609375,1446.1199951171875,1436.5,1445.3599853515625,122051500,,0.0,0.0,Neutral,-0.0035869470123356395
,1444.1300048828125,1444.1300048828125,1438.949951171875,1439.0400390625,105407700,,0.0,0.0,Neutral,0.0035929032674015815
,1446.5400390625,1446.5400390625,1441.06005859375,1443.22998046875,146818700,Kenanga Growth Opportunities Fund - Kenanga Investors Berhad,0.0,0.0,Neutral,0.0016688484911600021
,1442.6600341796875,1445.18994140625,1441.3399658203125,1443.260009765625,118185700,,0.0,0.0,Neutral,-0.002682265805326156
,1441.0400390625,1443.75,1438.3599853515625,1443.3499755859375,113336900,,0.0,0.0,Neutral,-0.0011229222954863838
,1438.1199951171875,1443.8599853515625,1435.050048828125,1441.72998046875,100413700,,0.0,0.0,Neutral,-0.0020263447691656333
,1435.6500244140625,1440.280029296875,1430.1500244140625,1438.280029296875,112931800,,0.0,0.0,Neutral,-0.0017174997298634587
,1442.510009765625,1444.530029296875,1437.8199462890625,1437.969970703125,80810800,,0.0,0.0,Neutral,0.004778313122909106
,1440.5999755859375,1445.1400146484375,1438.800048828125,1443.030029296875,107249600,,0.0,0.0,Neutral,-0.0013241046278755775
,1441.9000244140625,1444.1500244140625,1439.3299560546875,1440.7099609375,79766900,,0.0,0.0,Neutral,0.000902435686628511
,1439.199951171875,1441.800048828125,1436.97998046875,1440.0400390625,66151800,,0.0,0.0,Neutral,-0.001872580065517826
,1442.1400146484375,1443.4599609375,1437.97998046875,1438.75,99312300,Islamic Profit Rates - Alliance Bank,0.0,0.0,Neutral,0.002042845731177634
,1435.3299560546875,1441.5899658203125,1434.9300537109375,1441.1700439453125,97118400,PULLEY-BASED MCKIBBEN ACTUATOR MECHANISM FOR ADJUSTABLE SOFT HAND REHABILITATION SPLINT SII ZHI YING A thesis submitted in fulfi - Universiti Teknologi Malaysia,0.1,0.35,Positive,-0.004722189610285588
,1439.77001953125,1441.3499755859375,1435.8599853515625,1435.93994140625,87395200,FACULTY OF INFORMATION MANAGEMENT (IM) - IPSis UiTM,0.0,0.0,Neutral,0.0030934096078973905
,1449.9300537109375,1453.18994140625,1444.7900390625,1446.719970703125,115015400,,0.0,0.0,Neutral,0.0070567063085500426
,1464.6700439453125,1464.6700439453125,1452.2900390625,1452.3900146484375,146756600,,0.0,0.0,Neutral,0.010166000902353645
,1463.3699951171875,1465.550048828125,1458.6600341796875,1464.050048828125,115794000,,0.0,0.0,Neutral,-0.0008876052551898272
,1457.5999755859375,1462.010009765625,1454.4599609375,1461.1300048828125,86519800,,0.0,0.0,Neutral,-0.003942966953335625
,1452.27001953125,1457.8399658203125,1450.6400146484375,1456.8399658203125,95897900,,0.0,0.0,Neutral,-0.0036566658506871352
,1445.1800537109375,1451.219970703125,1425.010009765625,1450.56005859375,67169000,,0.0,0.0,Neutral,-0.004881988696978645
,1451.719970703125,1453.989990234375,1444.9000244140625,1444.9000244140625,95686900,,0.0,0.0,Neutral,0.004525330235076508
,1466.8399658203125,1466.8399658203125,1453.0699462890625,1453.6099853515625,168947800,,0.0,0.0,Neutral,0.010415228434079049
,1464.6800537109375,1465.1600341796875,1460.4599609375,1464.780029296875,105484500,,0.0,0.0,Neutral,-0.001472493359674143
,1460.6700439453125,1462.31005859375,1458.530029296875,1461.5899658203125,100760200,,0.0,0.0,Neutral,-0.0027378059498148755
,1456.9200439453125,1460.260009765625,1454.1199951171875,1460.260009765625,74149400,,0.0,0.0,Neutral,-0.0025673149220416525
,1463.4000244140625,1463.4000244140625,1456.1600341796875,1458.1300048828125,138326700,COMMON FIXED POINT RESULTS FOR BOYD-WONG AND MEIR-KEELER CONTRACTION IN J-METRIC SPACES - ukm.my,-0.09999999999999999,0.35,Negative,0.00444772552596806
,1455.8900146484375,1460.5899658203125,1454.52001953125,1460.5899658203125,97164200,,0.0,0.0,Neutral,-0.005131891239807729
,1453.2900390625,1456.6800537109375,1451.3499755859375,1456.6800537109375,93608000,,0.0,0.0,Neutral,-0.0017858324185053842
,1453.9200439453125,1456.050048828125,1451.0799560546875,1455.780029296875,136984500,PRODUCT DISCLOSURE SHEET - Maybank2u,0.0,0.0,Neutral,0.0004335025121475766
,1448.1500244140625,1455.780029296875,1448.0,1453.1500244140625,116835700,,0.0,0.0,Neutral,-0.003968594803599124
,1448.02001953125,1452.5999755859375,1444.5999755859375,1450.18994140625,156887400,,0.0,0.0,Neutral,-8.97730764222171e-05
,1446.0699462890625,1450.4200439453125,1445.6099853515625,1448.6300048828125,128149700,Luoke running shorts women Leisure high-waisted abdominal contraction sport short pant for women thin fitness running yoga quick-drying pant - Shopee Malaysia,-0.2,0.5750000000000001,Negative,-0.0013467170452649002
,1452.739990234375,1452.739990234375,1440.6199951171875,1444.3399658203125,530926800,,0.0,0.0,Neutral,0.004612532030300098
,1456.3800048828125,1456.52001953125,1450.0899658203125,1452.0,165174800,,0.0,0.0,Neutral,0.0025056201886823892
,1451.02001953125,1457.02001953125,1448.1700439453125,1454.969970703125,106529100,,0.0,0.0,Neutral,-0.0036803480778313524
,1449.4599609375,1451.5899658203125,1444.5799560546875,1451.1300048828125,101068000,MPSAS 5 - anm.gov.my,0.0,0.0,Neutral,-0.0010751461542577445
,1445.8199462890625,1452.0699462890625,1444.6300048828125,1450.9100341796875,92070800,,0.0,0.0,Neutral,-0.0025112902367327994
,1442.8499755859375,1447.6600341796875,1441.02001953125,1442.8900146484375,103661100,,0.0,0.0,Neutral,-0.0020541774311164662
,1441.969970703125,1446.1300048828125,1441.0899658203125,1443.969970703125,84182800,,0.0,0.0,Neutral,-0.0006099074038901087
,1446.3900146484375,1446.3900146484375,1440.4000244140625,1441.3199462890625,102401500,,0.0,0.0,Neutral,0.003065281548933596
,1447.1199951171875,1447.719970703125,1444.260009765625,1446.1199951171875,127330900,,0.0,0.0,Neutral,0.0005046913082620286
,1448.0400390625,1448.47998046875,1443.719970703125,1446.0799560546875,130353700,,0.0,0.0,Neutral,0.0006357758502522071
,1456.260009765625,1456.260009765625,1448.1400146484375,1448.8800048828125,165231500,,0.0,0.0,Neutral,0.005676618381662113
,1462.449951171875,1464.780029296875,1455.68994140625,1455.949951171875,284775700,,0.0,0.0,Neutral,0.004250574323774847
,1465.280029296875,1468.739990234375,1460.4200439453125,1461.56005859375,216394300,,0.0,0.0,Neutral,0.0019351623778525173
,1465.6700439453125,1467.6099853515625,1464.550048828125,1466.56005859375,162662200,,0.0,0.0,Neutral,0.00026617072548562604
,1464.56005859375,1470.7900390625,1464.0899658203125,1466.4300537109375,200419300,,0.0,0.0,Neutral,-0.0007573228068267213
,1455.5799560546875,1463.1700439453125,1454.969970703125,1463.1700439453125,157053500,,0.0,0.0,Neutral,-0.0061316041540044885
,1454.3800048828125,1457.8599853515625,1451.989990234375,1456.760009765625,127764000,,0.0,0.0,Neutral,-0.0008243801152135743
,1450.780029296875,1456.6600341796875,1450.780029296875,1454.0799560546875,130077700,,0.0,0.0,Neutral,-0.0024752647683901063
,1454.219970703125,1455.43994140625,1452.0799560546875,1452.3699951171875,158320100,,0.0,0.0,Neutral,0.002371097848594683
,1457.4100341796875,1459.0999755859375,1453.06005859375,1453.8599853515625,142538600,,0.0,0.0,Neutral,0.002193659515637103
,1454.6600341796875,1461.4000244140625,1454.6600341796875,1457.5699462890625,265621800,,0.0,0.0,Neutral,-0.001886908924397468
,1453.0999755859375,1453.56005859375,1446.3599853515625,1452.199951171875,103277400,,0.0,0.0,Neutral,-0.0010724558021075747
,1462.3699951171875,1465.68994140625,1450.1700439453125,1452.5400390625,215534000,,0.0,0.0,Neutral,0.006379478141214534
,1477.260009765625,1477.56005859375,1461.030029296875,1462.8499755859375,286041200,Arrhythmia: A Guide on Heart Rhythm - Pantai Hospitals,0.0,0.0,Neutral,0.010182111707813135
,1487.6099853515625,1487.6099853515625,1476.8499755859375,1476.8900146484375,280921700,,0.0,0.0,Neutral,0.007006197634483735
,1495.699951171875,1498.52001953125,1488.5999755859375,1488.5999755859375,301573200,,0.0,0.0,Neutral,0.0054382303829458856
,1498.8299560546875,1503.9300537109375,1496.8399658203125,1497.1700439453125,311176200,,0.0,0.0,Neutral,0.002092668974388978
,1486.8599853515625,1497.800048828125,1486.719970703125,1497.800048828125,208376900,,0.0,0.0,Neutral,-0.00798620994647925
,1483.0,1492.43994140625,1483.0,1487.1500244140625,232402500,,0.0,0.0,Neutral,-0.0025960651235427123
,1487.3399658203125,1487.3399658203125,1482.02001953125,1483.239990234375,225717600,Welcome to the Official Perodua Website - Perodua | Welcome to the Official Perodua Website - Perodua,0.8,0.9,Positive,0.002926477289489249
,1501.1099853515625,1501.8599853515625,1487.81005859375,1488.280029296875,196067000,,0.0,0.0,Neutral,0.009258152034969047
,1493.8699951171875,1503.72998046875,1492.4000244140625,1500.3900146484375,227111300,,0.0,0.0,Neutral,-0.004823091115924716
,1491.2099609375,1494.3199462890625,1487.52001953125,1491.8900146484375,216723800,,0.0,0.0,Neutral,-0.0017806329790289732
,1479.1800537109375,1492.530029296875,1478.030029296875,1488.489990234375,315341100,"AKC CONTRACTION ENGINEERING - AKC CONTRACTION ENGINEERING | AKC CONTRACTION ENGINEERING - AKC CONTRACTION ENGINEERING | AKC CONTRACTION ENGINEERING - AKC CONTRACTION ENGINEERING | AKC CONTRACTION ENGINEERING - AKC CONTRACTION ENGINEERING | Exports fell 8pc in 2023, bringing Malaysia's total trade down by 7.3pc - NST Online",-0.07777777777777779,0.5194444444444445,Negative,-0.008067212224762477
,1486.3699951171875,1486.3699951171875,1477.050048828125,1480.1800537109375,199948900,AKC CONTRACTION ENGINEERING - AKC CONTRACTION ENGINEERING,0.0,0.0,Neutral,0.0048607614659297305
,1491.18994140625,1493.97998046875,1485.510009765625,1487.3499755859375,234169100,,0.0,0.0,Neutral,0.003242763447120378
,1496.1099853515625,1500.3900146484375,1490.199951171875,1492.56005859375,202846800,A Numerical Comparison of 2D and 3D CFD Modelling for Contraction and Expansion Geometries with an Emphasis on Solid Particles Erosion - Semarak Ilmu | What is a contraction in English? - twinkl.my | Rafidah: Changing a government cannot be akin to a change of garment - NST Online,0.0,0.05,Neutral,0.003299407948442079
,1504.0999755859375,1504.43994140625,1497.1600341796875,1497.1600341796875,197527000,Monetary Policy Statement - Bank Negara Malaysia | Monetary Policy Statement - Bank Negara Malaysia | Monetary Policy Statement - Bank Negara Malaysia,0.0,0.0,Neutral,0.005340509930823911
,1506.280029296875,1509.3900146484375,1502.8900146484375,1503.449951171875,238367000,Year 2 Punctuation: Apostrophes for Contraction Activity Booklet - twinkl.my | Contraction Apostrophe Booklet - Primary Resource - twinkl.my | Word Contraction Matching Activity - twinkl.my | Capital Letters and Periods Worksheets for 1st-2nd Grade - twinkl.my,0.4,0.5,Positive,0.0014494074505175814
,1515.3900146484375,1518.43994140625,1507.8800048828125,1508.1099853515625,211720800,,0.0,0.0,Neutral,0.0060480024792037845
,1512.75,1520.31005859375,1511.8399658203125,1517.75,213783400,,0.0,0.0,Neutral,-0.001742135439007697
,1512.97998046875,1516.4000244140625,1509.550048828125,1512.5999755859375,247472800,,0.0,0.0,Neutral,0.00015202807387204587
,1516.5799560546875,1521.22998046875,1508.5,1509.3499755859375,290509400,,0.0,0.0,Neutral,0.0023793940649645684
,1511.3399658203125,1520.97998046875,1511.3399658203125,1515.9100341796875,200808500,,0.0,0.0,Neutral,-0.003455136152535343
,1512.97998046875,1513.97998046875,1508.989990234375,1510.31005859375,186936700,,0.0,0.0,Neutral,0.0010851394692970029
,1513.1099853515625,1514.050048828125,1510.199951171875,1512.510009765625,174829400,Using Capital Letters Worksheet (teacher made) - twinkl.my,0.0,0.0,Neutral,8.592637344229104e-05
,1512.3599853515625,1521.1800537109375,1512.3599853515625,1513.18994140625,171566000,,0.0,0.0,Neutral,-0.0004956678676769632
,1512.280029296875,1514.719970703125,1509.56005859375,1513.8199462890625,79147200,Malaysia Standard Industrial Classification (MSIC) Codes - Lembaga Hasil Dalam Negeri Malaysia | Malaysia Standard Industrial Classification (MSIC) Codes - Lembaga Hasil Dalam Negeri Malaysia,0.0,0.0,Neutral,-5.286840134755e-05
,1531.3699951171875,1533.1600341796875,1512.6300048828125,1512.6300048828125,181535700,Butterfly Contractions Display Cut Outs (teacher made) - twinkl.my,0.0,0.0,Neutral,0.01262330087714525
,1529.3299560546875,1530.949951171875,1521.7900390625,1527.7900390625,152259500,,0.0,0.0,Neutral,-0.0013321660140950264
,1528.3800048828125,1532.6600341796875,1525.3900146484375,1529.2900390625,172624700,,0.0,0.0,Neutral,-0.0006211551458298326
,1533.550048828125,1534.530029296875,1529.300048828125,1530.6800537109375,192387100,,0.0,0.0,Neutral,0.003382695356387355
,1538.6099853515625,1539.25,1530.5799560546875,1533.3499755859375,160694400,,0.0,0.0,Neutral,0.0032994922645688263
,1555.5899658203125,1555.5899658203125,1537.93994140625,1538.719970703125,268959800,Saggy Skin & Skin Tightening Treatment in Malaysia - Kaiteki Skin Aesthetic Clinic,0.0,0.0,Neutral,0.011035922443250135
,1552.4000244140625,1554.949951171875,1547.489990234375,1554.0999755859375,241602800,,0.0,0.0,Neutral,-0.0020506312565263807
,1545.489990234375,1551.969970703125,1542.719970703125,1550.7099609375,172375600,Telekosang Hydro One making progress in boosting transaction liquidity; second plant achieves commercial operations - ram.com.my,0.0,0.0,Neutral,-0.004451194325570618
,1549.1099853515625,1551.1500244140625,1544.1800537109375,1546.3499755859375,340781400,,0.0,0.0,Neutral,0.0023422960614831734
,1547.5999755859375,1553.9000244140625,1544.469970703125,1548.9300537109375,314099700,"AZARINE, Pore Tightening & Oil Control Moist Serum 20ml - Watsons Malaysia | DAP will uphold King's advice, strive for political stability - Nga - NST Online",0.0,0.1,Neutral,-0.0009747595586522273
,1558.800048828125,1559.02001953125,1545.1600341796875,1545.52001953125,309551300,FORMAT INSTRUCTIONS FOR SOMChE 2004 PAPERS - Journal of Engineering Science and Technology (JESTEC),0.0,0.0,Neutral,0.007237059588313111
,1545.5899658203125,1556.68994140625,1545.5899658203125,1556.300048828125,298350600,,0.0,0.0,Neutral,-0.008474520524773932
,1551.43994140625,1554.7900390625,1544.6700439453125,1547.6199951171875,973066200,Average Lending Rate Bank Negara Malaysia Schedule Section 140B - hasil.gov.my | Exposure Draft on Product Transparency and Disclosure - Bank Negara Malaysia,-0.15,0.39999999999999997,Negative,0.0037849466645785146
,1538.02001953125,1556.219970703125,1537.1099853515625,1553.1600341796875,304487800,,0.0,0.0,Neutral,-0.008649978330992236
,1539.27001953125,1547.0999755859375,1537.030029296875,1539.0999755859375,234915700,,0.0,0.0,Neutral,0.0008127332441232316
,1536.97998046875,1537.9200439453125,1518.8399658203125,1537.9200439453125,292974200,,0.0,0.0,Neutral,-0.0014877435624955915
,1531.510009765625,1535.199951171875,1527.9200439453125,1532.449951171875,266505400,Cypark has deferred its coupon payment due to tight liquidity - fsmone.com.my | How Leading E-Commerce Platforms Stack Up to Amazon - Malaysia Digital Chamber of Commerce (MDCC),-0.1011904761904762,0.22023809523809523,Negative,-0.003558908230839042
,1535.8299560546875,1539.5999755859375,1531.699951171875,1531.699951171875,235394700,,0.0,0.0,Neutral,0.002820710450154751
,1539.8599853515625,1541.1500244140625,1535.3199462890625,1536.52001953125,334762200,,0.0,0.0,Neutral,0.002624007482721291
,1544.7099609375,1547.47998046875,1540.77001953125,1542.010009765625,282742100,,0.0,0.0,Neutral,0.0031496211552184405
,1554.56005859375,1556.7099609375,1541.3599853515625,1544.949951171875,236872900,,0.0,0.0,Neutral,0.006376664814326638
,1538.1300048828125,1544.739990234375,1536.760009765625,1543.510009765625,230016100,,0.0,0.0,Neutral,-0.010568941109808327
,1543.75,1543.75,1533.800048828125,1535.5999755859375,226515700,,0.0,0.0,Neutral,0.003653784205071675
,1552.8299560546875,1552.8299560546875,1535.469970703125,1536.949951171875,499854300,FGV Holdings Berhad Company Overview & Details - Maukerja,0.0,0.0,Neutral,0.005881752909919102
,1553.6400146484375,1557.3299560546875,1544.3199462890625,1547.449951171875,263219400,,0.0,0.0,Neutral,0.0005216660012201668
,1544.9599609375,1552.0999755859375,1544.9599609375,1551.5899658203125,299513700,,0.0,0.0,Neutral,-0.005586914361819906
,1535.7900390625,1546.0,1535.77001953125,1545.06005859375,182483300,,0.0,0.0,Neutral,-0.005935378331381247
,1541.4100341796875,1542.3299560546875,1534.6600341796875,1539.1199951171875,186197400,,0.0,0.0,Neutral,0.0036593511966116488
,1542.3900146484375,1543.8399658203125,1537.9200439453125,1541.56005859375,153442100,,0.0,0.0,Neutral,0.0006357688395817185
,1537.5400390625,1540.22998046875,1532.72998046875,1540.22998046875,144717400,Home - AEON Credit Service - myaeoncredit.com.my | Home - AEON Credit Service - myaeoncredit.com.my,0.0,0.0,Neutral,-0.003144454735751756
,1538.4200439453125,1540.510009765625,1532.0699462890625,1536.06005859375,201823400,,0.0,0.0,Neutral,0.0005723459945465859
,1530.5999755859375,1536.5799560546875,1528.52001953125,1536.510009765625,213452700,,0.0,0.0,Neutral,-0.005083181534296877
,1536.0699462890625,1542.0,1532.030029296875,1532.1099853515625,197606300,,0.0,0.0,Neutral,0.0035737428396540594
,1544.02001953125,1544.7099609375,1537.0699462890625,1537.5,113539400,,0.0,0.0,Neutral,0.005175593247816579
,1547.989990234375,1550.989990234375,1540.77001953125,1543.530029296875,188490400,,0.0,0.0,Neutral,0.002571191210545498
,1537.010009765625,1548.4200439453125,1537.010009765625,1547.2900390625,185700600,COMMON FIXED POINT RESULTS FOR BOYD-WONG AND MEIR-KEELER CONTRACTION IN F-METRIC SPACES - - UKM Journal Article Repository,-0.09999999999999999,0.35,Negative,-0.007093056504252737
,1553.239990234375,1554.3299560546875,1537.25,1538.97998046875,208034400,,0.0,0.0,Neutral,0.010559450078809096
,1555.25,1555.969970703125,1547.9599609375,1551.0699462890625,183477400,,0.0,0.0,Neutral,0.0012940754669352739
,1559.97998046875,1560.260009765625,1554.1500244140625,1556.780029296875,136336200,,0.0,0.0,Neutral,0.0030412991279538115
,1553.510009765625,1565.5699462890625,1553.4300537109375,1559.9100341796875,148751200,,0.0,0.0,Neutral,-0.004147470342011017
,1551.0400390625,1556.6400146484375,1548.27001953125,1554.0899658203125,225170600,,0.0,0.0,Neutral,-0.001589929055878847
,1542.530029296875,1548.3399658203125,1542.530029296875,1545.449951171875,242539900,,0.0,0.0,Neutral,-0.0054866473793731
,1535.0,1541.5899658203125,1532.489990234375,1541.0799560546875,299007700,,0.0,0.0,Neutral,-0.004881609533596842
,1540.4200439453125,1541.8800048828125,1532.949951171875,1535.050048828125,201296200,,0.0,0.0,Neutral,0.003530973254275205
,1544.760009765625,1548.4599609375,1538.6800537109375,1539.8399658203125,192585300,,0.0,0.0,Neutral,0.00281739116377433
,1547.5699462890625,1552.449951171875,1545.9000244140625,1546.300048828125,217831000,,0.0,0.0,Neutral,0.0018190116948093582
,1559.5899658203125,1559.93994140625,1548.3800048828125,1548.5699462890625,162909500,,0.0,0.0,Neutral,0.007767028275570409
,1561.6400146484375,1567.5699462890625,1559.81005859375,1559.81005859375,215225200,MALAYSIA GAINS PROMINENCE AS INVESTMENT DESTINATION DUE TO POLITICAL STABILITY - PM ANWAR - Prime Minister's Office of Malaysia,-0.0625,0.2375,Negative,0.001314479365123855
,1571.47998046875,1572.47998046875,1564.8900146484375,1565.489990234375,217218900,,0.0,0.0,Neutral,0.006301046161735213
,1569.25,1574.449951171875,1569.030029296875,1573.2900390625,229077400,,0.0,0.0,Neutral,-0.0014190320567015746
,1575.1600341796875,1575.5699462890625,1566.3399658203125,1567.6700439453125,249177600,,0.0,0.0,Neutral,0.003766152097936848
,1582.6600341796875,1583.3399658203125,1575.0,1576.300048828125,284290000,,0.0,0.0,Neutral,0.004761420958668383
,1575.969970703125,1589.06005859375,1575.969970703125,1583.5799560546875,333275400,,0.0,0.0,Neutral,-0.004227100787333682
,1580.300048828125,1582.6800537109375,1574.27001953125,1574.969970703125,246289200,MRMA Malaysian REIT Forum 2024 - Malaysian REIT Managers Association,0.0,0.0,Neutral,0.002747563853052526
,1589.5899658203125,1590.56005859375,1581.5899658203125,1581.5899658203125,262487200,Malaysian Citation Centre - MyJurnal,0.0,0.0,Neutral,0.0058785779314987074
,1597.3900146484375,1598.260009765625,1591.1700439453125,1591.800048828125,201147700,,0.0,0.0,Neutral,0.004906956508183402
,1605.6800537109375,1610.3199462890625,1600.6600341796875,1600.8499755859375,265320400,Venus Freeze Body Treatment for Contouring & Skin Tightening - - BMF The Aesthetics People Malaysia | Bursa Malaysia hits all-time high market capitalisation of more than RM2 trillion - thestar.com.my,0.33,0.52,Positive,0.0051897401301364
,1604.75,1610.25,1602.2900390625,1606.9599609375,216508600,Financial Literacy Articles - kwsp.gov.my | Financial Literacy Articles - kwsp.gov.my,0.0,0.0,Neutral,-0.0005792272930015274
,1601.219970703125,1607.3800048828125,1599.2900390625,1606.2099609375,168553600,Monetary Policy Statement (MPS) Snapshot - Bank Negara Malaysia,0.0,0.0,Neutral,-0.0021997378388378674
,1600.6700439453125,1604.0699462890625,1599.8399658203125,1603.4599609375,180639100,,0.0,0.0,Neutral,-0.0003434423551256227
,1602.9100341796875,1604.800048828125,1600.4300537109375,1602.300048828125,163107600,,0.0,0.0,Neutral,0.001399407856008894
,1605.8800048828125,1607.4200439453125,1601.43994140625,1601.6199951171875,208290100,,0.0,0.0,Neutral,0.0018528617575501727
,1603.22998046875,1607.6400146484375,1603.22998046875,1605.75,194095600,,0.0,0.0,Neutral,-0.0016502007659382478
,1611.1099853515625,1611.5699462890625,1604.3800048828125,1604.3800048828125,183263300,Banach Contraction Method For Solving the Epidemic Model with Constant Vaccination (P04S23) - UiTM Institutional Repository,0.0,0.3333333333333333,Neutral,0.004915080792406767
,1616.6199951171875,1619.449951171875,1611.9300537109375,1612.4200439453125,219231700,,0.0,0.0,Neutral,0.0034200084511442075
,1627.5,1629.81005859375,1618.280029296875,1618.280029296875,200289800,,0.0,0.0,Neutral,0.006730094218600824
,1622.0899658203125,1628.3800048828125,1620.800048828125,1628.3800048828125,230614000,,0.0,0.0,Neutral,-0.0033241377448156584
,1629.1800537109375,1632.7900390625,1620.6600341796875,1620.6600341796875,249478800,,0.0,0.0,Neutral,0.004370958479506637
,1619.4000244140625,1624.9599609375,1614.8299560546875,1624.9599609375,307419100,,0.0,0.0,Neutral,-0.006003037708814385
,1618.27001953125,1622.4000244140625,1617.97998046875,1620.6700439453125,177466500,The Effect of Dividend Policy on Share Prices of Bursa Malaysia Listed Companies - UUM eThesis,0.0,0.0,Neutral,-0.0006977923093594018
,1615.8199462890625,1622.9300537109375,1612.9599609375,1620.6500244140625,214978500,,0.0,0.0,Neutral,-0.0015140076826593019
,1605.3499755859375,1614.7099609375,1605.3499755859375,1614.7099609375,218199800,,0.0,0.0,Neutral,-0.006479664226927362
,1604.260009765625,1608.8399658203125,1602.3199462890625,1603.2099609375,219690300,,0.0,0.0,Neutral,-0.0006789583809689859
,1596.6800537109375,1612.31005859375,1595.3599853515625,1608.8800048828125,652449300,Skin Tightening Solutions - westwoodclinic.my,0.0,0.0,Neutral,-0.004724892479115561
,1615.4000244140625,1617.4100341796875,1595.3499755859375,1595.93994140625,280419400,,0.0,0.0,Neutral,0.011724309237543862
,1608.530029296875,1622.6500244140625,1608.530029296875,1614.81005859375,197151900,Inducing Labour: All You Need to Know - Pantai Hospitals | Free Shipping 72-Character Manual Embosser For PVC ID Card Embossing Machine - Shopee Malaysia,0.4,0.8,Positive,-0.0042528135529027455
,1614.72998046875,1617.050048828125,1609.3399658203125,1611.8199462890625,233096300,,0.0,0.0,Neutral,0.0038544205323820524
,1617.8599853515625,1622.489990234375,1614.9300537109375,1615.969970703125,213524300,"How Does OPR Impact Your Home Loans? - iProperty | DOES THE SHARIA-COMPLIANT STATUS REMOVAL ANNOUNCEMENT MATTER? LIQUIDITY, TRADING ACTIVITIES AND INSTITUTIONAL INVESTORS - Universiti Sains Malaysia",0.0,0.0,Neutral,0.00193840761035724
,1614.3699951171875,1619.239990234375,1613.010009765625,1619.239990234375,158084400,The Effects of Standardisation of Trading Board Lot And Bonus Issue On Stock Returns And Liquidity - UUM eThesis,0.0,0.0,Neutral,-0.002157164566757408
,1611.489990234375,1617.3699951171875,1609.260009765625,1617.0,273386100,"Diesel Subsidy Savings Will Be Redirected Through Public Transport, STR - PM - Portal Rasmi Kementerian Kewangan",0.0,0.06666666666666667,Neutral,-0.0017839806807133929
,1608.949951171875,1618.989990234375,1608.949951171875,1616.6300048828125,202814000,,0.0,0.0,Neutral,-0.0015762052993767428
,1610.1700439453125,1616.8399658203125,1609.1300048828125,1612.5799560546875,218593000,,0.0,0.0,Neutral,0.0007583161754340928
,1607.3199462890625,1611.9000244140625,1604.47998046875,1611.0,225453600,,0.0,0.0,Neutral,-0.0017700600423956603
,1606.1300048828125,1615.0899658203125,1606.1300048828125,1609.3900146484375,232582800,,0.0,0.0,Neutral,-0.0007403264104307583
,1599.7900390625,1609.219970703125,1599.7900390625,1608.469970703125,211950200,Viginal Tightening - wclinic.com.my | Rakuten Trade Launches Raku-Invest - Rakuten Trade,0.0,0.0,Neutral,-0.003947355320576995
,1592.68994140625,1596.27001953125,1590.3699951171875,1596.27001953125,189841500,,0.0,0.0,Neutral,-0.004438143433128761
,1590.3699951171875,1598.1600341796875,1590.0,1593.4100341796875,497243500,,0.0,0.0,Neutral,-0.0014566214231340746
,1589.6600341796875,1594.0899658203125,1582.780029296875,1589.8699951171875,218922400,,0.0,0.0,Neutral,-0.00044641243212573123
,1585.3800048828125,1594.7099609375,1582.3499755859375,1589.7099609375,229698100,,0.0,0.0,Neutral,-0.002692418004383912
,1590.949951171875,1593.4200439453125,1581.760009765625,1586.3900146484375,203208300,Skin Tightening - westwoodclinic.my,0.0,0.0,Neutral,0.0035133193757381775
,1584.93994140625,1592.260009765625,1582.31005859375,1591.530029296875,198108200,Affin Hwang ceases coverage on Jaycorp due to low trading liquidity - NST Online,-0.0625,0.3375,Negative,-0.003777623401162389
,1590.0899658203125,1590.0899658203125,1581.52001953125,1583.530029296875,213091600,,0.0,0.0,Neutral,0.0032493498835628465
,1598.199951171875,1598.3599853515625,1587.030029296875,1590.260009765625,163914800,Client Account General Terms & Conditions - Rakuten Trade,0.05000000000000002,0.5,Positive,0.0051003311296153875
,1597.9599609375,1602.52001953125,1595.6199951171875,1598.5799560546875,232831300,,0.0,0.0,Neutral,-0.00015016283425550725
,1615.3199462890625,1615.3199462890625,1599.5999755859375,1599.5999755859375,207024100,Screw Tightening Machine Case Study of Prevention of Screw Galling and Crushing of Screw Heads - orientalmotor.com.my,0.4,0.9,Positive,0.010863842509156285
,1616.75,1619.75,1614.7099609375,1615.9599609375,213023400,,0.0,0.0,Neutral,0.0008853067865737252
,1611.02001953125,1616.260009765625,1608.4100341796875,1615.760009765625,151108400,,0.0,0.0,Neutral,-0.0035441351283439504
,1614.4200439453125,1618.02001953125,1613.1500244140625,1617.1400146484375,251992400,,0.0,0.0,Neutral,0.00211047930680075
,1618.3800048828125,1620.8299560546875,1613.6500244140625,1613.7099609375,223438200,,0.0,0.0,Neutral,0.002452869036376981
,1623.1199951171875,1628.3499755859375,1620.02001953125,1621.1600341796875,266203500,japan jujy 24k rejuvenating and tightening rf ems facial device skincare beauty tools anti aging peranti muka - Lazada Malaysia,0.0,0.0,Neutral,0.002928848737672185
,1619.06005859375,1622.969970703125,1616.219970703125,1622.72998046875,235110500,Tengku Zafrul: Political stability key to attracting investments - NST Online,0.0,0.55,Neutral,-0.002501316314043933
,1629.8199462890625,1632.68994140625,1619.18994140625,1619.8599853515625,224771200,,0.0,0.0,Neutral,0.006645761927237093
,1625.9599609375,1633.969970703125,1624.3900146484375,1631.72998046875,234839500,,0.0,0.0,Neutral,-0.002368350786448148
,1633.5400390625,1638.030029296875,1629.8900146484375,1629.97998046875,205720300,,0.0,0.0,Neutral,0.0046619094609374745
,1633.81005859375,1634.239990234375,1627.9300537109375,1633.699951171875,247984400,View all iPhone - Switch,0.0,0.0,Neutral,0.0001652971612529086
,1636.550048828125,1638.2900390625,1632.530029296875,1634.06005859375,209483800,,0.0,0.0,Neutral,0.0016770555548748511
,1622.0699462890625,1637.1199951171875,1616.739990234375,1637.1199951171875,197940000,,0.0,0.0,Neutral,-0.00884794360516572
,1629.6800537109375,1632.5,1625.22998046875,1625.22998046875,208960700,,0.0,0.0,Neutral,0.004691602504124592
,1621.1400146484375,1631.31005859375,1619.7099609375,1631.31005859375,167169600,,0.0,0.0,Neutral,-0.005240316369494402
,1615.1800537109375,1618.0,1610.5799560546875,1617.0799560546875,161845600,,0.0,0.0,Neutral,-0.0036764011027095034
,1612.8800048828125,1616.8299560546875,1610.6500244140625,1613.989990234375,157390600,,0.0,0.0,Neutral,-0.0014240200792726698
,1624.56005859375,1625.550048828125,1616.3499755859375,1617.1600341796875,169030700,,0.0,0.0,Neutral,0.00724173755987878
,1611.93994140625,1629.3699951171875,1611.93994140625,1624.780029296875,188249200,,0.0,0.0,Neutral,-0.007768329105926841
,1625.5699462890625,1627.93994140625,1611.5999755859375,1613.3299560546875,223534700,Public administration reform: An impetus for good governance and political security in Nigeria - UUM Repository,0.2333333333333333,0.2555555555555556,Positive,0.008455653050523537
,1624.25,1626.3499755859375,1621.43994140625,1625.8699951171875,176147500,,0.0,0.0,Neutral,-0.0008119898452082497
,1611.050048828125,1619.31005859375,1607.75,1619.31005859375,244657700,,0.0,0.0,Neutral,-0.00812679770470992
,1536.47998046875,1593.3599853515625,1532.239990234375,1593.3599853515625,560210500,,0.0,0.0,Neutral,-0.046286624312892766
,1574.3900146484375,1574.3900146484375,1529.0899658203125,1542.1400146484375,352168600,Effective Vaginal Tightening Treatments in Kuala Lumpur - westwoodclinic.my | The Impact of Political Stability on Capital Flow : Evidence from Malaysia - TAR UMT Institutional Repository,0.3,0.45,Positive,0.02467330174267679
,1591.8699951171875,1596.5999755859375,1563.77001953125,1576.1199951171875,240479600,,0.0,0.0,Neutral,0.011102700287802136
,1590.3800048828125,1593.239990234375,1579.68994140625,1585.9599609375,214625200,,0.0,0.0,Neutral,-0.0009359999490821114
,1596.050048828125,1604.06005859375,1591.75,1601.1600341796875,170811600,,0.0,0.0,Neutral,0.0035652132999057784
,1606.6600341796875,1609.5699462890625,1598.530029296875,1598.530029296875,161802300,Bangladesh political chaos may affect labour supply - NST Online,0.0,0.1,Neutral,0.006647652032812257
,1609.52001953125,1609.52001953125,1598.300048828125,1605.8399658203125,165937700,,0.0,0.0,Neutral,0.001780081218627494
,1612.3499755859375,1613.6300048828125,1606.489990234375,1611.7900390625,168958900,,0.0,0.0,Neutral,0.0017582608605959393
,1612.93994140625,1614.68994140625,1605.68994140625,1614.6300048828125,168628700,,0.0,0.0,Neutral,0.0003659043193138256
,1623.9000244140625,1624.7099609375,1617.1800537109375,1622.199951171875,192800500,Monetary and Financial Developments - Bank Negara Malaysia,0.0,0.0,Neutral,0.006795096783490218
,1648.699951171875,1653.3499755859375,1624.5799560546875,1625.1400146484375,400059100,,0.0,0.0,Neutral,0.015271831014819215
,1642.77001953125,1660.2900390625,1637.449951171875,1649.56005859375,435814900,,0.0,0.0,Neutral,-0.003596731859190072
,1635.3199462890625,1646.3800048828125,1633.6400146484375,1641.719970703125,229135100,,0.0,0.0,Neutral,-0.004535067692745809
,1641.6600341796875,1642.1400146484375,1634.68994140625,1640.3299560546875,258146100,,0.0,0.0,Neutral,0.0038769709285404463
,1635.739990234375,1644.43994140625,1633.31005859375,1643.3299560546875,157513400,,0.0,0.0,Neutral,-0.003606132708390275
,1638.9599609375,1643.949951171875,1634.719970703125,1639.8199462890625,191621700,,0.0,0.0,Neutral,0.00196851010695398
,1652.2900390625,1653.1199951171875,1639.1600341796875,1639.1600341796875,281615500,,0.0,0.0,Neutral,0.008133254284854674
,1675.239990234375,1681.3699951171875,1657.77001953125,1657.77001953125,436809600,Video - MPS Academy Sdn Bhd,0.0,0.0,Neutral,0.013889783651359844
,1653.550048828125,1684.6800537109375,1651.72998046875,1672.949951171875,333067600,Influence of Standardisation of Trading Board Lot on Stock Liquidity and Volatility - TAR UMT Institutional Repository,0.0,0.0,Neutral,-0.012947363680839263
,1678.800048828125,1679.8499755859375,1651.0999755859375,1658.47998046875,713923400,,0.0,0.0,Neutral,0.015270175836464617
,1678.18994140625,1683.4300537109375,1671.9000244140625,1680.3599853515625,207989000,,0.0,0.0,Neutral,-0.0003634187539491851
,1676.6500244140625,1684.06005859375,1673.8599853515625,1677.8199462890625,216652100,,0.0,0.0,Neutral,-0.0009176059003769277
,1670.239990234375,1675.530029296875,1662.219970703125,1662.6500244140625,231641900,,0.0,0.0,Neutral,-0.0038231199632300372
,1664.8199462890625,1677.4599609375,1663.1800537109375,1670.550048828125,301092500,,0.0,0.0,Neutral,-0.0032450689583548575
,1653.1199951171875,1671.8299560546875,1648.4200439453125,1669.469970703125,338233700,,0.0,0.0,Neutral,-0.007027757685120539
,1651.489990234375,1659.1099853515625,1642.31005859375,1647.199951171875,344983500,Financing for Small and Medium Enterprises (SMEs) - Bank Negara Malaysia | Financing for Small and Medium Enterprises (SMEs) - Bank Negara Malaysia,-0.25,0.4,Negative,-0.000986017281036533
,1660.3499755859375,1661.0899658203125,1649.530029296875,1653.800048828125,343812800,,0.0,0.0,Neutral,0.005364843507350114
,1639.800048828125,1654.3800048828125,1638.9000244140625,1653.5699462890625,289597400,The Story of Malaysia - UMPSA News,0.0,0.0,Neutral,-0.012376864552643752
,1638.31005859375,1649.8699951171875,1637.9100341796875,1644.0400390625,260029100,,0.0,0.0,Neutral,-0.0009086414135917043
,1652.1500244140625,1652.25,1638.43994140625,1642.6300048828125,234704000,,0.0,0.0,Neutral,0.008447708507748564
,1664.280029296875,1664.989990234375,1651.550048828125,1654.31005859375,0,,0.0,0.0,Neutral,0.00734195121724146
,1660.5899658203125,1664.780029296875,1654.0,1664.3299560546875,174843900,,0.0,0.0,Neutral,-0.002217213096116666
,1665.6500244140625,1665.8399658203125,1657.1300048828125,1663.27001953125,297365300,Untitled - Bank Negara Malaysia,0.0,0.0,Neutral,0.003047145109810634
,1668.8199462890625,1674.0400390625,1668.47998046875,1670.6800537109375,512720600,,0.0,0.0,Neutral,0.0019031139966603217
,1665.300048828125,1671.6199951171875,1658.47998046875,1669.9100341796875,234422400,,0.0,0.0,Neutral,-0.0021092134407697527
,1670.3699951171875,1671.469970703125,1665.510009765625,1667.25,209130800,,0.0,0.0,Neutral,0.003044464144843051
,1673.3800048828125,1675.72998046875,1665.18994140625,1674.06005859375,239938800,PRoFITABILITY IN coMMERCIAL - UiTM Institutional Repository | Contact Centre and Support - AmBank,0.0,0.0,Neutral,0.0018020018166178264
,1671.3199462890625,1672.5999755859375,1666.18994140625,1670.18994140625,223455500,,0.0,0.0,Neutral,-0.0012310763769968203
,1660.0899658203125,1668.5899658203125,1658.489990234375,1668.5899658203125,204790600,,0.0,0.0,Neutral,-0.0067192284120611845
,1648.9100341796875,1661.8900146484375,1647.280029296875,1661.8900146484375,279911900,BMI: BNM likely to keep OPR at 3pct until 2026 - ADFIM | Identifying Labour Signs - Pantai Hospitals,0.0,1.0,Neutral,-0.006734533592039793
,1656.3900146484375,1657.3199462890625,1643.1099853515625,1647.4200439453125,175516900,How to Recognise Labour Signs - Gleneagles Hospitals Malaysia | 'Political stability for Sabah folk's welfare comes first' - NST Online,0.125,0.21666666666666667,Positive,0.00453631812148636
,1639.31005859375,1647.300048828125,1633.0799560546875,1642.780029296875,209417000,,0.0,0.0,Neutral,-0.010311554587771776
,1641.550048828125,1643.8199462890625,1630.449951171875,1640.699951171875,196807000,Buy Biodance Pore Tightening Collagen Ampoule - Sephora Malaysia | Untitled - UiTM Institutional Repository,0.0,0.0,Neutral,0.0013664225523610796
,1629.969970703125,1639.2900390625,1625.3499755859375,1638.489990234375,207710900,,0.0,0.0,Neutral,-0.007054355810392043
,1635.2900390625,1637.2900390625,1628.1199951171875,1633.5799560546875,204278000,,0.0,0.0,Neutral,0.0032639057497974022
,1635.6199951171875,1638.8699951171875,1629.219970703125,1631.6300048828125,217848800,Vaginal Tightening And Rejuvenation Solutions - westwoodclinic.my | Vaginal Laser Rejuvenation & Tightening - westwoodclinic.my | VAGINAL TIGHTENING CREAM - westwoodclinic.my,0.0,0.0,Neutral,0.00020177219135786295
,1634.9100341796875,1642.2900390625,1634.9100341796875,1637.6600341796875,157353300,"PM: Political stability enables necessary changes, key to economic recovery - NST Online",0.05,0.5750000000000001,Neutral,-0.00043406227584608104
,1640.93994140625,1646.1400146484375,1638.6700439453125,1639.75,146543200,,0.0,0.0,Neutral,0.003688219596491793
,1633.550048828125,1643.0699462890625,1631.8900146484375,1635.7900390625,301967800,,0.0,0.0,Neutral,-0.004503450974440937
,1636.5400390625,1642.56005859375,1632.3699951171875,1637.1700439453125,208720300,,0.0,0.0,Neutral,0.0018303634079164244
,1641.969970703125,1643.6400146484375,1636.8900146484375,1638.56005859375,274146500,Liquidity Risk Policy Document - Bank Negara Malaysia | Liquidity Risk Policy Document - Bank Negara Malaysia | Liquidity Risk Policy Document - Bank Negara Malaysia,0.0,0.0,Neutral,0.003317933879415147
,1632.6300048828125,1643.800048828125,1629.81005859375,1643.800048828125,272688900,Aglow Clinic - Aglow Clinic,0.0,0.2,Neutral,-0.005688268352625814
,1641.43994140625,1642.9300537109375,1633.719970703125,1634.469970703125,178991000,8 Foods That Support Vaginal Health and Tightening - westwoodclinic.my,0.0,0.0,Neutral,0.005396162325259857
,1645.989990234375,1649.31005859375,1641.7099609375,1643.2900390625,166904600,,0.0,0.0,Neutral,0.0027719861771042797
,1645.6800537109375,1648.050048828125,1642.52001953125,1646.7099609375,130424800,,0.0,0.0,Neutral,-0.00018829793940200457
,1642.5400390625,1648.31005859375,1642.3499755859375,1647.4599609375,166832000,,0.0,0.0,Neutral,-0.0019080347005220322
,1641.530029296875,1645.9000244140625,1641.530029296875,1644.2099609375,157102800,,0.0,0.0,Neutral,-0.0006149072422012569
,1632.22998046875,1643.0799560546875,1632.22998046875,1639.050048828125,183426400,,0.0,0.0,Neutral,-0.0056654759048839765
,1618.300048828125,1635.280029296875,1617.5999755859375,1633.02001953125,187850900,,0.0,0.0,Neutral,-0.008534294681086907
,1610.469970703125,1630.3900146484375,1609.8699951171875,1622.3399658203125,165445500,,0.0,0.0,Neutral,-0.004838458807852164
,1615.0799560546875,1619.050048828125,1609.699951171875,1612.3699951171875,191664000,,0.0,0.0,Neutral,0.002862509351571285
,1601.8800048828125,1615.3599853515625,1601.449951171875,1614.9000244140625,258086300,,0.0,0.0,Neutral,-0.008172939749756858
,1603.97998046875,1607.0400390625,1589.27001953125,1591.06005859375,200505300,,0.0,0.0,Neutral,0.0013109443775665142
,1616.4300537109375,1616.4300537109375,1607.75,1607.75,149138400,"PINK BY PURE BEAUTY, Bye Bye Pores Tightening Serum 30ml - Watsons Malaysia",0.057142857142857134,0.4,Positive,0.007761987926151681
,1620.699951171875,1620.699951171875,1613.9100341796875,1618.199951171875,165303900,,0.0,0.0,Neutral,0.002641560302058643
,1634.1700439453125,1634.1700439453125,1623.52001953125,1624.4100341796875,186223800,,0.0,0.0,Neutral,0.008311281038601681
,1623.280029296875,1639.550048828125,1622.75,1636.1400146484375,248637300,,0.0,0.0,Neutral,-0.0066639421575408475
,1621.239990234375,1627.6199951171875,1621.239990234375,1627.6199951171875,124916600,,0.0,0.0,Neutral,-0.0012567388409155944
,1609.260009765625,1627.22998046875,1609.239990234375,1625.6300048828125,139228000,"ISHIZAWA, Keana Nadeshiko Pore Tightening Lotion Men 300ml - Watsons Malaysia",0.0,0.0,Neutral,-0.0073893936375317715
,1608.4300537109375,1615.9599609375,1605.4300537109375,1610.02001953125,188480100,,0.0,0.0,Neutral,-0.0005157376990982954
,1611.5,1611.5400390625,1602.7099609375,1608.6099853515625,137174800,,0.0,0.0,Neutral,0.0019086601136180104
,1600.6800537109375,1615.8399658203125,1598.6400146484375,1614.8900146484375,196289600,,0.0,0.0,Neutral,-0.006714208060231153
,1592.43994140625,1604.510009765625,1592.43994140625,1601.4300537109375,256533800,Quarterly Bulletin 3Q 2024 - Bank Negara Malaysia,0.0,0.0,Neutral,-0.0051478821676974595
,1604.0400390625,1605.4100341796875,1591.489990234375,1592.9100341796875,173933200,Economic Focus: 3Q24 GDP - Steady as she goes - Alliance Bank,0.18333333333333335,0.35,Positive,0.007284480472152799
,1602.3399658203125,1608.8800048828125,1601.02001953125,1603.1800537109375,161534500,,0.0,0.0,Neutral,-0.0010598695798024194
,1598.1800537109375,1606.280029296875,1594.510009765625,1602.8800048828125,185770600,,0.0,0.0,Neutral,-0.0025961482569932803
,1588.6800537109375,1599.93994140625,1588.6800537109375,1599.81005859375,204393700,,0.0,0.0,Neutral,-0.005944261397795136
,1589.780029296875,1593.8499755859375,1587.739990234375,1593.0400390625,204266200,,0.0,0.0,Neutral,0.0006923833300280791
,1597.449951171875,1609.2900390625,1588.4599609375,1593.8699951171875,637394100,,0.0,0.0,Neutral,0.004824517690282137
,1603.1500244140625,1607.760009765625,1596.030029296875,1600.5,176537000,,0.0,0.0,Neutral,0.0035682327562163163
,1604.25,1609.4100341796875,1600.8299560546875,1601.3399658203125,244744300,,0.0,0.0,Neutral,0.0006861339046166925
,1597.489990234375,1608.010009765625,1597.489990234375,1606.3199462890625,186825600,,0.0,0.0,Neutral,-0.004213813162303293
,1594.2900390625,1603.5899658203125,1586.3900146484375,1596.3599853515625,264216600,Monetary and Financial Developments in October 2024 - Bank Negara Malaysia,0.0,0.0,Neutral,-0.002003111876404007
,1595.47998046875,1603.93994140625,1593.3699951171875,1596.8399658203125,169145800,,0.0,0.0,Neutral,0.0007463769935800446
,1606.9599609375,1606.9599609375,1594.0699462890625,1599.3199462890625,275533700,,0.0,0.0,Neutral,0.0071953146446734895
,1614.0899658203125,1616.030029296875,1606.530029296875,1606.969970703125,231303800,,0.0,0.0,Neutral,0.004436952417067541
,1615.6400146484375,1617.780029296875,1610.77001953125,1616.1400146484375,190971200,Decorticate and Decerebrate Response during Pain Stimulation. How Do They Occur? - mjms.usm.my,0.0,0.0,Neutral,0.0009603236876187804
,1613.25,1617.5699462890625,1611.25,1615.8499755859375,219299100,Star Former: Body Sculpting & Muscle Strengthening - zenclinic.com.my,0.0,0.0,Neutral,-0.0014792989940630719
,1611.4300537109375,1611.4300537109375,1602.93994140625,1610.6199951171875,151300500,,0.0,0.0,Neutral,-0.0011281241525259444
,1608.969970703125,1615.9300537109375,1607.8800048828125,1612.6500244140625,182557200,,0.0,0.0,Neutral,-0.0015266458523267579
,1603.199951171875,1605.010009765625,1598.9300537109375,1603.18994140625,178589300,,0.0,0.0,Neutral,-0.0035861573778959155
,1602.0799560546875,1605.949951171875,1597.1199951171875,1601.8299560546875,160848300,,0.0,0.0,Neutral,-0.000698599770021735
,1608.75,1611.97998046875,1603.739990234375,1603.8599853515625,145118100,,0.0,0.0,Neutral,0.004163365205403613
,1606.8499755859375,1609.4300537109375,1603.2099609375,1608.8800048828125,142536000,Selangor Pakatan calls for political stability amid leadership talk - thestar.com.my,0.0,0.1,Neutral,-0.0011810563568376287
,1597.3299560546875,1606.81005859375,1594.510009765625,1605.260009765625,179740700,"CPO Prices to Remain Firm Above RM4,800 Amid Tightening Supply - Malaysian Palm Oil Council (MPOC)",-0.1,0.25,Negative,-0.005924647400749716
,1599.5799560546875,1602.3800048828125,1594.75,1597.3299560546875,145107900,,0.0,0.0,Neutral,0.0014086006410081175
,1600.0899658203125,1600.72998046875,1590.8299560546875,1595.1800537109375,310879600,,0.0,0.0,Neutral,0.00031883980772229314
,1591.4100341796875,1606.280029296875,1591.4100341796875,1600.4100341796875,419509500,BizChannel@CIMB: One-Stop Digital Banking Solution for Your Business - CIMB Malaysia | Customer Help Centre - CIMB Malaysia | BizChannel@CIMB: One-Stop Digital Banking Solution for Your Business - CIMB Malaysia,0.0,0.0,Neutral,-0.005424652254584328
,1596.199951171875,1601.9000244140625,1592.5699462890625,1594.0999755859375,164811900,,0.0,0.0,Neutral,0.003009857226806023
,1602.989990234375,1603.8900146484375,1596.6400146484375,1596.6400146484375,95048400,,0.0,0.0,Neutral,0.004253877502950143
,1613.699951171875,1615.280029296875,1602.7900390625,1603.5799560546875,120934600,Skin Tightening and Lifting Treatment - MH Clinic,0.0,0.0,Neutral,0.006681240059355664
,1628.1400146484375,1632.6300048828125,1616.68994140625,1617.56005859375,130614200,"Military Connections, Investment Efficiency and Political Uncertainty: Evidence from Pakistan - Universiti Sains Malaysia",-0.05,0.1,Neutral,0.008948419107329242
,1637.6800537109375,1638.56005859375,1624.9200439453125,1626.1400146484375,134711300,,0.0,0.0,Neutral,0.005859470915687837
,1642.3299560546875,1644.5400390625,1632.8499755859375,1638.4300537109375,161319700,BEST PROXIMITY POINT RESULTS FOR FUZZY Z-PROXIMAL CONTRACTIONS IN FUZZY METRIC SPACES - Universiti Malaysia Terengganu,1.0,0.3,Positive,0.0028393228171847973
