Date,Close,High,Low,Open,Volume,headline,Polarity,Subjectivity,TextBlob_Polarity,TextBlob_Subjectivity
2019-01-02,1668.1099853515625,1694.0999755859375,1666.0699462890625,1693.510009765625,47769800,,0.0,0.0,0.0,0.0
2019-01-03,1675.8299560546875,1680.780029296875,1666.219970703125,1675.1600341796875,69484500,,0.0,0.0,0.0,0.0
2019-01-04,1669.780029296875,1676.550048828125,1668.1500244140625,1672.5799560546875,64869000,,0.0,0.0,0.0,0.0
2019-01-07,1679.1700439453125,1687.1300048828125,1673.030029296875,1674.9200439453125,144668500,,0.0,0.0,0.0,0.0
2019-01-08,1672.760009765625,1686.3699951171875,1670.6700439453125,1685.719970703125,176071900,,0.0,0.0,0.0,0.0
2019-01-09,1667.8299560546875,1684.0799560546875,1667.8299560546875,1679.06005859375,176278400,,0.0,0.0,0.0,0.0
2019-01-10,1678.8800048828125,1681.22998046875,1669.280029296875,1677.3800048828125,156200700,,0.0,0.0,0.0,0.0
2019-01-11,1683.219970703125,1684.989990234375,1676.75,1684.989990234375,139377800,,0.0,0.0,0.0,0.0
2019-01-14,1676.1600341796875,1684.18994140625,1672.27001953125,1683.050048828125,87794700,,0.0,0.0,0.0,0.0
2019-01-15,1679.4200439453125,1679.4200439453125,1672.550048828125,1674.8299560546875,136098300,,0.0,0.0,0.0,0.0
2019-01-16,1673.0799560546875,1676.3399658203125,1668.4300537109375,1675.780029296875,111608800,,0.0,0.0,0.0,0.0
2019-01-17,1682.969970703125,1684.239990234375,1674.3599853515625,1680.2099609375,140150900,,0.0,0.0,0.0,0.0
2019-01-18,1692.219970703125,1692.219970703125,1681.8900146484375,1682.0799560546875,133706000,,0.0,0.0,0.0,0.0
2019-01-22,1702.1199951171875,1702.1199951171875,1688.18994140625,1698.8800048828125,128811400,,0.0,0.0,0.0,0.0
2019-01-23,1688.1400146484375,1691.22998046875,1680.8399658203125,1690.760009765625,127894400,MFRS Hot Topics - Grant Thornton Malaysia,0.25,0.8500000000000001,0.25,0.8500000000000001
2019-01-24,1693.5899658203125,1694.5899658203125,1686.8699951171875,1689.300048828125,153312500,,0.0,0.0,0.0,0.0
2019-01-25,1701.030029296875,1701.030029296875,1695.3800048828125,1699.5899658203125,130046000,,0.0,0.0,0.0,0.0
2019-01-28,1697.5,1705.5,1693.6300048828125,1705.4100341796875,114151100,MDV: A year in review - Malaysia Debt Ventures Berhad,0.0,0.0,0.0,0.0
2019-01-29,1690.4100341796875,1694.7099609375,1688.47998046875,1694.7099609375,145706700,Buy Downtrend Sell Uptrend - iSaham,0.0,0.0,0.0,0.0
2019-01-30,1684.1099853515625,1691.22998046875,1681.5699462890625,1689.68994140625,111179200,,0.0,0.0,0.0,0.0
2019-01-31,1683.530029296875,1695.4000244140625,1683.530029296875,1694.8599853515625,183261900,,0.0,0.0,0.0,0.0
2019-02-04,1683.6099853515625,1699.6600341796875,1683.6099853515625,1698.969970703125,55504500,,0.0,0.0,0.0,0.0
2019-02-07,1693.3900146484375,1693.47998046875,1685.6600341796875,1688.0,79976000,,0.0,0.0,0.0,0.0
2019-02-08,1686.52001953125,1690.4300537109375,1683.7099609375,1688.510009765625,112074900,,0.0,0.0,0.0,0.0
2019-02-11,1688.56005859375,1689.739990234375,1681.6400146484375,1688.699951171875,85843900,,0.0,0.0,0.0,0.0
2019-02-12,1687.4100341796875,1692.219970703125,1683.72998046875,1692.219970703125,109831900,,0.0,0.0,0.0,0.0
2019-02-13,1685.300048828125,1688.4599609375,1683.6099853515625,1687.72998046875,101659700,,0.0,0.0,0.0,0.0
2019-02-14,1689.06005859375,1689.06005859375,1682.81005859375,1684.489990234375,97867800,,0.0,0.0,0.0,0.0
2019-02-15,1688.8299560546875,1693.8499755859375,1687.1199951171875,1692.2900390625,113332100,,0.0,0.0,0.0,0.0
2019-02-18,1692.739990234375,1695.6099853515625,1690.18994140625,1693.9200439453125,91243800,,0.0,0.0,0.0,0.0
2019-02-19,1706.56005859375,1710.1400146484375,1693.3699951171875,1694.030029296875,155030200,,0.0,0.0,0.0,0.0
2019-02-20,1726.1800537109375,1727.25,1711.43994140625,1712.8299560546875,179676200,Connect Scheduled Downtime - Hong Leong Bank | Declaration Clerk Jobs - June 2025 - Urgent Hiring - Maukerja,0.0,0.0,0.0,0.0
2019-02-21,1730.6800537109375,1730.6800537109375,1719.6700439453125,1722.3699951171875,163806400,,0.0,0.0,0.0,0.0
2019-02-22,1721.4200439453125,1732.27001953125,1716.1700439453125,1730.510009765625,130778600,,0.0,0.0,0.0,0.0
2019-02-25,1724.5799560546875,1724.5799560546875,1717.4100341796875,1722.3399658203125,108306900,,0.0,0.0,0.0,0.0
2019-02-26,1719.0,1726.0,1715.1500244140625,1725.5699462890625,119649500,,0.0,0.0,0.0,0.0
2019-02-27,1713.449951171875,1717.5899658203125,1709.300048828125,1717.1400146484375,116938100,,0.0,0.0,0.0,0.0
2019-02-28,1707.72998046875,1717.8800048828125,1706.9200439453125,1715.3800048828125,208301100,,0.0,0.0,0.0,0.0
2019-03-01,1700.760009765625,1701.050048828125,1696.7099609375,1700.449951171875,128892800,,0.0,0.0,0.0,0.0
2019-03-04,1693.989990234375,1698.8699951171875,1688.219970703125,1688.219970703125,98568100,,0.0,0.0,0.0,0.0
2019-03-05,1685.6199951171875,1691.280029296875,1682.18994140625,1682.18994140625,106231900,,0.0,0.0,0.0,0.0
2019-03-06,1686.8199462890625,1688.3299560546875,1684.0799560546875,1684.97998046875,120497300,,0.0,0.0,0.0,0.0
2019-03-07,1686.949951171875,1690.22998046875,1682.3299560546875,1682.3299560546875,107349800,,0.0,0.0,0.0,0.0
2019-03-08,1679.9000244140625,1688.280029296875,1678.6600341796875,1686.1300048828125,111301300,,0.0,0.0,0.0,0.0
2019-03-11,1664.6300048828125,1680.1800537109375,1664.6300048828125,1680.1400146484375,122405500,,0.0,0.0,0.0,0.0
2019-03-12,1671.280029296875,1672.93994140625,1666.8399658203125,1667.9599609375,100522600,,0.0,0.0,0.0,0.0
2019-03-13,1678.239990234375,1678.239990234375,1669.9200439453125,1671.1300048828125,106093600,,0.0,0.0,0.0,0.0
2019-03-14,1674.52001953125,1678.8800048828125,1673.469970703125,1675.6600341796875,108432300,View of On Malaysian Ringgit Exchange Rate Determination and Recent Depreciation - IIUM Journal Publication | Universiti Teknikal Malaysia Melaka - UTeM - Home - Universiti Teknikal Malaysia Melaka - UTeM | Universiti Teknikal Malaysia Melaka - UTeM - Home - Universiti Teknikal Malaysia Melaka - UTeM | Universiti Teknikal Malaysia Melaka - UTeM - Home - Universiti Teknikal Malaysia Melaka - UTeM,0.0,0.25,0.0,0.25
2019-03-15,1680.5400390625,1683.25,1672.5999755859375,1674.5899658203125,235527300,,0.0,0.0,0.0,0.0
2019-03-18,1690.93994140625,1690.93994140625,1681.3599853515625,1681.8299560546875,87929700,,0.0,0.0,0.0,0.0
2019-03-19,1687.6800537109375,1694.8900146484375,1687.6800537109375,1692.47998046875,70723100,Kitchen Cabinet Specialist In KL & Selangor - Ba Li Kitchen Cabinet - Ba Li Kitchen Cabinet,0.0,0.0,0.0,0.0
2019-03-20,1684.2099609375,1687.06005859375,1680.2900390625,1683.780029296875,93870500,Chemical Storage Cabinet - method.com.my,0.0,0.0,0.0,0.0
2019-03-21,1663.6600341796875,1689.6099853515625,1663.6600341796875,1687.6400146484375,118957800,Login to your CTOS ID Account - CTOS,0.0,0.0,0.0,0.0
2019-03-22,1666.6600341796875,1673.449951171875,1657.010009765625,1669.5799560546875,96193500,,0.0,0.0,0.0,0.0
2019-03-25,1649.1500244140625,1654.260009765625,1648.06005859375,1652.1400146484375,87635300,,0.0,0.0,0.0,0.0
2019-03-26,1649.93994140625,1653.5799560546875,1647.1099853515625,1647.8199462890625,103876000,,0.0,0.0,0.0,0.0
2019-03-27,1642.72998046875,1650.219970703125,1641.8900146484375,1649.1700439453125,97583500,,0.0,0.0,0.0,0.0
2019-03-28,1641.3299560546875,1645.2099609375,1638.68994140625,1642.9000244140625,91661100,,0.0,0.0,0.0,0.0
2019-03-29,1643.6300048828125,1649.5999755859375,1639.260009765625,1648.3599853515625,142055400,,0.0,0.0,0.0,0.0
2019-04-01,1628.6600341796875,1647.5899658203125,1628.43994140625,1646.4300537109375,100896200,,0.0,0.0,0.0,0.0
2019-04-02,1632.8299560546875,1639.3199462890625,1630.97998046875,1633.8299560546875,101492100,,0.0,0.0,0.0,0.0
2019-04-03,1643.2099609375,1645.5400390625,1635.800048828125,1638.27001953125,81246900,,0.0,0.0,0.0,0.0
2019-04-04,1645.0699462890625,1645.6099853515625,1637.5699462890625,1644.010009765625,106616000,,0.0,0.0,0.0,0.0
2019-04-05,1641.81005859375,1645.0899658203125,1640.300048828125,1645.0799560546875,65502900,,0.0,0.0,0.0,0.0
2019-04-08,1644.3499755859375,1645.719970703125,1640.3800048828125,1643.6700439453125,83680300,,0.0,0.0,0.0,0.0
2019-04-09,1641.93994140625,1645.56005859375,1639.2099609375,1645.18994140625,98177100,,0.0,0.0,0.0,0.0
2019-04-10,1639.4599609375,1642.1300048828125,1635.8900146484375,1641.8299560546875,86807000,,0.0,0.0,0.0,0.0
2019-04-11,1624.22998046875,1639.3299560546875,1622.449951171875,1639.3299560546875,105835100,,0.0,0.0,0.0,0.0
2019-04-12,1630.1700439453125,1631.0899658203125,1623.43994140625,1624.530029296875,100767200,,0.0,0.0,0.0,0.0
2019-04-15,1631.3299560546875,1638.8699951171875,1630.8299560546875,1634.949951171875,73256000,,0.0,0.0,0.0,0.0
2019-04-16,1629.4599609375,1635.469970703125,1626.989990234375,1631.5799560546875,90054600,,0.0,0.0,0.0,0.0
2019-04-17,1620.9000244140625,1627.77001953125,1615.530029296875,1627.0699462890625,103910200,,0.0,0.0,0.0,0.0
2019-04-18,1619.72998046875,1620.550048828125,1609.8299560546875,1617.6700439453125,138129600,,0.0,0.0,0.0,0.0
2019-04-19,1622.0699462890625,1625.219970703125,1618.68994140625,1620.6400146484375,75776100,,0.0,0.0,0.0,0.0
2019-04-22,1622.06005859375,1630.9100341796875,1621.1600341796875,1622.56005859375,115059500,,0.0,0.0,0.0,0.0
2019-04-23,1627.43994140625,1629.4200439453125,1620.9300537109375,1624.1199951171875,106178700,BUSINESS NAME REGISTRATION GUIDELINES 1. INTRODUCTION 1.1 The name of a business is the title that is used as an identification - Suruhanjaya Syarikat Malaysia (SSM),0.0,0.0,0.0,0.0
2019-04-24,1638.010009765625,1640.9599609375,1633.699951171875,1633.699951171875,134534900,,0.0,0.0,0.0,0.0
2019-04-25,1635.6800537109375,1640.1300048828125,1632.510009765625,1637.3399658203125,120413200,,0.0,0.0,0.0,0.0
2019-04-26,1638.3800048828125,1639.1800537109375,1632.5799560546875,1638.6600341796875,114937300,,0.0,0.0,0.0,0.0
2019-04-29,1637.4000244140625,1637.489990234375,1631.8299560546875,1637.300048828125,63429800,,0.0,0.0,0.0,0.0
2019-04-30,1642.2900390625,1643.449951171875,1634.5400390625,1634.6199951171875,139943400,,0.0,0.0,0.0,0.0
2019-05-02,1632.239990234375,1644.3499755859375,1631.27001953125,1642.4599609375,87894400,,0.0,0.0,0.0,0.0
2019-05-03,1637.300048828125,1637.4100341796875,1625.56005859375,1631.530029296875,82569700,,0.0,0.0,0.0,0.0
2019-05-06,1632.800048828125,1633.6600341796875,1623.6099853515625,1632.0400390625,64595700,Safety Can Storage Cabinets - proguardsafety.my,0.0,0.0,0.0,0.0
2019-05-07,1639.3699951171875,1641.8599853515625,1626.06005859375,1626.77001953125,165442400,Practicall Capitalizing on Convenience: - Pacific West Malaysia,0.0,0.0,0.0,0.0
2019-05-08,1633.550048828125,1635.56005859375,1627.3800048828125,1635.56005859375,147577400,Air Selangor to divert main pipes after soil instability detected near WCE - NST Online,0.13333333333333333,0.3666666666666667,0.13333333333333333,0.3666666666666667
2019-05-09,1618.530029296875,1630.43994140625,1618.3299560546875,1629.6099853515625,133418700,,0.0,0.0,0.0,0.0
2019-05-10,1610.27001953125,1620.4000244140625,1610.27001953125,1615.9100341796875,98812400,,0.0,0.0,0.0,0.0
2019-05-13,1601.0899658203125,1611.469970703125,1598.5999755859375,1610.550048828125,107076500,,0.0,0.0,0.0,0.0
2019-05-14,1599.18994140625,1603.719970703125,1572.030029296875,1580.8499755859375,173978800,,0.0,0.0,0.0,0.0
2019-05-15,1611.4300537109375,1617.4300537109375,1601.0400390625,1601.4300537109375,147144300,,0.0,0.0,0.0,0.0
2019-05-16,1599.18994140625,1610.780029296875,1599.18994140625,1609.219970703125,95600000,,0.0,0.0,0.0,0.0
2019-05-17,1605.3599853515625,1610.9599609375,1599.3199462890625,1599.3199462890625,85616600,,0.0,0.0,0.0,0.0
2019-05-21,1603.739990234375,1614.22998046875,1603.6500244140625,1608.739990234375,100448000,,0.0,0.0,0.0,0.0
2019-05-23,1601.8699951171875,1605.1300048828125,1589.7900390625,1599.93994140625,149289000,,0.0,0.0,0.0,0.0
2019-05-24,1598.3199462890625,1606.8499755859375,1592.969970703125,1594.1600341796875,99444600,,0.0,0.0,0.0,0.0
2019-05-27,1601.3499755859375,1604.43994140625,1597.25,1604.43994140625,71164500,,0.0,0.0,0.0,0.0
2019-05-28,1614.5699462890625,1614.5699462890625,1602.1500244140625,1604.260009765625,384159000,,0.0,0.0,0.0,0.0
2019-05-29,1623.6700439453125,1626.6400146484375,1611.47998046875,1614.6800537109375,116436500,,0.0,0.0,0.0,0.0
2019-05-30,1636.5,1639.4200439453125,1620.280029296875,1620.97998046875,130813400,,0.0,0.0,0.0,0.0
2019-05-31,1650.760009765625,1650.760009765625,1634.1400146484375,1639.760009765625,159714600,UNIVERSITI PUTRA MALAYSIA DEVELOPMENT OF WEED COMPETITIVE RICE VARIETY UNDER WATER DEFICIT CONDITIONS THROUGH MARKER-ASSISTED BA - Universiti Putra Malaysia Institutional Repository | Development of weed competitive rice variety under water deficit conditions through marker-assisted backcross breeding - Universiti Putra Malaysia Institutional Repository,0.0,0.0,0.0,0.0
2019-06-03,1655.31005859375,1656.6800537109375,1642.6600341796875,1649.9300537109375,105242100,Prevalence of Geriatric Giants Among Older People in Kelantan Malaysia - Universiti Putra Malaysia,0.16666666666666666,0.3333333333333333,0.16666666666666666,0.3333333333333333
2019-06-04,1644.0899658203125,1655.8900146484375,1644.0899658203125,1654.02001953125,61533700,,0.0,0.0,0.0,0.0
2019-06-07,1649.3299560546875,1651.989990234375,1646.800048828125,1650.9300537109375,102539800,,0.0,0.0,0.0,0.0
2019-06-10,1655.469970703125,1656.0,1651.8499755859375,1651.9300537109375,93023500,,0.0,0.0,0.0,0.0
2019-06-11,1651.199951171875,1657.3599853515625,1649.81005859375,1655.800048828125,111042200,,0.0,0.0,0.0,0.0
2019-06-12,1650.739990234375,1650.739990234375,1642.1099853515625,1646.6700439453125,90831900,,0.0,0.0,0.0,0.0
2019-06-13,1643.739990234375,1646.219970703125,1640.300048828125,1644.0799560546875,96232000,,0.0,0.0,0.0,0.0
2019-06-14,1638.6300048828125,1649.5699462890625,1636.3199462890625,1649.4200439453125,83903000,,0.0,0.0,0.0,0.0
2019-06-17,1638.4000244140625,1644.0400390625,1637.4599609375,1638.9300537109375,84794700,,0.0,0.0,0.0,0.0
2019-06-18,1652.760009765625,1652.760009765625,1636.1800537109375,1636.6600341796875,100923800,,0.0,0.0,0.0,0.0
2019-06-19,1666.5400390625,1666.9000244140625,1652.5799560546875,1654.5699462890625,109775000,,0.0,0.0,0.0,0.0
2019-06-20,1675.4300537109375,1675.4300537109375,1660.8299560546875,1660.8299560546875,132199500,,0.0,0.0,0.0,0.0
2019-06-21,1682.22998046875,1682.22998046875,1672.0899658203125,1672.239990234375,219305100,,0.0,0.0,0.0,0.0
2019-06-24,1676.1300048828125,1679.280029296875,1674.4000244140625,1679.280029296875,87859800,,0.0,0.0,0.0,0.0
2019-06-25,1676.6099853515625,1677.760009765625,1672.4100341796875,1675.8199462890625,111387800,,0.0,0.0,0.0,0.0
2019-06-26,1674.489990234375,1677.1700439453125,1672.5899658203125,1674.22998046875,82354800,,0.0,0.0,0.0,0.0
2019-06-27,1672.699951171875,1676.72998046875,1670.72998046875,1670.72998046875,118539600,,0.0,0.0,0.0,0.0
2019-06-28,1672.1300048828125,1677.3399658203125,1670.81005859375,1671.4200439453125,120364900,,0.0,0.0,0.0,0.0
2019-07-01,1683.6199951171875,1683.6199951171875,1674.9100341796875,1674.9100341796875,88667200,,0.0,0.0,0.0,0.0
2019-07-02,1691.0,1694.550048828125,1684.06005859375,1685.780029296875,182396400,,0.0,0.0,0.0,0.0
2019-07-03,1690.050048828125,1690.050048828125,1683.239990234375,1689.25,102458400,,0.0,0.0,0.0,0.0
2019-07-04,1687.47998046875,1690.81005859375,1685.6400146484375,1688.6500244140625,84268400,,0.0,0.0,0.0,0.0
2019-07-05,1682.530029296875,1687.5999755859375,1677.0799560546875,1687.5999755859375,88226700,,0.0,0.0,0.0,0.0
2019-07-08,1677.6400146484375,1679.6600341796875,1672.8800048828125,1679.6500244140625,79839500,,0.0,0.0,0.0,0.0
2019-07-09,1682.8699951171875,1682.8699951171875,1677.97998046875,1679.1500244140625,88883400,,0.0,0.0,0.0,0.0
2019-07-10,1678.969970703125,1683.68994140625,1674.1300048828125,1682.68994140625,87430200,,0.0,0.0,0.0,0.0
2019-07-11,1679.260009765625,1681.780029296875,1674.699951171875,1681.219970703125,85988000,,0.0,0.0,0.0,0.0
2019-07-12,1669.449951171875,1682.0400390625,1668.989990234375,1681.030029296875,126112400,,0.0,0.0,0.0,0.0
2019-07-15,1672.3699951171875,1672.3699951171875,1664.3800048828125,1670.4000244140625,75675700,,0.0,0.0,0.0,0.0
2019-07-16,1668.93994140625,1672.469970703125,1666.3699951171875,1671.489990234375,93222700,,0.0,0.0,0.0,0.0
2019-07-17,1657.530029296875,1667.7900390625,1656.760009765625,1667.5,88444600,,0.0,0.0,0.0,0.0
2019-07-18,1648.9300537109375,1659.93994140625,1648.9300537109375,1657.800048828125,101531000,,0.0,0.0,0.0,0.0
2019-07-19,1658.18994140625,1658.93994140625,1649.550048828125,1649.550048828125,86279200,,0.0,0.0,0.0,0.0
2019-07-22,1655.4000244140625,1658.280029296875,1647.699951171875,1658.280029296875,73533400,,0.0,0.0,0.0,0.0
2019-07-23,1655.6700439453125,1658.3499755859375,1654.02001953125,1654.72998046875,108738200,,0.0,0.0,0.0,0.0
2019-07-24,1652.4100341796875,1659.3800048828125,1651.3599853515625,1653.8800048828125,154536400,,0.0,0.0,0.0,0.0
2019-07-25,1656.5799560546875,1656.5799560546875,1650.3199462890625,1653.739990234375,113375000,,0.0,0.0,0.0,0.0
2019-07-26,1647.9599609375,1653.77001953125,1647.9599609375,1653.739990234375,141697300,,0.0,0.0,0.0,0.0
2019-07-29,1642.68994140625,1648.7099609375,1637.25,1647.9599609375,78401400,,0.0,0.0,0.0,0.0
2019-07-31,1634.8699951171875,1642.72998046875,1626.3199462890625,1640.9200439453125,196276700,"Metal Plate Embossing, dog tag embosser, embossing machine - SLF Technology Sdn Bhd",0.0,0.0,0.0,0.0
2019-08-01,1639.0699462890625,1639.1300048828125,1627.949951171875,1628.800048828125,138091900,,0.0,0.0,0.0,0.0
2019-08-02,1626.760009765625,1631.4200439453125,1623.6600341796875,1631.3900146484375,116380700,,0.0,0.0,0.0,0.0
2019-08-05,1610.4100341796875,1621.6800537109375,1610.4100341796875,1621.1199951171875,123498200,,0.0,0.0,0.0,0.0
2019-08-06,1611.7900390625,1617.219970703125,1588.97998046875,1592.8399658203125,183727500,,0.0,0.0,0.0,0.0
2019-08-07,1604.699951171875,1611.47998046875,1602.800048828125,1611.0999755859375,366237100,,0.0,0.0,0.0,0.0
2019-08-08,1616.02001953125,1620.6500244140625,1605.8399658203125,1607.1800537109375,113077000,,0.0,0.0,0.0,0.0
2019-08-09,1615.050048828125,1620.760009765625,1613.27001953125,1613.300048828125,94084900,,0.0,0.0,0.0,0.0
2019-08-13,1592.8800048828125,1615.239990234375,1591.2900390625,1615.239990234375,149253200,,0.0,0.0,0.0,0.0
2019-08-14,1600.31005859375,1603.0400390625,1596.8199462890625,1598.3599853515625,110009700,Malaysia: A New Hope (And Some Legal Issues That Came with It) - Malaysian Bar,0.16818181818181818,0.32727272727272727,0.16818181818181818,0.32727272727272727
2019-08-15,1600.2900390625,1600.2900390625,1581.260009765625,1584.9100341796875,129951400,,0.0,0.0,0.0,0.0
2019-08-16,1599.219970703125,1600.1700439453125,1590.1800537109375,1598.06005859375,110266200,,0.0,0.0,0.0,0.0
2019-08-19,1596.449951171875,1602.030029296875,1594.8399658203125,1595.510009765625,103561700,,0.0,0.0,0.0,0.0
2019-08-20,1602.75,1603.4300537109375,1597.1300048828125,1598.3699951171875,106942400,,0.0,0.0,0.0,0.0
2019-08-21,1594.5899658203125,1601.9000244140625,1594.5899658203125,1601.239990234375,96427600,,0.0,0.0,0.0,0.0
2019-08-22,1602.469970703125,1605.530029296875,1594.1700439453125,1596.260009765625,113714400,,0.0,0.0,0.0,0.0
2019-08-23,1609.3299560546875,1609.3299560546875,1594.5899658203125,1595.77001953125,84127400,,0.0,0.0,0.0,0.0
2019-08-26,1600.530029296875,1600.530029296875,1590.510009765625,1598.280029296875,89033000,,0.0,0.0,0.0,0.0
2019-08-27,1590.8399658203125,1601.4000244140625,1590.8399658203125,1601.4000244140625,210071500,Embrace simple and secure mobile banking for your business with the new Hong Leong ConnectFirst Mobile - Hong Leong Bank,0.1787878787878788,0.47056277056277057,0.1787878787878788,0.47056277056277057
2019-08-28,1589.8199462890625,1592.1300048828125,1585.6600341796875,1590.3900146484375,92700600,,0.0,0.0,0.0,0.0
2019-08-29,1595.1800537109375,1597.3900146484375,1584.8299560546875,1593.3599853515625,92439100,,0.0,0.0,0.0,0.0
2019-08-30,1612.1400146484375,1612.1400146484375,1601.5899658203125,1602.239990234375,150191400,,0.0,0.0,0.0,0.0
2019-09-03,1591.52001953125,1616.3399658203125,1591.52001953125,1612.780029296875,105352900,,0.0,0.0,0.0,0.0
2019-09-04,1599.8900146484375,1600.9100341796875,1591.1099853515625,1593.969970703125,95861600,,0.0,0.0,0.0,0.0
2019-09-05,1599.75,1603.7900390625,1592.8399658203125,1598.1700439453125,108502500,,0.0,0.0,0.0,0.0
2019-09-06,1604.469970703125,1606.4000244140625,1599.5799560546875,1601.6600341796875,91206400,,0.0,0.0,0.0,0.0
2019-09-10,1595.8499755859375,1597.780029296875,1589.780029296875,1590.8299560546875,174806400,,0.0,0.0,0.0,0.0
2019-09-11,1602.300048828125,1602.300048828125,1595.280029296875,1597.8800048828125,128033000,,0.0,0.0,0.0,0.0
2019-09-12,1601.0,1608.3900146484375,1601.0,1603.2099609375,120542700,,0.0,0.0,0.0,0.0
2019-09-13,1601.25,1603.6800537109375,1596.3299560546875,1600.68994140625,87804400,,0.0,0.0,0.0,0.0
2019-09-17,1604.300048828125,1609.969970703125,1597.0899658203125,1609.9200439453125,140900100,,0.0,0.0,0.0,0.0
2019-09-18,1599.489990234375,1599.5699462890625,1594.0899658203125,1599.5699462890625,102870800,,0.0,0.0,0.0,0.0
2019-09-19,1596.280029296875,1599.1700439453125,1592.6500244140625,1598.6500244140625,82675500,,0.0,0.0,0.0,0.0
2019-09-20,1597.4100341796875,1597.6099853515625,1590.02001953125,1597.6099853515625,246858500,,0.0,0.0,0.0,0.0
2019-09-23,1592.9300537109375,1597.5899658203125,1590.969970703125,1597.5899658203125,83778400,,0.0,0.0,0.0,0.0
2019-09-24,1592.3299560546875,1593.5,1585.5799560546875,1593.5,100387100,,0.0,0.0,0.0,0.0
2019-09-25,1589.5799560546875,1593.989990234375,1586.1400146484375,1592.52001953125,74123200,,0.0,0.0,0.0,0.0
2019-09-26,1593.0,1593.050048828125,1589.2099609375,1589.47998046875,95044500,"Can your Employer demote you? - Donovan & Ho, Advocates & Solicitors",0.0,0.0,0.0,0.0
2019-09-27,1584.1400146484375,1592.050048828125,1583.449951171875,1590.239990234375,73331700,,0.0,0.0,0.0,0.0
2019-09-30,1583.9100341796875,1586.68994140625,1578.530029296875,1584.260009765625,92489700,,0.0,0.0,0.0,0.0
2019-10-01,1589.43994140625,1589.6400146484375,1583.8399658203125,1584.93994140625,71303900,,0.0,0.0,0.0,0.0
2019-10-02,1574.9000244140625,1589.06005859375,1574.9000244140625,1588.8499755859375,87431300,,0.0,0.0,0.0,0.0
2019-10-03,1564.1199951171875,1572.0400390625,1563.1300048828125,1571.9599609375,90318700,,0.0,0.0,0.0,0.0
2019-10-04,1557.6700439453125,1564.7900390625,1551.9599609375,1563.8900146484375,76431100,,0.0,0.0,0.0,0.0
2019-10-07,1559.0,1560.3699951171875,1555.550048828125,1557.7900390625,44082500,,0.0,0.0,0.0,0.0
2019-10-08,1558.7900390625,1565.1600341796875,1556.2099609375,1560.4599609375,78376500,,0.0,0.0,0.0,0.0
2019-10-09,1551.22998046875,1555.4200439453125,1548.6199951171875,1554.72998046875,87647500,,0.0,0.0,0.0,0.0
2019-10-10,1551.8699951171875,1553.1800537109375,1548.449951171875,1550.699951171875,69706900,Connect Scheduled Maintenance - Hong Leong Bank,0.0,0.0,0.0,0.0
2019-10-11,1556.8399658203125,1558.260009765625,1550.9599609375,1550.9599609375,78630200,,0.0,0.0,0.0,0.0
2019-10-14,1567.5899658203125,1568.9599609375,1562.6500244140625,1562.6500244140625,67604000,,0.0,0.0,0.0,0.0
2019-10-15,1566.22998046875,1568.239990234375,1563.1300048828125,1567.030029296875,84407300,Security - HSBC,0.0,0.0,0.0,0.0
2019-10-16,1574.9000244140625,1574.9000244140625,1567.8699951171875,1568.0999755859375,104215600,,0.0,0.0,0.0,0.0
2019-10-17,1574.5,1577.0400390625,1569.2099609375,1573.0400390625,96261500,,0.0,0.0,0.0,0.0
2019-10-18,1571.1500244140625,1576.8699951171875,1567.719970703125,1572.719970703125,102591400,,0.0,0.0,0.0,0.0
2019-10-21,1570.9300537109375,1572.06005859375,1565.0799560546875,1568.780029296875,48984300,,0.0,0.0,0.0,0.0
2019-10-22,1574.0899658203125,1574.0899658203125,1567.699951171875,1570.27001953125,92716700,,0.0,0.0,0.0,0.0
2019-10-23,1568.7900390625,1573.22998046875,1564.0799560546875,1571.6600341796875,81163100,,0.0,0.0,0.0,0.0
2019-10-24,1571.1099853515625,1571.4300537109375,1565.6400146484375,1569.469970703125,85709400,,0.0,0.0,0.0,0.0
2019-10-25,1570.0,1573.1500244140625,1567.9000244140625,1572.9200439453125,70214800,,0.0,0.0,0.0,0.0
2019-10-29,1577.7900390625,1577.97998046875,1570.1800537109375,1573.1600341796875,136240000,,0.0,0.0,0.0,0.0
2019-10-30,1580.0,1583.0,1575.3299560546875,1583.0,103994200,,0.0,0.0,0.0,0.0
2019-10-31,1597.97998046875,1599.77001953125,1579.1400146484375,1579.1400146484375,192718900,,0.0,0.0,0.0,0.0
2019-11-01,1593.3399658203125,1596.8399658203125,1583.0,1595.72998046875,88597000,,0.0,0.0,0.0,0.0
2019-11-04,1603.56005859375,1603.56005859375,1595.199951171875,1598.280029296875,105488800,,0.0,0.0,0.0,0.0
2019-11-05,1606.739990234375,1606.739990234375,1597.760009765625,1599.0699462890625,136828000,Worried about Depreciation? Here Are the Cars with the Best Resale Value in Malaysia - Carsome,1.0,0.3,1.0,0.3
2019-11-06,1603.25,1609.6400146484375,1597.1800537109375,1609.4300537109375,86576200,,0.0,0.0,0.0,0.0
2019-11-07,1609.3299560546875,1609.3299560546875,1601.1800537109375,1604.8499755859375,106440400,MySST - MySST,0.0,0.0,0.0,0.0
2019-11-08,1609.72998046875,1614.18994140625,1606.02001953125,1607.0899658203125,109606800,,0.0,0.0,0.0,0.0
2019-11-11,1608.1500244140625,1611.4300537109375,1601.989990234375,1610.6600341796875,87810000,,0.0,0.0,0.0,0.0
2019-11-12,1609.72998046875,1614.2099609375,1605.7099609375,1612.1800537109375,102461500,Malaysia Airlines says US codeshare deals may be hit by FAA country downgrade - NST Online | Supra Aluminium Sdn Bhd - Supra Aluminium Sdn Bhd,0.0,0.0,0.0,0.0
2019-11-13,1597.219970703125,1610.8800048828125,1593.9100341796875,1610.8800048828125,120634300,,0.0,0.0,0.0,0.0
2019-11-14,1593.550048828125,1598.0899658203125,1592.6300048828125,1595.4000244140625,83645300,Malaysian Qualifications Register (MQR) - mqa.gov.my,0.0,0.0,0.0,0.0
2019-11-15,1594.75,1596.8499755859375,1592.219970703125,1593.7900390625,77516500,,0.0,0.0,0.0,0.0
2019-11-18,1604.3599853515625,1604.3599853515625,1592.469970703125,1593.0899658203125,57599800,Overflight charge revision will help CAAM tackle downgrade - NST Online,0.0,0.0,0.0,0.0
2019-11-19,1605.31005859375,1605.31005859375,1595.1500244140625,1601.0899658203125,80138500,,0.0,0.0,0.0,0.0
2019-11-20,1601.1400146484375,1604.3800048828125,1598.3199462890625,1601.4200439453125,87737000,,0.0,0.0,0.0,0.0
2019-11-21,1592.18994140625,1601.3599853515625,1587.0699462890625,1601.3599853515625,97583900,,0.0,0.0,0.0,0.0
2019-11-22,1596.8399658203125,1600.06005859375,1589.25,1589.8699951171875,93254800,,0.0,0.0,0.0,0.0
2019-11-25,1591.3499755859375,1596.300048828125,1588.719970703125,1595.0799560546875,56368900,,0.0,0.0,0.0,0.0
2019-11-26,1583.8699951171875,1595.9200439453125,1583.699951171875,1589.6400146484375,255822800,,0.0,0.0,0.0,0.0
2019-11-27,1587.1800537109375,1590.510009765625,1582.4599609375,1587.6400146484375,72429300,,0.0,0.0,0.0,0.0
2019-11-28,1583.77001953125,1588.510009765625,1582.280029296875,1588.0799560546875,68597800,,0.0,0.0,0.0,0.0
2019-11-29,1561.739990234375,1585.699951171875,1560.719970703125,1585.699951171875,113618700,,0.0,0.0,0.0,0.0
2019-12-02,1570.550048828125,1570.550048828125,1561.97998046875,1562.550048828125,75988700,,0.0,0.0,0.0,0.0
2019-12-03,1562.27001953125,1568.8499755859375,1556.1700439453125,1568.8499755859375,85943900,,0.0,0.0,0.0,0.0
2019-12-04,1560.9300537109375,1560.9300537109375,1550.9200439453125,1553.989990234375,106194700,,0.0,0.0,0.0,0.0
2019-12-05,1563.5799560546875,1567.3399658203125,1560.1300048828125,1561.93994140625,102869400,,0.0,0.0,0.0,0.0
2019-12-06,1568.43994140625,1569.010009765625,1561.5799560546875,1561.5799560546875,67750300,,0.0,0.0,0.0,0.0
2019-12-09,1562.7099609375,1567.780029296875,1560.02001953125,1566.1800537109375,76676600,,0.0,0.0,0.0,0.0
2019-12-10,1561.7900390625,1564.8199462890625,1559.22998046875,1561.469970703125,72435300,,0.0,0.0,0.0,0.0
2019-12-11,1563.18994140625,1568.030029296875,1558.760009765625,1558.760009765625,94604400,,0.0,0.0,0.0,0.0
2019-12-12,1567.3399658203125,1572.510009765625,1559.8299560546875,1559.8299560546875,124138400,,0.0,0.0,0.0,0.0
2019-12-13,1571.1600341796875,1579.22998046875,1571.1600341796875,1576.510009765625,125142500,,0.0,0.0,0.0,0.0
2019-12-16,1569.3499755859375,1573.4100341796875,1565.5899658203125,1568.4300537109375,77939800,,0.0,0.0,0.0,0.0
2019-12-17,1576.949951171875,1576.949951171875,1564.25,1571.8699951171875,105202000,,0.0,0.0,0.0,0.0
2019-12-18,1599.1099853515625,1599.1099853515625,1599.1099853515625,1599.1099853515625,0,Malaysian Communications and Multimedia Commission - MCMC - mcmc.gov.my,0.0,0.0,0.0,0.0
2019-12-19,1596.010009765625,1603.5899658203125,1585.760009765625,1587.1300048828125,84325300,Safeguarding Patients and Guiding Doctors - Malaysian Medical Council (MMC),0.0,0.0,0.0,0.0
2019-12-20,1610.1800537109375,1610.1800537109375,1591.949951171875,1598.27001953125,170098700,,0.0,0.0,0.0,0.0
2019-12-23,1614.1800537109375,1615.1099853515625,1601.22998046875,1606.449951171875,65777100,,0.0,0.0,0.0,0.0
2019-12-24,1604.22998046875,1613.8699951171875,1602.0999755859375,1613.8299560546875,34847100,Lawyer or Law Firm - Malaysian Bar | Lawyer or Law Firm - Malaysian Bar | Lawyer or Law Firm - Malaysian Bar,-0.20000000000000004,0.4000000000000001,-0.20000000000000004,0.4000000000000001
2019-12-26,1603.550048828125,1607.1199951171875,1602.6600341796875,1604.6800537109375,22687500,,0.0,0.0,0.0,0.0
2019-12-27,1610.6099853515625,1610.9100341796875,1598.47998046875,1599.9300537109375,63765200,,0.0,0.0,0.0,0.0
2019-12-30,1615.6700439453125,1617.4300537109375,1608.760009765625,1609.449951171875,82149800,,0.0,0.0,0.0,0.0
2019-12-31,1588.760009765625,1610.68994140625,1588.760009765625,1609.3699951171875,104601300,,0.0,0.0,0.0,0.0
2020-01-02,1602.5,1603.719970703125,1590.97998046875,1590.97998046875,69876500,,0.0,0.0,0.0,0.0
2020-01-03,1611.3800048828125,1612.6199951171875,1604.3399658203125,1606.31005859375,109697200,,0.0,0.0,0.0,0.0
2020-01-06,1597.760009765625,1611.1600341796875,1593.0799560546875,1611.1600341796875,57241400,,0.0,0.0,0.0,0.0
2020-01-07,1611.0400390625,1612.5999755859375,1596.4200439453125,1596.56005859375,96579400,,0.0,0.0,0.0,0.0
2020-01-08,1589.0999755859375,1604.06005859375,1587.4300537109375,1604.06005859375,93682000,,0.0,0.0,0.0,0.0
2020-01-09,1595.6500244140625,1599.010009765625,1589.97998046875,1593.719970703125,97468500,,0.0,0.0,0.0,0.0
2020-01-10,1591.4599609375,1597.8499755859375,1589.0699462890625,1596.6500244140625,77260800,,0.0,0.0,0.0,0.0
2020-01-13,1584.72998046875,1595.239990234375,1581.5699462890625,1593.0999755859375,76066600,,0.0,0.0,0.0,0.0
2020-01-14,1580.5999755859375,1587.469970703125,1571.8900146484375,1584.989990234375,96081600,,0.0,0.0,0.0,0.0
2020-01-15,1585.1400146484375,1585.1400146484375,1573.9200439453125,1579.93994140625,84830800,,0.0,0.0,0.0,0.0
2020-01-16,1587.8800048828125,1588.22998046875,1575.77001953125,1582.1199951171875,95089400,,0.0,0.0,0.0,0.0
2020-01-17,1595.81005859375,1595.81005859375,1586.760009765625,1586.93994140625,147653500,,0.0,0.0,0.0,0.0
2020-01-20,1588.8800048828125,1596.3900146484375,1588.8800048828125,1596.3900146484375,82673100,,0.0,0.0,0.0,0.0
2020-01-21,1587.3299560546875,1592.5899658203125,1587.0999755859375,1589.2900390625,113059900,,0.0,0.0,0.0,0.0
2020-01-22,1577.97998046875,1595.3800048828125,1576.9000244140625,1584.6400146484375,169768500,Monetary Policy Statement - Bank Negara Malaysia,0.0,0.0,0.0,0.0
2020-01-23,1574.43994140625,1577.7900390625,1571.5799560546875,1575.27001953125,109508300,,0.0,0.0,0.0,0.0
2020-01-24,1572.81005859375,1575.2099609375,1568.6400146484375,1573.5999755859375,80187200,,0.0,0.0,0.0,0.0
2020-01-28,1551.6400146484375,1551.6400146484375,1551.6400146484375,1551.6400146484375,0,,0.0,0.0,0.0,0.0
2020-01-29,1550.469970703125,1554.4200439453125,1547.93994140625,1551.6300048828125,173163500,,0.0,0.0,0.0,0.0
2020-01-30,1545.5899658203125,1545.5899658203125,1545.5899658203125,1545.5899658203125,0,,0.0,0.0,0.0,0.0
2020-01-31,1531.06005859375,1552.4599609375,1530.68994140625,1544.25,232272000,,0.0,0.0,0.0,0.0
2020-02-03,1521.949951171875,1528.06005859375,1517.6099853515625,1522.1400146484375,154060300,,0.0,0.0,0.0,0.0
2020-02-04,1535.800048828125,1542.5899658203125,1527.699951171875,1528.3199462890625,167916100,,0.0,0.0,0.0,0.0
2020-02-05,1536.7900390625,1539.8900146484375,1529.0999755859375,1539.6400146484375,192358700,,0.0,0.0,0.0,0.0
2020-02-06,1552.77001953125,1555.6300048828125,1540.8800048828125,1540.8800048828125,154660000,,0.0,0.0,0.0,0.0
2020-02-07,1554.489990234375,1554.9100341796875,1546.0799560546875,1554.2900390625,124357000,,0.0,0.0,0.0,0.0
2020-02-10,1542.800048828125,1557.0699462890625,1540.1099853515625,1557.0699462890625,101850300,,0.0,0.0,0.0,0.0
2020-02-11,1551.47998046875,1554.6700439453125,1543.22998046875,1544.8900146484375,103140000,,0.0,0.0,0.0,0.0
2020-02-12,1542.93994140625,1555.6600341796875,1538.6600341796875,1551.02001953125,182740200,EXECUTIVE SUMMARY - Malaysian Aviation Commission,0.0,0.0,0.0,0.0
2020-02-13,1539.1600341796875,1545.9200439453125,1536.760009765625,1544.75,98000800,,0.0,0.0,0.0,0.0
2020-02-14,1544.4599609375,1544.4599609375,1534.969970703125,1538.719970703125,95266500,,0.0,0.0,0.0,0.0
2020-02-17,1537.1199951171875,1545.9200439453125,1537.1199951171875,1542.969970703125,75684400,Ringgit continues downtrend as Covid-19 fears persist - NST Online,0.0,0.0,0.0,0.0
2020-02-18,1537.0799560546875,1537.8699951171875,1532.8900146484375,1536.510009765625,100882100,,0.0,0.0,0.0,0.0
2020-02-19,1534.1600341796875,1539.9000244140625,1530.8299560546875,1539.219970703125,100665400,RM6m bribe to Zahid was political donation for GE14: Datasonic deputy MD - EdgeProp.my,0.0,0.1,0.0,0.1
2020-02-20,1534.97998046875,1540.1800537109375,1531.1500244140625,1537.0999755859375,125662200,,0.0,0.0,0.0,0.0
2020-02-21,1531.199951171875,1533.9100341796875,1527.5699462890625,1529.010009765625,106739500,,0.0,0.0,0.0,0.0
2020-02-24,1490.06005859375,1510.4200439453125,1486.7099609375,1501.469970703125,255636600,,0.0,0.0,0.0,0.0
2020-02-25,1500.8800048828125,1503.300048828125,1481.4599609375,1481.4599609375,174202800,,0.0,0.0,0.0,0.0
2020-02-26,1495.18994140625,1508.4300537109375,1485.239990234375,1489.3299560546875,199950000,,0.0,0.0,0.0,0.0
2020-02-27,1505.5899658203125,1508.27001953125,1494.93994140625,1496.72998046875,133612600,,0.0,0.0,0.0,0.0
2020-02-28,1482.6400146484375,1494.0899658203125,1473.77001953125,1484.9000244140625,312195000,,0.0,0.0,0.0,0.0
2020-03-02,1466.93994140625,1478.6800537109375,1456.0799560546875,1471.3399658203125,231463500,,0.0,0.0,0.0,0.0
2020-03-03,1478.6400146484375,1481.3599853515625,1466.9000244140625,1476.300048828125,179122500,,0.0,0.0,0.0,0.0
2020-03-04,1489.949951171875,1491.0699462890625,1474.949951171875,1478.3299560546875,185113600,,0.0,0.0,0.0,0.0
2020-03-05,1491.030029296875,1497.31005859375,1486.3499755859375,1492.3599853515625,140555700,,0.0,0.0,0.0,0.0
2020-03-06,1483.0999755859375,1486.8399658203125,1479.739990234375,1486.8399658203125,169355600,,0.0,0.0,0.0,0.0
2020-03-09,1424.1600341796875,1459.81005859375,1422.6500244140625,1459.81005859375,255462000,,0.0,0.0,0.0,0.0
2020-03-10,1430.469970703125,1446.72998046875,1414.949951171875,1415.8599853515625,220291600,,0.0,0.0,0.0,0.0
2020-03-11,1443.8299560546875,1454.0,1428.5899658203125,1431.3499755859375,195734000,,0.0,0.0,0.0,0.0
2020-03-12,1419.4300537109375,1432.699951171875,1419.4300537109375,1431.4100341796875,232856800,,0.0,0.0,0.0,0.0
2020-03-13,1344.75,1369.0,1320.9599609375,1363.760009765625,442093200,,0.0,0.0,0.0,0.0
2020-03-16,1280.6300048828125,1319.3699951171875,1278.47998046875,1319.3699951171875,343898600,,0.0,0.0,0.0,0.0
2020-03-17,1256.5799560546875,1278.4300537109375,1211.949951171875,1217.280029296875,431606800,,0.0,0.0,0.0,0.0
2020-03-18,1239.010009765625,1275.22998046875,1226.260009765625,1254.4300537109375,292176800,,0.0,0.0,0.0,0.0
2020-03-19,1219.719970703125,1242.8199462890625,1207.800048828125,1227.7099609375,280828500,Bank Negara's SSR cut to stem foreign funds outflow? - NST Online,-0.125,0.125,-0.125,0.125
2020-03-20,1303.280029296875,1304.550048828125,1220.5400390625,1220.5400390625,396283500,The End of UMNO? New and Expanded Post-GE14 Edition - Shopee Malaysia,0.13636363636363635,0.45454545454545453,0.13636363636363635,0.45454545454545453
2020-03-23,1259.8800048828125,1259.8800048828125,1259.8800048828125,1259.8800048828125,0,,0.0,0.0,0.0,0.0
2020-03-24,1291.1400146484375,1311.219970703125,1271.3399658203125,1271.3399658203125,199940700,,0.0,0.0,0.0,0.0
2020-03-25,1324.5,1341.8599853515625,1304.969970703125,1322.18994140625,208580500,Technical- SCOMNET PENTA- 200325 (Kenanga) - Kenanga Investment Bank Berhad,0.0,0.1,0.0,0.1
2020-03-26,1328.0899658203125,1336.739990234375,1309.2099609375,1333.72998046875,173835400,ON THE MALAYSIAN RINGGIT EXCHANGE RATE DETERMINATION AND RECENT DEPRECIATION Yusniliyana Yusofd - IIUM Journal Publication,0.0,0.25,0.0,0.25
2020-03-27,1343.0899658203125,1353.3499755859375,1335.5699462890625,1335.5699462890625,194261000,,0.0,0.0,0.0,0.0
2020-03-30,1328.8800048828125,1336.22998046875,1317.3900146484375,1336.22998046875,144260500,,0.0,0.0,0.0,0.0
2020-03-31,1350.8900146484375,1352.199951171875,1335.9100341796875,1336.5999755859375,260583600,KENANGA LIQUIDITY FUND - eUnittrust,0.0,0.0,0.0,0.0
2020-04-01,1322.6600341796875,1344.9000244140625,1322.6600341796875,1344.9000244140625,189037100,5 Common Questions on Debt Recovery - CHERN & CO.,-0.3,0.5,-0.3,0.5
2020-04-02,1330.9000244140625,1332.6099853515625,1316.93994140625,1320.6199951171875,154382300,,0.0,0.0,0.0,0.0
2020-04-03,1330.6500244140625,1333.8199462890625,1324.4100341796875,1331.56005859375,138072800,,0.0,0.0,0.0,0.0
2020-04-06,1341.68994140625,1343.050048828125,1324.4300537109375,1332.6099853515625,150403500,,0.0,0.0,0.0,0.0
2020-04-07,1369.9200439453125,1369.9200439453125,1352.6300048828125,1355.510009765625,182160000,,0.0,0.0,0.0,0.0
2020-04-08,1361.3900146484375,1367.1600341796875,1358.199951171875,1366.4599609375,149272300,,0.0,0.0,0.0,0.0
2020-04-09,1369.760009765625,1371.3499755859375,1366.530029296875,1368.8900146484375,131792500,,0.0,0.0,0.0,0.0
2020-04-10,1357.5,1362.1600341796875,1354.280029296875,1361.6199951171875,81993900,Fiscal Policy and Debt Management Office (FPDMO) - Portal Rasmi Kementerian Kewangan,0.0,0.0,0.0,0.0
2020-04-13,1356.030029296875,1359.6800537109375,1352.780029296875,1357.93994140625,73131100,,0.0,0.0,0.0,0.0
2020-04-14,1371.6600341796875,1373.800048828125,1357.8299560546875,1361.010009765625,114404000,,0.0,0.0,0.0,0.0
2020-04-15,1387.7900390625,1394.6600341796875,1375.1199951171875,1375.6199951171875,166219900,,0.0,0.0,0.0,0.0
2020-04-16,1386.530029296875,1398.530029296875,1378.300048828125,1381.9599609375,162695500,,0.0,0.0,0.0,0.0
2020-04-17,1407.3399658203125,1414.6700439453125,1395.550048828125,1395.550048828125,161977100,,0.0,0.0,0.0,0.0
2020-04-20,1413.1199951171875,1428.949951171875,1411.68994140625,1411.68994140625,183669900,Home - Malaysia Gift Fair - Malaysia Gift Fair | Home - Malaysia Gift Fair - Malaysia Gift Fair | Prominent Hardware Post Latarjet Mimicking Shoulder Instability Symptoms - Universiti Putra Malaysia | 8 must-have items in the house in case of emergencies - iProperty,0.6599999999999999,0.9199999999999999,0.6599999999999999,0.9199999999999999
2020-04-21,1381.72998046875,1407.22998046875,1381.72998046875,1407.22998046875,166167900,,0.0,0.0,0.0,0.0
2020-04-22,1381.8900146484375,1383.0899658203125,1359.5400390625,1366.4000244140625,190817200,,0.0,0.0,0.0,0.0
2020-04-23,1381.6400146484375,1395.3399658203125,1378.780029296875,1388.739990234375,147390800,,0.0,0.0,0.0,0.0
2020-04-24,1369.8499755859375,1377.7099609375,1367.489990234375,1376.1700439453125,143980200,,0.0,0.0,0.0,0.0
2020-04-27,1370.1600341796875,1378.4000244140625,1370.1600341796875,1371.5999755859375,74707700,,0.0,0.0,0.0,0.0
2020-04-28,1372.199951171875,1377.3699951171875,1367.43994140625,1371.97998046875,145151500,,0.0,0.0,0.0,0.0
2020-04-29,1380.300048828125,1386.22998046875,1372.1700439453125,1372.3900146484375,122355200,Portal Rasmi Kementerian Kesihatan Malaysia - Portal Rasmi Kementerian Kesihatan Malaysia,0.0,0.0,0.0,0.0
2020-04-30,1407.780029296875,1418.4200439453125,1383.9599609375,1383.9599609375,189319500,,0.0,0.0,0.0,0.0
2020-05-04,1376.5899658203125,1388.8299560546875,1375.3900146484375,1388.8299560546875,116486800,What you need to know listing at Bursa Malaysia Listing and the requirements - Hills & Cheryl Corporate Advisory,0.0,0.0,0.0,0.0
2020-05-05,1389.550048828125,1398.0699462890625,1378.75,1378.75,79911100,Forgot User ID or Password - CIMB Malaysia,0.0,0.0,0.0,0.0
2020-05-06,1376.9300537109375,1393.56005859375,1376.9300537109375,1387.75,105301100,,0.0,0.0,0.0,0.0
2020-05-08,1382.31005859375,1392.22998046875,1382.02001953125,1382.1199951171875,127071100,,0.0,0.0,0.0,0.0
2020-05-12,1379.9300537109375,1388.4100341796875,1377.56005859375,1379.43994140625,139615300,,0.0,0.0,0.0,0.0
2020-05-13,1397.1300048828125,1400.6700439453125,1379.0999755859375,1383.219970703125,186890100,,0.0,0.0,0.0,0.0
2020-05-14,1397.25,1411.0799560546875,1388.800048828125,1400.3399658203125,180103600,,0.0,0.0,0.0,0.0
2020-05-15,1403.43994140625,1408.18994140625,1398.7099609375,1403.469970703125,114462900,Maxis ID - Hotlink,0.0,0.0,0.0,0.0
2020-05-18,1410.1600341796875,1416.93994140625,1405.6500244140625,1409.3900146484375,100010700,,0.0,0.0,0.0,0.0
2020-05-19,1423.969970703125,1428.1199951171875,1418.760009765625,1419.77001953125,171866300,Honda Civic - Honda Malaysia | Honda CR-V - Honda Malaysia | Honda Civic - Honda Malaysia,0.0,0.0,0.0,0.0
2020-05-20,1435.1199951171875,1435.1199951171875,1420.1800537109375,1429.260009765625,101428000,,0.0,0.0,0.0,0.0
2020-05-21,1452.1099853515625,1455.1300048828125,1437.1300048828125,1437.489990234375,168060000,,0.0,0.0,0.0,0.0
2020-05-22,1436.760009765625,1451.43994140625,1435.22998046875,1451.3699951171875,144048200,,0.0,0.0,0.0,0.0
2020-05-27,1451.72998046875,1458.239990234375,1446.4200439453125,1446.9100341796875,189841100,,0.0,0.0,0.0,0.0
2020-05-28,1457.5,1458.72998046875,1449.25,1453.530029296875,189529500,,0.0,0.0,0.0,0.0
2020-05-29,1473.25,1473.77001953125,1448.8399658203125,1450.5400390625,595843500,,0.0,0.0,0.0,0.0
2020-06-02,1507.68994140625,1509.739990234375,1480.1700439453125,1484.510009765625,225473000,,0.0,0.0,0.0,0.0
2020-06-03,1538.530029296875,1542.010009765625,1492.3399658203125,1515.6800537109375,292940300,,0.0,0.0,0.0,0.0
2020-06-04,1561.8399658203125,1561.8399658203125,1541.5,1541.68994140625,261501300,,0.0,0.0,0.0,0.0
2020-06-05,1556.3299560546875,1564.1300048828125,1547.5699462890625,1561.1700439453125,189450200,,0.0,0.0,0.0,0.0
2020-06-09,1575.1600341796875,1590.8299560546875,1567.969970703125,1572.800048828125,290834700,,0.0,0.0,0.0,0.0
2020-06-10,1575.27001953125,1578.0999755859375,1570.449951171875,1576.260009765625,165205700,,0.0,0.0,0.0,0.0
2020-06-11,1557.25,1586.219970703125,1550.9000244140625,1577.6500244140625,212285100,Malaysia has sufficient liquidity in the market to execute initiatives - Tengku Zafrul - Portal Rasmi Kementerian Kewangan,0.0,0.0,0.0,0.0
2020-06-12,1546.02001953125,1546.02001953125,1509.1600341796875,1512.3900146484375,186027200,,0.0,0.0,0.0,0.0
2020-06-15,1498.8299560546875,1548.050048828125,1490.43994140625,1548.050048828125,218572900,Thematic-200615- Should we fear the return of short sellers (Kenanga) - Kenanga Investment Bank Berhad,0.0,0.3,0.0,0.3
2020-06-16,1517.7099609375,1528.760009765625,1517.469970703125,1518.9200439453125,143663500,,0.0,0.0,0.0,0.0
2020-06-17,1526.3199462890625,1528.6300048828125,1510.7099609375,1527.97998046875,154681700,,0.0,0.0,0.0,0.0
2020-06-18,1504.9100341796875,1525.68994140625,1503.3499755859375,1524.510009765625,200979200,,0.0,0.0,0.0,0.0
2020-06-19,1507.260009765625,1512.93994140625,1496.7900390625,1497.9599609375,254830200,CelcomDigi l More Device Savings For You! - Celcom Online Shop | CelcomDigi l More Device Savings For You! - Celcom Online Shop,0.625,0.5,0.625,0.5
2020-06-22,1511.239990234375,1511.6500244140625,1502.6400146484375,1505.949951171875,98222800,Term Deposit Rates - UOB,0.0,0.0,0.0,0.0
2020-06-23,1507.0400390625,1511.5400390625,1492.3199462890625,1511.1500244140625,109465200,,0.0,0.0,0.0,0.0
2020-06-24,1502.6300048828125,1507.3800048828125,1496.989990234375,1507.3800048828125,92440000,,0.0,0.0,0.0,0.0
2020-06-25,1489.199951171875,1498.6099853515625,1484.4000244140625,1494.43994140625,93460100,,0.0,0.0,0.0,0.0
2020-06-26,1488.1400146484375,1495.5699462890625,1483.050048828125,1491.969970703125,94462100,,0.0,0.0,0.0,0.0
2020-06-29,1494.4300537109375,1494.969970703125,1476.280029296875,1485.18994140625,104824100,,0.0,0.0,0.0,0.0
2020-06-30,1500.969970703125,1509.1199951171875,1492.0699462890625,1493.4100341796875,140817600,THE NEXUS BETWEEN FISCAL DEFICIT AND ECONOMIC GROWTH IN MALAYSIA - eJournal UM,0.2,0.2,0.2,0.2
2020-07-01,1514.4300537109375,1517.010009765625,1497.5400390625,1503.9300537109375,114831700,,0.0,0.0,0.0,0.0
2020-07-02,1536.280029296875,1536.3599853515625,1513.2099609375,1514.780029296875,132430200,UNIMAS eLEAP EXAM - UNIMAS Official Website,0.0,0.0,0.0,0.0
2020-07-03,1552.6500244140625,1552.6500244140625,1538.1600341796875,1543.47998046875,85868800,,0.0,0.0,0.0,0.0
2020-07-06,1576.9000244140625,1577.8199462890625,1553.7900390625,1553.7900390625,120130400,,0.0,0.0,0.0,0.0
2020-07-07,1566.719970703125,1587.6400146484375,1562.8800048828125,1582.030029296875,152251200,,0.0,0.0,0.0,0.0
2020-07-08,1583.5,1584.6700439453125,1562.0799560546875,1562.0799560546875,127417600,,0.0,0.0,0.0,0.0
2020-07-09,1583.25,1590.6300048828125,1579.9000244140625,1583.93994140625,164873700,,0.0,0.0,0.0,0.0
2020-07-10,1591.8399658203125,1591.8399658203125,1574.0799560546875,1578.9200439453125,145111600,,0.0,0.0,0.0,0.0
2020-07-13,1606.4300537109375,1608.3399658203125,1595.75,1596.4000244140625,136029500,,0.0,0.0,0.0,0.0
2020-07-14,1598.75,1617.3599853515625,1577.3299560546875,1608.280029296875,144740400,,0.0,0.0,0.0,0.0
2020-07-15,1585.56005859375,1605.260009765625,1585.56005859375,1601.52001953125,133790000,,0.0,0.0,0.0,0.0
2020-07-16,1573.47998046875,1599.530029296875,1572.1099853515625,1583.3199462890625,94192100,,0.0,0.0,0.0,0.0
2020-07-17,1596.3299560546875,1599.5899658203125,1563.010009765625,1563.010009765625,181775800,,0.0,0.0,0.0,0.0
2020-07-20,1589.449951171875,1609.02001953125,1580.3900146484375,1607.3499755859375,136294000,,0.0,0.0,0.0,0.0
2020-07-21,1595.9300537109375,1601.81005859375,1587.8599853515625,1588.4200439453125,147303200,,0.0,0.0,0.0,0.0
2020-07-22,1586.97998046875,1599.5699462890625,1586.27001953125,1594.050048828125,118174700,TESL Student Darshni Sees Poems Published in Covid-19 Pandemic Poetry Selection - Quest International University,0.0,0.0,0.0,0.0
2020-07-23,1606.4200439453125,1607.800048828125,1585.449951171875,1586.969970703125,104270000,Board ethnic diversity and goodwill impairment decisions: longitudinal analysis of energy firms in Malaysia - UUM Repository,0.0,0.0,0.0,0.0
2020-07-24,1589.6099853515625,1605.2099609375,1585.1099853515625,1603.300048828125,117983500,,0.0,0.0,0.0,0.0
2020-07-27,1591.47998046875,1595.0,1585.239990234375,1594.6800537109375,89988600,,0.0,0.0,0.0,0.0
2020-07-28,1609.93994140625,1609.93994140625,1593.239990234375,1594.6400146484375,138510800,,0.0,0.0,0.0,0.0
2020-07-29,1611.4200439453125,1618.010009765625,1589.97998046875,1610.1300048828125,112190000,,0.0,0.0,0.0,0.0
2020-07-30,1603.75,1614.3499755859375,1584.949951171875,1614.02001953125,126475200,"Audit, Tax, Accountancy in Johor Bahru. - KTP & Company PLT",0.0,0.0,0.0,0.0
2020-08-03,1572.6099853515625,1599.3399658203125,1570.1800537109375,1595.010009765625,148578200,,0.0,0.0,0.0,0.0
2020-08-04,1575.93994140625,1580.8699951171875,1549.6199951171875,1578.239990234375,142530200,Media Mulia Sdn. Bhd. - Media Mulia Sdn. Bhd.,0.0,0.0,0.0,0.0
2020-08-05,1568.1300048828125,1579.9100341796875,1566.8699951171875,1578.8199462890625,115800000,,0.0,0.0,0.0,0.0
2020-08-06,1588.5699462890625,1588.5699462890625,1575.4000244140625,1577.469970703125,88750000,,0.0,0.0,0.0,0.0
2020-08-07,1578.1400146484375,1591.0799560546875,1578.1400146484375,1590.5400390625,78209400,,0.0,0.0,0.0,0.0
2020-08-10,1571.6600341796875,1579.2900390625,1558.0699462890625,1579.2900390625,65970000,,0.0,0.0,0.0,0.0
2020-08-11,1564.739990234375,1581.9300537109375,1564.739990234375,1580.1700439453125,80677300,,0.0,0.0,0.0,0.0
2020-08-12,1556.6400146484375,1564.3800048828125,1539.6099853515625,1558.8199462890625,147372000,,0.0,0.0,0.0,0.0
2020-08-13,1576.4200439453125,1576.4200439453125,1561.1700439453125,1564.1300048828125,103047400,,0.0,0.0,0.0,0.0
2020-08-14,1564.5899658203125,1579.6300048828125,1561.1800537109375,1578.7900390625,113661000,,0.0,0.0,0.0,0.0
2020-08-17,1560.739990234375,1567.550048828125,1543.0400390625,1561.93994140625,102190000,,0.0,0.0,0.0,0.0
2020-08-18,1577.8499755859375,1577.8499755859375,1557.25,1559.6400146484375,122344500,"Untitled - Malaysian Accounting Standards Board | Arising from this revision, what are the options available to me? - Ask Prudential",0.4,0.4,0.4,0.4
2020-08-19,1575.3800048828125,1584.3599853515625,1570.699951171875,1576.3800048828125,108285500,,0.0,0.0,0.0,0.0
2020-08-21,1577.1199951171875,1579.010009765625,1568.97998046875,1574.7900390625,194313500,Tax Treatment On Irrecoverable Debts - Cheng & Co Group,0.0,0.0,0.0,0.0
2020-08-24,1568.5799560546875,1581.27001953125,1567.0999755859375,1578.550048828125,119426200,,0.0,0.0,0.0,0.0
2020-08-25,1554.9599609375,1569.5799560546875,1552.9200439453125,1563.3499755859375,125072300,,0.0,0.0,0.0,0.0
2020-08-26,1549.5799560546875,1558.949951171875,1538.260009765625,1554.75,129083600,,0.0,0.0,0.0,0.0
2020-08-27,1554.780029296875,1554.780029296875,1544.1199951171875,1548.2099609375,132430100,,0.0,0.0,0.0,0.0
2020-08-28,1525.2099609375,1558.2900390625,1525.2099609375,1555.050048828125,265628700,,0.0,0.0,0.0,0.0
2020-09-01,1521.4300537109375,1541.989990234375,1520.199951171875,1541.550048828125,215671500,,0.0,0.0,0.0,0.0
2020-09-02,1537.5400390625,1537.5400390625,1523.68994140625,1525.1199951171875,146423000,,0.0,0.0,0.0,0.0
2020-09-03,1515.4000244140625,1544.1800537109375,1507.5799560546875,1540.6400146484375,227392200,,0.0,0.0,0.0,0.0
2020-09-04,1515.8599853515625,1519.280029296875,1498.719970703125,1504.6199951171875,123115500,MAPLEHOME - MAPLEHOME,0.0,0.0,0.0,0.0
2020-09-07,1516.3800048828125,1520.8900146484375,1507.5699462890625,1514.6300048828125,94876900,,0.0,0.0,0.0,0.0
2020-09-08,1519.3199462890625,1519.3199462890625,1494.18994140625,1518.5,177379900,Irreparable Massive Rotator Cuff Tear in a Young Patient With Recurrent Anterior Shoulder Dislocation - Universiti Putra Malaysia,0.05,0.7,0.05,0.7
2020-09-09,1496.719970703125,1505.739990234375,1490.530029296875,1505.739990234375,233845100,,0.0,0.0,0.0,0.0
2020-09-10,1490.1199951171875,1504.030029296875,1474.22998046875,1502.219970703125,280828000,,0.0,0.0,0.0,0.0
2020-09-11,1504.8499755859375,1505.8900146484375,1477.469970703125,1486.22998046875,323100600,Effective Liquidity (Cash Flow) Management - forster.com.my,0.6,0.8,0.6,0.8
2020-09-14,1511.3599853515625,1515.6600341796875,1506.4100341796875,1513.4300537109375,247327400,,0.0,0.0,0.0,0.0
2020-09-15,1531.280029296875,1532.0400390625,1503.18994140625,1510.3599853515625,182127100,,0.0,0.0,0.0,0.0
2020-09-17,1513.0699462890625,1541.1400146484375,1508.010009765625,1541.1400146484375,314591800,,0.0,0.0,0.0,0.0
2020-09-18,1506.6300048828125,1524.0699462890625,1503.4300537109375,1511.780029296875,284135400,,0.0,0.0,0.0,0.0
2020-09-21,1499.4300537109375,1511.77001953125,1496.969970703125,1510.4200439453125,156236400,,0.0,0.0,0.0,0.0
2020-09-22,1505.780029296875,1511.9000244140625,1494.9300537109375,1495.280029296875,135822100,,0.0,0.0,0.0,0.0
2020-09-23,1496.47998046875,1509.1500244140625,1491.1700439453125,1507.2900390625,145529900,SISTEM i-MAQIS - MAQIS Malaysia,0.0,0.0,0.0,0.0
2020-09-24,1500.800048828125,1506.5999755859375,1492.97998046875,1494.719970703125,209154000,,0.0,0.0,0.0,0.0
2020-09-25,1509.1400146484375,1516.0,1505.050048828125,1507.949951171875,161816600,GE14 media monitoring report now available - University of Nottingham Malaysia,0.4,0.4,0.4,0.4
2020-09-28,1511.6600341796875,1519.050048828125,1507.3499755859375,1510.260009765625,126847900,,0.0,0.0,0.0,0.0
2020-09-29,1503.9000244140625,1517.3299560546875,1503.9000244140625,1512.75,171248200,,0.0,0.0,0.0,0.0
2020-09-30,1504.8199462890625,1512.949951171875,1497.780029296875,1505.77001953125,110856400,,0.0,0.0,0.0,0.0
2020-10-01,1496.77001953125,1503.8599853515625,1491.1300048828125,1501.5799560546875,84881100,,0.0,0.0,0.0,0.0
2020-10-02,1500.300048828125,1501.8499755859375,1489.6600341796875,1494.8399658203125,122647500,,0.0,0.0,0.0,0.0
2020-10-05,1512.4300537109375,1513.3699951171875,1498.81005859375,1501.0799560546875,147917700,,0.0,0.0,0.0,0.0
2020-10-06,1509.469970703125,1522.3199462890625,1508.1800537109375,1515.699951171875,114933600,,0.0,0.0,0.0,0.0
2020-10-07,1489.56005859375,1510.3499755859375,1489.56005859375,1509.239990234375,136587800,,0.0,0.0,0.0,0.0
2020-10-08,1519.4300537109375,1519.4300537109375,1495.280029296875,1495.52001953125,89887800,Attention Deficit Hyperactivity Disorder (ADHD): What is it? How do I get tested? - People Psychological Solutions | The MAE app lets you bank seamlessly and manage all your lifestyle needs. - Maybank2u | The MAE app lets you bank seamlessly and manage all your lifestyle needs. - Maybank2u | Kitchen cabinet 15ft - Shopee Malaysia,0.06666666666666667,0.10000000000000002,0.06666666666666667,0.10000000000000002
2020-10-09,1530.3499755859375,1532.530029296875,1512.739990234375,1516.93994140625,87613900,Tv Cabinet 6.5 ft with hanging Display cabinet and Upper Rack - Shopee Malaysia,0.0,0.0,0.0,0.0
2020-10-12,1518.4300537109375,1526.02001953125,1512.739990234375,1525.9200439453125,111076300,,0.0,0.0,0.0,0.0
2020-10-13,1525.199951171875,1527.0400390625,1512.4599609375,1514.1800537109375,134541300,,0.0,0.0,0.0,0.0
2020-10-14,1523.25,1524.22998046875,1516.0999755859375,1523.5699462890625,217994300,,0.0,0.0,0.0,0.0
2020-10-15,1513.949951171875,1524.030029296875,1512.9599609375,1521.43994140625,134270100,,0.0,0.0,0.0,0.0
2020-10-16,1503.8399658203125,1520.31005859375,1503.8399658203125,1519.3299560546875,152911800,,0.0,0.0,0.0,0.0
2020-10-19,1518.1099853515625,1521.9100341796875,1505.9200439453125,1507.2099609375,132510200,,0.0,0.0,0.0,0.0
2020-10-20,1510.969970703125,1520.969970703125,1510.68994140625,1518.5,130512500,,0.0,0.0,0.0,0.0
2020-10-21,1492.4000244140625,1513.199951171875,1492.18994140625,1512.0400390625,183844000,,0.0,0.0,0.0,0.0
2020-10-22,1498.800048828125,1500.050048828125,1485.77001953125,1492.949951171875,163496000,,0.0,0.0,0.0,0.0
2020-10-23,1494.6400146484375,1502.6700439453125,1489.8299560546875,1499.760009765625,130007200,,0.0,0.0,0.0,0.0
2020-10-26,1494.6099853515625,1497.5400390625,1482.1500244140625,1495.56005859375,102464600,,0.0,0.0,0.0,0.0
2020-10-27,1500.3499755859375,1504.550048828125,1489.97998046875,1492.1099853515625,140621900,,0.0,0.0,0.0,0.0
2020-10-28,1495.199951171875,1505.6400146484375,1492.1099853515625,1505.47998046875,105403500,,0.0,0.0,0.0,0.0
2020-10-30,1466.8900146484375,1494.8699951171875,1461.050048828125,1494.31005859375,165737400,,0.0,0.0,0.0,0.0
2020-11-02,1466.4599609375,1468.0899658203125,1452.1300048828125,1465.469970703125,114250300,,0.0,0.0,0.0,0.0
2020-11-03,1461.449951171875,1470.68994140625,1460.5999755859375,1469.1099853515625,92265300,ESCAPE Penang - ESCAPE Penang | ESCAPE Penang - ESCAPE Penang | ESCAPE Penang - ESCAPE Penang | ESCAPE Penang - ESCAPE Penang | ESCAPE Penang - ESCAPE Penang,0.0,0.0,0.0,0.0
2020-11-04,1464.6099853515625,1473.530029296875,1462.3699951171875,1464.489990234375,88912900,,0.0,0.0,0.0,0.0
2020-11-05,1501.489990234375,1501.489990234375,1467.8399658203125,1468.8599853515625,128922500,,0.0,0.0,0.0,0.0
2020-11-06,1519.6400146484375,1519.6400146484375,1497.3199462890625,1500.800048828125,139420600,,0.0,0.0,0.0,0.0
2020-11-09,1524.3199462890625,1533.050048828125,1513.2099609375,1521.6300048828125,109245000,,0.0,0.0,0.0,0.0
2020-11-10,1575.0699462890625,1575.0699462890625,1516.5400390625,1521.949951171875,592756400,,0.0,0.0,0.0,0.0
2020-11-11,1570.0799560546875,1572.68994140625,1550.43994140625,1572.68994140625,242168200,Institutional Problems of Spatial Policy during the COVID-19 Pandemic: A Polish Case - International Journal of Real Estate Studies,0.1,0.15000000000000002,0.1,0.15000000000000002
2020-11-12,1590.780029296875,1592.280029296875,1558.7099609375,1565.989990234375,283572200,,0.0,0.0,0.0,0.0
2020-11-13,1589.68994140625,1592.18994140625,1572.0,1588.3800048828125,178410200,,0.0,0.0,0.0,0.0
2020-11-16,1599.6600341796875,1602.22998046875,1587.06005859375,1593.3499755859375,328920300,,0.0,0.0,0.0,0.0
2020-11-17,1610.1500244140625,1613.3399658203125,1593.02001953125,1599.6199951171875,467715300,,0.0,0.0,0.0,0.0
2020-11-18,1604.75,1611.5799560546875,1595.0899658203125,1611.0799560546875,237706200,,0.0,0.0,0.0,0.0
2020-11-19,1583.6800537109375,1596.550048828125,1583.6800537109375,1595.7900390625,174677700,,0.0,0.0,0.0,0.0
2020-11-20,1593.75,1599.489990234375,1579.489990234375,1584.989990234375,192318500,,0.0,0.0,0.0,0.0
2020-11-23,1597.47998046875,1600.5799560546875,1592.7099609375,1593.260009765625,139314000,,0.0,0.0,0.0,0.0
2020-11-24,1578.3900146484375,1599.97998046875,1578.3900146484375,1588.530029296875,186434400,,0.0,0.0,0.0,0.0
2020-11-25,1597.5799560546875,1600.199951171875,1582.31005859375,1582.31005859375,196393300,,0.0,0.0,0.0,0.0
2020-11-26,1612.1099853515625,1612.780029296875,1590.6500244140625,1597.68994140625,184343200,,0.0,0.0,0.0,0.0
2020-11-27,1607.5899658203125,1618.6800537109375,1605.6800537109375,1615.199951171875,204625000,,0.0,0.0,0.0,0.0
2020-11-30,1562.7099609375,1614.77001953125,1562.7099609375,1606.77001953125,415540700,,0.0,0.0,0.0,0.0
2020-12-01,1602.260009765625,1604.5699462890625,1580.1700439453125,1580.1700439453125,218992400,,0.0,0.0,0.0,0.0
2020-12-02,1598.719970703125,1605.5999755859375,1592.9300537109375,1604.489990234375,221580800,,0.0,0.0,0.0,0.0
2020-12-03,1628.260009765625,1628.260009765625,1599.3599853515625,1601.1300048828125,181778200,,0.0,0.0,0.0,0.0
2020-12-04,1621.8499755859375,1628.8199462890625,1618.5400390625,1627.9100341796875,156357300,,0.0,0.0,0.0,0.0
2020-12-07,1622.8900146484375,1627.5899658203125,1618.97998046875,1624.0699462890625,155252700,,0.0,0.0,0.0,0.0
2020-12-08,1631.699951171875,1631.719970703125,1624.949951171875,1625.43994140625,202623800,,0.0,0.0,0.0,0.0
2020-12-09,1646.530029296875,1654.1500244140625,1638.77001953125,1640.989990234375,246630400,,0.0,0.0,0.0,0.0
2020-12-10,1654.3900146484375,1658.0699462890625,1647.6500244140625,1651.6700439453125,173122000,,0.0,0.0,0.0,0.0
2020-12-11,1684.5799560546875,1689.77001953125,1660.489990234375,1660.760009765625,295540900,,0.0,0.0,0.0,0.0
2020-12-14,1662.739990234375,1695.9599609375,1662.449951171875,1682.4599609375,361491200,Security Tips - bsn.com.my | Security Tips - bsn.com.my | Security Tips - bsn.com.my | Security Tips - bsn.com.my | CONTACT US - bsn.com.my | Security Tips - bsn.com.my | Security Tips - bsn.com.my,0.0,0.0,0.0,0.0
2020-12-15,1674.02001953125,1679.0999755859375,1655.8800048828125,1661.5400390625,226532100,,0.0,0.0,0.0,0.0
2020-12-16,1681.4100341796875,1695.8699951171875,1679.3900146484375,1694.3299560546875,191726100,Exchange Rates - Bank Negara Malaysia | Interest Rates & Volumes - Bank Negara Malaysia | Interest Rates & Volumes - Bank Negara Malaysia | Decrease in Statutory Reserve Requirement (SRR) Ratio - Bank Negara Malaysia | Decrease in Statutory Reserve Requirement (SRR) Ratio - Bank Negara Malaysia | Chapter 2 MONETARY AND FINANCIAL CONDITIONS.indd - Bank Negara Malaysia | National Summary Data Page for Malaysia - Bank Negara Malaysia | Exchange Rates - Bank Negara Malaysia | Exchange Rates - Bank Negara Malaysia | List of Approved and Registered Intermediaries - Bank Negara Malaysia | Bank Negara Malaysia Annual Report 2012 - Bank Negara Malaysia | About Money Services Business - Bank Negara Malaysia | Decrease in Statutory Reserve Requirement (SRR) Ratio - Bank Negara Malaysia | Instruments - Bank Negara Malaysia | Statement by Financial Markets Committee - Bank Negara Malaysia | Financial Deepening and Financial Integration East Asia - Bank Negara Malaysia | BSN Internet Banking - myBSN - bsn.com.my,0.0,0.0,0.0,0.0
2020-12-17,1674.3499755859375,1684.300048828125,1669.68994140625,1684.27001953125,149955400,,0.0,0.0,0.0,0.0
2020-12-18,1652.489990234375,1678.1099853515625,1644.800048828125,1676.8399658203125,217881000,Monetary Policy in 2009 - Bank Negara Malaysia | Monetary Policy Statement - Bank Negara Malaysia | 1997 Bank Negara Malaysia Annual Report - Bank Negara Malaysia | Monetary Policy Statement - Bank Negara Malaysia | MONETARY POLICY IN 2013 - Bank Negara Malaysia | Monetary Policy in 2009 - Bank Negara Malaysia | Monetary Policy Statement - Bank Negara Malaysia | MONETARY POLICY IN 2013 - Bank Negara Malaysia | MONETARY POLICY IN 2014 - Bank Negara Malaysia | Monetary Policy Statement - Bank Negara Malaysia | Monetary Policy Statement - Bank Negara Malaysia | Governor Dato' Dr. Zeti's Responses to Questions from The Edge - Bank Negara Malaysia | The Shariah Advisory Council of Bank Negara Malaysia (the SAC) 194th and 195th Meeting - Bank Negara Malaysia | Item 1. Submission by applicant seeking registration 2. Submission on behalf of the applicant (third party) Descript - Bank Negara Malaysia | Newly published: Guidelines on Data Management and MIS Framework for Development Financial Institutions - Bank Negara Malaysia | Development of the Financial Sector - Bank Negara Malaysia,0.03409090909090909,0.11363636363636363,0.03409090909090909,0.11363636363636363
2020-12-21,1647.8900146484375,1657.8199462890625,1641.9200439453125,1651.8599853515625,120517100,Banking measures - Bank Negara Malaysia | Consolidation of the Banking Sector - Bank Negara Malaysia,0.0,0.0,0.0,0.0
2020-12-22,1631.9200439453125,1647.3599853515625,1625.3900146484375,1646.800048828125,170479700,,0.0,0.0,0.0,0.0
2020-12-23,1647.5,1652.5899658203125,1627.530029296875,1631.550048828125,115592000,,0.0,0.0,0.0,0.0
2020-12-24,1641.1700439453125,1649.7099609375,1636.97998046875,1649.0799560546875,70670800,,0.0,0.0,0.0,0.0
2020-12-28,1643.9000244140625,1655.9599609375,1639.9200439453125,1642.22998046875,97323000,,0.0,0.0,0.0,0.0
2020-12-29,1634.989990234375,1645.760009765625,1630.8299560546875,1644.3699951171875,132040100,,0.0,0.0,0.0,0.0
2020-12-30,1644.4100341796875,1645.31005859375,1631.77001953125,1635.5999755859375,122722900,ANALYSIS OF TREND AND SOURCES OF GOVERNMENT BUDGET DEFICIT FINANCING IN BANGLADESH - Universiti Utara Malaysia,0.0,0.0,0.0,0.0
2020-12-31,1627.2099609375,1644.260009765625,1627.2099609375,1644.260009765625,122930600,,0.0,0.0,0.0,0.0
2021-01-04,1602.5699462890625,1629.1700439453125,1593.1199951171875,1629.010009765625,519385300,Untitled - rism.org.my,0.0,0.0,0.0,0.0
2021-01-05,1608.3499755859375,1608.3499755859375,1589.81005859375,1603.0699462890625,214185500,,0.0,0.0,0.0,0.0
2021-01-06,1591.969970703125,1610.780029296875,1586.25,1610.780029296875,177008600,,0.0,0.0,0.0,0.0
2021-01-07,1602.949951171875,1602.949951171875,1572.6199951171875,1589.530029296875,344222000,,0.0,0.0,0.0,0.0
2021-01-08,1633.18994140625,1633.18994140625,1595.1199951171875,1601.949951171875,419320700,,0.0,0.0,0.0,0.0
2021-01-11,1617.25,1627.219970703125,1607.530029296875,1627.219970703125,312214300,,0.0,0.0,0.0,0.0
2021-01-12,1612.0400390625,1621.0999755859375,1590.7099609375,1615.8399658203125,294833700,,0.0,0.0,0.0,0.0
2021-01-13,1636.68994140625,1637.31005859375,1617.6800537109375,1617.6800537109375,215713300,PAYMENT SYSTEMS IN MALAYSIA - Bank Negara Malaysia,0.0,0.0,0.0,0.0
2021-01-14,1635.7099609375,1646.239990234375,1632.199951171875,1638.0,211876200,,0.0,0.0,0.0,0.0
2021-01-15,1627.010009765625,1637.8800048828125,1626.25,1637.27001953125,135442000,,0.0,0.0,0.0,0.0
2021-01-18,1609.52001953125,1625.3499755859375,1608.6400146484375,1625.3499755859375,108538700,,0.0,0.0,0.0,0.0
2021-01-19,1601.8800048828125,1618.4100341796875,1601.8800048828125,1611.06005859375,137672400,"MASB 15 Property, Plant and Equipment - Malaysian Accounting Standards Board | FRS 140 Investment Property-MASB - Malaysian Accounting Standards Board",0.0,0.0,0.0,0.0
2021-01-20,1601.5400390625,1616.8399658203125,1601.5400390625,1606.550048828125,163315800,"Financial Reporting Standard 116 Property, Plant and Equipment-MASB - Malaysian Accounting Standards Board",0.0,0.0,0.0,0.0
2021-01-21,1594.800048828125,1615.219970703125,1594.31005859375,1608.4300537109375,147155800,MASB 10 Leases - Malaysian Accounting Standards Board | Example 1 - Depreciable assets-MASB - Malaysian Accounting Standards Board | Example 2 - Deferred tax assets and liabilities-MASB - Malaysian Accounting Standards Board,0.0,0.0,0.0,0.0
2021-01-22,1596.739990234375,1605.699951171875,1595.02001953125,1596.06005859375,218347800,"MASB 15 Property, Plant and Equipment - Malaysian Accounting Standards Board | MASB 32 Property Development Activities - Malaysian Accounting Standards Board | MASB 27 Borrowing Costs - Malaysian Accounting Standards Board",0.0,0.0,0.0,0.0
2021-01-25,1576.6199951171875,1601.5400390625,1575.8800048828125,1600.5400390625,273030500,,0.0,0.0,0.0,0.0
2021-01-26,1575.31005859375,1609.18994140625,1575.31005859375,1590.5899658203125,342432600,,0.0,0.0,0.0,0.0
2021-01-27,1580.6199951171875,1593.0799560546875,1580.3699951171875,1585.06005859375,247946400,,0.0,0.0,0.0,0.0
2021-01-29,1566.4000244140625,1597.52001953125,1560.5400390625,1597.1600341796875,478916100,Monetary and Fiscal Developments - Bank Negara Malaysia,0.0,0.0,0.0,0.0
2021-02-02,1580.489990234375,1585.1800537109375,1571.300048828125,1575.030029296875,315294100,,0.0,0.0,0.0,0.0
2021-02-03,1582.989990234375,1597.9300537109375,1582.5400390625,1584.02001953125,278473600,,0.0,0.0,0.0,0.0
2021-02-04,1584.9000244140625,1586.550048828125,1576.3299560546875,1582.0999755859375,187635200,,0.0,0.0,0.0,0.0
2021-02-05,1578.6300048828125,1590.469970703125,1574.68994140625,1587.699951171875,137659000,,0.0,0.0,0.0,0.0
2021-02-08,1573.3299560546875,1586.06005859375,1572.77001953125,1580.43994140625,184060700,,0.0,0.0,0.0,0.0
2021-02-09,1586.1300048828125,1588.9599609375,1574.22998046875,1574.6700439453125,196502000,,0.0,0.0,0.0,0.0
2021-02-10,1596.8499755859375,1596.8499755859375,1586.8699951171875,1586.93994140625,165986600,,0.0,0.0,0.0,0.0
2021-02-11,1599.4200439453125,1602.5,1594.52001953125,1602.18994140625,69045700,,0.0,0.0,0.0,0.0
2021-02-15,1608.0699462890625,1614.9200439453125,1607.0,1607.0,114171800,,0.0,0.0,0.0,0.0
2021-02-16,1606.1400146484375,1613.010009765625,1605.4000244140625,1612.0400390625,198115800,Set up Royal Commission of Inquiry to investigate outflow of illicit money - Consumers' Association of Penang (CAP),0.0,0.0,0.0,0.0
2021-02-17,1595.2900390625,1609.510009765625,1593.800048828125,1609.510009765625,194961500,,0.0,0.0,0.0,0.0
2021-02-18,1575.8399658203125,1599.31005859375,1575.8399658203125,1599.31005859375,192950300,,0.0,0.0,0.0,0.0
2021-02-19,1584.9300537109375,1584.9300537109375,1573.8399658203125,1580.1800537109375,186226900,,0.0,0.0,0.0,0.0
2021-02-22,1570.4599609375,1587.510009765625,1570.4599609375,1587.510009765625,179953300,,0.0,0.0,0.0,0.0
2021-02-23,1565.050048828125,1580.6800537109375,1565.050048828125,1573.6700439453125,235770800,,0.0,0.0,0.0,0.0
2021-02-24,1557.550048828125,1581.550048828125,1557.550048828125,1571.010009765625,414859700,,0.0,0.0,0.0,0.0
2021-02-25,1581.5400390625,1587.1099853515625,1565.77001953125,1566.9000244140625,349181300,,0.0,0.0,0.0,0.0
2021-02-26,1577.75,1586.22998046875,1563.56005859375,1580.969970703125,399365000,,0.0,0.0,0.0,0.0
2021-03-01,1567.1400146484375,1584.4599609375,1563.1800537109375,1578.699951171875,291083800,NEW POLITICAL NORM IN MALAYSIA POST 14TH GENERAL ELECTION: AN ANALYSIS OF HOW THE LOSING PARTIES FORM A GOVERNMENT AND THE WINNING PARTIES BECOME THE OPPOSITION - myjms.mohe.gov.my,0.1715909090909091,0.45113636363636367,0.1715909090909091,0.45113636363636367
2021-03-02,1569.8699951171875,1583.4300537109375,1568.6700439453125,1572.030029296875,311452100,,0.0,0.0,0.0,0.0
2021-03-03,1588.449951171875,1588.449951171875,1568.6500244140625,1576.9000244140625,321230300,,0.0,0.0,0.0,0.0
2021-03-04,1581.260009765625,1590.4599609375,1577.3900146484375,1588.8900146484375,246614300,,0.0,0.0,0.0,0.0
2021-03-05,1600.1199951171875,1600.1199951171875,1579.739990234375,1582.6800537109375,232875700,Working Paper in Islamic Economics and Finance No. 0901 Analysis of Liquidity Risk Management Practices of Islamic Banks in Indo - ukm.my,0.0,0.0,0.0,0.0
2021-03-08,1611.81005859375,1625.68994140625,1607.47998046875,1607.47998046875,257561700,,0.0,0.0,0.0,0.0
2021-03-09,1624.780029296875,1625.219970703125,1612.2900390625,1615.989990234375,218665000,,0.0,0.0,0.0,0.0
2021-03-10,1639.8299560546875,1642.199951171875,1628.8199462890625,1629.030029296875,229133700,,0.0,0.0,0.0,0.0
2021-03-11,1629.4100341796875,1636.72998046875,1626.22998046875,1636.72998046875,185399900,,0.0,0.0,0.0,0.0
2021-03-12,1615.68994140625,1632.010009765625,1615.68994140625,1630.5899658203125,166695300,,0.0,0.0,0.0,0.0
2021-03-15,1620.9200439453125,1624.739990234375,1619.2099609375,1619.6199951171875,151420400,,0.0,0.0,0.0,0.0
2021-03-16,1623.9599609375,1625.52001953125,1617.9200439453125,1623.800048828125,154718200,,0.0,0.0,0.0,0.0
2021-03-17,1624.969970703125,1625.6700439453125,1616.9100341796875,1625.6099853515625,201888500,,0.0,0.0,0.0,0.0
2021-03-18,1627.989990234375,1635.1500244140625,1626.1800537109375,1626.1800537109375,174422500,,0.0,0.0,0.0,0.0
2021-03-19,1626.18994140625,1631.0400390625,1615.1600341796875,1631.0400390625,323782900,Downgrade of MEX I Capital Sukuk - fsmone.com.my,0.0,0.0,0.0,0.0
2021-03-22,1616.72998046875,1628.469970703125,1616.72998046875,1628.469970703125,153698000,,0.0,0.0,0.0,0.0
2021-03-23,1595.2900390625,1616.780029296875,1595.2900390625,1616.780029296875,164102600,,0.0,0.0,0.0,0.0
2021-03-24,1602.4000244140625,1602.77001953125,1585.43994140625,1591.6600341796875,124110000,,0.0,0.0,0.0,0.0
2021-03-25,1597.72998046875,1608.050048828125,1594.3299560546875,1607.8599853515625,110480800,SJKCs the next melting pot? - Opinion - MySinchew | My Bayar PDRM - MyBayar PDRM,0.0,0.0,0.0,0.0
2021-03-26,1601.4200439453125,1603.010009765625,1593.239990234375,1598.739990234375,98128000,,0.0,0.0,0.0,0.0
2021-03-29,1611.280029296875,1611.280029296875,1597.8299560546875,1603.5899658203125,118893300,,0.0,0.0,0.0,0.0
2021-03-30,1609.18994140625,1610.6099853515625,1601.0799560546875,1606.1500244140625,195281600,,0.0,0.0,0.0,0.0
2021-03-31,1573.510009765625,1608.9599609375,1564.06005859375,1608.9599609375,282957300,,0.0,0.0,0.0,0.0
2021-04-01,1582.6400146484375,1586.260009765625,1576.3299560546875,1579.969970703125,129797600,What is Your Car Market Value & its Depreciation Rate in Malaysia? - Carsome,0.0,0.0,0.0,0.0
2021-04-02,1585.3499755859375,1588.719970703125,1582.6500244140625,1586.510009765625,71636100,,0.0,0.0,0.0,0.0
2021-04-05,1584.239990234375,1590.6700439453125,1582.199951171875,1584.8900146484375,62205300,,0.0,0.0,0.0,0.0
2021-04-06,1578.9100341796875,1589.06005859375,1575.1800537109375,1588.27001953125,110036800,,0.0,0.0,0.0,0.0
2021-04-07,1600.5899658203125,1600.5899658203125,1580.9000244140625,1584.3800048828125,135168300,,0.0,0.0,0.0,0.0
2021-04-08,1602.4000244140625,1609.3900146484375,1596.6400146484375,1599.81005859375,270051300,,0.0,0.0,0.0,0.0
2021-04-09,1612.25,1615.489990234375,1605.3699951171875,1614.949951171875,286765100,,0.0,0.0,0.0,0.0
2021-04-12,1608.4200439453125,1613.9599609375,1603.3199462890625,1613.9599609375,148809600,"Najib already paid the price in GE14, lawyer argues - NST Online",0.0,0.0,0.0,0.0
2021-04-13,1597.7099609375,1608.7900390625,1594.8900146484375,1608.7099609375,118420400,,0.0,0.0,0.0,0.0
2021-04-14,1598.280029296875,1601.3699951171875,1592.8699951171875,1600.18994140625,102835400,,0.0,0.0,0.0,0.0
2021-04-15,1608.25,1608.25,1597.780029296875,1599.81005859375,271930500,,0.0,0.0,0.0,0.0
2021-04-16,1608.3800048828125,1609.760009765625,1600.300048828125,1607.43994140625,247719600,,0.0,0.0,0.0,0.0
2021-04-19,1600.2900390625,1608.6199951171875,1596.050048828125,1608.1099853515625,184998100,,0.0,0.0,0.0,0.0
2021-04-20,1607.5699462890625,1607.5699462890625,1591.8299560546875,1600.4300537109375,146388800,,0.0,0.0,0.0,0.0
2021-04-21,1596.5799560546875,1605.72998046875,1596.5799560546875,1604.8699951171875,141522500,,0.0,0.0,0.0,0.0
2021-04-22,1607.72998046875,1609.0999755859375,1598.18994140625,1599.8900146484375,176049300,,0.0,0.0,0.0,0.0
2021-04-23,1608.4300537109375,1610.81005859375,1605.43994140625,1607.280029296875,153568100,,0.0,0.0,0.0,0.0
2021-04-26,1623.469970703125,1623.469970703125,1609.43994140625,1610.739990234375,214928700,,0.0,0.0,0.0,0.0
2021-04-27,1606.6800537109375,1623.25,1603.8199462890625,1623.2099609375,191167600,"Property, Plant and Equipment - Malaysian Accounting Standards Board",0.0,0.0,0.0,0.0
2021-04-28,1608.5,1608.5,1597.7900390625,1606.52001953125,140500200,,0.0,0.0,0.0,0.0
2021-04-30,1601.6500244140625,1615.5999755859375,1600.050048828125,1615.2099609375,218697900,,0.0,0.0,0.0,0.0
2021-05-03,1590.72998046875,1602.0899658203125,1588.8900146484375,1602.0899658203125,130410800,,0.0,0.0,0.0,0.0
2021-05-04,1588.25,1597.4200439453125,1587.8699951171875,1591.6700439453125,121073200,,0.0,0.0,0.0,0.0
2021-05-05,1575.6700439453125,1592.1800537109375,1575.3800048828125,1591.97998046875,129302100,,0.0,0.0,0.0,0.0
2021-05-06,1578.3299560546875,1578.3299560546875,1556.0,1572.0899658203125,249623100,FAQ: Change or Upgrade Mobile Plans - Maxis,0.0,0.0,0.0,0.0
2021-05-07,1587.449951171875,1590.0400390625,1573.4000244140625,1578.6700439453125,135461200,,0.0,0.0,0.0,0.0
2021-05-10,1583.9200439453125,1591.52001953125,1580.0,1587.47998046875,120560600,,0.0,0.0,0.0,0.0
2021-05-11,1577.6400146484375,1581.260009765625,1571.9599609375,1579.31005859375,113321700,182 USING M.I.N.T.S IN A SONG TO IMPROVE CAPITALISATION IN WRITING AMONG YEAR 5 PUPILS YII WAN JIUN DOROTHEA MARUKAU@NURATIQAH - IPG KAMPUS KENT,-0.2,0.15000000000000002,-0.2,0.15000000000000002
2021-05-12,1582.52001953125,1583.1300048828125,1572.989990234375,1576.2900390625,125837600,Sukuk Market Liquidity Determinants: A Case Study on Sovereign Sukuk in Indonesia - eJournal UM,0.0,0.0,0.0,0.0
2021-05-17,1583.4599609375,1583.4599609375,1583.4599609375,1583.4599609375,0,"FORM OF DECLARATION I, Ali bin Abu (NRIC No.: 800101-01-5211) of full age and a Malaysian citizen with an address at No.1, Bukit - MyIPO",0.35,0.55,0.35,0.55
2021-05-18,1591.3199462890625,1591.3199462890625,1580.25,1583.25,133726000,,0.0,0.0,0.0,0.0
2021-05-19,1580.52001953125,1591.3199462890625,1574.280029296875,1591.219970703125,183977300,,0.0,0.0,0.0,0.0
2021-05-20,1575.3199462890625,1585.3199462890625,1570.3199462890625,1577.8499755859375,185675800,,0.0,0.0,0.0,0.0
2021-05-21,1562.1700439453125,1574.699951171875,1552.0699462890625,1569.4300537109375,174750200,TM Lee - Star Media Group Events,0.0,0.0,0.0,0.0
2021-05-24,1571.8199462890625,1576.9599609375,1563.5699462890625,1563.780029296875,143036100,,0.0,0.0,0.0,0.0
2021-05-25,1577.8199462890625,1577.8199462890625,1567.3699951171875,1569.0,166737100,,0.0,0.0,0.0,0.0
2021-05-27,1593.9000244140625,1593.9000244140625,1593.9000244140625,1593.9000244140625,0,,0.0,0.0,0.0,0.0
2021-05-28,1594.43994140625,1594.6199951171875,1580.780029296875,1585.1700439453125,171210500,,0.0,0.0,0.0,0.0
2021-05-31,1583.550048828125,1585.969970703125,1568.469970703125,1571.0400390625,110858000,,0.0,0.0,0.0,0.0
2021-06-01,1585.9000244140625,1588.300048828125,1580.0999755859375,1585.739990234375,123977600,The Role of Trust in Budgeting Processes and Managerial Performance: An empirical study in the Local Governme - ukm.my | Social Media Analytics Using Sentiment and Content Analyses on the 2018 Malaysia's General Election. - eJournal UM,0.04583333333333334,0.16666666666666669,0.04583333333333334,0.16666666666666669
2021-06-02,1597.93994140625,1598.6099853515625,1585.469970703125,1585.469970703125,150289300,,0.0,0.0,0.0,0.0
2021-06-03,1590.5699462890625,1599.719970703125,1586.6099853515625,1599.0799560546875,125694200,,0.0,0.0,0.0,0.0
2021-06-04,1578.449951171875,1590.31005859375,1573.3399658203125,1590.300048828125,151652300,,0.0,0.0,0.0,0.0
2021-06-08,1587.9599609375,1591.550048828125,1577.1800537109375,1581.43994140625,189900000,,0.0,0.0,0.0,0.0
2021-06-09,1581.47998046875,1590.77001953125,1581.47998046875,1589.510009765625,156299700,Dimensions of Learning Styles among Students with Attention Deficit-Hyperactivity Disorder (ADHD) in Malaysia - Open University Malaysia,0.0,0.5,0.0,0.5
2021-06-10,1579.9000244140625,1586.280029296875,1579.9000244140625,1583.3499755859375,116791600,,0.0,0.0,0.0,0.0
2021-06-11,1575.1600341796875,1584.0899658203125,1571.5799560546875,1583.27001953125,118198800,,0.0,0.0,0.0,0.0
2021-06-14,1582.4599609375,1587.469970703125,1578.199951171875,1582.4599609375,146222800,,0.0,0.0,0.0,0.0
2021-06-15,1581.3699951171875,1586.0999755859375,1578.6300048828125,1586.0999755859375,144042400,,0.0,0.0,0.0,0.0
2021-06-16,1578.3199462890625,1584.949951171875,1576.4599609375,1582.9200439453125,156285700,High Swinging Door Cabinet - 5 Tiers (FO-5WR) - Syarikat Kichong Office Equipment Sdn Bhd,0.16,0.5399999999999999,0.16,0.5399999999999999
2021-06-17,1570.8599853515625,1578.75,1568.6700439453125,1578.75,139278200,,0.0,0.0,0.0,0.0
2021-06-18,1589.050048828125,1589.050048828125,1565.739990234375,1571.0899658203125,301725900,,0.0,0.0,0.0,0.0
2021-06-21,1572.239990234375,1580.6500244140625,1567.8399658203125,1580.510009765625,109189500,Apply for e-Billing of Assessment Rates Bills - Service Sarawak,0.0,0.0,0.0,0.0
2021-06-22,1574.02001953125,1577.5699462890625,1571.2099609375,1571.56005859375,130993000,Determinants of Budget Deficit in Nigeria - UiTM Journal,0.0,0.0,0.0,0.0
2021-06-23,1564.760009765625,1573.6600341796875,1564.5400390625,1571.760009765625,113746300,,0.0,0.0,0.0,0.0
2021-06-24,1555.7099609375,1567.5899658203125,1554.1500244140625,1565.9599609375,155098200,,0.0,0.0,0.0,0.0
2021-06-25,1559.6800537109375,1563.469970703125,1556.1600341796875,1556.1600341796875,119037900,AHCS Impact of Pandemic Covid-19 On Human Resources Management - Penerbit UTHM,0.0,0.1,0.0,0.1
2021-06-28,1544.7099609375,1557.5799560546875,1539.5999755859375,1557.4599609375,115406200,,0.0,0.0,0.0,0.0
2021-06-29,1548.31005859375,1549.260009765625,1541.719970703125,1542.3900146484375,106857400,,0.0,0.0,0.0,0.0
2021-06-30,1532.6300048828125,1551.949951171875,1531.6600341796875,1547.300048828125,146788700,,0.0,0.0,0.0,0.0
2021-07-01,1534.22998046875,1541.1099853515625,1531.8399658203125,1533.3399658203125,104833600,,0.0,0.0,0.0,0.0
2021-07-02,1533.3499755859375,1536.0,1529.6800537109375,1533.699951171875,87817700,,0.0,0.0,0.0,0.0
2021-07-05,1532.3599853515625,1535.8800048828125,1525.4000244140625,1534.0400390625,87054900,,0.0,0.0,0.0,0.0
2021-07-06,1531.6300048828125,1536.469970703125,1530.75,1531.9200439453125,99833000,,0.0,0.0,0.0,0.0
2021-07-07,1530.1500244140625,1531.030029296875,1523.4200439453125,1530.9599609375,101657600,LIQUIDITY ANALYSIS: A CASE STUDY IN CTRM AC MELAKA - UiTM Institutional Repository | Commitment and Challenges of UTAR during COVID-19 Pandemic - Universiti Tunku Abdul Rahman,0.0,0.0,0.0,0.0
2021-07-08,1508.7099609375,1525.9000244140625,1501.2099609375,1525.9000244140625,190293600,,0.0,0.0,0.0,0.0
2021-07-09,1520.5799560546875,1522.800048828125,1508.3599853515625,1508.3599853515625,137225100,,0.0,0.0,0.0,0.0
2021-07-12,1512.8900146484375,1525.4200439453125,1509.25,1522.22998046875,70680200,,0.0,0.0,0.0,0.0
2021-07-13,1519.56005859375,1520.030029296875,1513.5400390625,1513.8299560546875,97812800,MPSAS 5 - anm.gov.my,0.0,0.0,0.0,0.0
2021-07-14,1512.3199462890625,1522.8699951171875,1509.5699462890625,1520.77001953125,149335700,,0.0,0.0,0.0,0.0
2021-07-15,1520.8199462890625,1523.949951171875,1511.5999755859375,1512.5699462890625,130878500,,0.0,0.0,0.0,0.0
2021-07-16,1522.47998046875,1525.3699951171875,1511.780029296875,1523.9000244140625,109839000,,0.0,0.0,0.0,0.0
2021-07-19,1519.969970703125,1533.800048828125,1518.72998046875,1522.6700439453125,135999200,Malaysia's 2021 fiscal deficit to hover between 6.5-7 pct of GDP - Portal Rasmi Kementerian Kewangan | DECLARATION OF PEACEFUL EDUCATION IN INDONESIA HIGHER EDUCATION - Universiti Malaysia Pahang Al-Sultan Abdullah,0.25,0.5,0.25,0.5
2021-07-21,1516.52001953125,1521.5699462890625,1515.3399658203125,1521.3699951171875,157913600,,0.0,0.0,0.0,0.0
2021-07-22,1527.6199951171875,1527.6199951171875,1518.010009765625,1519.0,115176100,,0.0,0.0,0.0,0.0
2021-07-23,1523.43994140625,1529.6500244140625,1523.1600341796875,1528.2099609375,81841000,,0.0,0.0,0.0,0.0
2021-07-26,1512.530029296875,1525.72998046875,1512.530029296875,1524.469970703125,88319400,,0.0,0.0,0.0,0.0
2021-07-27,1514.5999755859375,1517.3900146484375,1511.8499755859375,1515.72998046875,111563800,,0.0,0.0,0.0,0.0
2021-07-28,1515.3900146484375,1516.3499755859375,1509.81005859375,1511.4599609375,80066500,,0.0,0.0,0.0,0.0
2021-07-29,1512.9300537109375,1520.0400390625,1511.510009765625,1514.969970703125,112971300,,0.0,0.0,0.0,0.0
2021-07-30,1494.5999755859375,1512.010009765625,1494.5999755859375,1511.97998046875,166143200,MONETARY AND FINANCIAL DEVELOPMENTS Interest rates lowered in line with OPR reductions - Bank Negara Malaysia | MONETARY AND FINANCIAL DEVELOPMENTS Interest rates lowered in line with OPR reductions - Bank Negara Malaysia | Loyalty Terms & Conditions - Time Internet,0.0,0.0,0.0,0.0
2021-08-02,1493.0,1499.739990234375,1486.22998046875,1497.3900146484375,102338600,Attention Deficit Hyperactivity Disorder (ADHD) assessment - serene.com.my,0.0,0.0,0.0,0.0
2021-08-03,1500.260009765625,1500.260009765625,1489.739990234375,1493.1500244140625,139077200,,0.0,0.0,0.0,0.0
2021-08-04,1491.3299560546875,1497.8800048828125,1483.72998046875,1497.280029296875,133527200,,0.0,0.0,0.0,0.0
2021-08-05,1495.780029296875,1498.9200439453125,1491.010009765625,1493.6500244140625,121413400,,0.0,0.0,0.0,0.0
2021-08-06,1489.800048828125,1498.5899658203125,1486.050048828125,1494.8599853515625,114709800,,0.0,0.0,0.0,0.0
2021-08-09,1496.72998046875,1497.199951171875,1491.760009765625,1491.760009765625,82638200,TELECOMMUNICATIONS - HSS Group,0.0,0.0,0.0,0.0
2021-08-11,1504.43994140625,1514.52001953125,1498.530029296875,1499.4300537109375,130603000,Reference Rate Framework - Bank Negara Malaysia,0.0,0.0,0.0,0.0
2021-08-12,1501.969970703125,1505.2900390625,1497.1800537109375,1505.2900390625,80529000,,0.0,0.0,0.0,0.0
2021-08-13,1505.1099853515625,1507.5400390625,1498.800048828125,1503.3599853515625,64811000,,0.0,0.0,0.0,0.0
2021-08-16,1502.9000244140625,1502.9000244140625,1493.5999755859375,1499.9200439453125,96664900,,0.0,0.0,0.0,0.0
2021-08-17,1523.5899658203125,1524.7099609375,1505.27001953125,1505.27001953125,143637800,PUBLIC Wealth and Personal Banking of HSBC Bank Malaysia Berhad - Terms of the Additional Deferment Programme 2 for Individual C - HSBC,0.0,0.25555555555555554,0.0,0.25555555555555554
2021-08-18,1525.239990234375,1526.3399658203125,1518.949951171875,1524.97998046875,98883800,Malaysian Rubber Exchange (MRE) - lgm.gov.my | Spacers : Alternative to Nebulisers During Pandemic Guideline - Portal Rasmi Kementerian Kesihatan Malaysia,0.0,0.0,0.0,0.0
2021-08-19,1514.949951171875,1524.6800537109375,1513.780029296875,1524.6800537109375,86339400,,0.0,0.0,0.0,0.0
2021-08-20,1518.030029296875,1522.6800537109375,1515.7900390625,1517.22998046875,71866900,,0.0,0.0,0.0,0.0
2021-08-23,1522.4300537109375,1524.8599853515625,1519.530029296875,1519.989990234375,96734800,Get your Touch 'n Go Card refund for - customerservice.touchngo.com.my,0.0,0.0,0.0,0.0
2021-08-24,1553.3699951171875,1553.3699951171875,1522.81005859375,1524.2099609375,201073600,,0.0,0.0,0.0,0.0
2021-08-25,1569.800048828125,1569.800048828125,1554.5799560546875,1554.5799560546875,171038200,Can I upgrade or downgrade my Astro pack? - Astro One,0.0,0.0,0.0,0.0
2021-08-26,1585.739990234375,1590.9100341796875,1570.719970703125,1570.719970703125,221320600,,0.0,0.0,0.0,0.0
2021-08-27,1590.1600341796875,1594.52001953125,1577.31005859375,1582.9000244140625,183093000,,0.0,0.0,0.0,0.0
2021-08-30,1601.3800048828125,1604.9000244140625,1592.0999755859375,1593.18994140625,310815000,,0.0,0.0,0.0,0.0
2021-09-01,1586.8900146484375,1604.97998046875,1586.8900146484375,1603.4300537109375,239935300,,0.0,0.0,0.0,0.0
2021-09-02,1582.18994140625,1593.5699462890625,1581.52001953125,1588.31005859375,147320300,Investment Property - ecovis.com.my,0.0,0.0,0.0,0.0
2021-09-03,1589.18994140625,1589.18994140625,1579.93994140625,1585.1700439453125,140548700,,0.0,0.0,0.0,0.0
2021-09-06,1581.5899658203125,1592.1600341796875,1577.7900390625,1590.6700439453125,115666800,IMU Psychology Students Adapt to Online Learning During Covid-19 Pandemic - IMU University,0.0,0.0,0.0,0.0
2021-09-07,1583.47998046875,1586.3699951171875,1580.1400146484375,1581.75,139656100,THE EFFECT OF NOMINAL EXCHANGE RATE DEPRECIATION ON TRADE IN ELEVEN DEVELOPING COUNTRIES - Universiti Utara Malaysia,0.0,0.0,0.0,0.0
2021-09-08,1597.6300048828125,1597.6300048828125,1579.1800537109375,1581.719970703125,180612500,,0.0,0.0,0.0,0.0
2021-09-09,1578.8900146484375,1592.739990234375,1577.449951171875,1592.1800537109375,192149900,BNM maintains OPR at 1.75% - EdgeProp.my | mystudent - mystudent | mystudent - mystudent,0.0,0.0,0.0,0.0
2021-09-10,1575.969970703125,1583.8399658203125,1572.6099853515625,1576.1400146484375,173719400,"BNM: OPR remains at 1.75 pct, headline inflation to average 2.5-4.0 pct in 2021 - iProperty",-0.15,0.39999999999999997,-0.15,0.39999999999999997
2021-09-13,1570.1300048828125,1573.780029296875,1562.1099853515625,1573.780029296875,130906600,,0.0,0.0,0.0,0.0
2021-09-14,1555.510009765625,1573.1800537109375,1548.8900146484375,1569.550048828125,185018900,,0.0,0.0,0.0,0.0
2021-09-15,1555.260009765625,1560.56005859375,1549.6500244140625,1554.8599853515625,205564200,,0.0,0.0,0.0,0.0
2021-09-17,1548.510009765625,1556.739990234375,1543.0799560546875,1556.3499755859375,326712900,,0.0,0.0,0.0,0.0
2021-09-20,1527.8900146484375,1547.6700439453125,1526.9000244140625,1547.6199951171875,177366500,,0.0,0.0,0.0,0.0
2021-09-21,1530.43994140625,1533.1099853515625,1521.43994140625,1524.7099609375,175388100,Utilizing and Evaluating of Virtual Tours in Art Exhibition Amidst Global Pandemic - UiTM Journal,0.0,0.0,0.0,0.0
2021-09-22,1529.02001953125,1529.7900390625,1520.7099609375,1524.6300048828125,169897700,,0.0,0.0,0.0,0.0
2021-09-23,1539.3399658203125,1539.72998046875,1531.1800537109375,1532.3299560546875,165616300,,0.0,0.0,0.0,0.0
2021-09-24,1532.06005859375,1543.3499755859375,1525.6400146484375,1542.4000244140625,137450600,,0.0,0.0,0.0,0.0
2021-09-27,1533.050048828125,1533.510009765625,1526.1400146484375,1532.8900146484375,150078500,,0.0,0.0,0.0,0.0
2021-09-28,1546.8199462890625,1546.8199462890625,1526.280029296875,1533.510009765625,164396500,,0.0,0.0,0.0,0.0
2021-09-29,1547.6500244140625,1547.6500244140625,1528.68994140625,1541.9599609375,124104800,,0.0,0.0,0.0,0.0
2021-09-30,1537.800048828125,1549.3599853515625,1532.56005859375,1546.4300537109375,231802200,,0.0,0.0,0.0,0.0
2021-10-01,1524.47998046875,1539.469970703125,1521.0799560546875,1536.489990234375,144760700,,0.0,0.0,0.0,0.0
2021-10-04,1522.469970703125,1532.72998046875,1519.6600341796875,1529.0400390625,119364900,,0.0,0.0,0.0,0.0
2021-10-05,1530.4200439453125,1530.4200439453125,1515.5400390625,1522.239990234375,115647300,,0.0,0.0,0.0,0.0
2021-10-06,1559.4200439453125,1559.4200439453125,1531.1300048828125,1531.3699951171875,211713700,,0.0,0.0,0.0,0.0
2021-10-07,1561.2900390625,1561.2900390625,1551.97998046875,1558.239990234375,157809100,Asset Accounting - erp-systems.com.my,0.0,0.0,0.0,0.0
2021-10-08,1563.9000244140625,1567.300048828125,1558.56005859375,1562.1500244140625,135219100,,0.0,0.0,0.0,0.0
2021-10-11,1570.8199462890625,1575.6300048828125,1567.8800048828125,1567.8800048828125,160435600,Career at Bank Islam - Career at Bank Islam,0.0,0.0,0.0,0.0
2021-10-12,1583.9100341796875,1583.9100341796875,1563.719970703125,1572.3399658203125,194652300,Management of Customer Information and Permitted Disclosures - Bank Negara Malaysia,0.0,0.0,0.0,0.0
2021-10-13,1600.3800048828125,1600.3800048828125,1581.81005859375,1582.8699951171875,160913300,,0.0,0.0,0.0,0.0
2021-10-14,1592.52001953125,1601.6600341796875,1588.6300048828125,1601.6600341796875,120281800,,0.0,0.0,0.0,0.0
2021-10-15,1598.280029296875,1599.760009765625,1592.6700439453125,1595.1700439453125,132390000,,0.0,0.0,0.0,0.0
2021-10-18,1605.969970703125,1609.6199951171875,1602.7099609375,1602.8900146484375,153516900,,0.0,0.0,0.0,0.0
2021-10-20,1606.3199462890625,1613.3499755859375,1601.31005859375,1611.8299560546875,155600800,,0.0,0.0,0.0,0.0
2021-10-21,1591.6199951171875,1608.9200439453125,1590.3399658203125,1608.4300537109375,180339300,Lembaga Hasil Dalam Negeri Malaysia - hasil.gov.my | Lembaga Hasil Dalam Negeri Malaysia - hasil.gov.my,0.0,0.0,0.0,0.0
2021-10-22,1588.0799560546875,1591.9100341796875,1582.219970703125,1591.719970703125,87464300,,0.0,0.0,0.0,0.0
2021-10-25,1587.93994140625,1593.3699951171875,1586.77001953125,1586.77001953125,75804200,,0.0,0.0,0.0,0.0
2021-10-26,1584.199951171875,1589.1099853515625,1583.0699462890625,1588.0400390625,103545400,,0.0,0.0,0.0,0.0
2021-10-27,1583.0799560546875,1591.6400146484375,1581.760009765625,1587.219970703125,109028100,,0.0,0.0,0.0,0.0
2021-10-28,1566.8599853515625,1581.489990234375,1566.8599853515625,1581.0799560546875,126028300,Policy Self-Service - Allianz Malaysia | Policy Self-Service - Allianz Malaysia | MDV unveils key initiatives to support development of tech sector post-pandemic - Malaysia Debt Ventures Berhad,0.0,1.0,0.0,1.0
2021-10-29,1562.31005859375,1570.6500244140625,1559.6600341796875,1568.8699951171875,144120400,Factor Affects Customer Behavior During Currency Depreciation - Journal of Technology Management and Technopreneurship (JTMT) | Remember what happened after GE14 - umno.org.my,0.0,0.0,0.0,0.0
2021-11-01,1530.9200439453125,1545.989990234375,1526.0400390625,1545.989990234375,229544000,,0.0,0.0,0.0,0.0
2021-11-02,1537.6300048828125,1544.0,1532.2099609375,1532.2099609375,143617700,,0.0,0.0,0.0,0.0
2021-11-03,1531.3299560546875,1543.8699951171875,1530.3499755859375,1543.1500244140625,140157900,Untitled - Portal Rasmi Kementerian Kewangan | Untitled - Portal Rasmi Kementerian Kewangan,0.0,0.0,0.0,0.0
2021-11-05,1531.72998046875,1540.6099853515625,1525.449951171875,1535.77001953125,122048000,,0.0,0.0,0.0,0.0
2021-11-08,1535.4100341796875,1538.1199951171875,1531.4200439453125,1534.2099609375,96941100,,0.0,0.0,0.0,0.0
2021-11-09,1524.030029296875,1536.1600341796875,1520.0799560546875,1535.550048828125,119440000,,0.0,0.0,0.0,0.0
2021-11-10,1520.739990234375,1526.1500244140625,1516.75,1526.030029296875,100293300,Faculty of Economics and Business - unimas ir | Change Rate Plan - U Mobile,0.0,0.0,0.0,0.0
2021-11-11,1518.8499755859375,1522.719970703125,1517.739990234375,1520.47998046875,97057300,,0.0,0.0,0.0,0.0
2021-11-12,1531.219970703125,1532.6400146484375,1520.6700439453125,1522.68994140625,136842900,"APPLICATION FOR EMERGENCY CERTIFICATE - Other Information - Consulate General of Malaysia, Guangzhou - kln.gov.my",-0.03749999999999999,0.4375,-0.03749999999999999,0.4375
2021-11-15,1522.3399658203125,1534.6600341796875,1520.27001953125,1531.3800048828125,91980600,,0.0,0.0,0.0,0.0
2021-11-16,1522.8900146484375,1528.0999755859375,1518.9300537109375,1521.469970703125,105897000,,0.0,0.0,0.0,0.0
2021-11-17,1525.1300048828125,1525.1300048828125,1519.0699462890625,1522.4200439453125,119348000,Help & Support Center - Astro One,-0.1,0.1,-0.1,0.1
2021-11-18,1523.7900390625,1525.1199951171875,1519.9100341796875,1524.5799560546875,110251600,JoomDecor Will Increase the Storage Space With TV Cabinets - Atome,0.0,0.0,0.0,0.0
2021-11-19,1525.5400390625,1527.5,1523.1400146484375,1525.3800048828125,109830900,,0.0,0.0,0.0,0.0
2021-11-22,1526.8699951171875,1529.260009765625,1522.7099609375,1526.760009765625,113642900,,0.0,0.0,0.0,0.0
2021-11-23,1522.8800048828125,1531.72998046875,1521.510009765625,1527.25,124348300,,0.0,0.0,0.0,0.0
2021-11-24,1522.27001953125,1525.97998046875,1521.1199951171875,1524.2099609375,93203000,,0.0,0.0,0.0,0.0
2021-11-25,1517.5999755859375,1523.1600341796875,1515.4300537109375,1520.3199462890625,82655700,,0.0,0.0,0.0,0.0
2021-11-26,1512.219970703125,1518.43994140625,1508.969970703125,1518.1700439453125,238900400,,0.0,0.0,0.0,0.0
2021-11-29,1510.5699462890625,1516.5999755859375,1501.510009765625,1507.7900390625,453704100,,0.0,0.0,0.0,0.0
2021-11-30,1513.97998046875,1519.6199951171875,1511.27001953125,1512.5799560546875,684033900,,0.0,0.0,0.0,0.0
2021-12-01,1496.9300537109375,1509.9000244140625,1495.75,1507.47998046875,226840300,,0.0,0.0,0.0,0.0
2021-12-02,1501.739990234375,1501.739990234375,1491.8299560546875,1498.3399658203125,211493000,,0.0,0.0,0.0,0.0
2021-12-06,1483.449951171875,1503.760009765625,1483.449951171875,1503.6600341796875,210885300,HSBC Fusion (Retail Business Banking) Financial Assistance Programme - HSBC,0.0,0.0,0.0,0.0
2021-12-07,1497.969970703125,1497.969970703125,1484.3499755859375,1484.93994140625,177743200,,0.0,0.0,0.0,0.0
2021-12-08,1494.030029296875,1501.239990234375,1491.8800048828125,1500.5699462890625,138474400,,0.0,0.0,0.0,0.0
2021-12-09,1501.7900390625,1501.7900390625,1491.8199462890625,1493.06005859375,99381700,,0.0,0.0,0.0,0.0
2021-12-10,1488.8800048828125,1505.4100341796875,1488.8800048828125,1501.6500244140625,130085000,Liquidity Risk and Regulation in the Organization of the Islamic Cooperation (OIC) Banking Industry - Universiti Sains Malaysia,0.0,0.0,0.0,0.0
2021-12-13,1494.8599853515625,1501.8800048828125,1491.8499755859375,1491.8800048828125,152423300,,0.0,0.0,0.0,0.0
2021-12-14,1480.9200439453125,1492.8900146484375,1479.9200439453125,1492.8900146484375,147863700,,0.0,0.0,0.0,0.0
2021-12-15,1482.81005859375,1484.6300048828125,1475.3699951171875,1482.1199951171875,130742800,,0.0,0.0,0.0,0.0
2021-12-16,1484.6400146484375,1491.68994140625,1483.7900390625,1485.4599609375,145137700,,0.0,0.0,0.0,0.0
2021-12-17,1502.010009765625,1502.010009765625,1482.3900146484375,1485.4300537109375,275103300,,0.0,0.0,0.0,0.0
2021-12-20,1493.9000244140625,1502.6099853515625,1490.77001953125,1497.5699462890625,144587300,,0.0,0.0,0.0,0.0
2021-12-21,1492.5899658203125,1496.239990234375,1490.010009765625,1492.800048828125,116475100,,0.0,0.0,0.0,0.0
2021-12-22,1500.3199462890625,1502.18994140625,1492.739990234375,1492.739990234375,116438200,,0.0,0.0,0.0,0.0
2021-12-23,1516.4200439453125,1516.4200439453125,1499.81005859375,1499.81005859375,123965700,,0.0,0.0,0.0,0.0
2021-12-24,1516.449951171875,1517.9599609375,1513.93994140625,1516.6400146484375,51488600,,0.0,0.0,0.0,0.0
2021-12-27,1533.9100341796875,1535.9300537109375,1515.0999755859375,1517.3699951171875,110161500,,0.0,0.0,0.0,0.0
2021-12-28,1539.8900146484375,1542.199951171875,1535.8599853515625,1535.97998046875,115107800,,0.0,0.0,0.0,0.0
2021-12-29,1545.0400390625,1545.0400390625,1536.449951171875,1540.3900146484375,115519200,,0.0,0.0,0.0,0.0
2021-12-30,1543.6099853515625,1547.75,1539.5699462890625,1544.72998046875,105401000,,0.0,0.0,0.0,0.0
2021-12-31,1567.530029296875,1567.530029296875,1531.81005859375,1542.989990234375,165322800,Fixed Asset Management - Century Software,0.1,0.2,0.1,0.2
2022-01-03,1549.050048828125,1556.280029296875,1545.530029296875,1553.6400146484375,65775200,CORPORATE - Business PowerPoint Template - intanbk.intan.my,0.0,0.0,0.0,0.0
2022-01-04,1541.9000244140625,1551.3299560546875,1536.52001953125,1550.9200439453125,104133100,Malaysian Citation Centre - myjurnal.mohe.gov.my,0.0,0.0,0.0,0.0
2022-01-05,1547.949951171875,1549.530029296875,1540.239990234375,1542.4100341796875,122004900,,0.0,0.0,0.0,0.0
2022-01-06,1533.3599853515625,1546.5,1532.5999755859375,1546.4599609375,126065800,Insights into MFRS 136 - Grant Thornton Malaysia,0.0,0.0,0.0,0.0
2022-01-07,1543.1099853515625,1543.1700439453125,1531.5400390625,1534.81005859375,108158900,,0.0,0.0,0.0,0.0
2022-01-10,1550.1700439453125,1550.1700439453125,1540.31005859375,1543.3800048828125,143108700,,0.0,0.0,0.0,0.0
2022-01-11,1564.2900390625,1564.2900390625,1546.18994140625,1549.010009765625,209789300,,0.0,0.0,0.0,0.0
2022-01-12,1563.199951171875,1567.3499755859375,1555.699951171875,1564.3900146484375,129352500,,0.0,0.0,0.0,0.0
2022-01-13,1569.510009765625,1570.1400146484375,1560.2900390625,1561.9599609375,147237200,,0.0,0.0,0.0,0.0
2022-01-14,1555.3299560546875,1565.22998046875,1549.9300537109375,1565.22998046875,166786800,,0.0,0.0,0.0,0.0
2022-01-17,1542.9200439453125,1555.31005859375,1541.0699462890625,1553.800048828125,136687800,,0.0,0.0,0.0,0.0
2022-01-19,1530.3299560546875,1541.699951171875,1525.550048828125,1541.699951171875,187807400,,0.0,0.0,0.0,0.0
2022-01-20,1527.75,1532.8199462890625,1525.449951171875,1529.43994140625,151951800,,0.0,0.0,0.0,0.0
2022-01-21,1527.06005859375,1531.25,1520.800048828125,1528.81005859375,132758900,,0.0,0.0,0.0,0.0
2022-01-24,1521.8599853515625,1525.8199462890625,1518.8199462890625,1521.719970703125,120098100,,0.0,0.0,0.0,0.0
2022-01-25,1508.9100341796875,1517.0899658203125,1503.3399658203125,1517.0899658203125,158204700,,0.0,0.0,0.0,0.0
2022-01-26,1515.760009765625,1520.1500244140625,1508.780029296875,1508.780029296875,140010100,,0.0,0.0,0.0,0.0
2022-01-27,1515.989990234375,1518.6099853515625,1510.6400146484375,1516.47998046875,120210600,,0.0,0.0,0.0,0.0
2022-01-28,1520.02001953125,1522.949951171875,1517.9599609375,1518.25,103982800,Emerging Telecommunication Technology (ETT) - Universiti Tun Hussein Onn Malaysia,0.0,0.0,0.0,0.0
2022-01-31,1512.27001953125,1523.6300048828125,1512.27001953125,1519.719970703125,101180600,,0.0,0.0,0.0,0.0
2022-02-03,1525.72998046875,1526.6199951171875,1515.25,1515.9200439453125,129274700,,0.0,0.0,0.0,0.0
2022-02-04,1522.760009765625,1526.800048828125,1518.8199462890625,1526.300048828125,94910600,Rising Wedge Chart Patterns Education - Multiplex Property Group,0.0,0.0,0.0,0.0
2022-02-07,1530.6500244140625,1535.1199951171875,1525.22998046875,1525.22998046875,197023100,,0.0,0.0,0.0,0.0
2022-02-08,1530.0899658203125,1534.72998046875,1529.0999755859375,1533.3299560546875,151107200,,0.0,0.0,0.0,0.0
2022-02-09,1551.510009765625,1551.510009765625,1531.18994140625,1531.18994140625,221080100,Travelling back in time: Capitalizing on the potential of Nostalgia - MARKETING Magazine Asia,0.0,0.5,0.0,0.5
2022-02-10,1570.0999755859375,1570.0999755859375,1550.4200439453125,1550.4200439453125,201197900,,0.0,0.0,0.0,0.0
2022-02-11,1578.8900146484375,1578.8900146484375,1562.9100341796875,1564.300048828125,159819400,,0.0,0.0,0.0,0.0
2022-02-14,1583.8399658203125,1585.0799560546875,1575.0999755859375,1576.989990234375,168289300,,0.0,0.0,0.0,0.0
2022-02-15,1599.6099853515625,1599.6099853515625,1585.5400390625,1585.9599609375,221071000,,0.0,0.0,0.0,0.0
2022-02-16,1603.199951171875,1613.7099609375,1597.3499755859375,1606.6500244140625,179739900,APPLICATION OF GEOMECHANICS IN IMPROVING BOREHOLE STABILITY DURING DRILLING - UTPedia,0.0,0.0,0.0,0.0
2022-02-17,1605.02001953125,1614.8199462890625,1601.93994140625,1609.9200439453125,201735200,,0.0,0.0,0.0,0.0
2022-02-18,1603.050048828125,1607.4200439453125,1599.800048828125,1601.739990234375,178641400,What costs are included in fixed assets? - KTP & Company PLT,0.1,0.2,0.1,0.2
2022-02-21,1582.68994140625,1603.3800048828125,1578.6099853515625,1601.6600341796875,189244500,,0.0,0.0,0.0,0.0
2022-02-22,1576.9599609375,1581.050048828125,1567.18994140625,1579.93994140625,189714900,,0.0,0.0,0.0,0.0
2022-02-23,1586.1400146484375,1592.3399658203125,1579.93994140625,1582.260009765625,166551000,,0.0,0.0,0.0,0.0
2022-02-24,1573.8900146484375,1586.0699462890625,1565.239990234375,1585.56005859375,241575600,,0.0,0.0,0.0,0.0
2022-02-25,1591.719970703125,1600.489990234375,1579.0699462890625,1579.0699462890625,213621200,,0.0,0.0,0.0,0.0
2022-02-28,1608.280029296875,1613.489990234375,1595.739990234375,1595.739990234375,382513300,Public Rulings - hasil.gov.my | Public Rulings - hasil.gov.my,0.0,0.06666666666666667,0.0,0.06666666666666667
2022-03-01,1596.43994140625,1620.43994140625,1593.5699462890625,1608.56005859375,268878900,Page 50 - eBook Audit Of Financial Statement Components - Politeknik Kota Bharu,0.0,0.0,0.0,0.0
2022-03-02,1598.0999755859375,1606.3800048828125,1592.6199951171875,1601.1300048828125,284332800,,0.0,0.0,0.0,0.0
2022-03-03,1618.5400390625,1618.5400390625,1600.1800537109375,1608.68994140625,255937300,,0.0,0.0,0.0,0.0
2022-03-04,1603.93994140625,1616.280029296875,1598.1700439453125,1616.0,237853300,,0.0,0.0,0.0,0.0
2022-03-07,1572.56005859375,1606.56005859375,1565.5699462890625,1606.27001953125,280535900,,0.0,0.0,0.0,0.0
2022-03-08,1546.8699951171875,1566.8399658203125,1540.9000244140625,1566.449951171875,311082900,,0.0,0.0,0.0,0.0
2022-03-09,1562.3299560546875,1568.0,1543.9100341796875,1550.3199462890625,321135900,Capital Allowance Calculation Malaysia With Examples - sql.com.my,0.0,0.0,0.0,0.0
2022-03-10,1580.530029296875,1581.27001953125,1567.77001953125,1570.7099609375,324240800,,0.0,0.0,0.0,0.0
2022-03-11,1568.219970703125,1575.1400146484375,1560.6300048828125,1575.1400146484375,178057100,,0.0,0.0,0.0,0.0
2022-03-14,1567.43994140625,1572.5999755859375,1556.0999755859375,1570.699951171875,204245200,,0.0,0.0,0.0,0.0
2022-03-15,1557.4100341796875,1566.739990234375,1554.1700439453125,1564.9000244140625,243167000,,0.0,0.0,0.0,0.0
2022-03-16,1571.3199462890625,1571.3199462890625,1554.260009765625,1554.260009765625,228365200,Bachelor of Emergency Medical Science with Honors - ukm.my,0.0,0.0,0.0,0.0
2022-03-17,1590.8800048828125,1592.9000244140625,1577.56005859375,1577.56005859375,348316600,,0.0,0.0,0.0,0.0
2022-03-18,1591.260009765625,1594.760009765625,1583.25,1593.6800537109375,643455100,,0.0,0.0,0.0,0.0
2022-03-21,1587.1600341796875,1589.489990234375,1579.31005859375,1588.0699462890625,160876100,,0.0,0.0,0.0,0.0
2022-03-22,1585.81005859375,1591.6700439453125,1583.969970703125,1585.530029296875,168581900,Rising Fiscal Risks in the Wake of Pandemic Recovery - Portal Rasmi Kementerian Kewangan,0.0,0.0,0.0,0.0
2022-03-23,1597.8800048828125,1601.8299560546875,1588.780029296875,1588.780029296875,163151000,,0.0,0.0,0.0,0.0
2022-03-24,1598.969970703125,1601.1600341796875,1593.530029296875,1595.8499755859375,139118600,Monthly Highlights and Statistics - Bank Negara Malaysia | Monthly Highlights and Statistics - Bank Negara Malaysia,0.0,0.0,0.0,0.0
2022-03-25,1603.300048828125,1603.68994140625,1596.6300048828125,1596.6300048828125,151106400,,0.0,0.0,0.0,0.0
2022-03-28,1597.949951171875,1606.1400146484375,1595.3699951171875,1606.1400146484375,136648600,,0.0,0.0,0.0,0.0
2022-03-29,1583.4200439453125,1598.2099609375,1579.27001953125,1597.9300537109375,165623300,BNM Introduces New Interest Rate Framework - Bank Negara Malaysia | Reduction of the 3-month Intervention Rate and the Introduction of a New Liquidity Framework - Bank Negara Malaysia | Initiatives to Strengthen Consumer Protection - Bank Negara Malaysia | Reduction of the 3-month Intervention Rate and the Introduction of a New Liquidity Framework - Bank Negara Malaysia | New Liquidity Framework for the Discount Houses - Bank Negara Malaysia,0.13636363636363635,0.45454545454545453,0.13636363636363635,0.45454545454545453
2022-03-30,1583.219970703125,1591.4000244140625,1580.8800048828125,1585.550048828125,151449700,,0.0,0.0,0.0,0.0
2022-03-31,1587.3599853515625,1589.06005859375,1575.5400390625,1585.1700439453125,220511000,,0.0,0.0,0.0,0.0
2022-04-01,1602.4100341796875,1602.4100341796875,1582.0899658203125,1588.2900390625,165218100,,0.0,0.0,0.0,0.0
2022-04-04,1598.9200439453125,1602.3199462890625,1594.77001953125,1602.030029296875,111270500,,0.0,0.0,0.0,0.0
2022-04-05,1596.7900390625,1601.6800537109375,1594.4100341796875,1601.6600341796875,133372500,,0.0,0.0,0.0,0.0
2022-04-06,1604.719970703125,1605.5,1595.18994140625,1596.1199951171875,144055900,,0.0,0.0,0.0,0.0
2022-04-07,1600.7900390625,1606.1300048828125,1597.949951171875,1605.510009765625,183691800,,0.0,0.0,0.0,0.0
2022-04-08,1607.2900390625,1608.1099853515625,1599.199951171875,1603.72998046875,121401200,,0.0,0.0,0.0,0.0
2022-04-11,1604.6099853515625,1613.4599609375,1603.219970703125,1607.949951171875,130839000,GE14: Mission impossible for PAS - ILHAM Centre,-0.6666666666666666,1.0,-0.6666666666666666,1.0
2022-04-12,1597.1300048828125,1603.97998046875,1597.1300048828125,1603.8699951171875,171551400,,0.0,0.0,0.0,0.0
2022-04-13,1597.1800537109375,1605.1099853515625,1596.1300048828125,1599.6199951171875,170038600,,0.0,0.0,0.0,0.0
2022-04-14,1595.699951171875,1602.3800048828125,1595.699951171875,1601.0999755859375,155439300,,0.0,0.0,0.0,0.0
2022-04-15,1589.010009765625,1596.6199951171875,1589.010009765625,1596.5799560546875,88773900,,0.0,0.0,0.0,0.0
2022-04-18,1581.1400146484375,1591.6400146484375,1581.1400146484375,1591.6400146484375,100095100,,0.0,0.0,0.0,0.0
2022-04-20,1593.75,1597.0699462890625,1584.8699951171875,1585.8199462890625,217355100,BANKING - MIDF Malaysia | PLANTATION - MIDF Malaysia | Pandemic Papers: Lessons from Covid-19 - Institute of Strategic & International Studies (ISIS) Malaysia,0.0,0.0,0.0,0.0
2022-04-21,1598.3199462890625,1599.9100341796875,1594.1300048828125,1598.3900146484375,157702500,BANKING - MIDF Malaysia | Car Depreciation: How Is Your Car Value Calculated? - BJAK,0.0,0.0,0.0,0.0
2022-04-22,1601.969970703125,1603.3199462890625,1594.719970703125,1598.0699462890625,146615600,,0.0,0.0,0.0,0.0
2022-04-25,1589.97998046875,1599.3800048828125,1589.97998046875,1599.3800048828125,178307100,The Definitive Guide for Industrial REITs in Malaysia - Industrial Malaysia,0.0,0.0,0.0,0.0
2022-04-26,1596.6800537109375,1602.68994140625,1592.469970703125,1599.719970703125,161400900,,0.0,0.0,0.0,0.0
2022-04-27,1585.97998046875,1593.3399658203125,1585.1700439453125,1591.6500244140625,139713500,,0.0,0.0,0.0,0.0
2022-04-28,1597.31005859375,1600.5999755859375,1590.1700439453125,1593.6199951171875,185350000,"Oil Price Transmission, Deficit Financing and Capital Formation - - UKM Journal Article Repository",0.0,0.0,0.0,0.0
2022-04-29,1600.4300537109375,1605.02001953125,1595.780029296875,1602.02001953125,154247500,WZ Satu taps on moneylending business ahead of anticipated OPR hike - INSAGE (MSC) SDN BHD,0.0,0.0,0.0,0.0
2022-05-05,1582.97998046875,1615.1700439453125,1576.8399658203125,1614.3399658203125,226169700,The 5 key sectors in Bursa Main Market you should know - fsmone.com.my,0.08333333333333333,0.6666666666666666,0.08333333333333333,0.6666666666666666
2022-05-06,1564.3399658203125,1578.5400390625,1563.9300537109375,1574.1500244140625,240641800,,0.0,0.0,0.0,0.0
2022-05-09,1549.1800537109375,1563.800048828125,1546.6400146484375,1563.800048828125,165661500,,0.0,0.0,0.0,0.0
2022-05-10,1554.5799560546875,1559.0400390625,1548.72998046875,1551.550048828125,204417900,,0.0,0.0,0.0,0.0
2022-05-11,1555.9300537109375,1559.4599609375,1552.93994140625,1555.47998046875,163931700,ALLOWABLE AND NON-ALLOWABLE EXPENSES - Lembaga Hasil Dalam Negeri Malaysia,0.0,0.0,0.0,0.0
2022-05-12,1538.800048828125,1559.7099609375,1538.800048828125,1556.93994140625,207028200,Insights into MFRS 136 - Grant Thornton Malaysia,0.0,0.0,0.0,0.0
2022-05-13,1544.4100341796875,1551.3299560546875,1541.1500244140625,1545.97998046875,261766800,"Alliance Bank to Raise Base Rate, Base Lending Rate, and Base Financing Rate. - Alliance Bank",-0.8000000000000002,1.0,-0.8000000000000002,1.0
2022-05-17,1548.5999755859375,1558.1099853515625,1548.02001953125,1555.6800537109375,247756000,,0.0,0.0,0.0,0.0
2022-05-18,1554.9100341796875,1558.8900146484375,1547.469970703125,1554.1500244140625,208475500,Monetary Policy Committee Meeting Schedule - Bank Negara Malaysia | Overnight Policy Rate Decisions - Bank Negara Malaysia | Overnight Policy Rate Decisions - Bank Negara Malaysia | Overnight Policy Rate Decisions - Bank Negara Malaysia | Overnight Policy Rate Decisions - Bank Negara Malaysia | Overnight Policy Rate Decisions - Bank Negara Malaysia | Overnight Policy Rate Decisions - Bank Negara Malaysia | ANANTHA RAMAN Govindasamy LAI Yew Meng Universiti Malaysia Sabah GE14: THE URBAN VOTING PATTERN IN P172 KOTA KINABALU AND P186 S - - UKM Journal Article Repository,0.0,0.0,0.0,0.0
2022-05-19,1549.4100341796875,1554.530029296875,1545.02001953125,1550.239990234375,222552600,,0.0,0.0,0.0,0.0
2022-05-20,1549.1199951171875,1558.510009765625,1549.1199951171875,1552.3800048828125,180829200,,0.0,0.0,0.0,0.0
2022-05-23,1542.530029296875,1556.4300537109375,1540.0899658203125,1553.1500244140625,161612400,,0.0,0.0,0.0,0.0
2022-05-24,1531.300048828125,1547.8399658203125,1531.300048828125,1547.8399658203125,185458500,Kuala Lumpur Public Holidays 2025 - PublicHolidays.com.my - Malaysia Public Holidays | msic code - msic.stats.gov.my | Kuala Lumpur Public Holidays 2025 - PublicHolidays.com.my - Malaysia Public Holidays,0.0,0.06666666666666667,0.0,0.06666666666666667
2022-05-25,1535.56005859375,1538.8199462890625,1531.219970703125,1531.77001953125,145386500,,0.0,0.0,0.0,0.0
2022-05-26,1541.1500244140625,1541.75,1535.8900146484375,1539.719970703125,175471800,,0.0,0.0,0.0,0.0
2022-05-27,1546.760009765625,1546.760009765625,1531.56005859375,1540.699951171875,171414000,Biosafety Cabinet Class II Type A2 EN Certified - method.com.my,0.0,0.0,0.0,0.0
2022-05-30,1543.02001953125,1547.02001953125,1540.56005859375,1546.3499755859375,143220900,,0.0,0.0,0.0,0.0
2022-05-31,1570.0999755859375,1570.0999755859375,1537.949951171875,1544.3499755859375,745939000,,0.0,0.0,0.0,0.0
2022-06-01,1553.4100341796875,1563.8900146484375,1552.219970703125,1563.4000244140625,276242600,,0.0,0.0,0.0,0.0
2022-06-02,1549.9000244140625,1555.5400390625,1546.2900390625,1554.719970703125,221159300,,0.0,0.0,0.0,0.0
2022-06-03,1537.8299560546875,1551.6700439453125,1537.510009765625,1551.239990234375,155523600,,0.0,0.0,0.0,0.0
2022-06-07,1525.9300537109375,1541.4300537109375,1525.9300537109375,1538.739990234375,170810900,,0.0,0.0,0.0,0.0
2022-06-08,1523.8599853515625,1532.719970703125,1523.8599853515625,1525.9000244140625,184381000,,0.0,0.0,0.0,0.0
2022-06-09,1509.7099609375,1526.8299560546875,1508.0,1523.31005859375,218442900,,0.0,0.0,0.0,0.0
2022-06-10,1493.949951171875,1505.6800537109375,1493.3199462890625,1505.6800537109375,201280200,,0.0,0.0,0.0,0.0
2022-06-13,1464.8299560546875,1483.760009765625,1458.8499755859375,1483.760009765625,260416300,,0.0,0.0,0.0,0.0
2022-06-14,1481.280029296875,1481.719970703125,1451.1800537109375,1457.8599853515625,239619000,,0.0,0.0,0.0,0.0
2022-06-15,1459.050048828125,1480.9599609375,1453.18994140625,1480.8800048828125,228046100,BEHAVIOURAL CHANGE ON SHOPPING MODE IN COVID-19 PANDEMIC - myjms.mohe.gov.my,0.0,0.0,0.0,0.0
2022-06-16,1472.77001953125,1476.02001953125,1461.93994140625,1469.0999755859375,238653100,,0.0,0.0,0.0,0.0
2022-06-17,1456.739990234375,1461.030029296875,1445.6400146484375,1460.9300537109375,422332000,,0.0,0.0,0.0,0.0
2022-06-20,1441.239990234375,1454.4000244140625,1437.22998046875,1454.4000244140625,135252900,,0.0,0.0,0.0,0.0
2022-06-21,1457.8800048828125,1457.8800048828125,1443.260009765625,1443.300048828125,220812900,"Audit, Tax, Accountancy in Johor Bahru. - KTP & Company PLT",0.0,0.0,0.0,0.0
2022-06-22,1431.0999755859375,1461.530029296875,1431.0999755859375,1461.1300048828125,213442200,,0.0,0.0,0.0,0.0
2022-06-23,1431.050048828125,1441.469970703125,1427.780029296875,1434.5,138751900,,0.0,0.0,0.0,0.0
2022-06-24,1436.699951171875,1440.72998046875,1431.300048828125,1431.300048828125,144218900,,0.0,0.0,0.0,0.0
2022-06-27,1438.1199951171875,1441.030029296875,1431.6500244140625,1438.8199462890625,112772600,,0.0,0.0,0.0,0.0
2022-06-28,1454.739990234375,1455.4599609375,1431.3499755859375,1438.97998046875,141126700,Requirement to Perform RTK Antigen Self-Test for UTAR Convocation Health Declaration Form - Universiti Tunku Abdul Rahman,0.0,0.0,0.0,0.0
2022-06-29,1451.47998046875,1459.8599853515625,1445.22998046875,1450.449951171875,252629700,,0.0,0.0,0.0,0.0
2022-06-30,1444.219970703125,1460.300048828125,1444.219970703125,1455.5,298977000,,0.0,0.0,0.0,0.0
2022-07-01,1449.739990234375,1452.3199462890625,1441.6199951171875,1441.6199951171875,124199100,,0.0,0.0,0.0,0.0
2022-07-04,1437.52001953125,1449.5,1437.52001953125,1449.5,121107100,What happened at Aries Telecoms? - Universiti Tenaga Nasional Library,0.0,0.0,0.0,0.0
2022-07-05,1440.81005859375,1444.6700439453125,1435.5799560546875,1441.8699951171875,143105000,,0.0,0.0,0.0,0.0
2022-07-06,1420.8499755859375,1448.0899658203125,1419.5,1442.5699462890625,174436600,"Overnight Policy Rate: Meaning, Updates, and Effects on Homebu... - properly.com.my | Overnight Policy Rate: Meaning, Updates, and Effects on Homebu... - properly.com.my",0.0,0.0,0.0,0.0
2022-07-07,1418.68994140625,1425.8499755859375,1418.68994140625,1421.0400390625,177874100,,0.0,0.0,0.0,0.0
2022-07-08,1425.7900390625,1427.199951171875,1420.6300048828125,1421.260009765625,127603700,,0.0,0.0,0.0,0.0
2022-07-12,1426.0799560546875,1426.18994140625,1418.5,1426.18994140625,180406300,,0.0,0.0,0.0,0.0
2022-07-13,1411.3199462890625,1421.4300537109375,1410.3299560546875,1421.4300537109375,159991500,,0.0,0.0,0.0,0.0
2022-07-14,1420.06005859375,1420.06005859375,1408.8299560546875,1408.8299560546875,137943400,Page 1 of 6 1. Definitions Capitalized terms used in these General Terms and Conditions shall have the meaning as specified here - Shell Malaysia,0.05000000000000002,0.5,0.05000000000000002,0.5
2022-07-15,1418.43994140625,1420.06005859375,1415.4599609375,1420.06005859375,115312500,Assessing the impact of liquidity on the value of assets return - Universiti Utara Malaysia,0.0,0.0,0.0,0.0
2022-07-18,1429.5400390625,1429.5400390625,1416.7099609375,1420.8900146484375,164058300,How Far Does Currency Depreciation Affect Domestic Output in Nigeria? - BERJAYA Journal of Services & Management | MISC Berhad Downgrade to NEUTRAL - MIDF Malaysia,0.05,0.55,0.05,0.55
2022-07-19,1428.760009765625,1430.8599853515625,1417.1600341796875,1428.68994140625,120980400,,0.0,0.0,0.0,0.0
2022-07-20,1436.97998046875,1438.3699951171875,1430.02001953125,1430.02001953125,150338100,FIXED ASSETS GUIDE (For Financial Reporting Purposes) - INSAGE (MSC) SDN BHD | FIXED ASSETS GUIDE (For Financial Reporting Purposes) - INSAGE (MSC) SDN BHD,0.05,0.1,0.05,0.1
2022-07-21,1450.3199462890625,1451.3299560546875,1440.050048828125,1441.1600341796875,147979100,,0.0,0.0,0.0,0.0
2022-07-22,1465.800048828125,1468.47998046875,1450.72998046875,1451.0899658203125,172149500,,0.0,0.0,0.0,0.0
2022-07-25,1469.219970703125,1469.219970703125,1461.280029296875,1463.780029296875,151287500,,0.0,0.0,0.0,0.0
2022-07-26,1463.68994140625,1466.489990234375,1459.1199951171875,1466.489990234375,129765300,,0.0,0.0,0.0,0.0
2022-07-27,1470.7099609375,1470.9599609375,1460.969970703125,1464.1300048828125,131413600,,0.0,0.0,0.0,0.0
2022-07-28,1491.199951171875,1491.199951171875,1472.3900146484375,1472.3900146484375,193900200,,0.0,0.0,0.0,0.0
2022-07-29,1492.22998046875,1497.530029296875,1488.0699462890625,1491.1700439453125,196951200,,0.0,0.0,0.0,0.0
2022-08-01,1502.0699462890625,1503.8299560546875,1490.68994140625,1492.6700439453125,118037000,EKST Technical Analysis of Malaysia Stock Performance - Penerbit UTHM,0.0,0.1,0.0,0.1
2022-08-02,1495.050048828125,1503.0,1490.719970703125,1501.3299560546875,159324800,UOB SME app lets you stay on top of your business - UOB,0.5,0.5,0.5,0.5
2022-08-03,1490.5699462890625,1490.5699462890625,1483.010009765625,1488.5799560546875,149070000,,0.0,0.0,0.0,0.0
2022-08-04,1507.7099609375,1507.7099609375,1491.6600341796875,1491.6600341796875,190421100,,0.0,0.0,0.0,0.0
2022-08-05,1501.550048828125,1505.530029296875,1497.77001953125,1505.0699462890625,174897900,INVESTIGATING BRAND AWARENESS DURING COVID-19 PANDEMIC IN THE MALAYSIAN HOTEL INDUSTRY - jurcon.ums.edu.my,0.0,0.0,0.0,0.0
2022-08-08,1496.030029296875,1501.5799560546875,1490.4100341796875,1501.5799560546875,122167900,,0.0,0.0,0.0,0.0
2022-08-09,1497.6800537109375,1501.030029296875,1495.0,1498.52001953125,102724400,,0.0,0.0,0.0,0.0
2022-08-10,1492.3299560546875,1496.25,1490.219970703125,1495.719970703125,266326400,,0.0,0.0,0.0,0.0
2022-08-11,1505.56005859375,1505.56005859375,1497.81005859375,1497.81005859375,216126900,Kitchen Cabinet: 10 Tips On Choosing The Right One - properly.com.my,0.2857142857142857,0.5357142857142857,0.2857142857142857,0.5357142857142857
2022-08-12,1506.18994140625,1511.800048828125,1504.2099609375,1505.0699462890625,267605700,,0.0,0.0,0.0,0.0
2022-08-15,1504.010009765625,1510.1099853515625,1503.02001953125,1506.4200439453125,316946800,,0.0,0.0,0.0,0.0
2022-08-16,1518.780029296875,1518.780029296875,1503.8599853515625,1504.0899658203125,470904500,,0.0,0.0,0.0,0.0
2022-08-17,1518.1600341796875,1527.8399658203125,1516.5699462890625,1519.550048828125,341134600,,0.0,0.0,0.0,0.0
2022-08-18,1516.6199951171875,1522.52001953125,1514.6700439453125,1516.780029296875,235365700,,0.0,0.0,0.0,0.0
2022-08-19,1504.43994140625,1519.6800537109375,1502.9100341796875,1516.8199462890625,168464900,,0.0,0.0,0.0,0.0
2022-08-22,1487.3699951171875,1502.0699462890625,1486.3699951171875,1501.6099853515625,169380000,,0.0,0.0,0.0,0.0
2022-08-23,1482.5699462890625,1484.9200439453125,1477.5400390625,1484.9200439453125,172621700,,0.0,0.0,0.0,0.0
2022-08-24,1467.260009765625,1487.969970703125,1464.8299560546875,1484.0999755859375,152863500,,0.0,0.0,0.0,0.0
2022-08-25,1495.489990234375,1495.489990234375,1470.3699951171875,1470.3699951171875,202206400,"OCBC Bank Malaysia - Personal Banking, Business Banking, Wealth Management - OCBC",0.0,0.3,0.0,0.3
2022-08-26,1500.2900390625,1507.489990234375,1495.6800537109375,1496.3800048828125,175717000,,0.0,0.0,0.0,0.0
2022-08-29,1501.5699462890625,1506.550048828125,1481.7900390625,1486.52001953125,171238200,,0.0,0.0,0.0,0.0
2022-08-30,1512.050048828125,1512.050048828125,1496.800048828125,1500.780029296875,380089300,,0.0,0.0,0.0,0.0
2022-09-01,1491.949951171875,1503.489990234375,1490.7099609375,1498.010009765625,221522800,,0.0,0.0,0.0,0.0
2022-09-02,1491.1800537109375,1498.6099853515625,1489.22998046875,1493.1199951171875,158415100,,0.0,0.0,0.0,0.0
2022-09-05,1489.800048828125,1494.81005859375,1486.7900390625,1492.030029296875,119861900,,0.0,0.0,0.0,0.0
2022-09-06,1488.27001953125,1497.0,1488.27001953125,1492.5799560546875,163008800,,0.0,0.0,0.0,0.0
2022-09-07,1491.3499755859375,1492.18994140625,1483.2900390625,1485.9200439453125,162618300,,0.0,0.0,0.0,0.0
2022-09-08,1494.72998046875,1497.6600341796875,1486.97998046875,1490.8699951171875,163489700,,0.0,0.0,0.0,0.0
2022-09-09,1496.530029296875,1498.3199462890625,1493.1500244140625,1495.75,121606000,,0.0,0.0,0.0,0.0
2022-09-12,1497.9599609375,1501.8699951171875,1496.050048828125,1497.6600341796875,139781400,"Ambank expects 50 bps OPR hike, inflation between 2.8-3.0 pct this year - iProperty",0.0,0.0,0.0,0.0
2022-09-13,1487.8399658203125,1497.8800048828125,1482.3800048828125,1497.4000244140625,168161200,,0.0,0.0,0.0,0.0
2022-09-14,1468.43994140625,1480.550048828125,1468.43994140625,1475.239990234375,174111700,Overnight Placing Rate (OPR) and Its Impact to Malaysian Economy - Akademi Zakat,0.0,0.0,0.0,0.0
2022-09-15,1467.31005859375,1478.5400390625,1466.3299560546875,1473.3599853515625,311214100,,0.0,0.0,0.0,0.0
2022-09-19,1451.52001953125,1460.9100341796875,1446.0400390625,1459.510009765625,304695900,,0.0,0.0,0.0,0.0
2022-09-20,1461.0999755859375,1465.5799560546875,1454.4200439453125,1454.4200439453125,260241500,,0.0,0.0,0.0,0.0
2022-09-21,1447.1800537109375,1459.8900146484375,1447.1800537109375,1459.449951171875,381229500,,0.0,0.0,0.0,0.0
2022-09-22,1439.1600341796875,1448.510009765625,1435.760009765625,1444.8699951171875,232744900,,0.0,0.0,0.0,0.0
2022-09-23,1424.97998046875,1440.2900390625,1424.97998046875,1439.1099853515625,232715500,,0.0,0.0,0.0,0.0
2022-09-26,1413.0400390625,1423.8299560546875,1411.47998046875,1423.8299560546875,269196600,,0.0,0.0,0.0,0.0
2022-09-27,1410.8699951171875,1420.27001953125,1410.8699951171875,1412.8599853515625,307257400,,0.0,0.0,0.0,0.0
2022-09-28,1401.8900146484375,1409.1300048828125,1400.4100341796875,1407.3199462890625,317186600,,0.0,0.0,0.0,0.0
2022-09-29,1397.5,1410.760009765625,1395.81005859375,1407.3900146484375,319309200,,0.0,0.0,0.0,0.0
2022-09-30,1394.6300048828125,1402.22998046875,1390.4100341796875,1395.2900390625,283725900,,0.0,0.0,0.0,0.0
2022-10-03,1397.6199951171875,1401.8199462890625,1384.8199462890625,1393.699951171875,205504800,,0.0,0.0,0.0,0.0
2022-10-04,1409.3599853515625,1411.550048828125,1402.9000244140625,1403.760009765625,171969900,Page 108 - EXIM-BANK-AR20 - EXIM Bank Malaysia | Page 107 - EXIM-BANK-AR20 - EXIM Bank Malaysia,0.0,0.0,0.0,0.0
2022-10-05,1420.550048828125,1424.6500244140625,1413.6700439453125,1413.6700439453125,202932700,,0.0,0.0,0.0,0.0
2022-10-06,1420.4300537109375,1428.1300048828125,1420.4300537109375,1424.75,61327800,,0.0,0.0,0.0,0.0
2022-10-07,1406.0,1421.9000244140625,1405.1800537109375,1421.7900390625,78281500,BNM Instructs iPay88 to Further Strengthen Cyber Security Controls - Bank Negara Malaysia,0.0,0.5,0.0,0.5
2022-10-11,1386.8199462890625,1400.5799560546875,1383.25,1400.5799560546875,225392200,Back to the basics of Democracy: Returning the mandate to the people - mca.org.my,0.0,0.0,0.0,0.0
2022-10-12,1380.5699462890625,1391.469970703125,1376.5400390625,1388.280029296875,208604100,,0.0,0.0,0.0,0.0
2022-10-13,1373.3599853515625,1385.0699462890625,1372.5699462890625,1384.8599853515625,305862900,,0.0,0.0,0.0,0.0
2022-10-14,1382.469970703125,1391.3800048828125,1381.3399658203125,1381.6300048828125,271513000,,0.0,0.0,0.0,0.0
2022-10-17,1386.27001953125,1389.2099609375,1376.6800537109375,1383.5,225972200,"Different financial solution needed from Bank Negara instead of OPR hike, says analyst - UniKL IR",0.0,0.3,0.0,0.3
2022-10-18,1400.3599853515625,1400.3900146484375,1389.1600341796875,1392.9200439453125,234389700,Page 151 - Bank-Muamalat-Annual-Report-2021 - Bank Muamalat Malaysia,0.0,0.0,0.0,0.0
2022-10-19,1415.0999755859375,1415.0999755859375,1400.280029296875,1402.6800537109375,216942000,,0.0,0.0,0.0,0.0
2022-10-20,1437.719970703125,1437.719970703125,1411.739990234375,1414.719970703125,336728500,Borrowing Costs - Malaysian Accounting Standards Board,0.0,0.0,0.0,0.0
2022-10-21,1446.4200439453125,1446.4200439453125,1433.260009765625,1435.3900146484375,167325000,,0.0,0.0,0.0,0.0
2022-10-25,1444.4100341796875,1454.06005859375,1441.18994140625,1449.1400146484375,205560800,,0.0,0.0,0.0,0.0
2022-10-26,1454.97998046875,1454.97998046875,1447.4100341796875,1447.5699462890625,252568000,,0.0,0.0,0.0,0.0
2022-10-27,1454.0899658203125,1459.8599853515625,1452.280029296875,1457.9599609375,247414700,Naza Communications and Everest Infrastructure Partners to develop telecommunications infrastructure in Malaysia - Naza Group of Companies,0.0,0.0,0.0,0.0
2022-10-28,1447.31005859375,1456.469970703125,1442.0400390625,1454.5400390625,232514400,,0.0,0.0,0.0,0.0
2022-10-31,1460.3800048828125,1468.4100341796875,1450.93994140625,1450.93994140625,349208000,,0.0,0.0,0.0,0.0
2022-11-01,1445.9200439453125,1457.6400146484375,1443.5400390625,1457.6400146484375,191406100,,0.0,0.0,0.0,0.0
2022-11-02,1451.6099853515625,1451.9200439453125,1442.8900146484375,1450.97998046875,176884200,,0.0,0.0,0.0,0.0
2022-11-03,1420.3800048828125,1448.3199462890625,1420.3800048828125,1448.3199462890625,312941100,OPR Malaysia: Bank Negara Raises 25 Basis Points to 2.75 Percent - Qoala Malaysia | OPR Malaysia: Bank Negara Raises 25 Basis Points to 2.75 Percent - Qoala Malaysia,0.0,0.0,0.0,0.0
2022-11-04,1438.280029296875,1438.280029296875,1422.0799560546875,1425.52001953125,215622500,,0.0,0.0,0.0,0.0
2022-11-07,1442.1199951171875,1442.6600341796875,1435.3900146484375,1441.1800537109375,174970300,,0.0,0.0,0.0,0.0
2022-11-08,1441.3499755859375,1447.8499755859375,1433.2900390625,1447.1199951171875,224557400,,0.0,0.0,0.0,0.0
2022-11-09,1446.18994140625,1447.1500244140625,1439.68994140625,1443.6199951171875,251220400,Alliance Bank to Raise Standardized Base Rate. - Alliance Bank | Alliance Bank to Raise Standardized Base Rate. - Alliance Bank,-0.8,1.0,-0.8,1.0
2022-11-10,1449.739990234375,1453.27001953125,1440.760009765625,1442.31005859375,191907900,,0.0,0.0,0.0,0.0
2022-11-11,1468.2099609375,1468.2099609375,1459.5400390625,1467.18994140625,370670700,,0.0,0.0,0.0,0.0
2022-11-14,1464.0,1468.989990234375,1459.050048828125,1468.989990234375,248453200,,0.0,0.0,0.0,0.0
2022-11-15,1450.5400390625,1461.510009765625,1447.8699951171875,1461.510009765625,256705300,,0.0,0.0,0.0,0.0
2022-11-16,1448.3800048828125,1448.3800048828125,1440.5899658203125,1447.5,220514400,,0.0,0.0,0.0,0.0
2022-11-17,1449.3199462890625,1449.3199462890625,1441.5699462890625,1446.56005859375,234928400,Loans - Overview - OCBC,0.0,0.0,0.0,0.0
2022-11-21,1447.9599609375,1447.9599609375,1427.75,1434.550048828125,332039800,Telecommunications - Suria KLCC,0.0,0.0,0.0,0.0
2022-11-22,1441.2900390625,1451.31005859375,1435.02001953125,1446.719970703125,242609900,,0.0,0.0,0.0,0.0
2022-11-23,1443.5,1443.5,1431.6099853515625,1431.9000244140625,172539700,,0.0,0.0,0.0,0.0
2022-11-24,1501.8800048828125,1502.1099853515625,1450.6800537109375,1450.6800537109375,457068200,,0.0,0.0,0.0,0.0
2022-11-25,1486.5400390625,1504.1600341796875,1481.3800048828125,1501.699951171875,337650300,,0.0,0.0,0.0,0.0
2022-11-29,1476.9599609375,1486.6800537109375,1467.260009765625,1483.77001953125,297992100,,0.0,0.0,0.0,0.0
2022-11-30,1488.800048828125,1489.780029296875,1464.81005859375,1476.219970703125,597872800,'Greater clarity emerging for Malaysia under Anwar's leadership after years of political instability' - NST Online,0.25,0.3,0.25,0.3
2022-12-01,1491.510009765625,1497.239990234375,1487.3399658203125,1490.800048828125,266128700,,0.0,0.0,0.0,0.0
2022-12-02,1481.800048828125,1489.3599853515625,1479.699951171875,1489.3599853515625,206833400,,0.0,0.0,0.0,0.0
2022-12-05,1471.56005859375,1482.0799560546875,1470.3299560546875,1482.0799560546875,163267400,,0.0,0.0,0.0,0.0
2022-12-06,1471.550048828125,1473.52001953125,1467.1300048828125,1468.989990234375,225294700,,0.0,0.0,0.0,0.0
2022-12-07,1466.8800048828125,1477.8599853515625,1466.4599609375,1471.4599609375,218835400,,0.0,0.0,0.0,0.0
2022-12-08,1465.9300537109375,1469.1199951171875,1461.780029296875,1467.3699951171875,166059100,,0.0,0.0,0.0,0.0
2022-12-09,1477.18994140625,1477.4200439453125,1466.760009765625,1467.9000244140625,166544000,,0.0,0.0,0.0,0.0
2022-12-12,1474.3800048828125,1475.6099853515625,1468.8499755859375,1475.6099853515625,129733800,,0.0,0.0,0.0,0.0
2022-12-13,1470.1199951171875,1477.2900390625,1469.469970703125,1476.530029296875,139788100,,0.0,0.0,0.0,0.0
2022-12-14,1483.1700439453125,1483.1700439453125,1471.6400146484375,1471.8900146484375,203191200,How to process Asset Opening and tally with the GL Maintain Opening Balance - wiki.sql.com.my | Asset Disposal - wiki.sql.com.my | Maintain Asset Item - wiki.sql.com.my,0.0,0.0,0.0,0.0
2022-12-15,1467.1300048828125,1482.1099853515625,1466.25,1481.780029296875,190145800,FORMAT OF DECLARATION LETTER BY SUPPLIER (MANUFACTURER) - matrade.gov.my,0.0,0.0,0.0,0.0
2022-12-16,1478.5400390625,1478.5400390625,1459.31005859375,1461.760009765625,251764100,,0.0,0.0,0.0,0.0
2022-12-19,1477.0899658203125,1477.4100341796875,1471.5699462890625,1476.719970703125,103220400,OPR (Overnight Policy Rate) & RUMAWIP - RUMAWIP (2025) | OPR (Overnight Policy Rate) & RUMAWIP - RUMAWIP (2025),0.0,0.0,0.0,0.0
2022-12-20,1467.3199462890625,1476.22998046875,1464.8599853515625,1473.72998046875,93572900,What we can learn from Covid19 pandemic: A zoom lens from Islamic viewpoint based on Hadith - UniSZA Journal,0.0,0.0,0.0,0.0
2022-12-21,1462.550048828125,1469.4200439453125,1458.8199462890625,1467.010009765625,92165900,,0.0,0.0,0.0,0.0
2022-12-22,1468.3499755859375,1468.3499755859375,1462.4100341796875,1463.7900390625,67390900,Start your personal 2023 budget off right - hanshaw.my,0.14285714285714285,0.4178571428571428,0.14285714285714285,0.4178571428571428
2022-12-23,1474.6800537109375,1474.8699951171875,1460.5699462890625,1469.1600341796875,48286800,,0.0,0.0,0.0,0.0
2022-12-27,1474.68994140625,1477.4300537109375,1468.1500244140625,1474.3900146484375,114386800,,0.0,0.0,0.0,0.0
2022-12-28,1480.1099853515625,1480.1099853515625,1461.1800537109375,1473.550048828125,134741200,,0.0,0.0,0.0,0.0
2022-12-29,1491.6300048828125,1491.6300048828125,1472.5400390625,1476.27001953125,107605300,,0.0,0.0,0.0,0.0
2022-12-30,1495.489990234375,1503.3299560546875,1479.1300048828125,1491.9300537109375,242921700,GRADUATE UNEMPLOYMENT DURING THE COVID-19 PANDEMIC IN MALAYSIA - jurcon.ums.edu.my,0.0,0.0,0.0,0.0
2023-01-03,1473.989990234375,1488.5400390625,1473.800048828125,1488.5400390625,59804600,,0.0,0.0,0.0,0.0
2023-01-04,1469.550048828125,1476.1400146484375,1469.550048828125,1472.8499755859375,99239400,,0.0,0.0,0.0,0.0
2023-01-05,1480.9300537109375,1481.010009765625,1471.9100341796875,1472.4599609375,114428100,,0.0,0.0,0.0,0.0
2023-01-06,1480.550048828125,1482.3900146484375,1474.47998046875,1479.530029296875,73345700,,0.0,0.0,0.0,0.0
2023-01-09,1493.4200439453125,1493.4200439453125,1483.9300537109375,1484.56005859375,107069100,,0.0,0.0,0.0,0.0
2023-01-10,1485.1300048828125,1491.219970703125,1480.3699951171875,1490.4000244140625,148942700,Connecting the World with Malaysia's Leading Wholesale Service Provider - TM Global,0.0,0.0,0.0,0.0
2023-01-11,1487.8699951171875,1489.0,1484.2099609375,1487.0400390625,130154200,,0.0,0.0,0.0,0.0
2023-01-12,1488.6600341796875,1491.3499755859375,1486.1500244140625,1488.5699462890625,147707800,Corporate Contact - Telekom Malaysia,0.0,0.0,0.0,0.0
2023-01-13,1495.030029296875,1495.030029296875,1488.050048828125,1488.050048828125,120946200,,0.0,0.0,0.0,0.0
2023-01-16,1493.56005859375,1496.050048828125,1489.0,1494.81005859375,118165300,,0.0,0.0,0.0,0.0
2023-01-17,1499.3800048828125,1499.3800048828125,1488.949951171875,1492.530029296875,109129200,GOVT WILL FOCUS ON THE SERVICE SECTOR IN BUDGET 2023 - Prime Minister's Office of Malaysia,0.0,0.0,0.0,0.0
2023-01-18,1495.5,1496.6300048828125,1491.050048828125,1495.31005859375,112489800,,0.0,0.0,0.0,0.0
2023-01-19,1496.219970703125,1501.7099609375,1493.4200439453125,1494.800048828125,132631400,Overnight Policy Rate Decisions - Bank Negara Malaysia,0.0,0.0,0.0,0.0
2023-01-20,1500.3299560546875,1500.3299560546875,1495.800048828125,1496.8800048828125,106940500,,0.0,0.0,0.0,0.0
2023-01-25,1499.449951171875,1501.8599853515625,1494.72998046875,1501.300048828125,83468600,,0.0,0.0,0.0,0.0
2023-01-26,1498.3900146484375,1498.3900146484375,1494.030029296875,1497.4100341796875,94842000,,0.0,0.0,0.0,0.0
2023-01-27,1497.550048828125,1500.9100341796875,1493.0699462890625,1499.969970703125,116233200,,0.0,0.0,0.0,0.0
2023-01-30,1499.3900146484375,1500.949951171875,1494.1500244140625,1499.75,154968600,,0.0,0.0,0.0,0.0
2023-01-31,1485.5,1493.8900146484375,1485.5,1493.7900390625,227210500,ONE-X PREPAID - onexox.my | Detailed Disclosure of International Reserves as at end-December 2022 - Bank Negara Malaysia,0.2,0.375,0.2,0.375
2023-02-02,1489.800048828125,1493.2099609375,1485.9000244140625,1488.8199462890625,190424300,,0.0,0.0,0.0,0.0
2023-02-03,1490.469970703125,1493.3399658203125,1485.25,1490.56005859375,123555800,,0.0,0.0,0.0,0.0
2023-02-07,1476.3800048828125,1487.989990234375,1471.7900390625,1487.8199462890625,157016900,,0.0,0.0,0.0,0.0
2023-02-08,1470.75,1479.949951171875,1469.010009765625,1476.3900146484375,143187400,Difference Between Tax Capital Allowance and Accounting Depreciation - THK Management Advisory Sdn Bhd | 3 Key Difference Between Tax Capital Allowance and Accounting Depreciation - KTP & Company PLT,0.0,1.0,0.0,1.0
2023-02-09,1464.6400146484375,1471.300048828125,1463.75,1471.300048828125,133461000,,0.0,0.0,0.0,0.0
2023-02-10,1474.5899658203125,1476.030029296875,1463.31005859375,1465.050048828125,105719000,,0.0,0.0,0.0,0.0
2023-02-13,1475.1700439453125,1475.1700439453125,1469.260009765625,1474.719970703125,110899900,,0.0,0.0,0.0,0.0
2023-02-14,1483.969970703125,1485.5799560546875,1476.06005859375,1477.1300048828125,117992500,,0.0,0.0,0.0,0.0
2023-02-15,1488.18994140625,1488.18994140625,1478.31005859375,1482.800048828125,95417000,OPR Rate Down: What does it means for me? - akpk,-0.15555555555555559,0.2888888888888889,-0.15555555555555559,0.2888888888888889
2023-02-16,1484.260009765625,1494.5400390625,1483.5400390625,1487.8399658203125,128062600,,0.0,0.0,0.0,0.0
2023-02-17,1476.9000244140625,1484.760009765625,1473.1500244140625,1484.030029296875,153358600,BNM one of the first central banks to pivot; OPR is forecasted to reach 3.0% by year end 2023. - fsmone.com.my,0.125,0.29166666666666663,0.125,0.29166666666666663
2023-02-20,1473.4599609375,1477.47998046875,1471.0699462890625,1474.25,160268400,,0.0,0.0,0.0,0.0
2023-02-21,1474.010009765625,1477.3599853515625,1471.8499755859375,1474.1099853515625,94234300,,0.0,0.0,0.0,0.0
2023-02-22,1464.0,1473.22998046875,1462.5999755859375,1472.489990234375,142969300,,0.0,0.0,0.0,0.0
2023-02-23,1457.6500244140625,1467.6300048828125,1456.300048828125,1464.5799560546875,138265300,,0.0,0.0,0.0,0.0
2023-02-24,1456.800048828125,1460.18994140625,1448.0899658203125,1458.6600341796875,166737000,Top 10 biggest companies listed in Shenzhen Stock Exchange - fsmone.com.my,0.5,0.5,0.5,0.5
2023-02-27,1455.5,1458.1800537109375,1447.550048828125,1456.0400390625,173142300,,0.0,0.0,0.0,0.0
2023-02-28,1454.18994140625,1458.969970703125,1452.4300537109375,1456.489990234375,246842100,,0.0,0.0,0.0,0.0
2023-03-01,1450.199951171875,1454.3800048828125,1444.3900146484375,1454.3800048828125,137107700,,0.0,0.0,0.0,0.0
2023-03-02,1455.489990234375,1457.02001953125,1447.06005859375,1451.3399658203125,103775800,,0.0,0.0,0.0,0.0
2023-03-03,1453.550048828125,1457.780029296875,1452.6199951171875,1457.780029296875,101759100,,0.0,0.0,0.0,0.0
2023-03-06,1452.6800537109375,1460.97998046875,1452.1199951171875,1458.77001953125,97343200,,0.0,0.0,0.0,0.0
2023-03-07,1458.6700439453125,1461.4200439453125,1452.6400146484375,1453.969970703125,114286600,We Got Now. - New Balance Malaysia,0.13636363636363635,0.45454545454545453,0.13636363636363635,0.45454545454545453
2023-03-08,1454.6600341796875,1458.6300048828125,1451.0799560546875,1455.469970703125,116583700,,0.0,0.0,0.0,0.0
2023-03-09,1449.530029296875,1455.1199951171875,1448.449951171875,1454.8199462890625,112442800,,0.0,0.0,0.0,0.0
2023-03-10,1433.0799560546875,1445.800048828125,1433.0799560546875,1445.800048828125,118232000,,0.0,0.0,0.0,0.0
2023-03-13,1421.8299560546875,1423.6600341796875,1409.9300537109375,1419.4200439453125,130371500,Syed Sddiq used his money during GE14 campaign - NST Online,0.0,0.0,0.0,0.0
2023-03-14,1393.8299560546875,1416.9599609375,1393.8299560546875,1416.9599609375,208134800,,0.0,0.0,0.0,0.0
2023-03-15,1403.9300537109375,1406.5699462890625,1399.800048828125,1400.0999755859375,158859400,"Persatuan Pengguna Pulau Pinang Consumers Association of Penang - Consumers' Association of Penang (CAP) | Testing market efficiency in Malaysia's large, medium and small stock market indices - UUM eThesis",-0.017857142857142863,0.41428571428571426,-0.017857142857142863,0.41428571428571426
2023-03-16,1391.5999755859375,1403.9300537109375,1391.0400390625,1400.8199462890625,123798800,Balance of Payments - Portal Rasmi Kementerian Kewangan,0.0,0.0,0.0,0.0
2023-03-17,1411.72998046875,1416.9200439453125,1397.22998046875,1397.280029296875,281587900,,0.0,0.0,0.0,0.0
2023-03-20,1401.81005859375,1408.52001953125,1400.489990234375,1408.1800537109375,95554800,BNM Annual Report 2022 - Bank Negara Malaysia,0.0,0.0,0.0,0.0
2023-03-21,1406.550048828125,1412.81005859375,1403.9599609375,1407.1600341796875,89710500,,0.0,0.0,0.0,0.0
2023-03-22,1412.0400390625,1413.52001953125,1406.510009765625,1408.5999755859375,104359400,,0.0,0.0,0.0,0.0
2023-03-23,1410.97998046875,1410.97998046875,1403.550048828125,1406.969970703125,106373400,,0.0,0.0,0.0,0.0
2023-03-24,1399.699951171875,1411.6700439453125,1399.699951171875,1411.1300048828125,116712200,,0.0,0.0,0.0,0.0
2023-03-27,1396.5999755859375,1404.6500244140625,1396.5999755859375,1400.949951171875,109243200,Contribution Rate - Pertubuhan Keselamatan Sosial (PERKESO),0.0,0.0,0.0,0.0
2023-03-28,1409.0899658203125,1409.22998046875,1398.4200439453125,1401.5999755859375,89163800,BNM Annual Report 2022 - Bank Negara Malaysia,0.0,0.0,0.0,0.0
2023-03-29,1420.3499755859375,1422.68994140625,1407.47998046875,1407.47998046875,98993200,,0.0,0.0,0.0,0.0
2023-03-30,1424.6099853515625,1425.3699951171875,1415.0999755859375,1417.81005859375,105758500,Economic & Monetary Review 2022 - Bank Negara Malaysia,0.2,0.2,0.2,0.2
2023-03-31,1422.5899658203125,1429.47998046875,1421.3599853515625,1424.7900390625,138336300,"UNIVERSITI TEKNOLOGI MARA IMPACT OF BUDGET DEFICIT, QUALITY OF GOVERNANCE AND FINANCIAL INTEGRITY ON ECONOMIC GROWTH: WELFARE AN - UiTM Institutional Repository",0.1,0.1,0.1,0.1
2023-04-03,1433.3900146484375,1433.3900146484375,1426.77001953125,1426.77001953125,96205600,,0.0,0.0,0.0,0.0
2023-04-04,1429.6099853515625,1432.8299560546875,1426.6300048828125,1432.239990234375,99190200,,0.0,0.0,0.0,0.0
2023-04-05,1429.550048828125,1430.199951171875,1425.7099609375,1429.2900390625,54635100,,0.0,0.0,0.0,0.0
2023-04-06,1424.8900146484375,1431.3199462890625,1416.6700439453125,1431.3199462890625,101716000,,0.0,0.0,0.0,0.0
2023-04-07,1427.0400390625,1427.0799560546875,1421.6199951171875,1424.8599853515625,76320400,,0.0,0.0,0.0,0.0
2023-04-10,1428.1300048828125,1429.6500244140625,1425.18994140625,1427.8900146484375,57424000,Federal Government Accrual Accounting Manual INTANGIBLE ASSETS - anm.gov.my | Get Free 5G Phones & Unlimited Data with UNI5G Postpaid - unifi.com.my,0.4,0.8,0.4,0.8
2023-04-11,1435.8900146484375,1435.8900146484375,1426.5,1429.1199951171875,92736300,,0.0,0.0,0.0,0.0
2023-04-12,1434.739990234375,1437.0799560546875,1429.0,1437.02001953125,92391900,,0.0,0.0,0.0,0.0
2023-04-13,1434.219970703125,1435.010009765625,1430.8900146484375,1433.8699951171875,99529900,,0.0,0.0,0.0,0.0
2023-04-14,1435.1300048828125,1438.280029296875,1431.81005859375,1434.8399658203125,72150500,,0.0,0.0,0.0,0.0
2023-04-17,1434.9000244140625,1436.0400390625,1429.4300537109375,1434.7900390625,87631200,NTW Malaysia - NTW Malaysia | NTW Malaysia - NTW Malaysia,0.0,0.0,0.0,0.0
2023-04-18,1432.3599853515625,1435.469970703125,1429.5899658203125,1435.469970703125,76820400,TVET Madani - TVET Madani | TVET Madani - TVET Madani | TVET Madani - TVET Madani,0.0,0.0,0.0,0.0
2023-04-19,1425.0699462890625,1431.5699462890625,1423.050048828125,1431.5699462890625,97047400,,0.0,0.0,0.0,0.0
2023-04-20,1422.1099853515625,1428.6400146484375,1418.8199462890625,1428.6400146484375,79987200,,0.0,0.0,0.0,0.0
2023-04-25,1425.18994140625,1427.0,1420.8399658203125,1422.27001953125,86166500,,0.0,0.0,0.0,0.0
2023-04-26,1414.25,1422.47998046875,1412.75,1421.969970703125,108165700,,0.0,0.0,0.0,0.0
2023-04-27,1418.050048828125,1418.1700439453125,1413.4599609375,1416.43994140625,87781900,,0.0,0.0,0.0,0.0
2023-04-28,1415.949951171875,1420.5,1412.8399658203125,1418.239990234375,92223200,,0.0,0.0,0.0,0.0
2023-05-02,1426.1099853515625,1428.3199462890625,1415.9200439453125,1416.2099609375,95430800,,0.0,0.0,0.0,0.0
2023-05-03,1425.989990234375,1425.989990234375,1415.469970703125,1423.9000244140625,108563000,Monetary Policy Statement - Bank Negara Malaysia,0.0,0.0,0.0,0.0
2023-05-05,1431.0400390625,1431.22998046875,1421.780029296875,1423.6099853515625,83059100,,0.0,0.0,0.0,0.0
2023-05-08,1433.739990234375,1438.3299560546875,1430.8599853515625,1432.300048828125,79483400,,0.0,0.0,0.0,0.0
2023-05-09,1432.6300048828125,1432.75,1428.52001953125,1431.5799560546875,95374100,,0.0,0.0,0.0,0.0
2023-05-10,1425.6800537109375,1433.6800537109375,1424.530029296875,1433.1099853515625,90411500,Property sector demand on the downtrend - Daily Express Malaysia | Malaysia Baharu: Five Years On From GE14 - betweenthelines.my,0.0,0.0,0.0,0.0
2023-05-11,1425.1800537109375,1428.780029296875,1424.8199462890625,1425.5799560546875,122493500,,0.0,0.0,0.0,0.0
2023-05-12,1422.9200439453125,1429.9200439453125,1422.9200439453125,1426.47998046875,153286800,,0.0,0.0,0.0,0.0
2023-05-15,1417.3699951171875,1427.3599853515625,1415.93994140625,1423.530029296875,92214400,,0.0,0.0,0.0,0.0
2023-05-16,1423.5,1426.1199951171875,1417.9200439453125,1417.9200439453125,93493100,,0.0,0.0,0.0,0.0
2023-05-17,1424.3399658203125,1427.4000244140625,1421.3399658203125,1422.010009765625,92504200,,0.0,0.0,0.0,0.0
2023-05-18,1428.0400390625,1428.0400390625,1421.9200439453125,1424.739990234375,88484500,,0.0,0.0,0.0,0.0
2023-05-19,1428.5400390625,1428.5400390625,1423.6500244140625,1425.449951171875,91861400,BOND MARKET - Securities Commission Malaysia,0.0,0.0,0.0,0.0
2023-05-22,1419.0,1425.6600341796875,1416.199951171875,1423.6199951171875,116266900,,0.0,0.0,0.0,0.0
2023-05-23,1411.5400390625,1419.6099853515625,1409.510009765625,1418.3199462890625,106577700,DECLARATION TO BE COMPLETED BY APPLICANT - Asian Institute of Chartered Bankers,0.0,0.0,0.0,0.0
2023-05-24,1409.6199951171875,1414.6600341796875,1406.27001953125,1411.3599853515625,122164200,,0.0,0.0,0.0,0.0
2023-05-25,1402.47998046875,1411.4200439453125,1402.47998046875,1408.93994140625,116408900,,0.0,0.0,0.0,0.0
2023-05-26,1402.97998046875,1405.449951171875,1397.97998046875,1402.9300537109375,149780100,,0.0,0.0,0.0,0.0
2023-05-29,1404.9300537109375,1406.530029296875,1401.9300537109375,1405.469970703125,130205600,,0.0,0.0,0.0,0.0
2023-05-30,1396.9100341796875,1406.0400390625,1396.9100341796875,1406.0400390625,152265400,Enjoy online-only rates of up to 3.70% p.a. with e-Islamic Fixed Deposit-i - Maybank2u,0.25,0.35,0.25,0.35
2023-05-31,1387.1199951171875,1398.3800048828125,1380.9000244140625,1396.6800537109375,657523800,,0.0,0.0,0.0,0.0
2023-06-01,1383.010009765625,1386.4100341796875,1378.5799560546875,1383.300048828125,139957800,Quarterly Bulletin Q1 2023 - Bank Negara Malaysia,0.0,0.0,0.0,0.0
2023-06-02,1381.260009765625,1385.8199462890625,1376.780029296875,1385.8199462890625,128952300,iCGS Portal - Universiti Sains Islam Malaysia,0.0,0.0,0.0,0.0
2023-06-06,1383.1700439453125,1383.5799560546875,1377.3499755859375,1382.0999755859375,120094000,,0.0,0.0,0.0,0.0
2023-06-07,1378.6500244140625,1383.550048828125,1371.739990234375,1382.0,118413400,,0.0,0.0,0.0,0.0
2023-06-08,1374.6400146484375,1376.6199951171875,1369.4100341796875,1375.7900390625,109443600,Xpats Gateway - Xpats Gateway,0.0,0.0,0.0,0.0
2023-06-09,1376.0799560546875,1381.260009765625,1373.0799560546875,1375.5799560546875,92008800,,0.0,0.0,0.0,0.0
2023-06-12,1386.77001953125,1390.550048828125,1377.6099853515625,1377.6099853515625,100957500,,0.0,0.0,0.0,0.0
2023-06-13,1380.6099853515625,1387.7900390625,1378.1500244140625,1387.68994140625,139291300,,0.0,0.0,0.0,0.0
2023-06-14,1385.4200439453125,1386.7900390625,1381.489990234375,1381.699951171875,134350100,,0.0,0.0,0.0,0.0
2023-06-15,1381.72998046875,1382.9599609375,1378.8299560546875,1382.9599609375,109127300,,0.0,0.0,0.0,0.0
2023-06-16,1388.6099853515625,1388.6099853515625,1373.1500244140625,1382.4200439453125,305649700,,0.0,0.0,0.0,0.0
2023-06-19,1387.3299560546875,1390.5,1379.8299560546875,1383.8900146484375,75445100,,0.0,0.0,0.0,0.0
2023-06-20,1388.3299560546875,1388.75,1383.8599853515625,1387.239990234375,96573400,,0.0,0.0,0.0,0.0
2023-06-21,1393.449951171875,1395.8499755859375,1383.8800048828125,1385.72998046875,118222400,,0.0,0.0,0.0,0.0
2023-06-22,1394.6700439453125,1402.43994140625,1391.760009765625,1392.1199951171875,116525600,,0.0,0.0,0.0,0.0
2023-06-23,1390.8900146484375,1397.5400390625,1389.699951171875,1395.699951171875,89365400,,0.0,0.0,0.0,0.0
2023-06-26,1389.8800048828125,1394.300048828125,1388.4100341796875,1391.550048828125,79124900,,0.0,0.0,0.0,0.0
2023-06-27,1386.739990234375,1393.3800048828125,1385.300048828125,1390.8699951171875,85691700,,0.0,0.0,0.0,0.0
2023-06-28,1388.3699951171875,1394.56005859375,1387.6700439453125,1387.6700439453125,71393900,Al-Qaeda Di Semenanjung Arab Dan Kesannya Kepada Ketidakstabilan Geopolitik Di Republik Yaman - eJournal UM,0.0,0.0,0.0,0.0
2023-06-30,1376.6800537109375,1391.47998046875,1370.1500244140625,1388.52001953125,172513900,,0.0,0.0,0.0,0.0
2023-07-03,1395.8900146484375,1397.3699951171875,1379.31005859375,1379.3900146484375,70750600,,0.0,0.0,0.0,0.0
2023-07-04,1392.489990234375,1396.3299560546875,1388.8499755859375,1393.56005859375,63595600,,0.0,0.0,0.0,0.0
2023-07-05,1389.9000244140625,1395.8199462890625,1389.9000244140625,1392.3800048828125,68297000,,0.0,0.0,0.0,0.0
2023-07-06,1385.949951171875,1389.7099609375,1381.8599853515625,1389.7099609375,92373100,Frequently Asked Questions (FAQ) on Monetary Policy - Bank Negara Malaysia,0.1,0.3,0.1,0.3
2023-07-07,1377.6700439453125,1385.739990234375,1377.6700439453125,1382.199951171875,85665300,,0.0,0.0,0.0,0.0
2023-07-10,1383.06005859375,1386.93994140625,1377.56005859375,1377.56005859375,77577500,,0.0,0.0,0.0,0.0
2023-07-11,1391.4599609375,1391.4599609375,1384.8399658203125,1386.0899658203125,105063900,,0.0,0.0,0.0,0.0
2023-07-12,1398.06005859375,1400.050048828125,1389.93994140625,1390.27001953125,81189300,,0.0,0.0,0.0,0.0
2023-07-13,1396.22998046875,1401.760009765625,1396.22998046875,1401.0999755859375,71844700,,0.0,0.0,0.0,0.0
2023-07-14,1412.0899658203125,1414.219970703125,1399.3900146484375,1399.530029296875,160012400,Latest trends on Managing Intragroup Loans in Malaysia - transferpricingsolutions.my,0.5,0.9,0.5,0.9
2023-07-17,1406.0999755859375,1412.0899658203125,1403.1199951171875,1411.77001953125,92626300,,0.0,0.0,0.0,0.0
2023-07-18,1403.030029296875,1407.9000244140625,1399.469970703125,1407.5400390625,78504600,,0.0,0.0,0.0,0.0
2023-07-20,1406.68994140625,1409.3399658203125,1402.7099609375,1404.5699462890625,100328400,,0.0,0.0,0.0,0.0
2023-07-21,1413.52001953125,1413.52001953125,1405.6400146484375,1407.47998046875,86987100,,0.0,0.0,0.0,0.0
2023-07-24,1424.68994140625,1424.68994140625,1412.3800048828125,1412.6800537109375,87448700,,0.0,0.0,0.0,0.0
2023-07-25,1436.7900390625,1437.81005859375,1425.280029296875,1425.760009765625,135600500,,0.0,0.0,0.0,0.0
2023-07-26,1449.2900390625,1449.2900390625,1436.699951171875,1436.699951171875,133082000,,0.0,0.0,0.0,0.0
2023-07-27,1451.27001953125,1456.3599853515625,1446.9200439453125,1447.6600341796875,123234900,,0.0,0.0,0.0,0.0
2023-07-28,1450.3499755859375,1454.239990234375,1446.4599609375,1448.2099609375,101845900,,0.0,0.0,0.0,0.0
2023-07-31,1459.4300537109375,1464.699951171875,1451.0699462890625,1451.0699462890625,164867900,,0.0,0.0,0.0,0.0
2023-08-01,1451.239990234375,1462.56005859375,1449.02001953125,1458.9000244140625,98171000,"State govt can downgrade hotel ratings if service not up to par, Melaka assembly told - thestar.com.my",0.0,0.0,0.0,0.0
2023-08-02,1444.56005859375,1450.280029296875,1441.8499755859375,1449.449951171875,91589600,China Telecom fully supports the 1st ever China Smart Industry Trade Exhibition - Persatuan Usahawan China Di Malaysia (PUCM),0.21428571428571427,0.6428571428571429,0.21428571428571427,0.6428571428571429
2023-08-03,1441.8499755859375,1442.780029296875,1433.0400390625,1441.3699951171875,89240200,,0.0,0.0,0.0,0.0
2023-08-04,1445.2099609375,1447.1300048828125,1442.22998046875,1442.489990234375,70523900,,0.0,0.0,0.0,0.0
2023-08-07,1445.81005859375,1449.3800048828125,1442.1300048828125,1444.8900146484375,48138700,Bank Negara Malaysia Increase Overnight Policy Rate (OPR) By 25 Basis Points To 2 Percent - Smart Investor Malaysia,0.21428571428571427,0.6428571428571429,0.21428571428571427,0.6428571428571429
2023-08-08,1451.0,1452.469970703125,1441.6300048828125,1444.2099609375,87847500,Macquarie - Malaysia Warrants,0.0,0.0,0.0,0.0
2023-08-09,1462.030029296875,1462.030029296875,1446.7099609375,1450.300048828125,140193500,,0.0,0.0,0.0,0.0
2023-08-10,1458.9300537109375,1460.699951171875,1453.3699951171875,1460.3599853515625,140203100,,0.0,0.0,0.0,0.0
2023-08-11,1457.1600341796875,1458.969970703125,1449.6700439453125,1458.469970703125,116246300,"IPSAS 17 PROPERTY PLANT & EQUIPMENT - Jabatan Akauntan Negara Malaysia | MIER: Consumer sentiment and business conditions remain on downtrend in 2Q2023 - Malaysian Institute of Economic Research | RAM Ratings downgrades Country Garden to BBB3(s), places rating on Negative Rating Watch - ram.com.my",-0.04999999999999999,0.30000000000000004,-0.04999999999999999,0.30000000000000004
2023-08-14,1457.0,1457.4300537109375,1452.1500244140625,1457.18994140625,83404700,,0.0,0.0,0.0,0.0
2023-08-15,1460.280029296875,1463.2900390625,1456.27001953125,1456.8599853515625,84618900,,0.0,0.0,0.0,0.0
2023-08-16,1463.510009765625,1464.27001953125,1458.3699951171875,1459.030029296875,120690800,,0.0,0.0,0.0,0.0
2023-08-17,1447.97998046875,1460.760009765625,1447.97998046875,1460.6099853515625,154807600,MFRS and MPERS Common Issues on Investment Property and Property Plant and Equipment - Accountants Today,-0.3,0.5,-0.3,0.5
2023-08-18,1446.0899658203125,1449.22998046875,1442.260009765625,1449.22998046875,127832700,Financial Markets and Exchange Rate - Bank Negara Malaysia | Financial Markets and Exchange Rate - Bank Negara Malaysia,0.0,0.0,0.0,0.0
2023-08-21,1450.5699462890625,1451.6800537109375,1445.0999755859375,1446.68994140625,121972100,Top 10 US ETFs to consider for RSP - fsmone.com.my,0.5,0.5,0.5,0.5
2023-08-22,1451.530029296875,1456.4000244140625,1449.18994140625,1450.8699951171875,99704700,,0.0,0.0,0.0,0.0
2023-08-23,1440.1099853515625,1451.719970703125,1439.1300048828125,1451.6300048828125,101613400,,0.0,0.0,0.0,0.0
2023-08-24,1444.6700439453125,1446.75,1441.52001953125,1441.52001953125,87375800,"THE PRACTICE OF STANDARDIZING THE DEPRECIATION OF VEHICLE ASSETS: KNOWLEDGE, ATTITUDES AND PRACTICES TOWARDS PRACTICES IN STANDA - jppkk",0.0,0.0,0.0,0.0
2023-08-25,1444.489990234375,1444.81005859375,1438.510009765625,1444.2099609375,110374500,Motorcycle & Car Insurance Online Renewal within 5 minutes - Pos Malaysia | Emerging Markets: Optimistic outlook despite near-term malaise - fsmone.com.my | Motorcycle & Car Insurance Online Renewal within 5 minutes - Pos Malaysia,0.0,0.0,0.0,0.0
2023-08-28,1444.06005859375,1445.31005859375,1441.780029296875,1443.6700439453125,90966700,BSN MYGOLD ACCOUNT-i - bsn.com.my | BSN MYGOLD ACCOUNT-i - bsn.com.my | BSN MYGOLD ACCOUNT-i - bsn.com.my | BSN MYGOLD ACCOUNT-i - bsn.com.my,0.0,0.0,0.0,0.0
2023-08-29,1454.43994140625,1455.800048828125,1441.52001953125,1443.469970703125,124595100,"THE PRACTICE OF STANDARDIZING THE DEPRECIATION OF VEHICLE ASSETS: KNOWLEDGE, ATTITUDES AND PRACTICES TOWARDS PRACTICES IN STANDARDIZATION OF ASSETS DEPRECIATION AMONG THREE LOCAL COUNCILS THAT AR - jppkk",0.0,0.0,0.0,0.0
2023-08-30,1451.93994140625,1462.800048828125,1451.93994140625,1456.22998046875,323180900,,0.0,0.0,0.0,0.0
2023-09-01,1463.4300537109375,1463.4300537109375,1454.6700439453125,1461.9100341796875,163156900,Datasonic Group Berhad Downgrade to NEUTRAL - MIDF Malaysia,0.0,0.0,0.0,0.0
2023-09-04,1462.719970703125,1465.9300537109375,1460.8399658203125,1464.0699462890625,95591500,,0.0,0.0,0.0,0.0
2023-09-05,1454.8299560546875,1462.5799560546875,1452.47998046875,1462.5799560546875,112482000,,0.0,0.0,0.0,0.0
2023-09-06,1460.6199951171875,1463.0400390625,1454.25,1455.010009765625,106479500,How to Downgrade Unifi Plan 2025 - LogMasuk.my,0.0,0.0,0.0,0.0
2023-09-07,1460.0699462890625,1463.300048828125,1458.27001953125,1458.969970703125,81318800,,0.0,0.0,0.0,0.0
2023-09-08,1454.949951171875,1460.22998046875,1454.699951171875,1459.5400390625,82555700,Understanding Small and Large Cap Investing - AHAM Asset Management Berhad,-0.017857142857142863,0.41428571428571426,-0.017857142857142863,0.41428571428571426
2023-09-11,1455.0400390625,1455.56005859375,1450.6800537109375,1453.719970703125,69955700,,0.0,0.0,0.0,0.0
2023-09-12,1453.3900146484375,1454.3199462890625,1447.9599609375,1454.2900390625,98947900,Home - Tunku Abdul Rahman University of Management and Technology,0.0,0.0,0.0,0.0
2023-09-13,1453.5400390625,1453.5400390625,1444.81005859375,1447.030029296875,87516400,,0.0,0.0,0.0,0.0
2023-09-14,1449.5799560546875,1455.0899658203125,1445.31005859375,1449.219970703125,117849500,PHOTO GALLERY : THE SPECIAL CABINET COMMITTEE ON NATIONAL GOVERNANCE (JKKTN) - Prime Minister's Office of Malaysia,0.35714285714285715,0.5714285714285714,0.35714285714285715,0.5714285714285714
2023-09-15,1459.030029296875,1459.030029296875,1448.75,1449.0899658203125,318200600,"The Influence Of Liquidity Management On Efficiency, Performance And Risk Taking In Islamic Banking Industry - Universiti Sains Malaysia",0.0,0.0,0.0,0.0
2023-09-18,1457.989990234375,1458.4599609375,1452.8599853515625,1456.9599609375,83396200,,0.0,0.0,0.0,0.0
2023-09-19,1457.6600341796875,1459.0,1454.6099853515625,1456.719970703125,78288600,Hotel Valuation after Covid19 - AVA Malaysia,0.0,0.0,0.0,0.0
2023-09-20,1451.56005859375,1456.77001953125,1450.3699951171875,1452.6300048828125,103370600,,0.0,0.0,0.0,0.0
2023-09-21,1448.2099609375,1453.969970703125,1446.800048828125,1452.77001953125,106609700,,0.0,0.0,0.0,0.0
2023-09-22,1450.22998046875,1450.68994140625,1441.5,1445.8800048828125,85968500,,0.0,0.0,0.0,0.0
2023-09-25,1443.449951171875,1450.3199462890625,1441.1700439453125,1449.8299560546875,85332300,Prestasi Sawit Malaysia - Prestasi Sawit Malaysia,0.0,0.0,0.0,0.0
2023-09-26,1445.550048828125,1447.050048828125,1441.8900146484375,1442.7900390625,87996700,,0.0,0.0,0.0,0.0
2023-09-27,1440.1099853515625,1441.8699951171875,1436.75,1440.8599853515625,100446200,,0.0,0.0,0.0,0.0
2023-09-29,1424.1700439453125,1436.969970703125,1424.1700439453125,1436.3900146484375,170332100,Import-Asset Master List - wiki.sql.com.my,0.0,0.0,0.0,0.0
2023-10-02,1418.760009765625,1428.0400390625,1418.760009765625,1424.0699462890625,77411100,,0.0,0.0,0.0,0.0
2023-10-03,1420.010009765625,1424.1099853515625,1417.93994140625,1418.5799560546875,119741100,,0.0,0.0,0.0,0.0
2023-10-04,1415.8399658203125,1419.6600341796875,1412.699951171875,1417.9100341796875,146327300,,0.0,0.0,0.0,0.0
2023-10-05,1415.5999755859375,1420.6099853515625,1412.1700439453125,1413.43994140625,147628100,,0.0,0.0,0.0,0.0
2023-10-06,1416.8800048828125,1419.9599609375,1415.280029296875,1415.2900390625,136679500,,0.0,0.0,0.0,0.0
2023-10-09,1417.260009765625,1420.7099609375,1415.800048828125,1417.06005859375,85675400,,0.0,0.0,0.0,0.0
2023-10-10,1435.1700439453125,1435.8900146484375,1419.3299560546875,1419.3299560546875,99011700,,0.0,0.0,0.0,0.0
2023-10-11,1436.489990234375,1438.449951171875,1432.27001953125,1434.75,147588000,,0.0,0.0,0.0,0.0
2023-10-12,1443.8199462890625,1446.06005859375,1437.9599609375,1437.9599609375,108247800,RAM Ratings downgrades Country Garden to B3; outlook negative - ram.com.my,-0.3,0.4,-0.3,0.4
2023-10-13,1444.1400146484375,1444.969970703125,1440.489990234375,1443.3699951171875,75517900,Formulari Ubat KKM (FUKKM) - Portal Rasmi Kementerian Kesihatan Malaysia,0.0,0.0,0.0,0.0
2023-10-16,1438.9599609375,1446.1199951171875,1436.5,1445.3599853515625,122051500,,0.0,0.0,0.0,0.0
2023-10-17,1444.1300048828125,1444.1300048828125,1438.949951171875,1439.0400390625,105407700,,0.0,0.0,0.0,0.0
2023-10-18,1446.5400390625,1446.5400390625,1441.06005859375,1443.22998046875,146818700,7 Key Budget 2024 Highlights Impacting Fintech in Malaysia - Fintech News Malaysia | Kenanga Blue Chip Fund - Kenanga Investors Berhad | Kenanga Growth Opportunities Fund - Kenanga Investors Berhad,0.0,0.55,0.0,0.55
2023-10-19,1442.6600341796875,1445.18994140625,1441.3399658203125,1443.260009765625,118185700,Am I allowed to Upgrade or Downgrade my Plans? - Touch 'n Go eWallet Help Centre,0.0,0.0,0.0,0.0
2023-10-20,1441.0400390625,1443.75,1438.3599853515625,1443.3499755859375,113336900,,0.0,0.0,0.0,0.0
2023-10-23,1438.1199951171875,1443.8599853515625,1435.050048828125,1441.72998046875,100413700,The Best Use Of Budget 2024 For SMEs - Cheng & Co Group,1.0,0.3,1.0,0.3
2023-10-24,1435.6500244140625,1440.280029296875,1430.1500244140625,1438.280029296875,112931800,,0.0,0.0,0.0,0.0
2023-10-25,1442.510009765625,1444.530029296875,1437.8199462890625,1437.969970703125,80810800,,0.0,0.0,0.0,0.0
2023-10-26,1440.5999755859375,1445.1400146484375,1438.800048828125,1443.030029296875,107249600,,0.0,0.0,0.0,0.0
2023-10-27,1441.9000244140625,1444.1500244140625,1439.3299560546875,1440.7099609375,79766900,,0.0,0.0,0.0,0.0
2023-10-30,1439.199951171875,1441.800048828125,1436.97998046875,1440.0400390625,66151800,,0.0,0.0,0.0,0.0
2023-10-31,1442.1400146484375,1443.4599609375,1437.97998046875,1438.75,99312300,,0.0,0.0,0.0,0.0
2023-11-01,1435.3299560546875,1441.5899658203125,1434.9300537109375,1441.1700439453125,97118400,LAWS OF MALAYSIA - hasil.gov.my,0.0,0.0,0.0,0.0
2023-11-02,1439.77001953125,1441.3499755859375,1435.8599853515625,1435.93994140625,87395200,FACULTY OF INFORMATION MANAGEMENT (IM) - IPSis UiTM,0.0,0.0,0.0,0.0
2023-11-03,1449.9300537109375,1453.18994140625,1444.7900390625,1446.719970703125,115015400,,0.0,0.0,0.0,0.0
2023-11-06,1464.6700439453125,1464.6700439453125,1452.2900390625,1452.3900146484375,146756600,,0.0,0.0,0.0,0.0
2023-11-07,1463.3699951171875,1465.550048828125,1458.6600341796875,1464.050048828125,115794000,,0.0,0.0,0.0,0.0
2023-11-08,1457.5999755859375,1462.010009765625,1454.4599609375,1461.1300048828125,86519800,,0.0,0.0,0.0,0.0
2023-11-09,1452.27001953125,1457.8399658203125,1450.6400146484375,1456.8399658203125,95897900,,0.0,0.0,0.0,0.0
2023-11-10,1445.1800537109375,1451.219970703125,1425.010009765625,1450.56005859375,67169000,Numerical simulation to assess floating instability of small passenger vehicle under sub-critical flow - Universiti Teknologi PETRONAS,-0.25,0.4,-0.25,0.4
2023-11-14,1451.719970703125,1453.989990234375,1444.9000244140625,1444.9000244140625,95686900,,0.0,0.0,0.0,0.0
2023-11-15,1466.8399658203125,1466.8399658203125,1453.0699462890625,1453.6099853515625,168947800,Hanging TV Cabinet (HTC003) - Shopee Malaysia,0.0,0.0,0.0,0.0
2023-11-16,1464.6800537109375,1465.1600341796875,1460.4599609375,1464.780029296875,105484500,,0.0,0.0,0.0,0.0
2023-11-17,1460.6700439453125,1462.31005859375,1458.530029296875,1461.5899658203125,100760200,,0.0,0.0,0.0,0.0
2023-11-20,1456.9200439453125,1460.260009765625,1454.1199951171875,1460.260009765625,74149400,Affin Bank Berhad Downgrade to SELL - MIDF Malaysia,0.0,0.0,0.0,0.0
2023-11-21,1463.4000244140625,1463.4000244140625,1456.1600341796875,1458.1300048828125,138326700,,0.0,0.0,0.0,0.0
2023-11-22,1455.8900146484375,1460.5899658203125,1454.52001953125,1460.5899658203125,97164200,,0.0,0.0,0.0,0.0
2023-11-23,1453.2900390625,1456.6800537109375,1451.3499755859375,1456.6800537109375,93608000,,0.0,0.0,0.0,0.0
2023-11-24,1453.9200439453125,1456.050048828125,1451.0799560546875,1455.780029296875,136984500,,0.0,0.0,0.0,0.0
2023-11-27,1448.1500244140625,1455.780029296875,1448.0,1453.1500244140625,116835700,,0.0,0.0,0.0,0.0
2023-11-28,1448.02001953125,1452.5999755859375,1444.5999755859375,1450.18994140625,156887400,"Stock Trend Prediction Using LSTM with MA, EMA, MACD and RSI Indicators - eprints.intimal.edu.my",0.0,0.0,0.0,0.0
2023-11-29,1446.0699462890625,1450.4200439453125,1445.6099853515625,1448.6300048828125,128149700,,0.0,0.0,0.0,0.0
2023-11-30,1452.739990234375,1452.739990234375,1440.6199951171875,1444.3399658203125,530926800,Master of Electronic Engineering (Telecommunication System) - Universiti Teknikal Malaysia Melaka - UTeM,0.0,0.0,0.0,0.0
2023-12-01,1456.3800048828125,1456.52001953125,1450.0899658203125,1452.0,165174800,Padini Holdings Berhad Downgrade to Neutral - MIDF Malaysia,0.0,0.0,0.0,0.0
2023-12-04,1451.02001953125,1457.02001953125,1448.1700439453125,1454.969970703125,106529100,,0.0,0.0,0.0,0.0
2023-12-05,1449.4599609375,1451.5899658203125,1444.5799560546875,1451.1300048828125,101068000,MPSAS 5 - anm.gov.my,0.0,0.0,0.0,0.0
2023-12-06,1445.8199462890625,1452.0699462890625,1444.6300048828125,1450.9100341796875,92070800,,0.0,0.0,0.0,0.0
2023-12-07,1442.8499755859375,1447.6600341796875,1441.02001953125,1442.8900146484375,103661100,Attention Deficit Hyperactivity Disorder (ADHD) - Gleneagles Hospitals Malaysia,0.0,0.0,0.0,0.0
2023-12-08,1441.969970703125,1446.1300048828125,1441.0899658203125,1443.969970703125,84182800,,0.0,0.0,0.0,0.0
2023-12-11,1446.3900146484375,1446.3900146484375,1440.4000244140625,1441.3199462890625,102401500,eVISA - imi.gov.my,0.0,0.0,0.0,0.0
2023-12-12,1447.1199951171875,1447.719970703125,1444.260009765625,1446.1199951171875,127330900,,0.0,0.0,0.0,0.0
2023-12-13,1448.0400390625,1448.47998046875,1443.719970703125,1446.0799560546875,130353700,,0.0,0.0,0.0,0.0
2023-12-14,1456.260009765625,1456.260009765625,1448.1400146484375,1448.8800048828125,165231500,,0.0,0.0,0.0,0.0
2023-12-15,1462.449951171875,1464.780029296875,1455.68994140625,1455.949951171875,284775700,,0.0,0.0,0.0,0.0
2023-12-18,1465.280029296875,1468.739990234375,1460.4200439453125,1461.56005859375,216394300,,0.0,0.0,0.0,0.0
2023-12-19,1465.6700439453125,1467.6099853515625,1464.550048828125,1466.56005859375,162662200,,0.0,0.0,0.0,0.0
2023-12-20,1464.56005859375,1470.7900390625,1464.0899658203125,1466.4300537109375,200419300,,0.0,0.0,0.0,0.0
2023-12-21,1455.5799560546875,1463.1700439453125,1454.969970703125,1463.1700439453125,157053500,,0.0,0.0,0.0,0.0
2023-12-22,1454.3800048828125,1457.8599853515625,1451.989990234375,1456.760009765625,127764000,United States - PIDM,0.0,0.0,0.0,0.0
2023-12-26,1450.780029296875,1456.6600341796875,1450.780029296875,1454.0799560546875,130077700,,0.0,0.0,0.0,0.0
2023-12-27,1454.219970703125,1455.43994140625,1452.0799560546875,1452.3699951171875,158320100,,0.0,0.0,0.0,0.0
2023-12-28,1457.4100341796875,1459.0999755859375,1453.06005859375,1453.8599853515625,142538600,,0.0,0.0,0.0,0.0
2023-12-29,1454.6600341796875,1461.4000244140625,1454.6600341796875,1457.5699462890625,265621800,,0.0,0.0,0.0,0.0
2024-01-02,1453.0999755859375,1453.56005859375,1446.3599853515625,1452.199951171875,103277400,,0.0,0.0,0.0,0.0
2024-01-03,1462.3699951171875,1465.68994140625,1450.1700439453125,1452.5400390625,215534000,,0.0,0.0,0.0,0.0
2024-01-04,1477.260009765625,1477.56005859375,1461.030029296875,1462.8499755859375,286041200,Foreign capital inflows to Malaysia to bounce back - NST Online,-0.0625,0.0625,-0.0625,0.0625
2024-01-05,1487.6099853515625,1487.6099853515625,1476.8499755859375,1476.8900146484375,280921700,,0.0,0.0,0.0,0.0
2024-01-08,1495.699951171875,1498.52001953125,1488.5999755859375,1488.5999755859375,301573200,"Economic Report - MIDF Malaysia | Malaysia saw RM21.3b foreign inflow in 2023, compared with RM5.5b outflow in 2022 - NST Online",0.037500000000000006,0.1625,0.037500000000000006,0.1625
2024-01-09,1498.8299560546875,1503.9300537109375,1496.8399658203125,1497.1700439453125,311176200,,0.0,0.0,0.0,0.0
2024-01-10,1486.8599853515625,1497.800048828125,1486.719970703125,1497.800048828125,208376900,,0.0,0.0,0.0,0.0
2024-01-11,1483.0,1492.43994140625,1483.0,1487.1500244140625,232402500,,0.0,0.0,0.0,0.0
2024-01-12,1487.3399658203125,1487.3399658203125,1482.02001953125,1483.239990234375,225717600,,0.0,0.0,0.0,0.0
2024-01-15,1501.1099853515625,1501.8599853515625,1487.81005859375,1488.280029296875,196067000,How do I change OR cancel my subscription? - sooka,0.0,0.0,0.0,0.0
2024-01-16,1493.8699951171875,1503.72998046875,1492.4000244140625,1500.3900146484375,227111300,Traveler's Guide - Customs.gov.my |  - Touch 'n Go eWallet Help Centre | FAQ Rules Of Origin (ROO) - Customs.gov.my,0.0,0.0,0.0,0.0
2024-01-17,1491.2099609375,1494.3199462890625,1487.52001953125,1491.8900146484375,216723800,,0.0,0.0,0.0,0.0
2024-01-18,1479.1800537109375,1492.530029296875,1478.030029296875,1488.489990234375,315341100,,0.0,0.0,0.0,0.0
2024-01-19,1486.3699951171875,1486.3699951171875,1477.050048828125,1480.1800537109375,199948900,FIXED DEPOSIT - CIMB Malaysia,0.1,0.2,0.1,0.2
2024-01-22,1491.18994140625,1493.97998046875,1485.510009765625,1487.3499755859375,234169100,,0.0,0.0,0.0,0.0
2024-01-23,1496.1099853515625,1500.3900146484375,1490.199951171875,1492.56005859375,202846800,Ringgit ends slightly higher against US dollar - thestar.com.my,0.25,0.5,0.25,0.5
2024-01-24,1504.0999755859375,1504.43994140625,1497.1600341796875,1497.1600341796875,197527000,Monetary Policy Statement - Bank Negara Malaysia | Monetary Policy Statement - Bank Negara Malaysia | Frequently Asked Questions (FAQ) on Monetary Policy - Bank Negara Malaysia | Monetary Policy Statement - Bank Negara Malaysia | Physiological Response and Impact of COVID-19 Pandemic among Malaysian Citizens: A Cross-sectional Study - Universiti Putra Malaysia,0.1,0.3,0.1,0.3
2024-01-26,1506.280029296875,1509.3900146484375,1502.8900146484375,1503.449951171875,238367000,Capital Letters and Periods Worksheets for 1st-2nd Grade - twinkl.my,0.0,0.0,0.0,0.0
2024-01-29,1515.3900146484375,1518.43994140625,1507.8800048828125,1508.1099853515625,211720800,,0.0,0.0,0.0,0.0
2024-01-30,1512.75,1520.31005859375,1511.8399658203125,1517.75,213783400,,0.0,0.0,0.0,0.0
2024-01-31,1512.97998046875,1516.4000244140625,1509.550048828125,1512.5999755859375,247472800,Using Capital Letters for Proper Nouns PowerPoint for K-2nd Grade - twinkl.my | Can I upgrade or downgrade my Astro pack? - Astro One,0.0,0.1,0.0,0.1
2024-02-02,1516.5799560546875,1521.22998046875,1508.5,1509.3499755859375,290509400,,0.0,0.0,0.0,0.0
2024-02-05,1511.3399658203125,1520.97998046875,1511.3399658203125,1515.9100341796875,200808500,,0.0,0.0,0.0,0.0
2024-02-06,1512.97998046875,1513.97998046875,1508.989990234375,1510.31005859375,186936700,,0.0,0.0,0.0,0.0
2024-02-07,1513.1099853515625,1514.050048828125,1510.199951171875,1512.510009765625,174829400,INVESTMENT CHECKER - Securities Commission Malaysia,0.0,0.0,0.0,0.0
2024-02-08,1512.3599853515625,1521.1800537109375,1512.3599853515625,1513.18994140625,171566000,Listing Category: Mobile & Telecommunication - CITTA Mall,0.0,0.0,0.0,0.0
2024-02-09,1512.280029296875,1514.719970703125,1509.56005859375,1513.8199462890625,79147200,,0.0,0.0,0.0,0.0
2024-02-13,1531.3699951171875,1533.1600341796875,1512.6300048828125,1512.6300048828125,181535700,"MGB, Solarvest Rose And Broke Out Above The Downtrend Line: CGSCIMB - BusinessToday Malaysia",0.3,0.525,0.3,0.525
2024-02-14,1529.3299560546875,1530.949951171875,1521.7900390625,1527.7900390625,152259500,View of Islamic Bank Failure: A Case Study - INCEIF University,-0.3166666666666667,0.3,-0.3166666666666667,0.3
2024-02-15,1528.3800048828125,1532.6600341796875,1525.3900146484375,1529.2900390625,172624700,Can I downgrade to an earlier Android version? - Sony Malaysia,0.0,0.5,0.0,0.5
2024-02-16,1533.550048828125,1534.530029296875,1529.300048828125,1530.6800537109375,192387100,,0.0,0.0,0.0,0.0
2024-02-19,1538.6099853515625,1539.25,1530.5799560546875,1533.3499755859375,160694400,,0.0,0.0,0.0,0.0
2024-02-20,1555.5899658203125,1555.5899658203125,1537.93994140625,1538.719970703125,268959800,,0.0,0.0,0.0,0.0
2024-02-21,1552.4000244140625,1554.949951171875,1547.489990234375,1554.0999755859375,241602800,,0.0,0.0,0.0,0.0
2024-02-22,1545.489990234375,1551.969970703125,1542.719970703125,1550.7099609375,172375600,Telekosang Hydro One making progress in boosting transaction liquidity; second plant achieves commercial operations - ram.com.my,0.0,0.0,0.0,0.0
2024-02-23,1549.1099853515625,1551.1500244140625,1544.1800537109375,1546.3499755859375,340781400,Pintaras Jaya Berhad Downgrade to NEUTRAL - MIDF Malaysia,0.0,0.0,0.0,0.0
2024-02-26,1547.5999755859375,1553.9000244140625,1544.469970703125,1548.9300537109375,314099700,"Warisan's plan to reinstate clause on CM appointment will trigger instability, says lawyer - thestar.com.my",0.0,0.0,0.0,0.0
2024-02-27,1558.800048828125,1559.02001953125,1545.1600341796875,1545.52001953125,309551300,"Informal employment sector on a downtrend, says World Bank report - thestar.com.my",0.0,0.0,0.0,0.0
2024-02-28,1545.5899658203125,1556.68994140625,1545.5899658203125,1556.300048828125,298350600,,0.0,0.0,0.0,0.0
2024-02-29,1551.43994140625,1554.7900390625,1544.6700439453125,1547.6199951171875,973066200,Spritzer Berhad Downgrade to Neutral - MIDF Malaysia,0.0,0.0,0.0,0.0
2024-03-01,1538.02001953125,1556.219970703125,1537.1099853515625,1553.1600341796875,304487800,IMPORTANT NOTICE: NEW SERVICE TAX (ST) RATE EFFECTIVE 1 MARCH 2024 - Telekom Malaysia,0.37878787878787873,0.7515151515151516,0.37878787878787873,0.7515151515151516
2024-03-04,1539.27001953125,1547.0999755859375,1537.030029296875,1539.0999755859375,234915700,,0.0,0.0,0.0,0.0
2024-03-05,1536.97998046875,1537.9200439453125,1518.8399658203125,1537.9200439453125,292974200,,0.0,0.0,0.0,0.0
2024-03-06,1531.510009765625,1535.199951171875,1527.9200439453125,1532.449951171875,266505400,"RAM Ratings: Bank margins battered in 2023 - ram.com.my | RAM Ratings: Bank margins battered in 2023 - ram.com.my | Understanding MFRS 116 : Accounting on Property, Plant, and Equipment - THK Management Advisory Sdn Bhd | Cypark has deferred its coupon payment due to tight liquidity - fsmone.com.my",-0.1517857142857143,0.33035714285714285,-0.1517857142857143,0.33035714285714285
2024-03-07,1535.8299560546875,1539.5999755859375,1531.699951171875,1531.699951171875,235394700,OPR In Malaysia: How It Affects You - PropertyGuru,0.0,0.0,0.0,0.0
2024-03-08,1539.8599853515625,1541.1500244140625,1535.3199462890625,1536.52001953125,334762200,,0.0,0.0,0.0,0.0
2024-03-11,1544.7099609375,1547.47998046875,1540.77001953125,1542.010009765625,282742100,DECLARATION BY RESIDENT ON INVESTMENT ABROAD AND INVESTMENT IN FOREIGN CURRENCY ASSET ONSHORE - CGS iTrade,-0.125,0.125,-0.125,0.125
2024-03-12,1554.56005859375,1556.7099609375,1541.3599853515625,1544.949951171875,236872900,,0.0,0.0,0.0,0.0
2024-03-13,1538.1300048828125,1544.739990234375,1536.760009765625,1543.510009765625,230016100,,0.0,0.0,0.0,0.0
2024-03-14,1543.75,1543.75,1533.800048828125,1535.5999755859375,226515700,ITRF Deadlines - hasil.gov.my,0.0,0.0,0.0,0.0
2024-03-15,1552.8299560546875,1552.8299560546875,1535.469970703125,1536.949951171875,499854300,,0.0,0.0,0.0,0.0
2024-03-18,1553.6400146484375,1557.3299560546875,1544.3199462890625,1547.449951171875,263219400,,0.0,0.0,0.0,0.0
2024-03-19,1544.9599609375,1552.0999755859375,1544.9599609375,1551.5899658203125,299513700,"Malaysian Capital Market Developments in 2023 - Securities Commission Malaysia | 'Surging debt can lead to macroeconomic instability' - NST Online | Documents Arnold, B. L., De La Motte, S., Linens, S., Ross, S. E. Ankle instability is associated with balance impairments: A me - IIUM Repository",0.0,0.0,0.0,0.0
2024-03-20,1535.7900390625,1546.0,1535.77001953125,1545.06005859375,182483300,Analysts expect BNM to keep OPR at 3pc throughout 2024 - NST Online | (Tax Update) Is bad debt tax deductible? - KTP & Company PLT,-0.6999999999999998,0.6666666666666666,-0.6999999999999998,0.6666666666666666
2024-03-21,1541.4100341796875,1542.3299560546875,1534.6600341796875,1539.1199951171875,186197400,,0.0,0.0,0.0,0.0
2024-03-22,1542.3900146484375,1543.8399658203125,1537.9200439453125,1541.56005859375,153442100,"Petronas Gas impacted by geopolitical instability, inflation and ringgit in 2023 - NST Online",0.0,0.0,0.0,0.0
2024-03-25,1537.5400390625,1540.22998046875,1532.72998046875,1540.22998046875,144717400,Home - AEON Credit Service - myaeoncredit.com.my | Home - AEON Credit Service - myaeoncredit.com.my | Home - AEON Credit Service - myaeoncredit.com.my | Home - AEON Credit Service - myaeoncredit.com.my,0.0,0.0,0.0,0.0
2024-03-26,1538.4200439453125,1540.510009765625,1532.0699462890625,1536.06005859375,201823400,,0.0,0.0,0.0,0.0
2024-03-27,1530.5999755859375,1536.5799560546875,1528.52001953125,1536.510009765625,213452700,,0.0,0.0,0.0,0.0
2024-03-29,1536.0699462890625,1542.0,1532.030029296875,1532.1099853515625,197606300,Personal Financing-i - myaeoncredit.com.my | Some Johor SMEs losing half of workforce to Singapore - thestar.com.my,-0.08333333333333333,0.23333333333333334,-0.08333333333333333,0.23333333333333334
2024-04-01,1544.02001953125,1544.7099609375,1537.0699462890625,1537.5,113539400,SECTION 264(4A) - Declaration by Firm of Auditors - Suruhanjaya Syarikat Malaysia (SSM),-0.2,0.4,-0.2,0.4
2024-04-02,1547.989990234375,1550.989990234375,1540.77001953125,1543.530029296875,188490400,,0.0,0.0,0.0,0.0
2024-04-03,1537.010009765625,1548.4200439453125,1537.010009765625,1547.2900390625,185700600,Exploring the Ramifications of a Declining Ringgit - university.taylors.edu.my,0.0,0.0,0.0,0.0
2024-04-04,1553.239990234375,1554.3299560546875,1537.25,1538.97998046875,208034400,,0.0,0.0,0.0,0.0
2024-04-05,1555.25,1555.969970703125,1547.9599609375,1551.0699462890625,183477400,,0.0,0.0,0.0,0.0
2024-04-08,1559.97998046875,1560.260009765625,1554.1500244140625,1556.780029296875,136336200,Financing Rates - publicislamicbank.com.my,0.0,0.0,0.0,0.0
2024-04-09,1553.510009765625,1565.5699462890625,1553.4300537109375,1559.9100341796875,148751200,Declaration of Charitable Trust Citation and commencement - SarawakID,0.6,0.8,0.6,0.8
2024-04-12,1551.0400390625,1556.6400146484375,1548.27001953125,1554.0899658203125,225170600,,0.0,0.0,0.0,0.0
2024-04-15,1542.530029296875,1548.3399658203125,1542.530029296875,1545.449951171875,242539900,,0.0,0.0,0.0,0.0
2024-04-16,1535.0,1541.5899658203125,1532.489990234375,1541.0799560546875,299007700,,0.0,0.0,0.0,0.0
2024-04-17,1540.4200439453125,1541.8800048828125,1532.949951171875,1535.050048828125,201296200,,0.0,0.0,0.0,0.0
2024-04-18,1544.760009765625,1548.4599609375,1538.6800537109375,1539.8399658203125,192585300,,0.0,0.0,0.0,0.0
2024-04-19,1547.5699462890625,1552.449951171875,1545.9000244140625,1546.300048828125,217831000,,0.0,0.0,0.0,0.0
2024-04-22,1559.5899658203125,1559.93994140625,1548.3800048828125,1548.5699462890625,162909500,,0.0,0.0,0.0,0.0
2024-04-23,1561.6400146484375,1567.5699462890625,1559.81005859375,1559.81005859375,215225200,,0.0,0.0,0.0,0.0
2024-04-24,1571.47998046875,1572.47998046875,1564.8900146484375,1565.489990234375,217218900,Awards and Recognitions - KIP REIT,0.0,0.0,0.0,0.0
2024-04-25,1569.25,1574.449951171875,1569.030029296875,1573.2900390625,229077400,,0.0,0.0,0.0,0.0
2024-04-26,1575.1600341796875,1575.5699462890625,1566.3399658203125,1567.6700439453125,249177600,The Ringgit's Rollercoaster: Navigating Malaysia Ringgit Volatility - StashAway Malaysia | Hong Leong Assurance - The largest domestic life insurance in Malaysia - Hong Leong Assurance | Hong Leong Assurance - The largest domestic life insurance in Malaysia - Hong Leong Assurance,0.0,0.1,0.0,0.1
2024-04-29,1582.6600341796875,1583.3399658203125,1575.0,1576.300048828125,284290000,,0.0,0.0,0.0,0.0
2024-04-30,1575.969970703125,1589.06005859375,1575.969970703125,1583.5799560546875,333275400,Evaluating Effectiveness of Group Intervention Working on Executive Function for Children with Attention Deficit Hyperactivity Disorder: A Prospective Observational Cohort Study - The Malaysian Paediatric Association,0.0,0.0,0.0,0.0
2024-05-02,1580.300048828125,1582.6800537109375,1574.27001953125,1574.969970703125,246289200,MRMA Malaysian REIT Forum 2024 - Malaysian REIT Managers Association,0.0,0.0,0.0,0.0
2024-05-03,1589.5899658203125,1590.56005859375,1581.5899658203125,1581.5899658203125,262487200,Malaysian Citation Centre - myjurnal.mohe.gov.my,0.0,0.0,0.0,0.0
2024-05-06,1597.3900146484375,1598.260009765625,1591.1700439453125,1591.800048828125,201147700,,0.0,0.0,0.0,0.0
2024-05-07,1605.6800537109375,1610.3199462890625,1600.6600341796875,1600.8499755859375,265320400,Bursa Malaysia hits all-time high market capitalisation of more than RM2 trillion - thestar.com.my,0.33,0.52,0.33,0.52
2024-05-08,1604.75,1610.25,1602.2900390625,1606.9599609375,216508600,,0.0,0.0,0.0,0.0
2024-05-09,1601.219970703125,1607.3800048828125,1599.2900390625,1606.2099609375,168553600,Deputy Governor's Speech at the National Economic Forum 2024 - Bank Negara Malaysia,0.2,0.2,0.2,0.2
2024-05-10,1600.6700439453125,1604.0699462890625,1599.8399658203125,1603.4599609375,180639100,OPR to reach 2.75% by end-2022 and 3.25% by 1H 2023 - fsmone.com.my,0.0,0.0,0.0,0.0
2024-05-13,1602.9100341796875,1604.800048828125,1600.4300537109375,1602.300048828125,163107600,Unifi UniVerse All-in-One Internet Bundles for Home & Mobile - unifi.com.my,0.0,0.0,0.0,0.0
2024-05-14,1605.8800048828125,1607.4200439453125,1601.43994140625,1601.6199951171875,208290100,"Student dropout rates in Malaysia on downtrend, thanks to early intervention, effective strategies - Twentytwo13",0.3,0.43333333333333335,0.3,0.43333333333333335
2024-05-15,1603.22998046875,1607.6400146484375,1603.22998046875,1605.75,194095600,RM170bil inflows to Malaysia's capital market? - NST Online,0.0,0.0,0.0,0.0
2024-05-16,1611.1099853515625,1611.5699462890625,1604.3800048828125,1604.3800048828125,183263300,,0.0,0.0,0.0,0.0
2024-05-17,1616.6199951171875,1619.449951171875,1611.9300537109375,1612.4200439453125,219231700,,0.0,0.0,0.0,0.0
2024-05-20,1627.5,1629.81005859375,1618.280029296875,1618.280029296875,200289800,,0.0,0.0,0.0,0.0
2024-05-21,1622.0899658203125,1628.3800048828125,1620.800048828125,1628.3800048828125,230614000,,0.0,0.0,0.0,0.0
2024-05-23,1629.1800537109375,1632.7900390625,1620.6600341796875,1620.6600341796875,249478800,,0.0,0.0,0.0,0.0
2024-05-24,1619.4000244140625,1624.9599609375,1614.8299560546875,1624.9599609375,307419100,,0.0,0.0,0.0,0.0
2024-05-27,1618.27001953125,1622.4000244140625,1617.97998046875,1620.6700439453125,177466500,The Effect of Dividend Policy on Share Prices of Bursa Malaysia Listed Companies - UUM eThesis,0.0,0.0,0.0,0.0
2024-05-28,1615.8199462890625,1622.9300537109375,1612.9599609375,1620.6500244140625,214978500,,0.0,0.0,0.0,0.0
2024-05-29,1605.3499755859375,1614.7099609375,1605.3499755859375,1614.7099609375,218199800,75th Anniversary of JPJ - Bank Negara Malaysia,0.0,0.0,0.0,0.0
2024-05-30,1604.260009765625,1608.8399658203125,1602.3199462890625,1603.2099609375,219690300,,0.0,0.0,0.0,0.0
2024-05-31,1596.6800537109375,1612.31005859375,1595.3599853515625,1608.8800048828125,652449300,Telekom Malaysia Berhad Maintain NEUTRAL - MIDF Malaysia,0.0,0.0,0.0,0.0
2024-06-04,1615.4000244140625,1617.4100341796875,1595.3499755859375,1595.93994140625,280419400,,0.0,0.0,0.0,0.0
2024-06-05,1608.530029296875,1622.6500244140625,1608.530029296875,1614.81005859375,197151900,,0.0,0.0,0.0,0.0
2024-06-06,1614.72998046875,1617.050048828125,1609.3399658203125,1611.8199462890625,233096300,,0.0,0.0,0.0,0.0
2024-06-07,1617.8599853515625,1622.489990234375,1614.9300537109375,1615.969970703125,213524300,"How Does OPR Impact Your Home Loans? - iProperty | How Does OPR Impact Your Home Loans? - iProperty | DOES THE SHARIA-COMPLIANT STATUS REMOVAL ANNOUNCEMENT MATTER? LIQUIDITY, TRADING ACTIVITIES AND INSTITUTIONAL INVESTORS - Universiti Sains Malaysia",0.0,0.0,0.0,0.0
2024-06-10,1614.3699951171875,1619.239990234375,1613.010009765625,1619.239990234375,158084400,The Effects of Standardisation of Trading Board Lot And Bonus Issue On Stock Returns And Liquidity - UUM eThesis,0.0,0.0,0.0,0.0
2024-06-11,1611.489990234375,1617.3699951171875,1609.260009765625,1617.0,273386100,,0.0,0.0,0.0,0.0
2024-06-12,1608.949951171875,1618.989990234375,1608.949951171875,1616.6300048828125,202814000,,0.0,0.0,0.0,0.0
2024-06-13,1610.1700439453125,1616.8399658203125,1609.1300048828125,1612.5799560546875,218593000,Untitled - UiTM Institutional Repository,0.0,0.0,0.0,0.0
2024-06-14,1607.3199462890625,1611.9000244140625,1604.47998046875,1611.0,225453600,German companies in Malaysia worry about geopolitical instability - Lumi News Malaysia,0.0,0.0,0.0,0.0
2024-06-18,1606.1300048828125,1615.0899658203125,1606.1300048828125,1609.3900146484375,232582800,,0.0,0.0,0.0,0.0
2024-06-19,1599.7900390625,1609.219970703125,1599.7900390625,1608.469970703125,211950200,AD Liquidity Partners Sdn Bhd Company Overview & Details - Maukerja | Rakuten Trade Launches Raku-Invest - Rakuten Trade,0.0,0.0,0.0,0.0
2024-06-20,1592.68994140625,1596.27001953125,1590.3699951171875,1596.27001953125,189841500,Baraka Telecoms Sdn Bhd Company Overview & Details - Maukerja | Top Glove Corporation Berhad Downgrade to SELL - MIDF Malaysia,0.5,0.5,0.5,0.5
2024-06-21,1590.3699951171875,1598.1600341796875,1590.0,1593.4100341796875,497243500,,0.0,0.0,0.0,0.0
2024-06-24,1589.6600341796875,1594.0899658203125,1582.780029296875,1589.8699951171875,218922400,,0.0,0.0,0.0,0.0
2024-06-25,1585.3800048828125,1594.7099609375,1582.3499755859375,1589.7099609375,229698100,,0.0,0.0,0.0,0.0
2024-06-26,1590.949951171875,1593.4200439453125,1581.760009765625,1586.3900146484375,203208300,,0.0,0.0,0.0,0.0
2024-06-27,1584.93994140625,1592.260009765625,1582.31005859375,1591.530029296875,198108200,,0.0,0.0,0.0,0.0
2024-06-28,1590.0899658203125,1590.0899658203125,1581.52001953125,1583.530029296875,213091600,Detailed Disclosure of International Reserves as at end-May 2024 - Bank Negara Malaysia,0.2,0.375,0.2,0.375
2024-07-01,1598.199951171875,1598.3599853515625,1587.030029296875,1590.260009765625,163914800,Expert: MA63 will be key campaign issue if by-election is held - mca.org.my,0.0,1.0,0.0,1.0
2024-07-02,1597.9599609375,1602.52001953125,1595.6199951171875,1598.5799560546875,232831300,,0.0,0.0,0.0,0.0
2024-07-03,1615.3199462890625,1615.3199462890625,1599.5999755859375,1599.5999755859375,207024100,Targeted fuel subsidy sees decrease in diesel seizures - Armizan - NST Online,-0.05,0.0,-0.05,0.0
2024-07-04,1616.75,1619.75,1614.7099609375,1615.9599609375,213023400,,0.0,0.0,0.0,0.0
2024-07-05,1611.02001953125,1616.260009765625,1608.4100341796875,1615.760009765625,151108400,,0.0,0.0,0.0,0.0
2024-07-09,1614.4200439453125,1618.02001953125,1613.1500244140625,1617.1400146484375,251992400,,0.0,0.0,0.0,0.0
2024-07-10,1618.3800048828125,1620.8299560546875,1613.6500244140625,1613.7099609375,223438200,,0.0,0.0,0.0,0.0
2024-07-11,1623.1199951171875,1628.3499755859375,1620.02001953125,1621.1600341796875,266203500,Economic Report - MIDF Malaysia,0.2,0.2,0.2,0.2
2024-07-12,1619.06005859375,1622.969970703125,1616.219970703125,1622.72998046875,235110500,How Does Inflation Affect Your Savings as a Malaysian? - kwsp.gov.my,0.0,0.0,0.0,0.0
2024-07-15,1629.8199462890625,1632.68994140625,1619.18994140625,1619.8599853515625,224771200,Car Depreciation Rate Malaysia: 8 Important Factors to Consider - Qoala Malaysia,0.4,1.0,0.4,1.0
2024-07-16,1625.9599609375,1633.969970703125,1624.3900146484375,1631.72998046875,234839500,,0.0,0.0,0.0,0.0
2024-07-17,1633.5400390625,1638.030029296875,1629.8900146484375,1629.97998046875,205720300,,0.0,0.0,0.0,0.0
2024-07-18,1633.81005859375,1634.239990234375,1627.9300537109375,1633.699951171875,247984400,,0.0,0.0,0.0,0.0
2024-07-19,1636.550048828125,1638.2900390625,1632.530029296875,1634.06005859375,209483800,,0.0,0.0,0.0,0.0
2024-07-22,1622.0699462890625,1637.1199951171875,1616.739990234375,1637.1199951171875,197940000,,0.0,0.0,0.0,0.0
2024-07-23,1629.6800537109375,1632.5,1625.22998046875,1625.22998046875,208960700,,0.0,0.0,0.0,0.0
2024-07-24,1621.1400146484375,1631.31005859375,1619.7099609375,1631.31005859375,167169600,The Impact of the COVID-19 Pandemic on Indonesia's Energy Transition - spaj.ukm.my,0.0,0.0,0.0,0.0
2024-07-25,1615.1800537109375,1618.0,1610.5799560546875,1617.0799560546875,161845600,Bursa Malaysia closes lower as investors continue profit-taking - NST Online,0.0,0.0,0.0,0.0
2024-07-26,1612.8800048828125,1616.8299560546875,1610.6500244140625,1613.989990234375,157390600,Page 163 - kwap.gov.my,0.0,0.0,0.0,0.0
2024-07-29,1624.56005859375,1625.550048828125,1616.3499755859375,1617.1600341796875,169030700,Fiscal & Revenue Budget 2023 - Portal Rasmi Kementerian Kewangan | FSMOne Mid-Year Review 2024: Malaysia Equities - Capitalizing on External Drivers - fsmone.com.my,0.0,0.1,0.0,0.1
2024-07-30,1611.93994140625,1629.3699951171875,1611.93994140625,1624.780029296875,188249200,,0.0,0.0,0.0,0.0
2024-07-31,1625.5699462890625,1627.93994140625,1611.5999755859375,1613.3299560546875,223534700,Buy Insurance and Takaful Products Online - Zurich Malaysia | Detailed Disclosure of International Reserves as at end-June 2024 - Bank Negara Malaysia | Buy Insurance and Takaful Products Online - Zurich Malaysia,0.2,0.375,0.2,0.375
2024-08-01,1624.25,1626.3499755859375,1621.43994140625,1625.8699951171875,176147500,Manulife Asian Small Cap Equity Fund - eUnittrust,-0.125,0.2,-0.125,0.2
2024-08-02,1611.050048828125,1619.31005859375,1607.75,1619.31005859375,244657700,,0.0,0.0,0.0,0.0
2024-08-05,1536.47998046875,1593.3599853515625,1532.239990234375,1593.3599853515625,560210500,,0.0,0.0,0.0,0.0
2024-08-06,1574.3900146484375,1574.3900146484375,1529.0899658203125,1542.1400146484375,352168600,,0.0,0.0,0.0,0.0
2024-08-07,1591.8699951171875,1596.5999755859375,1563.77001953125,1576.1199951171875,240479600,,0.0,0.0,0.0,0.0
2024-08-08,1590.3800048828125,1593.239990234375,1579.68994140625,1585.9599609375,214625200,,0.0,0.0,0.0,0.0
2024-08-09,1596.050048828125,1604.06005859375,1591.75,1601.1600341796875,170811600,,0.0,0.0,0.0,0.0
2024-08-12,1606.6600341796875,1609.5699462890625,1598.530029296875,1598.530029296875,161802300,,0.0,0.0,0.0,0.0
2024-08-13,1609.52001953125,1609.52001953125,1598.300048828125,1605.8399658203125,165937700,Cabinet Archives - Recafi Furniture,0.0,0.0,0.0,0.0
2024-08-14,1612.3499755859375,1613.6300048828125,1606.489990234375,1611.7900390625,168958900,Enhanced stability of cluster-based location service mechanism for urban vehicular ad hoc networks - UTM Open Science,0.0,0.25,0.0,0.25
2024-08-15,1612.93994140625,1614.68994140625,1605.68994140625,1614.6300048828125,168628700,Ringgit continues downtrend amid cautious sentiment - NST Online,0.0,0.0,0.0,0.0
2024-08-16,1623.9000244140625,1624.7099609375,1617.1800537109375,1622.199951171875,192800500,,0.0,0.0,0.0,0.0
2024-08-19,1648.699951171875,1653.3499755859375,1624.5799560546875,1625.1400146484375,400059100,,0.0,0.0,0.0,0.0
2024-08-20,1642.77001953125,1660.2900390625,1637.449951171875,1649.56005859375,435814900,,0.0,0.0,0.0,0.0
2024-08-21,1635.3199462890625,1646.3800048828125,1633.6400146484375,1641.719970703125,229135100,,0.0,0.0,0.0,0.0
2024-08-22,1641.6600341796875,1642.1400146484375,1634.68994140625,1640.3299560546875,258146100,,0.0,0.0,0.0,0.0
2024-08-23,1635.739990234375,1644.43994140625,1633.31005859375,1643.3299560546875,157513400,MSM Malaysia Holdings Berhad Downgrade to NEUTRAL - MIDF Malaysia,0.0,0.0,0.0,0.0
2024-08-26,1638.9599609375,1643.949951171875,1634.719970703125,1639.8199462890625,191621700,,0.0,0.0,0.0,0.0
2024-08-27,1652.2900390625,1653.1199951171875,1639.1600341796875,1639.1600341796875,281615500,Short selling in Notion Vtec's shares suspended for second time in a week - NST Online,0.0,0.15,0.0,0.15
2024-08-28,1675.239990234375,1681.3699951171875,1657.77001953125,1657.77001953125,436809600,Customer churn prediction using machine learning: A Malaysian telecommunication industry case study - MMU Institutional Repository,0.0,0.0,0.0,0.0
2024-08-29,1653.550048828125,1684.6800537109375,1651.72998046875,1672.949951171875,333067600,Determinants of Foreign Direct Investment in Malaysia and other Asian Countries - TAR UMT Institutional Repository,-0.0375,0.225,-0.0375,0.225
2024-08-30,1678.800048828125,1679.8499755859375,1651.0999755859375,1658.47998046875,713923400,,0.0,0.0,0.0,0.0
2024-09-02,1678.18994140625,1683.4300537109375,1671.9000244140625,1680.3599853515625,207989000,,0.0,0.0,0.0,0.0
2024-09-03,1676.6500244140625,1684.06005859375,1673.8599853515625,1677.8199462890625,216652100,,0.0,0.0,0.0,0.0
2024-09-04,1670.239990234375,1675.530029296875,1662.219970703125,1662.6500244140625,231641900,,0.0,0.0,0.0,0.0
2024-09-05,1664.8199462890625,1677.4599609375,1663.1800537109375,1670.550048828125,301092500,Bank Negara Malaysia keeps OPR unchanged at three pct - Selangor Journal | Bank Negara Malaysia keeps OPR unchanged at three pct - Selangor Journal,0.0,0.0,0.0,0.0
2024-09-06,1653.1199951171875,1671.8299560546875,1648.4200439453125,1669.469970703125,338233700,,0.0,0.0,0.0,0.0
2024-09-09,1651.489990234375,1659.1099853515625,1642.31005859375,1647.199951171875,344983500,Monetary Stability - Bank Negara Malaysia,0.0,0.0,0.0,0.0
2024-09-10,1660.3499755859375,1661.0899658203125,1649.530029296875,1653.800048828125,343812800,Monetary Policy Committee - Bank Negara Malaysia,0.0,0.0,0.0,0.0
2024-09-11,1639.800048828125,1654.3800048828125,1638.9000244140625,1653.5699462890625,289597400,,0.0,0.0,0.0,0.0
2024-09-12,1638.31005859375,1649.8699951171875,1637.9100341796875,1644.0400390625,260029100,,0.0,0.0,0.0,0.0
2024-09-13,1652.1500244140625,1652.25,1638.43994140625,1642.6300048828125,234704000,,0.0,0.0,0.0,0.0
2024-09-17,1664.280029296875,1664.989990234375,1651.550048828125,1654.31005859375,0,,0.0,0.0,0.0,0.0
2024-09-18,1660.5899658203125,1664.780029296875,1654.0,1664.3299560546875,174843900,,0.0,0.0,0.0,0.0
2024-09-19,1665.6500244140625,1665.8399658203125,1657.1300048828125,1663.27001953125,297365300,,0.0,0.0,0.0,0.0
2024-09-20,1668.8199462890625,1674.0400390625,1668.47998046875,1670.6800537109375,512720600,,0.0,0.0,0.0,0.0
2024-09-23,1665.300048828125,1671.6199951171875,1658.47998046875,1669.9100341796875,234422400,,0.0,0.0,0.0,0.0
2024-09-24,1670.3699951171875,1671.469970703125,1665.510009765625,1667.25,209130800,,0.0,0.0,0.0,0.0
2024-09-25,1673.3800048828125,1675.72998046875,1665.18994140625,1674.06005859375,239938800,Absolute poverty in urban households grew post-Covid-19 reversing previous years' downtrend - KRI report - NST Online | PRoFITABILITY IN coMMERCIAL - UiTM Institutional Repository | Untitled - UiTM Institutional Repository,0.008333333333333338,0.26666666666666666,0.008333333333333338,0.26666666666666666
2024-09-26,1671.3199462890625,1672.5999755859375,1666.18994140625,1670.18994140625,223455500,,0.0,0.0,0.0,0.0
2024-09-27,1660.0899658203125,1668.5899658203125,1658.489990234375,1668.5899658203125,204790600,,0.0,0.0,0.0,0.0
2024-09-30,1648.9100341796875,1661.8900146484375,1647.280029296875,1661.8900146484375,279911900,,0.0,0.0,0.0,0.0
2024-10-01,1656.3900146484375,1657.3199462890625,1643.1099853515625,1647.4200439453125,175516900,BNM Annual Report 2024 - Bank Negara Malaysia,0.0,0.0,0.0,0.0
2024-10-02,1639.31005859375,1647.300048828125,1633.0799560546875,1642.780029296875,209417000,Bursa Malaysia downtrend continues as 'cash is king' for investors - NST Online | Bursa in red amid rising Middle East tension - NST Online,0.0,0.0,0.0,0.0
2024-10-03,1641.550048828125,1643.8199462890625,1630.449951171875,1640.699951171875,196807000,Untitled - UiTM Institutional Repository,0.0,0.0,0.0,0.0
2024-10-04,1629.969970703125,1639.2900390625,1625.3499755859375,1638.489990234375,207710900,Technical Watch - Mercury Securities,0.0,0.1,0.0,0.1
2024-10-07,1635.2900390625,1637.2900390625,1628.1199951171875,1633.5799560546875,204278000,,0.0,0.0,0.0,0.0
2024-10-08,1635.6199951171875,1638.8699951171875,1629.219970703125,1631.6300048828125,217848800,,0.0,0.0,0.0,0.0
2024-10-09,1634.9100341796875,1642.2900390625,1634.9100341796875,1637.6600341796875,157353300,,0.0,0.0,0.0,0.0
2024-10-10,1640.93994140625,1646.1400146484375,1638.6700439453125,1639.75,146543200,,0.0,0.0,0.0,0.0
2024-10-11,1633.550048828125,1643.0699462890625,1631.8900146484375,1635.7900390625,301967800,Discover Sharlife's Crypto Screener - Sharlife,0.0,0.0,0.0,0.0
2024-10-14,1636.5400390625,1642.56005859375,1632.3699951171875,1637.1700439453125,208720300,Depreciation of US dollar against the ringgit could pose challenges for Top Glove - NST Online,0.5,0.5,0.5,0.5
2024-10-15,1641.969970703125,1643.6400146484375,1636.8900146484375,1638.56005859375,274146500,Liquidity Risk Policy Document - Bank Negara Malaysia | Liquidity Risk Policy Document - Bank Negara Malaysia | Liquidity Risk Policy Document - Bank Negara Malaysia,0.0,0.0,0.0,0.0
2024-10-16,1632.6300048828125,1643.800048828125,1629.81005859375,1643.800048828125,272688900,,0.0,0.0,0.0,0.0
2024-10-17,1641.43994140625,1642.9300537109375,1633.719970703125,1634.469970703125,178991000,,0.0,0.0,0.0,0.0
2024-10-18,1645.989990234375,1649.31005859375,1641.7099609375,1643.2900390625,166904600,THE ROLE OF NEW MEDIA IN SPREADING AWARENESS OF THE INCREASING OVERNIGHT POLICY RATE (OPR) AMONG MALAYSIANS COMMUNITY - I-iECONS e-proceedings | Malaysia Press Release 2024: 2025 Budget Statement - Funding Societies Malaysia | BUDGET COMMENTARY - UHY Malaysia,0.13636363636363635,0.45454545454545453,0.13636363636363635,0.45454545454545453
2024-10-21,1645.6800537109375,1648.050048828125,1642.52001953125,1646.7099609375,130424800,Budget 2025 - SME BANK Malaysia,0.0,0.0,0.0,0.0
2024-10-22,1642.5400390625,1648.31005859375,1642.3499755859375,1647.4599609375,166832000,,0.0,0.0,0.0,0.0
2024-10-23,1641.530029296875,1645.9000244140625,1641.530029296875,1644.2099609375,157102800,Ringgit continues downtrend amid uncertainty over US presidential election - thestar.com.my,0.0,0.0,0.0,0.0
2024-10-24,1632.22998046875,1643.0799560546875,1632.22998046875,1639.050048828125,183426400,,0.0,0.0,0.0,0.0
2024-10-25,1618.300048828125,1635.280029296875,1617.5999755859375,1633.02001953125,187850900,,0.0,0.0,0.0,0.0
2024-10-28,1610.469970703125,1630.3900146484375,1609.8699951171875,1622.3399658203125,165445500,"Policy insights into Budget 2025: fiscal reforms, social protection, energy and climate action - Institute of Strategic & International Studies (ISIS) Malaysia",0.044444444444444446,0.05555555555555556,0.044444444444444446,0.05555555555555556
2024-10-29,1615.0799560546875,1619.050048828125,1609.699951171875,1612.3699951171875,191664000,,0.0,0.0,0.0,0.0
2024-10-30,1601.8800048828125,1615.3599853515625,1601.449951171875,1614.9000244140625,258086300,,0.0,0.0,0.0,0.0
2024-11-01,1603.97998046875,1607.0400390625,1589.27001953125,1591.06005859375,200505300,,0.0,0.0,0.0,0.0
2024-11-04,1616.4300537109375,1616.4300537109375,1607.75,1607.75,149138400,,0.0,0.0,0.0,0.0
2024-11-05,1620.699951171875,1620.699951171875,1613.9100341796875,1618.199951171875,165303900,,0.0,0.0,0.0,0.0
2024-11-06,1634.1700439453125,1634.1700439453125,1623.52001953125,1624.4100341796875,186223800,Economic Report - MIDF Malaysia | Bursa Malaysia rises as Bank Negara holds OPR steady amid Trump victory - thestar.com.my,0.18333333333333335,0.35,0.18333333333333335,0.35
2024-11-07,1623.280029296875,1639.550048828125,1622.75,1636.1400146484375,248637300,,0.0,0.0,0.0,0.0
2024-11-08,1621.239990234375,1627.6199951171875,1621.239990234375,1627.6199951171875,124916600,,0.0,0.0,0.0,0.0
2024-11-11,1609.260009765625,1627.22998046875,1609.239990234375,1625.6300048828125,139228000,Foreign investors maintain selling streak on Bursa Malaysia with RM392mil outflow - thestar.com.my | Modern Design TV Cabinet (More Choice) - Shopee Malaysia,0.19166666666666665,0.30833333333333335,0.19166666666666665,0.30833333333333335
2024-11-12,1608.4300537109375,1615.9599609375,1605.4300537109375,1610.02001953125,188480100,Neta Facing Financial Instability - Piston.my | Emergency Shower & Eyewash - method.com.my,0.0,0.0,0.0,0.0
2024-11-13,1611.5,1611.5400390625,1602.7099609375,1608.6099853515625,137174800,PRUServices - Prudential | PRUServices - Prudential | PRUServices - Prudential,0.0,0.0,0.0,0.0
2024-11-14,1600.6800537109375,1615.8399658203125,1598.6400146484375,1614.8900146484375,196289600,,0.0,0.0,0.0,0.0
2024-11-15,1592.43994140625,1604.510009765625,1592.43994140625,1601.4300537109375,256533800,Foreign Direct Investment (FDI) Flows - Department of Statistics Malaysia,-0.012499999999999997,0.2625,-0.012499999999999997,0.2625
2024-11-18,1604.0400390625,1605.4100341796875,1591.489990234375,1592.9100341796875,173933200,Foreign investors record RM259.8mil weekly net outflow from Bursa Malaysia - thestar.com.my,-0.0625,0.0625,-0.0625,0.0625
2024-11-19,1602.3399658203125,1608.8800048828125,1601.02001953125,1603.1800537109375,161534500,,0.0,0.0,0.0,0.0
2024-11-20,1598.1800537109375,1606.280029296875,1594.510009765625,1602.8800048828125,185770600,Bursa Malaysia continues downtrend as investors remain on cautious mode - NST Online,0.0,0.0,0.0,0.0
2024-11-21,1588.6800537109375,1599.93994140625,1588.6800537109375,1599.81005859375,204393700,2025 Budget Seminar - Chartered Tax Institute Of Malaysia,0.0,0.0,0.0,0.0
2024-11-22,1589.780029296875,1593.8499755859375,1587.739990234375,1593.0400390625,204266200,,0.0,0.0,0.0,0.0
2024-11-25,1597.449951171875,1609.2900390625,1588.4599609375,1593.8699951171875,637394100,,0.0,0.0,0.0,0.0
2024-11-26,1603.1500244140625,1607.760009765625,1596.030029296875,1600.5,176537000,Ta Ann Holdings Berhad Downgrade to NEUTRAL - MIDF Malaysia,0.0,0.0,0.0,0.0
2024-11-27,1604.25,1609.4100341796875,1600.8299560546875,1601.3399658203125,244744300,Tan Chong Motor Holdings Berhad Downgrade to SELL - MIDF Malaysia,0.0,0.0,0.0,0.0
2024-11-28,1597.489990234375,1608.010009765625,1597.489990234375,1606.3199462890625,186825600,"Bursa Malaysia falls below 1,600, tycoon Ananda Krishnan's companies share prices drop - NST Online | List of Approved Insurance and Takaful Brokers - Bank Negara Malaysia",0.0,0.0,0.0,0.0
2024-11-29,1594.2900390625,1603.5899658203125,1586.3900146484375,1596.3599853515625,264216600,Detailed Disclosure of International Reserves as at end-October 2024 - Bank Negara Malaysia,0.2,0.375,0.2,0.375
2024-12-02,1595.47998046875,1603.93994140625,1593.3699951171875,1596.8399658203125,169145800,Padini Holdings Berhad Downgrade to NEUTRAL Disappointing Start - MIDF Malaysia,-0.6,0.7,-0.6,0.7
2024-12-03,1606.9599609375,1606.9599609375,1594.0699462890625,1599.3199462890625,275533700,,0.0,0.0,0.0,0.0
2024-12-04,1614.0899658203125,1616.030029296875,1606.530029296875,1606.969970703125,231303800,Explainer-What we know about South Korea's martial law declaration - thestar.com.my,0.0,0.0,0.0,0.0
2024-12-05,1615.6400146484375,1617.780029296875,1610.77001953125,1616.1400146484375,190971200,,0.0,0.0,0.0,0.0
2024-12-06,1613.25,1617.5699462890625,1611.25,1615.8499755859375,219299100,Anti-Bribery and Anti-Corruption Declaration - S & J Bar Code Sdn Bhd,0.0,0.0,0.0,0.0
2024-12-09,1611.4300537109375,1611.4300537109375,1602.93994140625,1610.6199951171875,151300500,Foreign selling on Bursa Malaysia continues with net outflow of RM761.4mil - thestar.com.my,-0.0625,0.0625,-0.0625,0.0625
2024-12-10,1608.969970703125,1615.9300537109375,1607.8800048828125,1612.6500244140625,182557200,,0.0,0.0,0.0,0.0
2024-12-11,1603.199951171875,1605.010009765625,1598.9300537109375,1603.18994140625,178589300,,0.0,0.0,0.0,0.0
2024-12-12,1602.0799560546875,1605.949951171875,1597.1199951171875,1601.8299560546875,160848300,,0.0,0.0,0.0,0.0
2024-12-13,1608.75,1611.97998046875,1603.739990234375,1603.8599853515625,145118100,,0.0,0.0,0.0,0.0
2024-12-16,1606.8499755859375,1609.4300537109375,1603.2099609375,1608.8800048828125,142536000,Foreign investors extend Bursa Malaysia sell-off with RM882.4mil outflow - thestar.com.my | Bursa Malaysia continues downtrend as investors stay on the sidelines - NST Online,-0.125,0.125,-0.125,0.125
2024-12-17,1597.3299560546875,1606.81005859375,1594.510009765625,1605.260009765625,179740700,,0.0,0.0,0.0,0.0
2024-12-18,1599.5799560546875,1602.3800048828125,1594.75,1597.3299560546875,145107900,China capital markets outflow hits record high - thestar.com.my,0.16,0.5399999999999999,0.16,0.5399999999999999
2024-12-19,1600.0899658203125,1600.72998046875,1590.8299560546875,1595.1800537109375,310879600,Insecure WiFi NetWork - Touch 'n Go eWallet Help Centre | Insecure WiFi NetWork - Touch 'n Go eWallet Help Centre | Insecure WiFi NetWork - Touch 'n Go eWallet Help Centre,-0.5,0.875,-0.5,0.875
2024-12-20,1591.4100341796875,1606.280029296875,1591.4100341796875,1600.4100341796875,419509500,Customer Help Centre - CIMB Malaysia | BizChannel@CIMB: One-Stop Digital Banking Solution for Your Business - CIMB Malaysia | Customer Help Centre - CIMB Malaysia | BizChannel@CIMB: One-Stop Digital Banking Solution for Your Business - CIMB Malaysia | BizChannel@CIMB: One-Stop Digital Banking Solution for Your Business - CIMB Malaysia | Customer Help Centre - CIMB Malaysia,0.0,0.0,0.0,0.0
2024-12-23,1596.199951171875,1601.9000244140625,1592.5699462890625,1594.0999755859375,164811900,Foreign investors offload RM1.07bil on Bursa Malaysia for ninth week running - thestar.com.my | List of Registered Adjusters - Bank Negara Malaysia,-0.125,0.125,-0.125,0.125
2024-12-24,1602.989990234375,1603.8900146484375,1596.6400146484375,1596.6400146484375,95048400,IHH Annual Report 2023 - INSAGE (MSC) SDN BHD | WARTA KERAJAAN PERSEKUTUAN FEDERAL GOVERNMENT GAZETTE - repositori.kpdn.gov.my,0.0,0.0,0.0,0.0
2024-12-26,1613.699951171875,1615.280029296875,1602.7900390625,1603.5799560546875,120934600,,0.0,0.0,0.0,0.0
2024-12-27,1628.1400146484375,1632.6300048828125,1616.68994140625,1617.56005859375,130614200,"Consulate General of Malaysia, Xian - kln.gov.my",0.05000000000000002,0.5,0.05000000000000002,0.5
2024-12-30,1637.6800537109375,1638.56005859375,1624.9200439453125,1626.1400146484375,134711300,Bursa Malaysia registers net outflow of RM231.9mil of foreign funds - thestar.com.my,-0.0625,0.0625,-0.0625,0.0625
2024-12-31,1642.3299560546875,1644.5400390625,1632.8499755859375,1638.4300537109375,161319700,Detailed Disclosure of International Reserves as at end-November 2024 - Bank Negara Malaysia | Monetary and Financial Developments in November 2024 - Bank Negara Malaysia | Does Tax Policy Change Affect Tax Avoidance Behaviour? Evidence from the Thin Capitalisation Rule in Indonesia - eJournal UM,0.0,0.4,0.0,0.4
