keyword,headline,link,date
interest rates,TIA-i May 2025 Campaign | Returns up to 3.80% p.a. | CIMB Islamic - CIMB Malaysia,https://news.google.com/rss/articles/CBMijAFBVV95cUxQakpjcXA5SURWR0o4R0ZPZ3lxYjJJZEJ5cUJMS2xjMTB1OWlJVG5tSXVlSTlZaFhjU0RSTGhPU1NWNC1SSWJuVU93Zllmb1N6RUZjRkQyQVdfZUpzNDlzRVdPNUVNTGYyWUFVY0RXc2lNelJmbE9SX2ZHLXhHa21XcDVfNFhMbTNBNExCSA?oc=5,2024-08-29 11:13:49
interest rates,BSN MYGOLD ACCOUNT-i - bsn.com.my,https://news.google.com/rss/articles/CBMiWkFVX3lxTFBCMnNFVlppa3RLc0I0cFpoOTlyTWM4LWZSTjJxUzJDbTU4Y0ozcXFNN0F2dE14bFotaFdkVThwS1RfTHpzUS11U1kzb1cyNnlKQWRVaUJaQmY5QQ?oc=5,2023-08-28 00:23:19
interest rates,Personal Loan | Flexible Financing Plans - UOB Malaysia,https://news.google.com/rss/articles/CBMiaEFVX3lxTE5LZzUtc19GQ3hMLXNIZ1VtY0RqV2NNTG12di1McTl0R3ZDSlZPOVE0b3hRb05BN0lrbzJSMHVVdEVockkyWmpYREZ6dmVoajc0X3hobC11b0k2MGNpQWdOMS1YaXliV0pW?oc=5,2019-08-03 23:36:08
interest rates,EzyCash | Instant Cash From Your Credit Card | Maybank Malaysia - Maybank2u,https://news.google.com/rss/articles/CBMinAFBVV95cUxPUWJmM1pSRExFeGRralRxeVV5WGtYbC1jdjB2Y0o3cnZ1UHJiZ3JFS090MkpPNk5DcnpYS1lJcEstZWs1Y1Z0TTA4aW83dTRCZ0pBa3RhMjMzbVBlclFBeHdQeXdaQ0RsdWw5bi1QdHNDaGdqekt4ZTZlQkxzX0NtZkFjRlgyWWNQWmV4ZWZjNG1ZN0RHUUppSk5ZdU8?oc=5,2020-06-04 06:21:22
interest rates,Premier Banking | Apply Premier Account Online | Maybank Malaysia - Maybank2u,https://news.google.com/rss/articles/CBMioAFBVV95cUxNVFh4WlZQRUtUSGtDTGJfa1BfenJLUFZlcDMyczlLM3U5NTMzV0hxeDVxSkp0SVM0LVlqZDh1Ujg0WE1tTFVQSzNGR0dUX0JYR0VhVmdReE1HU2FWSXN6cEtlakduNV9DRUpMbkZVR1RjYl9zT1pLX3JmRVNiWW9DRWo2SmtxLTRhcU9jMWF3enBPSU5SMXQxdTVFQWN6RnJT?oc=5,2019-05-12 13:18:59
interest rates,Monetary Stability - Bank Negara Malaysia,https://news.google.com/rss/articles/CBMiU0FVX3lxTFA5cGJPdGw3elpPa1lPampGWTJ3WXVXa3o0ZHI0Sy1MUl9wMmVpUmVRdnJGVVRJQzFvVzhxTzdYd204WDhvdzdxZzhqMHRUcXNvcGgw?oc=5,2020-12-18 13:07:58
interest rates,Everyday Global Account - HSBC Malaysia,https://news.google.com/rss/articles/CBMiakFVX3lxTE00NVFDVkVfVEpHZEoxd0t6eUNJSDJmdE01NDRpNjM5NFB5VlI1R2lOdmRldHB1bm5yeFRTU2RYQ1JUREd4N1p6YWtlY1dMUjdVSFpNaFNmMkliTXRsX3RuT0VmZS1rdDZJWnc?oc=5,2019-06-10 06:26:27
interest rates,HSBC Card Instalment Plan | Credit Cards - HSBC Malaysia,https://news.google.com/rss/articles/CBMidkFVX3lxTE5xVEhtSHJ6RHR6LU1GQXhBN2U3ZlFwWmJ3VkV5cXVkdERmMEx0WHdIRHlNWVhnbTRRdnZzYWkwMVNobFRvcUtoOGJtYmdOcDl3blVlTDZ5dGxQR0xlLTBJbngzRTRwV2NiX0NHWEFuX2dhVUdsUWc?oc=5,2021-06-22 03:27:03
interest rates,Loans for Small Business - Alliance Bank,https://news.google.com/rss/articles/CBMiaEFVX3lxTE42Ymc2VEpHZ1czVVNjX1lxS1dTX2N3R084SFpJVU16ZENFemtFQUpuWkF5ZnFsc3VPS3hNbEhfdV96dTBwdGFvZDI5RHVZYlBOWDZhTnN1SE1BLV8wempGcXVKclRuY0FF?oc=5,2023-11-04 19:25:18
interest rates,Savings Accounts Fees and Charges | CIMB - CIMB Malaysia,https://news.google.com/rss/articles/CBMiuwFBVV95cUxQYWVJSk9pODRRaDRpbnVhVnlRREZKQnRqT0N5aWJBVl91UUJhanM1VTV2UUl0cHJVUGtCZC1GckVuRDl3ODZvRm8yUXBUdUlObzNwMlhPSjUzbW13MTZEcUk5RGRmeE5Fd0Vza0hOa1JQUWxJNWlYRHpvSThTV0FYVDQ2X25HRXNuUlN1SHRxaVhHSmRZbjF4dzJrQlZLZ0IzQ3BVblVxV2lRZUh2UG5nQ1pHRGxGenRDUlJj?oc=5,2020-05-06 07:35:01
interest rates,UOB Balance Transfer - UOB Malaysia,https://news.google.com/rss/articles/CBMihwFBVV95cUxQTnJoSkJWcnpzU0Z3YzlVbW5Qc3B6LTlBY0J5Q09vODBPUXhiclV6NVQ5dExqQVQtbXBKbm41dEpEcXpfS2k4Q0ZJTFE3VWFQNTNKREJ4aWZRal85dHhKb1F5Z2pBeUdLX1Y5aERkX0pDXzhuN25jRGU2cTQ3QWRfTXlTZnJYdnM?oc=5,2019-08-05 08:43:47
interest rates,Calculate your credit card repayment - Hong Leong Bank,https://news.google.com/rss/articles/CBMikgFBVV95cUxONUg1WlJRSXpPcEFsUW83RFJ0Y0RhT1hmcHB6WHhHamYzRV9ybm1UU242Unh4enh2S3Z4U1RoTnRUNEphbVFZek9iNllSajcwWlkwekJHVXhrUEZ3Q011Y0hmNmNHLWExVnVESUZPUHBQSGdvaTNDczM1c1BwVk1VQXl2bTZQOHMwUW0ydzJZNFVvdw?oc=5,2019-01-15 15:56:58
interest rates,Monetary Policy in 2009 - Bank Negara Malaysia,https://news.google.com/rss/articles/CBMiZEFVX3lxTE5pb0R0TjZGMEVMRjE1OUlRYXNsdXMtUlFpdHUycExaU1JicHp2R2ZTTnhmRTdDWUtWNkNVWkM1eFlyaG80Z29SMjdha21TM3lkVGVrdWVQWHM5dXpwTzNweTBpdWo?oc=5,2020-12-18 23:13:51
interest rates,Average Lending Rate Bank Negara Malaysia Schedule Section 140B - hasil.gov.my,https://news.google.com/rss/articles/CBMiqgFBVV95cUxNeDJMdzhwSUtjM2lCbVRuaW5iQXFGUFQzRjg4QVhqcU8zOVlyTnN6bVFhbTRUMmtPbUF4eV9xWDEwLThQN1R3WW9RMTBJcGhjZnY4UWhuVmdkV09iU2RxR2xMTjUzRFYtMnhNWmNNS2ZicEo1a1AwQ2R1c2tCdzN2V191NE9MZ0huVERSMmZLUHRaVnhGUWs0a1UybTlIOHBrTEozTEFNek9lZw?oc=5,2024-02-29 08:00:00
interest rates,Promotions | Personal Loan/Financing-i Campaign Branch Offer - Hong Leong Bank,https://news.google.com/rss/articles/CBMiqwFBVV95cUxPRjV2T1hvdERxdG5YX0tmd3NaaFdaVGMyV1dXeGhLQy1OX1FOY0tuYWJiOGd3bE85V3oxa0dSSHpwOGhCQjR6czUtLW1MazZqVmhGb1ViWjlPQ3dKdzU3eTJsTzc4SGRReFY4elFsbTNCYWVNcGotY3NjRmNhcVJRMUdjZmVhUi1mRFF4aFRFX3YyVm1SN2VBYWMzSlIyY3RXRF9NcmtOa0F0aFU?oc=5,2024-06-30 19:13:04
interest rates,"THE EFFECT OF INFLATION RATE, INTEREST RATE AND UNEMPLOYMENT RATE ON THE ECONOMIC GROWTH OF MALAYSIA - UMS Official Website",https://news.google.com/rss/articles/CBMifkFVX3lxTFBXb1Vvc0NtUm1JUzJWZElMM2JmTkExZ2FnUHREU1dxNzcweS15eDlhTUktSlc4RmtwVjVoUTlBTno2MVFmOU9RSFRWSTNwOXFxdXJEckdlaFdSQXc4SXJkcFh2bnA1R2hmRFZpTDh2VGM1UmhRV3BJTm5NemdCQQ?oc=5,2021-12-21 21:38:05
interest rates,Commercial Property Loan with attractive interest rates - OCBC,https://news.google.com/rss/articles/CBMiggFBVV95cUxNT2ctdnkzbDhqam5TVkJoZW5IRm9pSWpBQWxSMGpORWNQMkliU2QwSXVCaVJBTEtvLURhd1d0ek5scHM2b01SVkY5X2dJTmdqQjVnVkRLMHZGM3dPTE1TNmFQMFFiTS12eW9XaGNMSC1VdUNlN0xySm9vVEpySUZfdmh3?oc=5,2022-11-18 10:22:56
interest rates,1997 Bank Negara Malaysia Annual Report - Bank Negara Malaysia,https://news.google.com/rss/articles/CBMiakFVX3lxTE9lRE1WNDZjSXVKZ1VIQ0xaUWQ5RnI4Z3VKTWpYc2h4alBSaXBIRzhzMXlQUGxmUTE1NVphSFZ1eXp4YlI1TFZJa0VZWGM0SUs3cEdYR1BmX2pPc0FEVkUycl9Vc2l2QnVOeVE?oc=5,2020-12-18 23:03:03
interest rates,eFD/eFD-i Month Long Promotion 2025 - Hong Leong Bank,https://news.google.com/rss/articles/CBMijwFBVV95cUxPMTU2QlRWZnRHdGxDUWJrQ3pTYXYxS1pzOGVzWFZFX0YxSWdMQmVjQzhmN0lpOE1SR19CdDZXaEhQSVlNZjA0cy1FcjU2VUt1NWFEV0FBb01RZnk0cUJob2VFMmcxZ3g3QldyOUIyUVUyN0t0WnR4dXdYUUZmTUZYc0xlUU9xUGhINWpBcFd3Zw?oc=5,2024-09-07 20:00:36
interest rates,MONETARY AND FINANCIAL DEVELOPMENTS Interest rates lowered in line with OPR reductions - Bank Negara Malaysia,https://news.google.com/rss/articles/CBMiYkFVX3lxTE1KX2I2YXl1aXA0R2d4MDRZXzE3dzUtUnpXcXhSV0RzUnFTTW1mTlotMHVuZGx2VEFnTTNjRTVENks0MzZJN0NlM2JFd29iN1QyRkV5SzhPVjFhR0xWUVdiS2xn?oc=5,2021-07-30 14:51:28
interest rates,PRODUCT DISCLOSURE SHEET - Maybank2u,https://news.google.com/rss/articles/CBMikgFBVV95cUxOaF9OYVBIY2lMQXplWjY5QU5QMDh2V3JNb0lKVk5yNEI5TmoxblNfUmFocVNaODJUdE93b1hraEJZT2pWVTdMQVFUQ3JYZUZ0cjFJX0JvTVFsN2dzcnhycjBHRUpQME9rTGZ0SzFBOHZBeC1NNkh1M19nR0FId3JIMVNTcXZyNXhoUGhFM29oMlZ1QQ?oc=5,2023-11-24 06:20:34
interest rates,Interest Rates & Volumes - Bank Negara Malaysia,https://news.google.com/rss/articles/CBMi_ANBVV95cUxONTMyZUlXX1hHMU1uTi1PT1NiRWl0aHFCa1pNUmxHcm1hLWxCYlhVUzJ2QUlkeldqUWpSc1IzRVdmcEhCc2Z6TnJFTjBTQXRmLTFNaEVrN0ZxUGEwZXoyWVlxWDQzVG9ucXNWbTJDc2RFbkkzWjhySUxxUEVoM21NVmNsRmxnYXNhaW8xaHJkZ2hOT2lpaFg2SlFWT05ZS1htTjdieFFHWmY2WWRycnJ5bmVvbU9MalI2NmpvamdlMWtGX211dEpzcFRzRXJxVWdSd0lQZWFIam1EdzlnTzJMeVZmVWw1c19GT1BLQ0hNRzlLTXA2VFlray1LNWt1cnkwVUpCZE54MnZmelpzZzhGVjhtZ21GTFRhNzFvb2dXcmVFY1BDY015UHBiSEtqLXFqemdRX2xUUFB5WEJaRmRqaTlaSUlOYlVtX3VpVlZkbkJvWUR3ZnBLcU5PRjI4TWJoODlKdDZoNV9ud3JhZS12T2NRVlhWOUItRnpxbDR6cnJ3emg4ZWl5ZlI3d2FzOWtmV3VqeEJRVHhaS2FOMW5HcFlmVi01M2hXRXNyQjd1ek5mdDFjdUNucXR3QnRXem1pWXVQbVRvMW9BQXJhZ2t3blNlV0lQYU5qcnROd09iSndNTXpQMjFrSFRJRmgzQVNpN25sNVl3RU95WnBi?oc=5,2021-11-24 01:35:45
interest rates,Cash Plus Personal Loan - CIMB Malaysia,https://news.google.com/rss/articles/CBMisgFBVV95cUxPRFJsemNPRDZ0RjNfc3BLVjR3amk0Ulg5eHR5RlY4R0YyQklNUWo3X1FkRE9kSEp6X0I5T2pmNVFCd3RSWmUwczh2OVdibWozbkpUeDNRWFYtTzRpRFlqaEhULUFnTGM1d2MxNVdhQVR2N1B0d0Z6aW1rN0J2LUhXcHBsYUVyZ1JiM0JuUVVvTkc4dklzYmJLWmV2WGJyVzlFdUJMQnh2THpEOFFTMW9KVEhB?oc=5,2019-11-20 00:52:00
interest rates,CASHLITE - CIMB Malaysia,https://news.google.com/rss/articles/CBMimwFBVV95cUxQRnJPc3FpVkFodENyV0RhNEoteFNHZkF5a21YaG9OUWFydVpZcUpNZmxJZGJ0RFdFa3lNcDFkWFE3bHlkM2JWdmpueDYzZkNRNC1NTlpNQko1eWFTMUdVV21SalRqbmZFdUpWUzZwa0hEOHYtMm45VVY1dFVtQ19JRGR5SWJic3JTajF4a0liOTBPZ1dWSjVDd2VLZw?oc=5,2019-11-19 22:58:26
interest rates,Car Loan Calculator - Perodua,https://news.google.com/rss/articles/CBMiW0FVX3lxTE8xSUlibHBvOElEUHpDQXRIWFBqLV93VS04QVpQX09YdEE3dm1UVElEZm9yeXBQSU5yaVZDWlU0a0JrTmFlWEFKNS1HM0l0dThJS3NBNDVyNUVlRm8?oc=5,2020-01-08 22:59:36
interest rates,Hire Purchase - CIMB Malaysia,https://news.google.com/rss/articles/CBMinwFBVV95cUxPeDVOVGNOWFFKc2phZmlBLXFNZmJRUUhHYmstNlk4OFNDTUw5Wk5hb1NFczJ2Smp0X01Ja1BUcFIzc0VvSUxFQk5iXzZRNmlUS0hIdHFnVVZpNTM5RHctaWhGeFB2dzFDb1NfNjlqbTBpVnAxSXVpQTMwNlE0dkZGM0dlU1RWRzlsTU5QaDVIYmtrbWtwdHJUaWhKekNQRE0?oc=5,2019-11-20 06:38:40
interest rates,Fixed Deposit Account Interest Rates | CIMB - CIMB Malaysia,https://news.google.com/rss/articles/CBMiwAFBVV95cUxNZ0lqNkYxcW5pLXZ6dldOVnBDeXZPZzVDRWhUWThabll3ejFZcm9KNGhYV25wNXViLTB6a05NNEloSnE1dTE4NWZ5RzBvQm9obm80alc3ejJDU2hvUXVmbkE0Uk8ycE1HNmRiWU9HQWRQVlJRcDRiVFNHa0NHT1hEU1BzUG0xTHRCNHQtNVdLY2c2S1JrUXU3d2wtMXlNWWlUMkk3VlZuN1p2YzJBWVBSVkZ2M2k2OWZDMUpDNlQxNHg?oc=5,2020-06-10 05:06:18
interest rates,Interest Rate Policy - Bank Negara Malaysia,https://news.google.com/rss/articles/CBMiWEFVX3lxTE85ZGQ1Y1BRdkJvclhxY0FUNjhiUTROWEpTQ0ZUWlpFTHRLRWRNUTRFemQwLWYtRU5sTDRFaXozNm9LN3dVdnhDUFhlc2VIRm1rd0h3RFgyUmg?oc=5,2022-03-29 01:47:46
interest rates,Revision of Board Rates for Fixed Deposit Account and Fixed Deposit-i Account (FD/-i) - CIMB Malaysia,https://news.google.com/rss/articles/CBMisAFBVV95cUxNYW9pY2FDbXhNWS1GMThKWGd6dDRPN2M4TXNBRVVqVmZTc0Uyem8xb1RNSHN3QmN0eFhQSVlUeS1OT2J1djFlMS01LW53bzJXYVN3b0FGS3JkZXp3QnpOM0k3LVNNR240aWl6Ym1lb3VZUTRHVTlqRnBMeEFCcExPWGNtR0luN1A1cU5DbTVDTTh0c2RfeWVyZG1oaXRHRGtKYnhmTWVUZm5RcDl4TTlRSA?oc=5,2024-10-25 07:00:00
interest rates,How Does OPR Impact Your Home Loans? - iProperty,https://news.google.com/rss/articles/CBMikgFBVV95cUxORk9hWWpGOXBDWnFfMWtkdXp4MFFOMXdyNmhXTG1WTXhITVY3WWMtOFYycGtPZVRPZzJsOFlfcy1aQ01zTVpScms5WUk5emxwbGlkMTFtVEd0dnZFM0xVLVlwVFRSSE5EbTFTSll3MEhzVFlYbXJwY01hMDJQbzhqMk1XNEFGM1k5N2lqUHZlSGd3UQ?oc=5,2024-06-07 07:00:00
interest rates,MaxiHome Flexi Loan - Home Financing - Maybank2u,https://news.google.com/rss/articles/CBMimwFBVV95cUxNYXJDYjU0d05BNUVtRXlNX0h1YndTa0NqRHhfSVI5Sk5GTk1TZFdIZ2VqLUh6blhVckRLWFZfUndvbmJ3MmR3a0xJY24xUWY4XzNRUy1vNHZvcHVLeE93LWxYT1VGclJIVzJrY2MxMmVfSjZWTUdWZll2SUdobEhCektnVjJUb201R0owaTc0c2NtcEc4U0F2b1czZw?oc=5,2020-03-04 01:45:02
interest rates,P 13 Annual Report 2018 Table A.15 Interest Rates (%) As at end-year 2012 2013 2014 2015 2016 2017 2018 Overnight interbank 3.00 - Bank Negara Malaysia,https://news.google.com/rss/articles/CBMidEFVX3lxTE5ka3FJMG9IeXF5enFnYzBWNHdraEZRU0FleEkwMGdaSHpsMkE5NEZoVXY1X2l4NERSN3pxemMzMFJ0QkprY3EtQ0hmQmQtUnFkRjhjTzZXMU1xaGVkdzFIdTBOdHRJU0FnQXZwTW85MXo5dmdC?oc=5,2020-12-16 18:29:48
interest rates,Overnight Policy Rate (OPR) - Ecovis Malaysia,https://news.google.com/rss/articles/CBMihgFBVV95cUxNS3dhZlVPZ3NvWjRSYXFiUWFRVG9OM0pVME8yZnJ2UlE3MGFBdy1PMUdqeUNkb0w2TTRRWTNkQ256NGU1eTRDQ0pzS0c4V1Y3YTk2SDdRakVQWktDSGxXX0MzempWNmhzZjdfcFRyLW56QWk4ZzRQNDdTRnJITjF5ODAtbkN6dw?oc=5,2020-10-18 09:52:08
interest rates,PREFERRED SAVINGS ACCOUNT-i - CIMB Malaysia,https://news.google.com/rss/articles/CBMisgFBVV95cUxQSmZjQ1I1WEtjczBEQ000UXRTWmZZamROV2Jsb2w0VEswT3YzRWttX0dtdFZhNzNMRkduUHYxQ0tLYWppRXdYZ0p3SnNSLUphdWcxNEZuYVVfRWdCRmdDWUM4S1FwakRoT0pZNGhHZ0gweWxUUld4eWpteks4TGp2NFEzTnUzU1ZLVEhQWHJhZEdnM0FnTmtMQzRjYkhZTnhkQk1ON0w0VGJxaGRUU1JZTDFR?oc=5,2021-04-01 19:28:32
interest rates,Fixed Deposit Rates - UOB Malaysia,https://news.google.com/rss/articles/CBMia0FVX3lxTFBoQm9WYS16dlBHZkJvNkZkS0FMMDEyR2lqMXhjVVhVdFVGeWpDUUlaek02bVVoNy1CLWVEbmZuTHBXLXZPc3Y0UVA2aVhzVDFhMmlPd1otUG5EQXRRTHFKTkFjM1k0TU1IOXk0?oc=5,2020-06-22 21:51:32
interest rates,Interest & Exchange Rate | Information | Always with you @ Malaysia - Bank of China (Malaysia),https://news.google.com/rss/articles/CBMilAFBVV95cUxNWTY0d0N1Z05qUDNFWWlLVWhxeThPdWJGdnpVdU1sMFl6Y1FkTlBoRUJ6LXNMcnpodGVzenBYZDlLbXlXV1hCZE02WlI1RGtaN25GZDlIYVo0b1VTYjVLVEhPTnA3QmxjLVhCeWdTamRfVUdiNHNhdHlHMk9PQjN6NDRoalVVVG42SHJNdWJBcDdMTnhy?oc=5,2020-07-11 22:58:03
interest rates,Foreign Currency Fixed Deposit (FD) - Best Rates - OCBC,https://news.google.com/rss/articles/CBMikAFBVV95cUxOZW9uOFo0MnBVMC13TUo4TzVWbVFJQ1RhRUF3R2toZHozdTNMVTcxNkw4YXVZMzhZRnVWalFwV2lENHYzOGcwNnR4SFpjUGFiVEJsR0RwZEozQlYwUXNGRmRZRmVGMEpQNjl1T1U3Mk9lclZ4TGp6SFV4NnphenNIcGNjdThYREh6MTR6emJsM3I?oc=5,2023-06-01 21:43:08
interest rates,Mortgage Refinance | House Refinance | Maybank Malaysia - Maybank2u,https://news.google.com/rss/articles/CBMipgFBVV95cUxPSHQyTnJ5T0J6bW4zMGFVMjRwRGhHM1ZaZDZ0RFIzd2k1cXppNmk5aTlNQmpYUlZVdndBcTdRckF6NnVacEdKYmRkUHdCMlVEb0dwdDNveUd5bmpsMXhNN0oybzd4N3RuWHBtZi12RnJ2eUtLRWtDSDJfeHZaUHJJbnVDWXhPU0xsYUlTbDF1bFVkWkpXUUx3MU5KbHhaWVkwQTZMNzln?oc=5,2023-12-29 20:04:11
interest rates,5 types of savings accounts in Malaysia that’ll payung your hujan - PIDM,https://news.google.com/rss/articles/CBMi0gFBVV95cUxPVC1OXzhCclVSQk1ua0FvVzhheG41QWZQRVJ0UkpZQTZPdEdRS3BoUUhTa0t5MVJzSUprOWZVd0Ztd3BwQVd6NFoxMG1VSGNTOTJNendaRjJnMThOWjZCU2xhUF9KNGVvUlFkMGdFdWpFdVRuXzR3Y3htSC0xbDlfOUFBemJXTVhTenRMRDhFeV9aTXhqYk1KY210N0dScTZOZmtsdVRxSnB3YzlXZEVMNHQxcU45MWxVNGppZU90c0NlWWFhaU1IVllaUlBxbENROEE?oc=5,2023-01-27 08:00:00
interest rates,A Savings Account That's As Great As You Are. - Alliance Bank,https://news.google.com/rss/articles/CBMimAFBVV95cUxQLTd5RzlZbTlZbFNrMjlNdS1XRFN0cDJ3YTJkc21qeTdJZjZweGVOenQ5cEJTWkpJczlUUzVwSDA3eXp5Tmc3bHdNOF9wa2tnWnlva01lUTZ3RnpQT1VtMGs1elRNZmQwWEhtQllRSnlhVG9MMjRpeVFROC1Qd0VwbkM5MnVWRGExNmdfLVotVHNIUzI4V1pEUQ?oc=5,2023-11-04 17:24:29
interest rates,Standardised Base Rate / Base Rate / Base Lending Rates / Base Financing Rate. - CIMB Malaysia,https://news.google.com/rss/articles/CBMiowFBVV95cUxPeDBfZTN3WGxYRk94TkdZZ0IzU1NINkQtR3dsclVGTldrN1BCY3hrbktfSDd6S2V5a0VmZHhYemFFaHFqLVlfRFoxbU1zdlpXT1NGUlhaX0c0OW1pMl9Ickl1b21Uc3pUb1h5bzNjcGpPSXItNHc3cW0ya2RJd19feFB5VGVKSjlFUDluSWFBYVNqR0MwOVNvbzMwUEtsR0hUX1F3?oc=5,2020-03-13 02:00:41
interest rates,Junior Fixed Deposit - Hong Leong Bank,https://news.google.com/rss/articles/CBMipwFBVV95cUxNMGZFNU5vdzFZcl9sZWhiRGlKWEVKOXU2b1BnQ1VmbVJOQ3NNVjM3QUg3QlJqRjFYZkNYREhGLTZIMlFnenk5eXNoMTZ3Q2hiMGNsanRVRVRoQnhuT2F3azdlUnhyVlpsd3ZNSVc3eUR1X2JDbUg3Zm5scGtkVnV2UGR6Q2hlUDNMaks0ZXZScU5vMGlCN1RTeGJoUUtJVmEyWWdnRGpOZw?oc=5,2023-06-02 15:35:57
interest rates,Young Savers Account | OCBC Bank - OCBC,https://news.google.com/rss/articles/CBMiekFVX3lxTE5lbDVLM3dkYWRSeWphX2FSc1RFUGZSOTRDTTUxeENVZWVBTW1FNjFGUEJ4STFoUFg3d2ZlS0N1bXVDaEF5eTVhX01PWDRBMmRfcUpjc2tSc0tJMm1WeFhoTWxrWVVTLUoyS3V4NkFnamFUWlFNQXhkUmt3?oc=5,2023-05-11 19:03:52
interest rates,Normal Savings Account | Personal Banking | Always with you @ Malaysia - Bank of China (Malaysia),https://news.google.com/rss/articles/CBMiygFBVV95cUxNd0tPUmJFLVg0cndFMklYSmRZNlJpNVZoUkIwTTIzTXE2V0hnaDBfS3BMcUIyRG9fbnJ5STd5ZXQwcTFVX0w2VWFfMFM1eVRKUU0welF5aW1NRWRrWE5JSXRLSGhYNWJTRUx5NkJ0a1d2VDZOMUljbTA3VjRtaGpheUJCcmJsWUFUbDNQTXBiaHZ6ZlQ4VERaUzFFQkd3X01MLVVLaEpSZmNmWGQxY1Vfa0pSQ0VNUnA3MW9nU1lDWTFDZ0toN0NZVTRn?oc=5,2020-07-11 23:01:19
interest rates,"Interest rate versus profit rate in the light of Islamic maxim: al-ibratu fil uqūdi lil maqāsidi wa ma’ānī lā lil alfāzi wal mabani/ Saheed Abdullahi Busari, Haruna Babatunde Jaiyeoba and Mohamad Sabri Zakaria - UiTM Institutional Repository",https://news.google.com/rss/articles/CBMiUEFVX3lxTFBCM1k3WVJHNW81OHZRN1JYUFBYVF91R1Jibmk2QTBHNGx1U1dWbGp3LVVmSUhXNlpySUVjV2J4MTg0YUlHc0VoanotOTJCdHVo?oc=5,2023-03-31 04:08:25
interest rates,UOB Easi Payment Plan TERMS AND CONDITIONS - UOB Malaysia,https://news.google.com/rss/articles/CBMiuwFBVV95cUxNb19LRU5OLXFGcURFdGg5bE50azBDOEtlQTJmTzZkT3lOLWFEbWJ4clg4YllUellRZXVjMWhzV3hjWjdrTThSZDJvV1hOaFVxXzdBSlBVMUczbEtzU3lxQW1Nc09VanVQaFJyNW1FOFRNaC1BLWZpTUJ5SFFPN1ZmdGg3ek9CUXc4aTZCbXFiUFQxdTRPeWVOTjdOTFdRaDcwM0JvMFBkdGkxUlRDNlNRSE0tVnFMRjFMSktr?oc=5,2019-12-27 06:55:23
interest rates,Foreign Currency Accounts - Alliance Bank,https://news.google.com/rss/articles/CBMif0FVX3lxTFBCdkRwSXpTSWxuWFlVdS1jVHVXNW5PTnF3VFdmdXh3TFJpdmc0clhLb2RMeXFXaUx2LWlWamlRazdIbkFaRUdDVXFndmhXaWp0T1cwMFkxOUJGN091NnptT0ROdVNxc0hXLVpqSHN0dkZOYjM1bkNOSFM5TW5kbHM?oc=5,2023-11-04 12:57:31
interest rates,Reference Rate Framework - Bank Negara Malaysia,https://news.google.com/rss/articles/CBMif0FVX3lxTFBFN0xLcmxDRWhWQ2dyX0pYY1hsbFA0eUZvaWNoaWJhN2NqWWxQUFNDRnhmVENwYjVBaFNTYlI3amlCSEN0UkJRSUhxTDdoM1hYN05kQVFhaWNBamR0Y1FjbzJEeTAyV2VLTkxqTVRLUW5kTW95aWV1U1QxV242ek0?oc=5,2021-08-11 07:00:00
interest rates,Lending & Financing Rates - UOB Malaysia,https://news.google.com/rss/articles/CBMid0FVX3lxTE5QaUJVc2VFVGFOUUdBX3JSZ1BsSEdMaEJQRE1sdkFZNzUwZ1ZPYWJMZFBnb0VURHp6b1NtbGJua29wSTl4dGdraFU1QUtxOEZXUzdoUjR6SjNBRTAySnBqV1ljYWFhRjIxSmdCOWdGSlFULUtxdTJ3?oc=5,2020-06-22 22:51:41
interest rates,Monetary Policy Statement - Bank Negara Malaysia,https://news.google.com/rss/articles/CBMia0FVX3lxTE5CbWEyYlNlYmk1bGRLcEo3Z3hRd1F0aHV1ckE4ZjhuYlhuZnZYUzdkWDVZWjBxb3gzS0s2WUhzSWpKY3UtTDNVX2w2OVRyb3BjeW9ibWROV1BaYnVOckhldkE3SndXNnJUajF3?oc=5,2023-05-03 07:00:00
interest rates,Panda Junior Dual Currency Savings Account | Personal Banking | Always with you @ Malaysia - Bank of China (Malaysia),https://news.google.com/rss/articles/CBMixwFBVV95cUxObmZSTF9YSXg0LW1FWjY4S3FfTFdKckdKbDU4M3I3TVdnMHAxWFNTTFVvNHdZaFo2WjhvMVZMRDdjLUwtUFBqYTUxSzhhTXl5eUh1ZXdlcUNqUmw5SlViVndZQkt6dFpGRUZoSFJ1S3ZUbklwbXVvYklfNERINkx3T1dveHM0RVNPVmRtaGo2X2pyWWdjLU5NV1B3ZlVqeTR5YXVOSllOdXpyLXBVcXZUb2dDa2VSejd3ZnJCZ0pGTGN2cmwwcElj?oc=5,2020-07-11 23:00:45
interest rates,FMIP - Bank Negara Malaysia,https://news.google.com/rss/articles/CBMiZEFVX3lxTE9SLTVfODZvUnplTlFrYW8wX2RhZUd0NEtKSXdMVmc1MFB0bDVOVG5aRmxObEgxY1J1NVA2ajluM2N4R3dnMWhWaDh6MU5YTUZua3pRaU9jN1Y1aWk5cl9vRjJENWU?oc=5,2023-12-16 08:19:51
interest rates,2002 Annual Report: Annex - Bank Negara Malaysia,https://news.google.com/rss/articles/CBMiY0FVX3lxTE1IaDZNcGwzTjYwbndsT24weWRfTHNoZFpvblhDM1dwQkdYUnUyWHFsZG5yOFR1LWFEMnVOR04xUUhIUlFjQTBlOE9VemdMYTVJWnlNbTIySWowOV9mX201VzhZYw?oc=5,2020-12-18 23:07:54
interest rates,"Rates, Tariff and Charges - HSBC Malaysia",https://news.google.com/rss/articles/CBMigAFBVV95cUxQR1pWdS1CU2VVcUtfWU9RSWxTRjNkbDc1SUJEQzVnOFI2RzNRdnFIdzZDaGhkcV9ZbFZ0bEt0SVZZYS0tQ0NGTDhjYzZnMWh2UklYaFZrdEp2Z0dyWEs1aVhqQnVHR05HT2lKYkZyOE8xMVA0WUtNNkREXzBZLVBjRw?oc=5,2022-04-21 17:46:42
interest rates,MONETARY AND FINANCIAL DEVELOPMENTS Interest rates remained stable - Bank Negara Malaysia,https://news.google.com/rss/articles/CBMiYkFVX3lxTE11M3NhS0dUMlpDU0NzaEFTY1Y3U1VINjFhQlg0dUZtbGlWU05idk9fLUpSZTZLX0YwbmgteF9XYlFHeWxMZ1p0cTlTeWFfNy1Kb0d1U2djRmI2TnhhamR1Z0ln?oc=5,2020-12-19 13:11:46
interest rates,Pay&Save Account (for Sole Proprietors) - Hong Leong Bank,https://news.google.com/rss/articles/CBMixgFBVV95cUxNd0UtdllLNkNOVjZKQW9aNV95cVByUkZnWlB0S2ktRHV6YndxdWtJUEwtSTFTdlIzTEZjbTliZDFVbERsRWFydTAwS1ZYUXBpOWdPSTJjRlh0V1d1OUlYSU9WNWpwUGhpNFF4ZzBaUEdoWU5TRjEzMHNWT2dPbWVCaG12ZFdId1k1cnpmRVhYVjhydGFXOHppQjVCQXpqTjJWaXB0YmRoQ2R4X3A4Rk5paDBKUktpM3lHNkU1YUdSZ3hHaHpTNEE?oc=5,2023-05-02 19:39:25
interest rates,00 ANNEX TOC_EN - Bank Negara Malaysia,https://news.google.com/rss/articles/CBMidEFVX3lxTFAxX0dkTTY5Z2hvQW5nNkd0Yk1pV0htQUNJZHZwNGxreHJhVDNZbndPdHBuQ2ZjZ0txY3doMENQaW1QRVhZbGJiMWNjM050TG9jR3VTZmswemY4Z2o1LW5SVDBTR3otYXdySExOdm45UUFNN0Ez?oc=5,2021-01-08 05:55:38
interest rates,Term Loan for Business - Hong Leong Bank,https://news.google.com/rss/articles/CBMiuwFBVV95cUxPWk5jVi1DTzU1a1NRUDhHVWRRbGVJSUIyMlZBLVY1WE9CNy1uRTZ2V2hfMDAyelI4YjA5emJFOUE0WUw2cjdfNmVVc01zV3ZRYm5wNm9MdkhVNHdVVVV0bTBtYlJPd1JjVWI1RnB6T3ppR0NoM2ExbVMxdlh3T1RIS3NRNjJtcmRqbE5CcU4zQnFVUmZHUEJjdHdzMTI1MF93RE5KclN6SWozTXlVMXBJWW5OTWRjQ3VEQy0w?oc=5,2022-04-08 01:20:38
interest rates,Skim Jaminan Kredit Perumahan (SJKP) Loan | Maybank Malaysia - Maybank2u,https://news.google.com/rss/articles/CBMiqAFBVV95cUxPc0U0ODQ3UHg3SXFNOUdzRVVkcGw2YktoX050WGJvS0VYR1B0aTFoTHdCVlVSclJVam52UEo3NXdWU3pLVmVsYjN5S1IyWUhBOVd1eXkxV2ctZm8yTWx2aWJXMlVmdFpwdGo4R1NwNnV3LTU0Yi1fWklHVkt0YkVmVldZZV9EaXNMemxVWkprV0xxYW01WlNOY0pMRkRHYjU0WUJhQV83Q1g?oc=5,2023-11-05 15:52:29
interest rates,Monthly Statistical Bulletin May 2003 - Bank Negara Malaysia,https://news.google.com/rss/articles/CBMib0FVX3lxTE5WOVVQbUd6N0FNT3NIMms5RmJkYWdUbUpSR2NoajJjd0pfNS1qVGJma2ZESGFCMU1qX3BSOTZhamNyT1lfRW10QVdwVmVMaWNEVTRFVzdYWUpKdDh0NWh6OVJrdUZhek9ZeXBvU3ZhSQ?oc=5,2020-12-16 19:13:19
interest rates,What is the interest rate offered by JCL? - JCL Malaysia,https://news.google.com/rss/articles/CBMickFVX3lxTE1ydmk1TDlQQi1CU3VzQTJvZ3VEYkhpR3NXai1ETkFGQy11NVU4MXkyMGxObTExSW9Yc2pMemo4VEZnT3d2a3BnWFhxOHdUOHJoOWlrazhYcmNQTWhUeGVrcnp1ajhrWWJ1bFNlYkR0S2NHUQ?oc=5,2020-08-11 00:04:30
interest rates,ANNUAL REPORT 2013 ANNEX Interest Rates (%) As at end-year As at end-month in 2013 2007 2008 2009 2010 2011 2012 Jan. Feb. Mar. - Bank Negara Malaysia,https://news.google.com/rss/articles/CBMidEFVX3lxTE80dy1PdmNaSlB3NmNBTGswNk5xaWFiYnVoWjRhTnNXVl9nWDJ2LTFaZlBPXzZ0VG9ienZsQUpraHNCNjd2eUZrakRKck00NHU2Wk0wb2RQY3FfU0RpZVJsZTM2MFJ6SnVMX2tZWVFLLXc5TnQ4?oc=5,2020-12-19 12:39:40
interest rates,Fixed Returns on Term Deposit-i | Accounts - HSBC Amanah,https://news.google.com/rss/articles/CBMicEFVX3lxTE56em5hVXlGMzR1QWhDWXU5TkNGU01qRG1Sbm5VazVHTmtsMy01ZGV5V19xNlZhRDZWNjF3QUN1a0RMVkh3Z3JNSm5oUFA2ZlAteDhYRlFaNXhvajZ6clVOOHZHWlhMZGg0dGh5V0NXQ3E?oc=5,2019-02-12 23:10:00
interest rates,THAT TARGET YOUR MONEY BY OFFERING LOW INTEREST RATES - OCBC,https://news.google.com/rss/articles/CBMitgFBVV95cUxONUtrLWRZMHBVdmwya3hGSVlsSkJxYTk2ejBIcnFpQTFtWVkyOW1hMkhHXzJ4dlZPVHpwTXB2VENrWngwZllQaGtVbVB4OVg0alRRSUxYUEw0TUQxcUo1Ym9CREhXR1pWcHYxSWhnejFDTlhvZzM0NnltZFE1cXo0M2VYb1QyaUV1RkViWVdsX1dnS1FkTFhpbFpIRUVQcWFyX291X2xjYXp2SVJPWlREaGR0TFpUZw?oc=5,2023-06-01 17:07:13
interest rates,Islamic Profit Rates - Alliance Bank,https://news.google.com/rss/articles/CBMiYkFVX3lxTFBJejhtYm5TLXY1SEFZMTQ0U3Q2dDZ1NXFFTHdzY3JfSXg5cjNmeGQ2MDB5aHhEeG1pVDN5b1Z0ZVNyaXRpckJnSlVoSGpXRTloYl9sVjlCUjBsVEItRU5FenRn?oc=5,2023-10-31 16:54:40
interest rates,Foreign Currency Interest Rates | Information | Always with you @ Malaysia - Bank of China (Malaysia),https://news.google.com/rss/articles/CBMivAFBVV95cUxOeW5BcHBVdElycG4xbWZDc2djcDQyUnN1WWJGS3FYbjFZc0NPcDhUbV9LbDFqVjV3RnA3T010SzVwUzBzN0xfRzNVQ3NHcjR6SnlSYVA4c3dhZGpuOWVvV2dwNkd6RUhhMHdjM1ZUQ3IxUnRXU0pTel9vVzVyZ2E5U0RaQTctY1N3VGF0Zi1iOVFHX0lOZ3ZfODV2bXJ4NzkxQkRrODhTaDJQWEd3cG50V2x1alYwdlhrRllydg?oc=5,2020-07-11 23:01:21
exchange rates,UOB Business Banking Rates and Fees - UOB Malaysia,https://news.google.com/rss/articles/CBMickFVX3lxTE1rb0s1NWdreF8wN1FPa1lDQUZxOWZaNS1nR3pwZEpIeTBFRE9QcFBmMkZ6Nlh5dkp6eTZRSVg3alV4UlNqck9FRWU0d2d6MmZFUFpxRHM3UUVObV9scGlodm9EeFNJYUtIZktiNVpyRWlVQQ?oc=5,2022-03-30 17:22:29
exchange rates,MPower Platinum Credit Card-i - HSBC Amanah,https://news.google.com/rss/articles/CBMiekFVX3lxTE1Qc2JQUFo2d1RnVm9BdWx6NVA1STRtdW1sclU5OWYwak02SmFOclY4U3VuNWYxLUVITjdneWNtMk9GYndYV2JRbWljT1EwNkg1UFByeUhZcE5BMElVbmNBTHBvMnlSeHdsejVkOHJGV0k1cjlMa25yYzJR?oc=5,2019-02-12 23:55:54
exchange rates,Exchange Rates - Bank Negara Malaysia,https://news.google.com/rss/articles/CBMiW0FVX3lxTE0tUWRYd2N4cTJYS196OFhnR2JIYVV6X2F4N3lEaUdiWmVMdGFwZ2pleHRISHFSbVF3U1RBMElkaWVoQ0lneEFCbmRSMHFHOVQ1U043b2M5dF9nZXM?oc=5,2020-12-16 16:40:55
opr,Home | HRD Corp Official Portal - HRD Corp,https://news.google.com/rss/articles/CBMiO0FVX3lxTFBVQzRaWUpWa1pHY3hkZk9rbkZ1aGxSS0RHM3huazBsOVlScmREeW1iR2NCQWRKWG85NkZn?oc=5,2021-03-28 04:50:14
opr,Welcome to the Official Perodua Website - Perodua,https://news.google.com/rss/articles/CBMiYkFVX3lxTE5WVENBWUgzZkRwZFE2VDRJR2I3dkRNbTJLRXpzcGRWVlJucFpfWkRFODVYQWc3cEJHMW5ZMkZZMnNUSlNrenBiQ0pSbnFnWjZieXpMUDF4SFNkRGhJVkc4bXlB?oc=5,2024-01-12 02:56:17
opr,"Malaysia MADANI - Kemampanan, Kesejahteraan, Daya Cipta, Hormat, Keyakinan, Ihsan - Malaysia MADANI",https://news.google.com/rss/articles/CBMiREFVX3lxTE15aDVQZDVZeWEyZXF5ZE5YZ2lmZzIwQURYbFFxM2pHVVFTLTJSRENYS3lFbEJHS2hWZTlMejhmY3IwUjJw?oc=5,2023-02-20 08:17:38
opr,Monetary Stability - Bank Negara Malaysia,https://news.google.com/rss/articles/CBMiU0FVX3lxTFA5cGJPdGw3elpPa1lPampGWTJ3WXVXa3o0ZHI0Sy1MUl9wMmVpUmVRdnJGVVRJQzFvVzhxTzdYd204WDhvdzdxZzhqMHRUcXNvcGgw?oc=5,2020-12-18 13:07:58
opr,Monetary Policy in 2009 - Bank Negara Malaysia,https://news.google.com/rss/articles/CBMiZEFVX3lxTE5pb0R0TjZGMEVMRjE1OUlRYXNsdXMtUlFpdHUycExaU1JicHp2R2ZTTnhmRTdDWUtWNkNVWkM1eFlyaG80Z29SMjdha21TM3lkVGVrdWVQWHM5dXpwTzNweTBpdWo?oc=5,2020-12-18 23:13:51
opr,Monetary Policy Statement - Bank Negara Malaysia,https://news.google.com/rss/articles/CBMia0FVX3lxTFA3ZnVGajVQU01EZFZ1Tm5tR205TVdxc2dvX3Bfc0Q4aHE2LVk2dUNQUFBUaXhZQk82bXg1OGo5eWw5LXM2T3lDRHdHb1dXXzRaTFFES1FhVjUzUzN0UWxhajdEZERmcjYwVmVV?oc=5,2024-01-24 08:00:00
opr,Bank Negara raises OPR - arcalandrealty.my,https://news.google.com/rss/articles/CBMiXkFVX3lxTE1lbkRsTDdUcGFwYTI0bVZTMTE2cW45bmJGd00xSVhDOTdJMnJQNFB6ZHRXdUdLaEx1VWw4VDJ2elppZ0lJUFhPR2w5dEctLXRnZFlhY2pCMUNzYXdPQXc?oc=5,2022-10-06 17:28:14
opr,BMI: BNM likely to keep OPR at 3pct until 2026 - ADFIM,https://news.google.com/rss/articles/CBMidkFVX3lxTE5GUlJOdUxiY0dyMmk5Q3lQOGFackRTVGFueVNJRFJFT2VuUjFzSy1pSGdQZm5NaFJ3SWNkVEZpb3VyWDlSd1poYzBhbVFpY3FvcU1nZWlpZnVaYkpWVG9OendEMGJjU1h2anpBQkotOWQ0OXBJTGc?oc=5,2024-09-30 08:06:10
opr,Effect of Monetary Policy Statement on Overnight Policy Rate – Jurnal Ekonomi Malaysia - ukm.my,https://news.google.com/rss/articles/CBMilwFBVV95cUxQRlFfaXBIa2xFN2xVYU9jWVl1a1ZrR0NuNnRJRjJBMFRqWHZtem5nOTlod2VYT1Bzb1VBazJjbVBBeFV5YWpRNFJUSThHOGlOb1NtM2R2LWY5aVk5dWFUS25ySXIzSDRHYUc0bkNHdHQxVUhkcDRPVTQ1dFNFY1dubDJHVWYzcU5DY3dVSDF1eWJlRkdJME1R?oc=5,2023-09-14 06:23:24
opr,BANKING - MIDF Malaysia,https://news.google.com/rss/articles/CBMixgFBVV95cUxNV2FBYUdCX2lSeE4tWDFITXJKSmR2VHFRTkpoSG9FY3JQbUUzMExLMlp4NGN1T2Znd0lGaUMwZFZxTnR1b29qWldvWHRlQklJaWFJXzBBQ1VGY1cyMmxVR2JxdUZ5b3g5QWtBLXRxbkYxVlNXbTY5SEl6T3J4OVlfMWVTZWZRZUM2RkZYQjdkNzNtYTJLTEd4V09yRXp1dzBiaXdLZ0Vjc1NkVjAtVG5CenBEUnNYZFNGOWQ1ckQ4TzA1b2hqTFE?oc=5,2022-04-21 15:01:44
opr,Monetary Policy Statement - Bank Negara Malaysia,https://news.google.com/rss/articles/CBMia0FVX3lxTE5DYWNTMnd0TWdvYkhuUUVrUkhXZTZTNEtFM0c3TG9JTUU3M0tPY2ZaVFZ5UWVYc2dQTmMtTU5NQlozX2J5ekJTMk9BbkNsTDNVbGlEeTh6NDgzQ0JlbjYwMjVZRHNSSjYtZEE0?oc=5,2020-12-18 14:55:51
liquidity,BizChannel@CIMB: One-Stop Digital Banking Solution for Your Business - CIMB Malaysia,https://news.google.com/rss/articles/CBMifkFVX3lxTE9QQ0x0ZUdKdXl4VjZsU3VRZ1BWOVlJaE1zMmMxSEw5MWJjT0ZiMkNUTWFNOERMNHVaNk5kdHV4NU0xeTdlVkFtUUxGS2k4ZDBlcGFoTjA1UC1IVG9UaThrV08zZzN5dlFTVTRWMlE0OVZ2YWtOd1VRS3JNSDU3UQ?oc=5,2024-12-20 23:35:07
liquidity,Sukuk Market Liquidity Determinants: A Case Study on Sovereign Sukuk in Indonesia - eJournal UM,https://news.google.com/rss/articles/CBMiggFBVV95cUxQV3hKZ2UzUFM5SHR6Q1Rva3FwZldtcUdLTVhaU2tfY183ekNfUkZSMXhJSXVMbnhZRjJoQi1mZWpMNEJvNzZnRGRKQ1lLTmhlcm9IQUQ1LXkzdE1BTFBaaGRnMjh3dzFfVHVrSjJGaExES3NUUm1VVHZ0THVEeGJLbHln?oc=5,2021-05-12 21:41:09
liquidity,Liquidity Risk Policy Document - Bank Negara Malaysia,https://news.google.com/rss/articles/CBMiTkFVX3lxTE8tSDZyTXNnVGxLM1FUa2N2UEpSWklPMDVqQndOelBfTnFCS1lrSjdqTVo5WXIzQjFjTldvZmJHbkc5STNuNWd0cjZoYlExZw?oc=5,2024-10-15 03:14:13
liquidity,Reduction of the 3-month Intervention Rate and the Introduction of a New Liquidity Framework - Bank Negara Malaysia,https://news.google.com/rss/articles/CBMiuAFBVV95cUxPSTZXYm1FQ2NXa3ZPR20tYko2TUhIVVpLeEtKTDYtdjBtQjI2MEJYY1BPeFFwaHZwSG1WVE1WS2ZnNmxyVmU2NnhiZmhzZjJnUEZDSVRBMlFSVHdLWFFsNHZlZEJxYzBCYkx6YXc5QWwxWDljSmhOQ2czOW84d3hxRnMyNVdLd1plYl8wc2VBRnc1VUR0Nnp6VFRfcFNCSUdWMm82TWV1Y0pzQUFYc2RIRmt1RXp4QVc3?oc=5,2022-03-29 01:30:08
liquidity,Influence of Standardisation of Trading Board Lot on Stock Liquidity and Volatility - TAR UMT Institutional Repository,https://news.google.com/rss/articles/CBMiSkFVX3lxTE9FaGptNzNZOEkxREJaMHlOU1ozTTJjOU9jMVVxMW1qRXllMmhITHlUTWYxZjRpR3hqRjFlMy1FdVFQQUo1QWtuVDlB?oc=5,2024-08-29 07:00:00
liquidity,Macquarie - Malaysia Warrants,https://news.google.com/rss/articles/CBMiiwFBVV95cUxQMzBSWWllWGF2TVRqdVRxMW9jNUVqeld2dzM0NHlwb0MwZ1ZZdm1lY1BhUlFtd1BmWFNlT2VRMXNUN2xXU25EUk9rUGFjUWxJQ25oWjFwZzdQWXNNMEtLb183bW84UXZaNW93Z1hrTFdaWmxGdV9KWnYzVVlsM0UxdTRwOHMxMUlKekhj?oc=5,2023-08-08 07:00:00
liquidity,"MARKET, LIQUIDITY AND FUNDING RISK - Bank Negara Malaysia",https://news.google.com/rss/articles/CBMid0FVX3lxTE1IeEE2cE1uZ3pEX3lYZ3BhSVdTamE2emlRcl9qVEFWWWM5SUh6THNsZHNadV9fc3kyM3A0dkltWWxkekdXYU5xOGZiQ0tyWUJHSVlneXVPQTFtcURNOExrN2Q1TjZCQVRGOWVoUjJfRkRTYzhGbEpV?oc=5,2021-02-27 10:56:01
liquidity,Liquidity Risk Policy Document - Bank Negara Malaysia,https://news.google.com/rss/articles/CBMigAFBVV95cUxNMFBxODJFSVR5cjQwcHI5blpQeENtQk12LWh6OGx2T3ZtYkNXQnFjbnpyUmRSVkR2WEl5RS1mY2FYd2ZmcjRRc0VnamtVbWlwa1JrWGZSellxaTBmNFlZMW9HRF92WlJkZjk4UlVreGxpMkJGdlMxcURscXF5UzMtQw?oc=5,2024-10-15 07:00:00
liquidity,Liquidity Trading Mentorship - Shopee Malaysia,https://news.google.com/rss/articles/CBMif0FVX3lxTE10XzJna2tjWUxxbHUyRktWT0ZwcklQdUs5NXM4MGRrV3ZsSXlMXzgxaTBvR29LTW81MzBuZ3VDVlpacVNhcFhvRHdpWVkta0NYYTVWT21Jd3FmUEROaEZQaU5Fc3EzYUcyOThfQmk3Qk13YXJvYWcwcU1NUi1MWVU?oc=5,2022-09-24 12:28:02
liquidity,PRoFITABILITY IN coMMERCIAL - UiTM Institutional Repository,https://news.google.com/rss/articles/CBMiYkFVX3lxTFBaazZfdHRISUh1NGZIYjZLU3RIUFVYelhSRVRrTjFVOXI3bF8tVDVyY1lhLWR6eGxPaFJnNDZuVVB6U01FSTZveHl6aEh5MjU2RHdySlRyN2h6RWZHNFFDS29B?oc=5,2024-09-25 20:34:42
liquidity,Affin Hwang ceases coverage on Jaycorp due to low trading liquidity - NST Online,https://news.google.com/rss/articles/CBMiwwFBVV95cUxOVmxrMWthTUtaYm5fTWthZ09ISVU0T1VWZzRfVExOQnJHSFgxYjR0bnVydl92aV9fa0pOcVpSS3NxdUZqdVRHbThjTWJacGRSRzZfNnBaOHFwd0Q2MF85Z2VnTkFaV3VaTVRyUHZKaTRqc0NNWXYwWVpmLXY2eWIyREVXT3pVcGVYTVFPZ212b0tCaHhmNFd3VGlPMWxwMGNoV29PTVJmNFJCbzlKR1hNa3FrOGduUU5CRFRWMFpRc09Lc0HSAcgBQVVfeXFMT0dPMmNZN1VJenBCSXJpTEQ3NThfcEJ3eUtLT3ZGdDY5M2I3dFM2bFZLcklrT0lMSHlENDVfS0hEU3AwQ2lmX2NhTTcxdGpwYlM5WVVYMnZmUjZxZjlaYnV6YXcwblp1MjdZYTVuczhQY1paelRCYURaSlBGbWYxRVRva3BMNU5mU01Bd0sydHFXYklJRFRmdlpSNjdWejE0X2Y4ZC0xSTZSRzk1NXVtd3hVbmdJckN5eHBBb1gzdTVSa3VlQm4tUW4?oc=5,2024-06-27 07:00:00
liquidity,News Release - HSBC Malaysia,https://news.google.com/rss/articles/CBMisAFBVV95cUxPb1g0STQtSUV6ZGZldk13d3J6LWFic1FLSENUVUlhdDVXRWM5NmdtVTVRd1ZmdDZKN0pWQ3BYeC1scWtnY2p0NFY2MmhrSGdmMEJqREx3MGNtaVRNTkFCYnhhWmU4LW9YNXlKVHZqandMOHpXSTU5ODdJaGthODBGeEFFUWxpNl91c2M0MlRMbmNIRWl5OGxqdmRLb1AyS2UtWjR1aTd3Q2RYQlJpRExxQQ?oc=5,2020-03-18 07:00:00
liquidity,Decrease in Statutory Reserve Requirement (SRR) Ratio - Bank Negara Malaysia,https://news.google.com/rss/articles/CBMiugFBVV95cUxQaGNvR3Zsc3luci1MbXBVM0FEUlZNTnNWOXNLWlJ5UFFSOUd6T2NqRWl6VFZXNExfelotcmViazBWYkJpS3dHckZ6NjNWdzh1OXlHRVc4bHJpOVhFR2JCNDNSRGkzUzJHbnhZS0hKMTJhX09ITUlUR3lubF9SUC1WdXBlUzFOWlhIZVExcENkT2MwXzlVcVc0X2kwLVBUNU1RZHlfbmE4T0JFTnc4bHJEM0p6bTJVNGY1Qmc?oc=5,2020-12-16 22:52:24
liquidity,"The Influence Of Liquidity Management On Efficiency, Performance And Risk Taking In Islamic Banking Industry - Universiti Sains Malaysia",https://news.google.com/rss/articles/CBMihAFBVV95cUxOWjk4SEhpODRKUTNKTkNKUEI1T0JHY08tSzBHeDJ5cmthMmJtdWY1RzdZb21SUnBiRXdWcmw3bFlVa0JrcUQ5dHJRb1ZjMUtVVVhpTEJlbkJjX2Myd1YtdUVZRWdUb2hTWG1MQTh4bm1vVGJEWUptbGVWMUVKZmI3WXNzVjE?oc=5,2023-09-15 14:20:59
liquidity,Money Market - Bank Negara Malaysia,https://news.google.com/rss/articles/CBMiYEFVX3lxTE12b0pPNUQtNWlNNHJDaDEtdU4zczFTQ0J0b193bElWOWppLVAtS2FKTlc5YmlfazRob09ReV83TkR4WVVZcmRucEdmNk5PRDhLTHlMYTNiRVRUWGpNRHZTUg?oc=5,2021-07-31 08:43:04
liquidity,Earnings Management and Bank Liquidity Creation in an Emerging Market - Malaysian Journal of Economic Studies,https://news.google.com/rss/articles/CBMiZ0FVX3lxTFBZRk0yT1M4STJoNFVHNlYwNnB5MXppWE5LNjU1UFA4bHBsMElwS21pd3I4Sjc0X3pjamdxakgyZ0FEM0hSa3Y2S05QVHpQQWktWFIwWFNob3h1U1lkc2h5eDBnWFVWUFE?oc=5,2023-12-25 08:00:00
liquidity,"DOES THE SHARIA-COMPLIANT STATUS REMOVAL ANNOUNCEMENT MATTER? LIQUIDITY, TRADING ACTIVITIES AND INSTITUTIONAL INVESTORS - Universiti Sains Malaysia",https://news.google.com/rss/articles/CBMihwFBVV95cUxONExwR0R1WUFjSndjOVdEZ3dRcEFfYUtiRUZzckZQR1RzLXY2R1BXRHJpNWFBakRncURoMEtiLTFmTTNwdHM1cUdkRXlwOUNXYmF1YkM2bi1sVjBKVzBOWUtrLTVwRjlmcm5yWG9WWEpBaGJGQTc1dWxKd1pRZklfbU16VHlyUDQ?oc=5,2024-06-07 07:00:00
liquidity,Effective Liquidity (Cash Flow) Management - Forster Consulting & Partners,https://news.google.com/rss/articles/CBMid0FVX3lxTE95Ynl3OXVtQXloclFqc0RwejdWaEQ3R3NZUUtuakdxSGJXRThnMDRZYVRkN3VjbFp4eGpRZUc5WnlRRkxmM2cwc1gxVEFuWmotT3NLNG1kb25MaFduQ3h2YXZ5ME56RjVnQmFscnpQM01VdUxJdTBv?oc=5,2020-09-11 08:13:30
liquidity,ASB_CG FIDE Elective-Understanding Liquidity Risk_2024 - Asia School of Business,https://news.google.com/rss/articles/CBMiuAFBVV95cUxPNHE5UXRDMDhtMlE4aThSZVJRWnRpTHhXZE1ueWUxeEpZR3FHR0d0ejNYb2l6SFYzdEVIRmdqS0pON2ktM2pYenJJM1lpX1Ffc0FveW9SQm5LYzZTOHhjZktKZ0hkV2pvZnZzRHhMRy1DSDBvZVpjV0tUYkFrdW5BdEkta0JlWUFXSWJIcjE0TVpKWnYxcVMyVHIwOGJXN2dFaDlPRFBTZ04tdlh3cnY3Y0s0X2FZUVhU?oc=5,2024-06-14 07:00:00
liquidity,The Effects of Standardisation of Trading Board Lot And Bonus Issue On Stock Returns And Liquidity - UUM eThesis,https://news.google.com/rss/articles/CBMiQ0FVX3lxTE1kT29UaTdfTFBQRF84bzQzTEszemlkUWRvLVVieFNFSXVKallNYzlFLUM3aGlmQklXTUt0QUlNM3JCNEU?oc=5,2024-06-10 07:00:00
liquidity,A Systematic Literature Review on Liquidity Risk Management and the Financial Performance of Banks - Malaysian Journal Management System,https://news.google.com/rss/articles/CBMibkFVX3lxTE5uMEJSM3FMWVlTTmppcmZLaEQ0eXMwOXdzNWE1VU5LRGNrTXNVODBfX2Vfa0xDWmRrMkdSNU55b0NubEhoeUdrcllVbGpvcmFNdE00RmdSMV9pTUZReExUbmJ3Yi1CaVVTdlNCb0ZR?oc=5,2021-05-01 07:00:00
liquidity,Impact on Bank-Specific and Macroeconomic Factors on Liquidity of Domestic and Foreign Commercial Banks in Malaysia - Malaysian Journal Management System,https://news.google.com/rss/articles/CBMiekFVX3lxTE9qbk1MU19Bd2UtQ3JuNVpWS2pIWHNWU05wdnp4VDJWdHRnOXBRajBVaTJkWkVNdVJVNmI5TFYtYlZHTGJVSl8tRkktWVZCTTY3bHdUTmJ0Mml0cC1ubW14UzZYdlpGbEVzLWh2RFduc3hRcVJCbWF4RTNR?oc=5,2023-04-30 07:00:00
liquidity,Instruments - Bank Negara Malaysia,https://news.google.com/rss/articles/CBMiSkFVX3lxTE5sVTBHQ21NVkhXUUNZMWhpWkJIUGFXYl96WTV3a3o3dVNfYXg3WjJWcks0a1pBbkl1dklDYnFCV2dMTmsxd3RYWXVR?oc=5,2020-12-16 19:00:21
liquidity,FMIP - Bank Negara Malaysia,https://news.google.com/rss/articles/CBMiiAFBVV95cUxOQnFDWkw1VnIweVJPV0VOY0oyM0x2MW53ZXN3RUstUFV4cHdfaTFMVTVHcmRUMDVQSXN1MXZ5N1Uxd29USEtUU01rczJ6WTFuWDFtZnVyQWZ3MGd5UXNVOWJYTHBRbExVVVIyWnF6R00yNjJDLXFoVnZ1RmtNa3RQQTc5eEVMbUZu?oc=5,2023-12-16 23:35:40
liquidity,Analyzing the Effect of Liquidity Risk Management Indicators on The Financial Performance of Banks: Evidence from Jordan | International Journal of Advanced Research in Economics and Finance - Malaysian Journal Management System,https://news.google.com/rss/articles/CBMibkFVX3lxTE5teXpmZmdabW9EM3g5TGtzRjRfemFNTXZtbDNKRlpXWnNSTEZMUDVSelo3dWI3V3ItQkZ2bGRHWWVyWnZCUUNtenpTZmZhTmNfeklmb1FDd19wQXlMMlpYSFJTMktVVGM4by1ER09R?oc=5,2020-11-30 08:00:00
liquidity,New Liquidity Framework for the Discount Houses - Bank Negara Malaysia,https://news.google.com/rss/articles/CBMifEFVX3lxTE16S3BaaHJxMWRNUlotWklkMW4weTJKMjBiOXVOMTk0R2lDVmNiZmpzVFlHWGxLWGFIUEtPWEcycFNKRU12N1ByQVhGdDBYNTctVGRsaFFGNXM3YVkyQWR2bmZ1WlMzUEM1bFNVckxfNDV6OG1GXzN5cmhIVUU?oc=5,2022-03-29 01:37:52
liquidity,"“MYR – Access and Liquidity”, a joint webinar by ASIFMA, FMAM and BNM - Bank Negara Malaysia",https://news.google.com/rss/articles/CBMikwFBVV95cUxQRlpuYlM1Ykh1c3lPQ05XZlEwRXNsMkJlaDdyTXVGQ0hMOWJtN09iWG9FQjdUTlpLUncwTkRzYlZUVzJJN2R2X0xUSmgwbko4U1RiazI2WERDazlqSDQyR29ISkd5VGdiT3o0LTZmaVE5YjRiVDlYTVFYYmMwMTBXQWtJSFpQMEZzSGNCWEd6cktZWDA?oc=5,2019-08-22 07:00:00
liquidity,Cypark has deferred its coupon payment due to tight liquidity - fsmone.com.my,https://news.google.com/rss/articles/CBMiywFBVV95cUxQRGdpSXE5UHZzcHVjeldVM1E3MF81U1NnR0laTTgtUjFoNWRoMGlyWlItaHJmWUVISzVNOThDalBPSThrTV9VME5NQ2l3WXNSNjdGUHc1S1otaDZMdkhlakNyUVhnYUxyS0VNS2p5YWJRNjl5VUoyYVhGTW5IS3RzN3p1SjBEWmttZldRRmViOWVncUtPMC1laHZIMFdDQ3ZTWU95Y0psTGVKdzltUmtaTzJvTW4xVW82elJrQy1kT09WUlU0N1ZRdUhycw?oc=5,2024-03-06 08:00:00
liquidity,Quarterly Bulletin Q1 2023 - Bank Negara Malaysia,https://news.google.com/rss/articles/CBMidEFVX3lxTFAzLUpHQkJaN250ODJhWi1MbEFJQnE0QnFpTUd4OTJ0eUkyZWc3QnlLaGNySlFFb3F0aTBnWmtxWjN6TkJjb2ZiRUFmaUZXRk1DbzZjZjZDSExHQmdValczNlNvbnhoNkFFejJVZnBtYVlhTmFY?oc=5,2023-06-01 06:55:48
liquidity,Page 151 - Bank-Muamalat-Annual-Report-2021 - Bank Muamalat Malaysia Berhad,https://news.google.com/rss/articles/CBMipwFBVV95cUxOUWJZY2l2ZGZ2WWNMZVhsOFg5azZNYXJlVjhITnNRbC10cXM1T09XaW9idGRUaVlienF2VWVRZnhucjVycHlUT2tZemVkZVZPazFkUVFhQm1kZjdhaGJYcmRXNFZUVURvR2M3OXhnS2dTR01Jd19ncXpuOVZLa05NRlNsZzdhZklSRS1qZWxlczd6VnZwQVk2RGE0QTZnS18wOHppUGVlRQ?oc=5,2022-10-18 19:27:54
liquidity,Liquidity Risk: An Islamic Banking Perspective - UiTM Institutional Repository,https://news.google.com/rss/articles/CBMiUkFVX3lxTE15enBoYlpTMTlzR3NWbUVYTlhYd2NSM19WelZmMEhqeEVhbkYtZ1hHYVU2c25xdVlaWnQyTnFabkVkMmNncG4tZTBUQzY5amlUY0E?oc=5,2021-08-10 08:30:49
liquidity,JEEIR manuscript template - UiTM Journal,https://news.google.com/rss/articles/CBMihwFBVV95cUxNaGxSS3FlRmo2VDFzNkhSNHpLU1ZuMDBfMk1fVXNpTGZtLTBrdXcweGstUTlzQjJkQURieXMxbm5uTll5dVlEYmNkWV92dThXNHNVcy1KZV9uMU43RGJrc3BEQWxtWlpjeXBUUHhkdnlPSnV0OUM2WDFyTlhrUUYycXJMVHhOUzA?oc=5,2020-05-31 07:00:00
liquidity,Liquidity Risk and Regulation in the Organization of the Islamic Cooperation (OIC) Banking Industry - Universiti Sains Malaysia,https://news.google.com/rss/articles/CBMidkFVX3lxTFBHNnotVl9ZM2pQUHI1V1o3d3N2Wk01bHByRUROY0lDdmUzZ1F0dDRaRTh4ZlpaUFdmTkV1N3JlQ3dLblNoaS0zclI1bW8zYmRxNjMweHl1WC12NGRFQ2lIZXFsVXpEdXRURy1TUmF0LWJjQzY0Q1E?oc=5,2021-12-10 08:00:00
liquidity,Analisis terhadap Aset Sandaran Alternatif bagi Penerbitan Sukuk Jangka Pendek oleh International Islamic Liquidity Management (IILM) - ukm.my,https://news.google.com/rss/articles/CBMihwJBVV95cUxOclRmcnowUFV3RmtVT083elVfc3Z0dnpBUzFjMm5fNnJScllaZGRBUmpHWVE3UDVmRjFpalI2SFVjaWhmYnQ3cWQ5eUpKODZieHlnZElPSlhoTHlBbkQ3aGtnOEJZc3hnY1R2YjZLVVVCR3hQeGdJZjY3T1A4SE9vT3JnOFFFcTV6dGdLb1czbmdWeENqNFVRZGtMU1BJX2x2WVc5V3BsMHVySFVJYk1sRHRjblA2WnNreENnZnBTLXhYN1NNMnJyZjRjb0s3Z29oMFN3U0lMa1NhU0dtdWhNY2xPVDk2eGVzTnExUWZ0YlVlZGFSTy13bk1tLVNTWnBsQ3pNOXdxcw?oc=5,2022-10-08 07:00:00
liquidity,LIQUIDITY ANALYSIS: A CASE STUDY IN CTRM AC MELAKA - UiTM Institutional Repository,https://news.google.com/rss/articles/CBMikgFBVV95cUxNMGhEeXZHZWNzaFZBSExOb2ZkVUVJb2kyS19VUHl2bE9KUWI1ZF9KakljRHpkZ0F6Zm5odlBTVWdIMnR5YVU2aFg3X1R2dEI1LTR4OXRIeE1YNi1CNEVTRUFDc1Rza1VPMTlwbVozR1FDMDlOQ213bThmcllQZmhCY09JSUFWUG9YaktmMVpxOE02QQ?oc=5,2021-07-07 23:31:04
liquidity,The Moderating Role of Corporate Social Responsibility in Determining Islamic Bank Margin – Jurnal Ekonomi Malaysia - ukm.my,https://news.google.com/rss/articles/CBMivgFBVV95cUxQN0puQTVuM1dpYldtczJwbkZWeC1LN3oybmFqY1czNmEzaEZlU0JNalRnWDljZndRVzhKS3dIQm5BSTlkRlkwWXFBalZJdWhBRHluUTJfbk5zNDVvVURhVENKQ0ZKcHY4LWtneHc1ekp4aHFtdlpLdGdtbzVIcXBSUUlEaTlFaVI4VE1tNlgwNl9HeFJfYktuZTdmdlVMcERIeTlvT0dDNHBJb0RvcDRRWmZ4dWxxSk1kTXA3RlZB?oc=5,2021-07-01 14:28:56
liquidity,FMIP - Bank Negara Malaysia,https://news.google.com/rss/articles/CBMiZEFVX3lxTE83YmtmUF9hRVM0WWVYb25NaVV3X2V0WGp4T2dhZnJEVjhRR3Q1YkdxOGFpaXMyOTZOTy1Ob3FHSmpSMS16Nll1ZXhOeUcxYW1jOV9STnFaV3JSQzcwa0R3S1J2TTA?oc=5,2022-12-31 09:11:25
liquidity,a11 liquidity creation on bank's performance between single and dual banking system in southeast - UTAR Institutional Repository,https://news.google.com/rss/articles/CBMicEFVX3lxTFBPYktNT2Y3RmRUZ3NxTkdfcW9hcUhNS016Rmw3LVd6ZDZvbGR6Q2FOLTRrU3ZxVTJmc0xOLUdrNW9uUnYyMHRxRlBaZWRtajh6b2JsXzZpMS1ZWFllVHg3Z0E3UWI4QnVRWkk4Umo0ZHc?oc=5,2022-02-25 23:34:38
liquidity,Islamic Mortgage Finance & Liquidity Facility - Cagamas Berhad,https://news.google.com/rss/articles/CBMi1AFBVV95cUxOdWR2N3RCYUdlamV3SVB2MmtDTE9ZZ3FqRFVORDRUTmk0V3FrcEpwZS1wM0lMRGlyMGdzbWtmaHhUaV9jTWdqTXE5VVlycVFFMUhjak9UZUdRXy16cndJYVhwWlY0azBqX0ttT0FLX0E5Qmw4Qk55Wkd2YXVGZWhJY0l3b0RuQTQzaXdDandSUU0xajJQbi1neENlbWZnR2ZvaW5HTmdDUE9HVXROUWQxeFZaUnVOeGU2ZnRxRXVoOHNTNnIxdUhObXplS2ozQVBOUmlPSg?oc=5,2020-11-29 20:36:07
liquidity,Telekosang Hydro One making progress in boosting transaction liquidity; second plant achieves commercial operations - ram.com.my,https://news.google.com/rss/articles/CBMiX0FVX3lxTFBhcFF3em1GZENSSDF5NHdxTHE1X3BiVjU5dFRxQUNha004TWpDMWVjZTZBcEpFMnhHZHE4Q3l0Wmp5UGF0NDh6aEUxeDZsYXBLS01XVms4cHBRcml5S0s4?oc=5,2024-02-22 08:00:00
liquidity,Decrease in the Statutory Reserve Requirement (SRR) Ratio - Bank Negara Malaysia,https://news.google.com/rss/articles/CBMihwFBVV95cUxPS1Q3LXF3Nnp3OE5rWTBnNGZzNmlEWnBPVjRTUzNTYktLOXl6cHJYa1NNdlJIbVRrNC1nRXVDUXBEYlV4NktFSGlDM2NfQnNTbWtrMHZpME1EZklEZTFGUEFRZW5iZU5zMUJ6Z1VJaGpfaVdkcEpHTnNZUkEyMjVvS0ltNGZ3NnM?oc=5,2020-12-19 14:05:23
liquidity,Statement by Financial Markets Committee - Bank Negara Malaysia,https://news.google.com/rss/articles/CBMidkFVX3lxTE9GUXZ2Wl9LVklsSmU5RkpPR1RmSVhIVEJ0X3BZSURZaWs2RFY2cWgtbmVxX3p6NHAwRS1jVlo1NjlRdHBNcThKV1l0Vl9HZTNKMHFHS1NGdlZPMHdzR0t3VFdXb0UxUkJqOWxIdW9yZDVDRUtfWVE?oc=5,2020-12-16 22:49:56
liquidity,ANALYSIS OF FACTORS AFFECTING LIQUIDITY RISK IN INDONESIAN ISLAMIC BANKING - Malaysian Journal Management System,https://news.google.com/rss/articles/CBMiekFVX3lxTFBOU3gyYUw1cHFSU2tMUWE3cnBLWFhqS1JPWmk1MGdmaTZLQURrZ1hZRFlSZzRQLXBEczFaZElJdU9Ja2JFcFRCdDNNVlRPWW1pTzBxY3d1ME5GU3RJbFgwV0tzakFPX2xkcmhxVEpJczZmTF9tQmlEWHdn?oc=5,2021-09-19 17:39:53
liquidity,Assessing the impact of liquidity on the value of assets return - Universiti Utara Malaysia,https://news.google.com/rss/articles/CBMib0FVX3lxTE1xUDJyekN2QVVkN2pKWDZxaHJ3cmhrMXpTQnJxaEFldnZkeWxlY1VVN2ZaeC15eTFBdXJsTjRDYmNJUm9GWkM5Mk5GZ3RwS2hpODd6SnJzaTk5S3lCOV8xd2ROcFgtOFEtRWRfbDdIOA?oc=5,2022-07-15 07:00:00
liquidity,Earnings Management and Bank Liquidity Creation in an Emerging Market - SARE: Southeast Asian Review of English,https://news.google.com/rss/articles/CBMidEFVX3lxTE5hQlVFMnlEX1R1VEE1aDlqNjQ1enBpb2poaVZTSHVHM01LUmtsQ2xHb01PV1hUaU9meFRLTEhxbHBWeEMxMHZ4M0YwQnYzNTNvQy1mQkxaNEZ2ZFdtTXRKcDB5cmtQbmJpYjdvd1lhOWEtckhB?oc=5,2024-12-21 02:33:28
liquidity,Development of the Financial Sector - Bank Negara Malaysia,https://news.google.com/rss/articles/CBMidkFVX3lxTE9BamhnSXU2TlVCOVhaeE9iV21qVXdFRGZjSnI0LTM4UDlaNGtzY2pUbnkwcGFwN1VIRnZNMG5rb045bnQweHd0UEkwSndDZFE1aG85bU0tdlRpbDY0blE2Ym9TSl9FSm1yR210N09sMWdIQXVmNVE?oc=5,2020-12-18 20:42:34
liquidity,"ESG, ISLAMIC FINANCE HELP SHIELD ECONOMIES DURING PANDEMIC - Cagamas Berhad",https://news.google.com/rss/articles/CBMirgJBVV95cUxQQ19CUFo1YklDWGJya2JwQnE2LTg0UWZSZ2gyYzdpbmpzQWZyekh1X3U4ejFNbGctaU5RWUk1SUdocHMybG1odkhXY295SDNKOEFJaVIzc3ZFbzMzR205Q282cWNTWmZ2WC1FZXo1NHptUW82UzVBVnExUnFuWld6MFFwTUNpRGJDTFFSZ1Zremw0T2Zvb3dlZV84dVlaTm1tZE9FbTVZSXF2ZmM0TWlKYkd1a2dGWGZzZExXcW1zMVl1ZkwwZ3RORnh2VFhFSmRBWUNhbnQzOXZXRWoxNm9lejlGM1V1UEJxZm90c0JGNDExUGhhUThySktXc2szUmRka1BfZkhCNTUyUjlxaWlCc2ZTek80YXdhdDBoUHR0MjJkTk9hUVI5X21TaUwxZw?oc=5,2020-12-18 03:24:54
liquidity,Effects of economic factors on the bank's liquidity risk: case of Southeast Asia / Nur Diniey Ezzati Zainorin - UiTM Institutional Repository,https://news.google.com/rss/articles/CBMiUEFVX3lxTE13OXJ5cm9CSnQxZVplV08tWlN4aXdfOW8wWFJnTFFvdkwzcHlVdkx6c1c5UDlsM0FIVmx1TVVmNlNPV1UxUFNSeHRQb0UwdkJm?oc=5,2022-07-06 01:12:37
liquidity,Liquidity Financing for Technology Start-ups (LIFTS) - Malaysia Debt Ventures Berhad,https://news.google.com/rss/articles/CBMioAFBVV95cUxPc2cxeldDVF9hNmZ5cm5XV0V1eDlES1dlemlsN0w3dEZ1d21kbHhBcElFelFYNllxakhiS1BLTUh3cHdBQ2xnWEUwdF9fYVZIMnB1LWUxb0VvZlg5WTRjUkd1Zmh5cEN0MDNnYkd4YXc3LTJRQ0hqdHZxXzV5UXNhVXd6SG8xQWwwRnFacFZOQlJBR192RTdDYWxPSjZORTdq?oc=5,2024-06-01 07:00:00
liquidity,FRS 7 Financial Instruments: Disclosures-MASB - Malaysian Accounting Standards Board,https://news.google.com/rss/articles/CBMiXkFVX3lxTE1JUURYLTZGVG81dDRfUmM5N05aeENkTG92emRZVEdJTk9KUDJaVEZLbkVGajFCbXFJeEdtM2lLbzFXUU50WW9DaUxvREx4ZTB1QU1KR29nTjVpTjQ4cEE?oc=5,2020-08-15 11:32:20
liquidity,IFSB-FIS Regional Workshop on Liquidity Risk Management and Stress Testing Standards - Labuan FSA,https://news.google.com/rss/articles/CBMizAFBVV95cUxPeVE4cFZVOGozajFpRVpPeW1BeFQ4OENVRmo0V3ZsR3ZDdVFsbmdoTDlJdUpCdEJBRm1sbTJwSWpnMjVyU0Jrb3k0R042V3ZMdDg4LXQyNXgyTlB2eVBNcUZ2M1JnYmtjc1p3a1FnMl90VmxXVDlEejFIZndnWHI0RUJDdU9TNHBjYTlaWHBsQWpIeEU5SWpuXy1WdlVYV2lDQXRrbUlfS0E1am95MzVGSkQ0ekIxYnFlV18tTjRRQVd1bWhwMDFfWEFmY0g?oc=5,2020-07-09 01:56:55
liquidity,Generating Liquidity in the Housing Market by Using Sukuk in Malaysia - Cagamas Berhad,https://news.google.com/rss/articles/CBMikgJBVV95cUxPYXJOXzhQMHNYRFItWjRtalJYRWdsNTM5RHZfckxCVjhQRlpNWTNFNWx3enR4RzdMTkRCaTlmNnVRa3FRakFiTUlXTHA2bXR4LUdQbGNxMXFaa0pnSmduSU5lTnNpeUhFcy1ydWthNU5nTWN0V21PSHF4Y3NvUTk0c2N6YzJNSld5bW5ncFducmoxRlVrVUZxUVdnaXg3VGxITk5yZkFjS1prcW4xYzBZZVpTclo4THViRFc4RUVDZHFVTXdEaUE1cEFCek1ZYW83bk1IVTh2YVBfQ2Z2MVdrM0FxSU1lbVhKTjdjTUdmYWxPTTNDT2QzQmtsRU40dW81WGdfS2ozdndnMndwdUVIdi1B?oc=5,2020-12-18 16:21:23
liquidity,Transaction Banking Solutions - OCBC,https://news.google.com/rss/articles/CBMie0FVX3lxTE1FbTEtZUo2Z1IwR1dNR0RUdlBOdWRJUW43QWNQeVlmZ0NwRTYwb1JkMzdPMkpwWVJIWk14SGIzUHd6Yzk3OTRjSE9uYUVCZTY4S1JkUFp0MDc1MnF4RnRRNnhzNzc3NnZEclJZNmFsQTYtcmxhU2JMSHZGYw?oc=5,2022-11-19 14:02:20
liquidity,"EXAMINING THE RELATIONSHIP BETWEEN OPERATIONAL RISK, CREDIT RISK AND LIQUIDITY RISK WITH PERFORMANCE OF MALAYSIA BANKS BY MAYTHA - UUM eThesis",https://news.google.com/rss/articles/CBMiU0FVX3lxTE5pRFc2bzJKellpU3p3TGNpOGdpZjJuWEJwbGpyNDRlZ3dFTmdGN1QwZm5PamxnLU11bE9fNXl0YmlENDBCN1pGSTVVWUVRRFVoZlpZ?oc=5,2021-04-08 17:14:10
liquidity,net stable funding and liquidity coverage influence on islāmic bank financial stability: evid - IIUM Journal Publication,https://news.google.com/rss/articles/CBMijgFBVV95cUxQaUJ6VGJTdmlHRUFIQ3Nva3l3Q0wtR19iUGRhdWNmZG94UlRybW53ZzRRWHRuSURndzB2MUNIYWJyeGU5MUVOUUY5S3RHVmxLSFBlZVY1ZEtGR1MxQ1JjZEVSWW9hMnFyU3F0cGUyci1yVmZLODMwS1RmQmJlVXFIYmE4MXNEM0VBajNXa1h3?oc=5,2023-06-28 07:00:00
liquidity,Monetary and Financial Developments - Bank Negara Malaysia,https://news.google.com/rss/articles/CBMic0FVX3lxTFBpdzFqU2g5RkFISWVuQmNEM0xYbU1FSFJ5aTRhd0R2MW5vbWNiRm5iek9kdFpIdDNiRnp1R3JtdUtIZFd6ajJQamZuSjJXSGJ4YXdJVlJvNXVxbVFHYkxBbXB3blJSRElRUnJGVjJENXYwRzQ?oc=5,2024-08-16 05:06:49
liquidity,STOCK LIQUIDITY AND CASH HOLDINGS: EVIDENCE FROM MALAYSIA - Universiti Sains Malaysia,https://news.google.com/rss/articles/CBMihwFBVV95cUxPa1F6cHFIc3N4YnVaQVo5YkF0NTlKQmt2UUp1M3JZRWZLSnNUcWFUQ0R2OXpsakFPbmYwNjU1dXY3THBoSHhIam1UZ05LYmRITjBpN1RUUWszLWY5TU1aeUppZmhpRU00LTJISE5GaE1QNWd2d3YySnlYOWI3OGs0YkdHOXdhaUE?oc=5,2023-06-22 07:00:00
liquidity,Does environmental reporting improve stock market liquidity: empirical evidence from PLC in Bursa Malaysia / Muhammad Hafizuddin Selamat - UiTM Institutional Repository,https://news.google.com/rss/articles/CBMiUEFVX3lxTE5TMXFDcXdkb3FLNUxDamY1cTQzUGhRTS1nTF9TcEFEc2tjN0RiZFFCeG9mZWRoSU14VkdtVE9lZWtaMHJrNHNYT1JIUHVYbW9s?oc=5,2022-07-07 18:28:12
gdp,Home | HRD Corp Official Portal - HRD Corp,https://news.google.com/rss/articles/CBMiO0FVX3lxTFBVQzRaWUpWa1pHY3hkZk9rbkZ1aGxSS0RHM3huazBsOVlScmREeW1iR2NCQWRKWG85NkZn?oc=5,2021-03-28 04:50:14
contraction,Malaysia Standard Industrial Classification (MSIC) Codes - Lembaga Hasil Dalam Negeri Malaysia,https://news.google.com/rss/articles/CBMiYEFVX3lxTE5rWXdCVmFqa1RCNHRRcF9lblRZZlEyV1pBaXpkaVZhR1lvSnp0aGl1LW5YVHJVbVVVbnVEd1lzVl84bmVpZWJvR2JWNVdmVF9YdHVMMnlZTjJfTDN1aFM5ZA?oc=5,2024-02-09 15:10:57
contraction,SENARAI KATA SINGKATAN (ABBREVIATION) DI FASILITI KEMENTERIAN KESIHATAN MALAYSIA BIL.1/2024 - Jabatan Kesihatan Negeri Pahang,https://news.google.com/rss/articles/CBMikAFBVV95cUxPZDB1dFdreUNMcGxDVXlyaTcwMlNWSDh1QVZhVHY0LUllUFBCNUplbElkZzNwYW5QbXowd3Y1NGhjbUdkOEVkMkRqcTlPcVhya0Y4QVVfOUZTbTY2TllvNFJtdTNPcFlRSkFzZzNDbFRzbmdidVhMN2Rxa0JobEpkQ3FJdy11M21ETGtkWnFUYm8?oc=5,2024-05-13 06:20:21
contraction,"Computational fluid dynamics-based study on the heavy crude oil-water emulsion flow through sudden expansion, contraction and 90° bend - umpsa journals",https://news.google.com/rss/articles/CBMiXkFVX3lxTFBweS1xcThUcEMxYkY4ZlZWZHhxb1M2OG53NnFCRGZnTllSYjRxZ2k4MlpHN2RKTjZSN2JDT0dwSV93alM3cVNJMFVxOXdlRGpzWl9JMTVWZXkybTRGeVE?oc=5,2024-06-28 07:00:00
contraction,COMMON FIXED POINT RESULTS FOR BOYD-WONG AND MEIR-KEELER CONTRACTION IN F-METRIC SPACES - - UKM Journal Article Repository,https://news.google.com/rss/articles/CBMiXEFVX3lxTE5tNTVZTmtielRRRnM2bTBrb2Q0akNUeE5YZWp1cXJpaFNDY0lkT0kyS1JvV3pLWTlmMkFsTy1ESjJYTGFaeXU0b2ZFMEhvUHVEeUFzVlRpMkZpZTRR?oc=5,2024-04-03 02:52:18
contraction,Butterfly Contractions Display Cut Outs (teacher made) - twinkl.my,https://news.google.com/rss/articles/CBMihgFBVV95cUxPQ09YeXhXTDluNFlsRDRvVzFiYjNOUUhuZ3l2NWNIbDJhMmxCMTdlcC10bkw5dmhPakRaNS1BeGI4Mi1VX0ZLSnhPUWkzckx3NE5wcEVlUW9EOGNzTUFMM25LMFpyLUJxenVTWTFtZzg4S0Q3V25Ua1MyaVBoY2tkeVJLN1VIUQ?oc=5,2024-02-13 07:34:55
contraction,Mechanomyography and Torque during FES-Evoked Muscle Contractions to Fatigue in Individuals with Spinal Cord Injury - UM Research Repository,https://news.google.com/rss/articles/CBMiR0FVX3lxTFBKeTYzSTZIUjBHUUVweEN5R1pWQkFIT2ZzQldaMjgwOEVpczBTQnNhbjVSN2U0WWdFM3pITTZSZVFPTEV4OG5v?oc=5,2021-02-26 08:00:00
contraction,Year 2 Punctuation: Apostrophes for Contraction Activity Booklet - twinkl.my,https://news.google.com/rss/articles/CBMipwFBVV95cUxNaWRWZGlFNVhnN19KRlY5Q05EdDhfUmFSWGdCWWRHa0Y2TmRWdmhEdkJhOS0zOTlKc2h4WndPeUp4allYTUNsUjVXY0xKaFMtR3QwMl92NEZuUk5GLTZEWTlOWVRSTWdBZXZrLW50MU9MR1RndDRHYzdDY19pZEc1bEhMN3VJQzkwM01hT0xBcVBHczlGWC1HZ2xzNGdkeW5aaHZBWm5OWQ?oc=5,2024-01-26 06:32:31
contraction,COMMON FIXED POINT RESULTS FOR BOYD-WONG AND MEIR-KEELER CONTRACTION IN J-METRIC SPACES - ukm.my,https://news.google.com/rss/articles/CBMic0FVX3lxTE5KSTI1UjR3V3JWYXZGekZiUVFpSnJqYU1oTHZNdTZZZm9kUHlWZ0MwSEVBWHRTQXpRbXI5X2FCQmItZjRKV2RWZkZuTm1kZ1o5UEZwTGd2b2J3dHpPZy1iTjdBTlliY0hIVk5iVXhBbnVjXzg?oc=5,2023-11-21 07:35:57
contraction,My Smart Vocabulary Contraction - Mehraj,https://news.google.com/rss/articles/CBMiakFVX3lxTE14WWRZMEFrQnlKZGtxWkNlXzRkTTBCbVhqcUE4YmxoVW1yLUdmNmg1Q3liQ3JPY01kc3UzUU1QZHNid3Z5LWlsRFU1Q0NrN3dfVThnXzBTVzBULVhCWUg5MXFmOVBRaU1yalE?oc=5,2019-04-27 12:47:50
contraction,"Banach Contraction Method for solving partial differential equation problem / Nurul Aina Solihin, Noshrina Mohamad and Muhammad Aiezuddin Hafizat Abd Manaf - UiTM Institutional Repository",https://news.google.com/rss/articles/CBMiUEFVX3lxTE1BZDVxaXUwWmMydUM4ZG8tZjMyaWF5bFJrQVRPZFJ4YlFqMXlBd0E2RkdHUlF2TER0Y2dFNnhzLWN1MnF4YWxUMUhaeE56c2pP?oc=5,2024-04-17 06:17:02
contraction,Wound contraction and epithelisation effects of Acrostichum aureum L. in rabbits - IIUM Journal Publication,https://news.google.com/rss/articles/CBMib0FVX3lxTE9JLVQyZGo5WlZuOW1kTmI1VG45Sml3b093LVhhZFhBRjYxX1luUi1RNG9qNkZDS2Y5QXdibXBESl9XNUtDd1JyRzJ1U1V2X0pIWjZ2OVpQdDV5SGZDTk1ISzY1MXZtbWx1QUwta21qWQ?oc=5,2022-07-31 07:00:00
contraction,"Numerical Study of Lorenz’s Equation by the Banach Contraction Method, P03S23 - UiTM Institutional Repository",https://news.google.com/rss/articles/CBMiX0FVX3lxTFBCcVFtamNWZF9BM25ZZE9SUVA2M3lDRTB5NWdCcS13ZWVLLVNXNG5SSFF4ZnRReF93VGxHeXpRRWdibDhCWVk2RDBGNnc0bzdPdzVGQmp1YXYzNHBocUhv?oc=5,2024-05-14 00:17:34
contraction,Contraction Apostrophe Booklet - Primary Resource - twinkl.my,https://news.google.com/rss/articles/CBMicEFVX3lxTE52U2RZR2xUbXR0ZXE2ZW56WTgyQ3pTZzQ3WHBwc0l0SUdWTnF5MXlXYTBJRUg3bWJpOWc5MzU3ZlVMdVhDVEpqM0JINWpnSUZHNE9adnZuVDA5TmJmR1AxWUplMGVJTHd1bzhpT2hya0o?oc=5,2024-01-26 05:26:17
contraction,The Effects of Area Contraction on Shock Wave Strength and Peak Pressure in Shock Tube - umpsa journals,https://news.google.com/rss/articles/CBMiX0FVX3lxTFBzVU9udElTZ0htMWtoenI1U09mSmZtV0pBOF9Ub3FJR0wzbXNINHFnM3NmWWNhZE1GT3I3OEJIa0xMSUVYR1Atb3BuYnl0ZnBnYk5WZFRhb3I5OVZONVVF?oc=5,2022-12-09 08:00:00
contraction,A Numerical Comparison of 2D and 3D CFD Modelling for Contraction and Expansion Geometries with an Emphasis on Solid Particles E - Semarak Ilmu,https://news.google.com/rss/articles/CBMilAFBVV95cUxOTDE0dEZHVU5QeWZrdjhCaHFQcUJ6RGZLbm1yeWFtblFBcktIbmJPem9DenhqdWJXRUl0QzV5NFF1WG91SkszU2NFaHp5MHZqcDNINC1oUVVYLVdhUXhic0xabXZ0Z3l1XzNJNlhUMERxSkE0SFlNTF83Y2o2THFJLThYU2ZEa2RHSm9FQ0F1aU44N2p1?oc=5,2024-01-21 08:00:00
contraction,Contractions Spelling Activity - twinkl.my,https://news.google.com/rss/articles/CBMiekFVX3lxTFBESHVLa0ZfMVdRX29mWTFYU2d3TElXQVlJRkVxR05zTmd2QjE1WVVVN2lDTmM0UEpFUnphNGRSR0lDeFR3cGdFNkpESUczVVgwOGtlamo4aHZIcGMxVS1ydGVKeU9MOUpNUHBrYVo4c2lrMlZ0M3Z2YnVn?oc=5,2024-01-25 22:28:05
contraction,[READY STOCK] Jubah Muslimah Blouse Women Abaya Dress Flip Collar Waist Contraction Drawstring - Shopee Malaysia,https://news.google.com/rss/articles/CBMi1gFBVV95cUxQVWxWNXRndGNwdUpmY1JmOUxsbUtfMkF6V1FYRTU1MFFOY3BEQThhMlctOWNPVklkX2xhd2luR245S3cxUmpnY0NSTmdkUC1yc3JrN0l4Mnh5bHZxTkhNTnY3X1dJUE9OdnlPRklpekpYUll6UE9fNnRSYU9BWWU4al94QUltQVVHUDQtSE95Z1djMGxfUlNOd1QxXzd5N29wQVpYUng5VlVvU19tMWt0YjU3OFNQOFJkY29hTWVQMXBESWFkNTJnMnVyZ2R3NnhCbndiend3?oc=5,2024-08-27 11:34:38
contraction,Contractions Worksheet (teacher made) - twinkl.my,https://news.google.com/rss/articles/CBMib0FVX3lxTE9OSnNjWG4yS3VGUjZOT2VHR2RPUngzMDhRbUI5VTVCWWpza3Y3ZDBQSUxfb2gxNnFjSzczTzBNZWFDWWtzQmo1R1kwU0FESXNHdDN6YzhhSG1TX1ZSS3NXTGFCSlRkdkNldUU3UHI3QQ?oc=5,2024-01-25 08:38:07
contraction,Word Contraction Matching Activity - twinkl.my,https://news.google.com/rss/articles/CBMif0FVX3lxTFBlSmVUbmtkN0JiLW9aRkQ1Q1FrbFNfUnZXenRHdWNHMUdNMVllejNaVWJtdTYzRmQxZExmbnR2bU50dnpFNGFhdk54bUt2bFowWXlBaEI5Rnk5R2cwX1JjTGstandKR1pIU1Roc1ZHNGM2MWJULVd1YjZKZXduaW8?oc=5,2024-01-26 05:36:16
contraction,A Numerical Comparison of 2D and 3D CFD Modelling for Contraction and Expansion Geometries with an Emphasis on Solid Particles Erosion - Semarak Ilmu,https://news.google.com/rss/articles/CBMigAFBVV95cUxNMzE0aThkM1JVQXNlaXJrbm0xcVBzZ1N6SFJ6anFSWUdCQkd2VVN5RV9CLVlyWGd4a0o0YzFlLS1YdVZhSzV5X0M0R1dWeHF5Q2lsMkJRREhVaGtkVWZwb3N1cjh3MzBPZUpWMmEwSzBIdEwzY25SeVRIOFFkNkhzVw?oc=5,2024-01-23 08:00:00
contraction,Banach contraction method for solving the epidemic model with constant vaccination / Mat Salim Selamat … [et al.] - UiTM Institutional Repository,https://news.google.com/rss/articles/CBMiUEFVX3lxTE5HNFBwY0duTUpOSE51eHg1SGVhVDdCenRlRFVuQ01OR3hNcmR4N0QwNGExZ3hRcWtMdWNpazc0bjhEM0MtUk5RM2ZHeno2clVK?oc=5,2024-08-24 15:12:00
contraction,What is a contraction in English? - twinkl.my,https://news.google.com/rss/articles/CBMiYEFVX3lxTE14UWVUUjUzX1lseUNMNV9LeDFxWXF1R2hiM2paZ0RxNW92aW5WOHJqVTQ3RENtaGZOU3ViTU5YQzBBNG1BdWVrTFhoTG5fQkE5UWxrTW9OVWl5NUtaSUNxeA?oc=5,2024-01-23 10:02:21
contraction,Banach Contraction Method For Solving the Epidemic Model with Constant Vaccination (P04S23) - UiTM Institutional Repository,https://news.google.com/rss/articles/CBMiUkFVX3lxTFA3UDlfY0FCVThESVVKUWl3X0x6Vkg5eEF0Y3Z1WVRadzhaS0lmdFZmVDRvY1BKcTY5ajhYVnFqN3J6TEo2QnJJVWlZVk5zU3dSX0E?oc=5,2024-05-16 09:04:37
contraction,Contractions Matching Cards (teacher made) - twinkl.my,https://news.google.com/rss/articles/CBMidkFVX3lxTFBIazM3N29abjM5MHFkQVc3ODNkQk13S0xBT0hDc0N2ekNreGtNY3pjVmpGTVlFVkNHMjZCWHFGVDAwN3FQOFB4Z3R5YWFhWkJJdVl4dU5aQ1ZISWVRTkxMaHlQNlFCd0FJS1FJLWpGSzgtQjRBVXc?oc=5,2024-01-25 07:41:41
contraction,"Solving Burger-Fisher Equation (BFE) by using Banach Contraction Method (BCM) / Fateen Nuraribah Ahmad Fadhli, Nurul Izzah Zahra Shahrulanuar and Saidahtul Izyan Izzati Mohamad Sazali - UiTM Institutional Repository",https://news.google.com/rss/articles/CBMiUEFVX3lxTE44Wm9FNGJidk9pMHpCYmlNMUdsb2lJZTR0eWY1bzZKNFN0RnNxOTR1OTU3QWo5S1V4dElyYnR1b0FrZkVHUVE2bXk1Wng4Z0o0?oc=5,2023-08-15 14:17:04
contraction,FLOW ANALYSIS IN SUDDEN AND GRADUAL CONTRACTION AND EXPANSION PIPES - Journal of Engineering and Technology (JET),https://news.google.com/rss/articles/CBMiWEFVX3lxTE9sck5Lc3A1ZHhhTzBuNUVZV05UTGhfUVRTWVNneV92ak1VeXpnaWlsRGJjZ3d3ZHBHM0hzaEhLX0RGdUJORkZENzFDVnptbDlENFpDYml3a2c?oc=5,2024-06-30 07:00:00
contraction,G.A.L Gap-A-Let Socket Weld Contraction Rings – Standard - Leeden Sdn Bhd,https://news.google.com/rss/articles/CBMi0gFBVV95cUxNMEtvNUlYMWY4dkVVN3dHZGd1ZU9GU1I1RHh0WW5kWXpONFlpdi05Qmd1OGQzX3ZqN0VLY2ZxcjVSNWx4TTlqS1d5NEJfQWpPcHh5LUpKOTZJdUZBeVZJeVJQeERHTl82RkUxS3hlSWF6czlLcEg0TGsxOW9jLTBuUlNtUFJzSVEwRTkySnZFY2Njcll3OXQ3Rkl2eVBaQjQzS1loUFd1X0lZM3Y5NVBUOTUwT0U2NE5qQkE3STltcHFZNXMxRG5uRjVLdnBfdER2UkE?oc=5,2021-02-01 23:00:03
contraction,FORMAT INSTRUCTIONS FOR SOMChE 2004 PAPERS - Journal of Engineering Science and Technology (JESTEC),https://news.google.com/rss/articles/CBMihwFBVV95cUxPaEtWT1N1OHJrYmpwdHFLS2Ryd0F5YjhGSWVRWi1CbFJMXzJySmJVaTJrdkpCSURPSzgtWF9FNmRMdjROSGNSV05OdFZlRHpTb1l6bWdHcURSa1dxSi1ySjA4amtBMkxrb0dFLUt1SkVrblhPaWQ3UDZjTlVXMGZQakZjV3ZLSmM?oc=5,2021-08-23 04:57:25
contraction,Wound Healing in Rats Intraperitoneally Treated with Sea Cucumber Stichopus vastus (Glycosaminoglycans) - UniSZA Journal,https://news.google.com/rss/articles/CBMidEFVX3lxTFB6WDVXLXpUSDZTNFhBaWpHOUhpV1B4QWZoc0FRQldNQkk4YzZPY1RHMzlObVhpd1FPRU5HVnBHRmxmWWFCNTdVbDlWQ2YxV1ZpYjlTNG5hTlEwRnJFU0FVNEN5QjRCQWNXdFViQVotMHIxdzhC?oc=5,2022-11-10 08:00:00
contraction,Simulation of flow behaviour of open channel flow through a linear straight contraction using computational approach / Muhammad Amir Ashraf Mohd Haziman - UiTM Institutional Repository,https://news.google.com/rss/articles/CBMiUEFVX3lxTE9YaWEyemFZcVY5emowekUtOFVrX2g5NlExTTFhQUZjLVJ0QzEybk1yUHVTMWUyRFR4ZW51d09MZW53RzJwdlMzOUpoX2xOZzN3?oc=5,2023-02-13 20:54:27
contraction,How to Recognise Labour Signs - Gleneagles Hospitals Malaysia,https://news.google.com/rss/articles/CBMikgFBVV95cUxQQklhbUNWVGR1Z0NCaWlqaXlhNV9IeEdNVEphUkwzcHlRYlRrVFZ5cjBmd19wR1NiUWxFQUdqUVRMdjlJZHRYUWFXWHNwVzdqanBVdHhtRGREaTVsS19HcFowaWcyaTdPSTUwWnZRQU1keVROUmFFdkMwQ0FMcnBnN1h4cXBwTXd3QUdHNkVWZEFqQQ?oc=5,2024-10-01 22:28:56
contraction,AKC CONTRACTION ENGINEERING - AKC CONTRACTION ENGINEERING,https://news.google.com/rss/articles/CBMijgFBVV95cUxPcjJyeUNWMnZPQUFwU2hieHRoNHlhX1VjaW40RUQ2dVZHelRZYWt3Q25ZOG1mZmk1bHdxVDk1aERyYTJnN0VGaXkwSkRFcDllb0FrVnI5SDJPQ1d0RTBkZXlVclBNUXNkMm5Zc0RUSGIwTWlCQ1JmQTNPSUJLTEdjaVFDaHRxb2s2ZFF3TmFB?oc=5,2024-01-18 10:51:32
contraction,BEST PROXIMITY POINT RESULTS FOR FUZZY Z-PROXIMAL CONTRACTIONS IN FUZZY METRIC SPACES - Universiti Malaysia Terengganu,https://news.google.com/rss/articles/CBMiakFVX3lxTFBlSkdub2NQOWNYc3pQejl2bXNHNmtnVXZMaDg3cGIxN2g5T1pQVGlZZWNXVW1iV2h5SW04X0lENTY1N0s3bUxreXZXTy1rTXRGWkhrQk41eUs4Z003WFZRajE3dUI2dkRhdEE?oc=5,2024-12-31 08:00:00
contraction,AKC CONTRACTION ENGINEERING - AKC CONTRACTION ENGINEERING,https://news.google.com/rss/articles/CBMijgFBVV95cUxQZHVwYU9fR2xDX2k2Z0lHR0Rsa25aYWVZc2ZHNUtFX3c2S1FXTlNyUk9OWUxVMlE1Z09vRXpFejlwdTJxMmlVM2JGOHdNNXZRR3RvWG1ucFhsanF6RTFhYXRQcXNFajdfbDYzUUFQaG9EUkxkbDR3SkRLYk9WbGRVXzUzbks1VmgxaUhDc0Rn?oc=5,2024-01-18 16:03:47
contraction,AKC CONTRACTION ENGINEERING - AKC CONTRACTION ENGINEERING,https://news.google.com/rss/articles/CBMijgFBVV95cUxOM1ZpQ25LRjZXb0NwbF9ZcmpmSGxpeUUxMnl5N1dRc09mVThLdkJUcGc3U0ZTV0NDZDE0YkhiNnZxaEEwMlROZlVydmp0TTJRcVlKWktLX2djcHN3VkdEbDVsNHQzSE55bE9LeEFiNS1Pb0NvS3JFN1FIaXRUejl2U1g1Vkx6bFVUU0ltZEdR?oc=5,2024-01-19 01:17:38
contraction,Page 121 - FLUID MECHANICS EBOOK FINAL (2) - Politeknik Kota Bharu,https://news.google.com/rss/articles/CBMigAFBVV95cUxPYzdsMlZEc01CLXNhOTBUdTNmWHk3WXRaVFRuWDlmWmlsRXJ6eGtkN3pwM3dYdm9sYnlYaUpFT0NPQ0xuanlQVlFHUUhDZGtUN3dBR3RJaHhTcUtfRThZUmpmWTRIb0NwV0c0UnVNN3hGTllYdnEzNHUxZDFaQzg2LQ?oc=5,2021-11-20 20:36:48
contraction,Identifying Labour Signs - Pantai Hospitals,https://news.google.com/rss/articles/CBMigwFBVV95cUxNR3lncVZNUGpzMWRSTEg3cjBoOHBUTGhwdTVOblhJQXpvMzZ6ZnBlYjlmWGpZWXp4enJfNHB6MVE4ZnVrRUVHMzdOTVZ1dzJscHUzSG5WYVVJcnduU0t6aVYzTFdGNHFXeXh4eXFkcm5mOEIyY0F4TUhCUTVsb1FIY19zNA?oc=5,2024-09-30 20:49:10
contraction,Round Ligament Discomfort in Pregnancy: Non-Invasive Care - mychiro.com.my,https://news.google.com/rss/articles/CBMiZ0FVX3lxTE56R1pVUVh5MHB3dXR2cG05UWJZdW1MSHIzMXMyUHVkYUZ2MG9rLVhXblhQckppdkxEWWYtc1RkVElPa3RUOElHSDdyS2daaHJsVUJ4dXJSWU9FamVLeUJaOHBxYUFvNDg?oc=5,2022-03-03 08:00:00
contraction,Fluoxetine Affects Intestinal Motility via 5-HT and Muscarinic Receptors in ex vivo Mouse Model - - UKM Journal Article Repository,https://news.google.com/rss/articles/CBMiVkFVX3lxTE1OWlRLQTRUS184Y3ZxQXd3WUFMQWFGNkRmWDY4NlpuN2VCeWxxWjRNRHpHVl9kVmNmRWM1MnpBR2lnMC1xNWx1d2xnLWEtcnR2bWZZY19B?oc=5,2022-04-04 09:57:07
contraction,"现货 ReadyStock灌缝胶补漏水泥屋顶材料裂缝伸缩缝灌缝墙体填缝剂填缝防水漏地面Grouting glue to fill leaks, cement roof material cracks, expansion and contraction特价促销 - Shopee Malaysia",https://news.google.com/rss/articles/CBMihAVBVV95cUxPb1NCZlJZTFRyWU03d2VlUHBGaV90MUVGcjZPN1J6QXJtRmo4WTRlVWlNWGVxNV9FbnRQUlNrcUo3aV9nT1FKWXpmMUsxSWQ1UTVuMTNkZzBFOUh5NVpqbkJEWkRvT1FBOG0ybHpLN2VlOW52Ylp0S2RwNzlKUnBvLUFObjRvTmF2am80MWRNS18xM1BiOEpTRFY3NVVEdE5PMW9QQk9mdFNkLXRqMmNORld0TndnM0t3d0tTR25DYUFzaG9nZmxZM2JYQjFRdG9OZVdzRVRYb0VoSlNsNkx0WTdqYUNvWDBEVy00WmZfOGFRWEtHbVFDSkNqX1E4NjdabmlJRWxGNkNJTWRvNUpYOWpyMG1WcXhobkZIUEJMaDBRTzl6ZldmZ2cwRlM0VW16TWIyZ2d6WXBCaklOVWZtUjZkZUlqMlpGMWJmby1zdGQ2cDAxakxUeGZpdWtiUWlVVkhjR2l5b1Vvd1psdW1iS3EzQUpCUXNzVHpDRVM4Nm14dUtmQUJXZWVIeloxa0l0M0Q0bmpVazBhdEltaVZDVmszRUZMRU1xaDhIXzZWYzVyTjN2azh5aGlONGRSNWFEcms2aVVxQjdaWDNwX3Vidml3OGdFTlJPWWQxX0NiN1BKOTNEbndwX1Vwb3RYM0M2TUVVTUdGNjZvZDRyal9ZVXgyNXdIbF9vNHg4TGVFNTkwZENhQ0syRGtIVTVPZ21yM3hRRTNIRUUwWFkyWFBobGFsZzVXY2NKdjNqdWVhUDdLdXRsblctSEcyMDEtSVVSS1Q4YTVEeFpnSnZ6czFLaDI5anpkUGhGNTkwRXo2SXlrZGFRVWR6NzlGUE9MUG5OakxTdg?oc=5,2024-09-30 18:48:06
contraction,Inducing Labour: All You Need to Know - Pantai Hospitals,https://news.google.com/rss/articles/CBMiZEFVX3lxTE9KT3JsaHJQNnYzR0kwNnpQUW8xMWJGVVNkSVEyeFBYbElwUmJYcU9ZRlhfaEZEcmZ6M0VWZFlTaGFsNDhZWUprVkhMTTZqVkF0R2dqV1dSZ2o5N1NoLVBnVDRQUFI?oc=5,2024-06-05 07:00:00
contraction,AKC CONTRACTION ENGINEERING - AKC CONTRACTION ENGINEERING,https://news.google.com/rss/articles/CBMikAFBVV95cUxOenF2U2ljcF9iYlBrUEw1YmlWMFZCMnpUb1JRNXEwTlFBLVRLVUl0X2t4OEt2UFBSRGpCeXBGbEk3ckhDVjF1YjhmVjBXbjVHSVFJVTlvNkVZLUpoRzEzaWI4UlJuSjhuN2hJOGJQbS0tNXY5ZkF0VnVfd1RzQTBiME9uZmNxSENzSEFjUm0tZmI?oc=5,2024-01-18 17:13:01
contraction,PULLEY-BASED MCKIBBEN ACTUATOR MECHANISM FOR ADJUSTABLE SOFT HAND REHABILITATION SPLINT SII ZHI YING A thesis submitted in fulfi - Universiti Teknologi Malaysia,https://news.google.com/rss/articles/CBMiY0FVX3lxTE52aHRUWGNJTWtOVVc3cUNpR1BWLVdiTzVOcmFDRnJxcy1Na3h3WHJIQ3kzdzhXb2Z1VGdGNWFDVGdEUUdUVFF3STcwTXlOREw4SzI2ZWNFdktFd2ViTXJJQkdpaw?oc=5,2023-11-01 19:39:51
contraction,AKC CONTRACTION ENGINEERING - AKC CONTRACTION ENGINEERING,https://news.google.com/rss/articles/CBMijgFBVV95cUxPOFJFZjBDSEJEUzZqSjkyVmQ0OHRSRngxYWpiRDJOM2pCeDZUN0pySzkzWkZwcWhKT1ZSV29tMHFISTdYOFVacjBNMTh0LVRHTVVNRC1WQV85TDFVT1h2M3lIUVZnR1dINkhMZXdnOW1MU3U4UkVWakt5a3RnNUN5M0NVWlZDVUswSHU3UlhR?oc=5,2024-01-18 11:14:02
contraction,"Singapore factory activity shrinks, forecast of contraction remains - thestar.com.my",https://news.google.com/rss/articles/CBMixgFBVV95cUxPdkNRVS1ZTDJSX2Jmdkt5RGhSN2dRUzVFd2hrQWRNTkFqbnpqS0pkS3YzS2ZjTkV5V1hUS0o1MXB6cjVTQkZxSHl2VExiUFBpSHVoU2VUXzFJMi1rcmJjUnVvVFl5LXpONXBid2M2MXBSUjlRa2VzOE14dElsMjh4MXpKQ1RLY2lpQU9ubzV0Tnkxc3MxcGlobTNPTVJPNjhZc1ZkUEZpVGhTV29tVDFFRTVPamNTb2tOV3VXZjF5SDVEUXRlSFE?oc=5,2023-04-05 07:00:00
contraction,FORMAT INSTRUCTIONS FOR SOMChE 2004 PAPERS - Journal of Engineering Science and Technology (JESTEC),https://news.google.com/rss/articles/CBMiggFBVV95cUxQWHcwRTBTeUh3WEtjSUt4UVdBdWthYnJObFRGdXZNcTR0ZWJKMjl5aDRRb1RFVEVBVkhzdlp5YmtNcklhTFZzbFVuOUlrVTRtSlJYejZVUHRqNHpyelRQc0JQUml2OGdNd1NCNUZKRlBzaURBYi15b2I3MkkyZjBxSmd3?oc=5,2022-06-20 22:55:36
contraction,Decorticate and Decerebrate Response during Pain Stimulation. How Do They Occur? - mjms.usm.my,https://news.google.com/rss/articles/CBMia0FVX3lxTE5rczg0d2ZUb1dhYUlJcVpoRnc0VXpjOVRWZE1ZN2VxWkRtX01sYzE5LXZXZm9YdVBIQnFFZi1RZHphS0hzREtqYTlPUS1PbDRiMjd0dnVwYjZUNG5EaWZDOWhLSjFJN21OV3FV?oc=5,2024-12-05 08:00:00
contraction,Numerical Study of Heat Transfer in A Microchannel Heat Sink with Hourglass Channel Profile - Semarak Ilmu,https://news.google.com/rss/articles/CBMiwgFBVV95cUxORGFKTDV4Z0lsWXE1WUFCLUtRRXdxMzRtNERkVG0zeEJUNXVFbVB4T08yU2lQdzlSQXljbUlBYjZvY2tHcDVsejdaOVpIRkJTYnFyTktrNFc1Q01zZ2hxaUJ2YU8tbVNBdHgxbFZ2LTZQaE14SnpWLU5sRks4R3ZKdkZBQnk1YzNHT2laSmpmVldqU0tfbW9mNDdtMDE4eURlR2NGZVhPZjU2S24yb1RaV1M2Q09FN2hXOUM3bGRBNmFidw?oc=5,2024-03-28 07:00:00
contraction,How big a concrete floor slab can be casted without cracks? - Academy of Concrete Technology Sdn Bhd,https://news.google.com/rss/articles/CBMiWkFVX3lxTE0xQ2s1LTdNMkRVNk1Bb3l2cEJVQW52NFhrb3pjY3NoMXJ5NGVCdUt2bHhGbzA3d2RsN0Noa25iNDJmOG5KZHd2OFdENEFNVWdJd25lZjNIaUlVdw?oc=5,2021-10-21 09:59:20
contraction,GUIDELINES ON INDUCTION OF LABOUR - Portal Rasmi Kementerian Kesihatan Malaysia,https://news.google.com/rss/articles/CBMizwFBVV95cUxOYnM3WmZ6MWxwSkk0NXFuNl9Kd1dCUV9RYnRrdlJJM0dCUkJSd0J2Zy05Wm8xRXZ4YnA1czNRVTVlVjdLOGs1eUhyZnFuVFlDMENRZUdsWERHT0xfX0tuT2FhRUJ3TXU5M1I3aXNtaDVhUVBrQ09HTWZSVHJTZGdpVmFsSm1VOFVtbzdXWThpZTBVWlZYMzNMZFk3R0w5ejA3NzBDZFd3TkNNVWdWM29TYkphLTgwVDc1Y1dSZXd1cWZQVEdraXl5SGxtWHF0QUU?oc=5,2022-04-14 14:20:46
contraction,Page 123 - FLUID MECHANICS EBOOK FINAL (2) - Politeknik Kota Bharu,https://news.google.com/rss/articles/CBMigAFBVV95cUxQSllqU01Ud2Fxb1N6VWNLeXV3Y0hDaEstS0tPOEZzazNjcm9vdkYzV1otZG0wN21RcWx3ZDV1TVh6dHRKUmpiZzRza0p2MnMzb2FsWV9vdi02SWU2VnhtLTFUVFJyaXBYWGpvaUJwYWRGaFc5Nmtqd29Da0lscXdYNQ?oc=5,2021-11-20 20:57:49
contraction,Practical 1_zalina_marwan_phm20202.docx - UniSZA,https://news.google.com/rss/articles/CBMiygFBVV95cUxPQzZZMzVBZjMtMS0zdG1WSWZPdDR0RFRMQzJlTV9wWGdRMUI5WDZoM05vbWR1V3M5U01RcG1mMEFLQVRqYnhvWjkxa1Nfd3F4RmhONVRqdkhUaVpHN3laWGZZWGF4eVFRQS15MlNnblI5bE9UVklqeVB0RFFqajYtLXlURHdidVZjTjViYkthN3R6ZU40WmRmV1RrMXRkT1U1V0JtaFo4WFFDeXB0ZGJSWVNUY1ZDNUR5U2NYTjB3Wm9BbVlmdko3Qi1n?oc=5,2022-07-19 01:35:21
contraction,Localized Muscle Spasm - DoctorOnCall,https://news.google.com/rss/articles/CBMif0FVX3lxTE5FaTg4WGFPS0RJZlZTdHhsN29XbWk2eWprd1F6cTU1eWJYb3ROTlUxTkFTTVZkS3dGbm1xaW4zQkduU0UwZXBkVkpYQmgtTGphX1pkS2FFeTh0a3VwdHJrTzFjZUQ4Sjd6NnVnVVBqczRiZWdoN2NYS2EwWWFPQTg?oc=5,2020-02-12 08:00:00
contraction,Video - MPS Academy Sdn Bhd,https://news.google.com/rss/articles/CBMiS0FVX3lxTE90TVAwN1Mwd2IxdFYzWDV1blhFOWZsdFI4VUVvbnl6Szd1S1lzYTJYY0FYcVozSEJVSVRZM1FaVFBDSHpjQjVmb2J5QQ?oc=5,2024-08-28 13:43:52
contraction,Template for for the Jurnal Teknologi - Universiti Teknologi Malaysia,https://news.google.com/rss/articles/CBMie0FVX3lxTFBKUXJBWUg0Z2xRbmgxMGNNbkxuVnczcExBS2N3NXhWbnNkVVpyTjBBTjk3SjU5Um9DcXhxc1h4a2M3TktuQjc3UTFPVlR0OGplQ2MzR2xDMXpIa0ZuTlltMEVhdlM3ZEdrcWh0T2VkX0hORHh2M2pZaGVDOA?oc=5,2020-11-18 19:03:33
contraction,MOH/P/PAK/516.23(GU)-e - Portal Rasmi Kementerian Kesihatan Malaysia,https://news.google.com/rss/articles/CBMi1gFBVV95cUxQLUVJNWZwMHo1c0U4a3NNY2l0NFNSdHducW5qUW5fYk80ekV0c0VyOXdJRFo0ZE41WUQtOUJqYWxpa0NCMHByT084eGV1UlRpSFJHN0tBd29RcTN2YjNmTXVTcXMtTU5pSnlXYk83RUMycHh5aWtaSTI5dHlGTE44aHFNYXVKTHk4LXpBWWY2OXRjNDZlMWVodDFFeWt6TVlHSVhZaGdIcTRJLVdwa3UzdlY0dU5Nc2x6LVVRUkNSV0U3Q2lDNm9JdkdXRW5NcjlfdXp5TUF3?oc=5,2023-10-25 00:21:28
contraction,Formative Practice 9.3 – Science Form 2 Chapter 9 - OnlineTuition.com.my,https://news.google.com/rss/articles/CBMipgFBVV95cUxOUk9Va1NwTFN3VmYybFlqM1N1RTRRSTdaZkdpR3hrX25pNDFVbExVYWFrdmVINWNyRGxYdzBMN3hVMVczcnlTTWlYVkE3YV9IWm5nM2RqaW44VlV5T2M1UnFjbmhkd3ZzNzJUQWFjaDNlLVVlMlcwV1lUeDZCX3pwM0o3ZGZldVJLU25nVE5rYVdzdVVtSklROWltNmJyaGEtSlJURU9B?oc=5,2020-05-07 07:00:00
contraction,TNB’s 1QFY21: Resilient Performance Despite Prolonged Impact of COVID-19 - tnb.com.my,https://news.google.com/rss/articles/CBMiqwFBVV95cUxNVTVuOXVMTUlKV3lVRk1JbkdPM3NUOUJaT2Fib2RXREE5Wmo4LUlha19SX2E1SkMzZUgxTWlqX1FlT21lZkFBVGYteHgxZjA1clc2TDhBSWo3bDVHTkt6Qm9CN19YNllUMHVqeU56SDNoNTZGQ0xaOTNTLUNOUlU0bGt6dFZDMHdzaEQzSDVObHdYblZoY0ZRd2U1WURLWEFtSE1wanVEM05SdU0?oc=5,2021-05-27 07:00:00
contraction,Untitled - Portal Rasmi Kementerian Kewangan,https://news.google.com/rss/articles/CBMifkFVX3lxTE4wNjd5QUxjRnM2OUx0LVR5Rkc1SFBkQkpMS3pRQTRTZXltUl9rUTdzVU1YZzl4OXlsMTVrUFhab1NFZXBLRkV0QTRYaTBBeUlXVnhlbjdIcFoxVjRGQUhxRmNtVkQyN0FRRFM2N3AyVGlQUVJ4TWdRTExaOC1nQQ?oc=5,2021-11-05 20:06:27
contraction,'No cause for concern' - NST Online,https://news.google.com/rss/articles/CBMifEFVX3lxTE4yaXM4TE1NczFVQW9NS3Y1NjY0MzMxazdIc2E3U0RSYUtvNjE2UkR4SVlWQUwwWkhySUtlVjZ1S1hIcDJFVjFnSkhBZXpkT21NR0w1NGlkWW1fcV9nRnlVSkh2Zkw4ZUJmdU5sZDNNMHVqSnhzcG1mTWtpajnSAYIBQVVfeXFMT2NJWGhOd3RmYVJlV3F5a2sxQmFBdWdfYkFIVjk1RjRFemx2UzkwNXJHNjJHR09XTEktVHhZdnYxT2tJeVhPekJ3Wk44RDJVeUdRYlV1dGFpMzJOT1ZWUGo3Zi14R1NSOTZ5TFpNQW9PNEZlR3BWS2lJbVdRMW5IaXN4QQ?oc=5,2024-02-18 08:00:00
contraction,UNIVERSITI TEKNOLOGI MARA TECHNICAL REPORT - UiTM Institutional Repository,https://news.google.com/rss/articles/CBMiX0FVX3lxTE1WYVllY2otVTZJcXFXY2tZNGo0b21wejNsT2dib3ZGbmFHeWhHbHQxaXc1MmxpUk95VzV1NlJVYWFyT2FmaVFmQU5nQlQtU3JUYzJJOTRxbFh5d28ySG5J?oc=5,2023-08-15 19:58:11
contraction,Arrhythmia: A Guide on Heart Rhythm - Pantai Hospitals,https://news.google.com/rss/articles/CBMihAFBVV95cUxPUHlpNHlLdVdKT0RIRGJBTDBQTVNPdkJRUFZ1aW82TnhLRkV1b3k0T21CUWEtNV92X3dXYWtsSGVLVHNRdTZmUEJ3alRPMlZ6T2lFOXF0QkhxWVhrUlhZc2NFQlFNR19XUTZrdU1WZlFEN0M1RmJhbVFKdTVKZTRPVlZhN3o?oc=5,2024-01-04 05:51:48
contraction,The Country Could Potentially Experience Shrinkage By 2072 - Malaysia Population Research Hub,https://news.google.com/rss/articles/CBMijgFBVV95cUxQODI1T0ticnJUamdFenhwNFFlX0c5bUpnN3o4eTQyQlNOUGZhUV83aXFyeUFBaHJxOU5LT2h0SGY0S19OTjRRSDR6aTlQTW1Fb2Z0V1I5VXRPX21pam10TlNzS3ZkdnBMcTR5NTl3SjlpejMxZzRkR0doYkpndUV0U3FTd0dPcHBNMkM2aUJR?oc=5,2022-08-22 22:17:21
contraction,Expansion Joint/ Divider Strip Profile- 30EXJ-9 - buildingmaterials.com.my,https://news.google.com/rss/articles/CBMiowFBVV95cUxNZXBxeEFqWC1XcC1GR0xEd0RoZVhmR0hOdUlnUUdCdHdheEpKbGd2ZUNreUJISlpzM25GcWZIQmlhS1hLbEtIaFgtQ3o0Q2pKaE56c2NLOVFKQWJSTnRPNXZ5YkR2REtwTDNfM2g1QVpCY1U5VThwSHBiT0gzNFBjR0FLMFZlRm10NU03OVk3WXRXTnlqS2todW5zZ2ZTajh0RWFz?oc=5,2022-03-02 00:07:27
contraction,Degupan Jantung Tidak Sekata (Aritmia) - Gleneagles Hospitals Malaysia,https://news.google.com/rss/articles/CBMiiAFBVV95cUxOMHkyQ3pjbU9MOWp4VTlHY3NqY1BDVGZBMFpuS1BYLXVHdGJuXzNoMDZxeTFzTVM2aFNZRFRocXNXbUY1bmlGODVUbk9YVlBPamo3RUt0d29GbTh2SDMwTXBoMTVVOHVTaFZwZ0trOEU5TDNmVW9RazhjZ2FjVElzdjhDM0psX0ky?oc=5,2023-11-04 21:10:56
contraction,Economic Focus: 3Q24 GDP - Steady as she goes - Alliance Bank,https://news.google.com/rss/articles/CBMiqAFBVV95cUxOdW5aVmxsYnQ3bFZsaE4tU25XQjZIS3ctVWJpUEM2MlVFOU9JZTBJdllReWo0NlMzaXRxOHhkRDJ3bldOV19RN1dmMnBaRDU4bmk3a2R5YmszY3VMTjdtTFZRTm11aTNZWXo4Y1RUTWJHcUVIVm1TUnZ4emRZVGcwemxFWjg4a1dmRjB0VkFScWh1ZVVhcWJlN1hmcWszb1psTUxHbXFSNWQ?oc=5,2024-11-18 08:00:00
contraction,Introductory Medical Physiology: Skeletal Muscle Constraction - UPM Press,https://news.google.com/rss/articles/CBMimAFBVV95cUxPOEVaRm1tMm5iUzM0dENGU1BMU3JOc09ySGJVZHotLUF2NmpidnhWdHMzYUwwUzRacDJDbDN2blJUWEdGQ3Q4dWtlYzFWQ2FOelFZd28yMzFmdG9MUDZqekRWMm5nNXN5VHRzalhnRVByTmNyLWpITWdfMElSN19ncnZrU21fREpXT19lSXRmVFZwQ0JqR0hRdw?oc=5,2022-04-04 08:05:03
contraction,3M™ Scotch-Weld™ Epoxy Adhesive 2216 - 3M Malaysia,https://news.google.com/rss/articles/CBMiWEFVX3lxTE5BTDdBdG1lTG1rS0hHXzgwTXloLTM3UEZnY1ZZd09uc25MVlpLQ1dQOWU1QmxqMUNfeVNoMWVCc1RjWU1vdklyR24zZE5pdnE2LVNQZzFNNlM?oc=5,2021-03-04 03:29:19
contraction,"Exports fell 8pc in 2023, bringing Malaysia's total trade down by 7.3pc - NST Online",https://news.google.com/rss/articles/CBMiugFBVV95cUxNakxGZms4a1FWN0V5SmxCQUliZ0dLU0hZeVlPT0l0ckN2Mm5JX1BsREx5T2tZMHdVR291bmhRWXFHSTlZdFRhYXB2Q0VuUjFvMVA5QUk3dEpxZGVNOVlJVWhDc3I3SF9HSmoyZml2NlN5LUFXS18temRkUHIwRDRjdmlQLWZIRzVZZ2FXZTI3UXdSSFVDV3p3SUMwTm9JQmFPM21PbVY2ai1rMnA2ZVVfQjM4QkREOWNtV3fSAb8BQVVfeXFMT2FiU1hibm5vX0Z5N1VtZWYxZTlGdDJtSlV4RTlsbENjSm1DLWtaQkI1Ym5DbzNOTUNVUG9fSzBZMDFqU0hId2ZwOWVrV2k2ZmRvWkx4elRtQWVxcWQ0U0xNdnhXS29YaDhMV2Z2blRoa05MQkNMS0RDQmN2SERjR0MyYnk0ZGl4VndKYTc4aFhEaUVURllieFFZOUdSeGNTZVZKbE9pd0ZJTDBzUGtRZ3l0bjVEdDBkWWNpVFZ1Ync?oc=5,2024-01-18 08:00:00
contraction,Untitled - Portal Rasmi Kementerian Kewangan,https://news.google.com/rss/articles/CBMibkFVX3lxTE9McnVmbjRZUDc5aV9kNS1WWVAxX3ZjRzM0bzhSMjB2cXdfY3lOZ3J4YWJueGxWUGQtYnBuaWdBZUpOVTlELW93bW9GLWtNdHNTTVpWUmM2S0ZjZURNbV9iNVVXeHFsdlhoNXhKNDVB?oc=5,2021-11-03 14:29:05
contraction,STRETCHING EXERCISE - novachiropractic.com.my,https://news.google.com/rss/articles/CBMiakFVX3lxTFAtMFFUQ2FlaUtKc0s2RmJiZVVzRnVETjB0aTZwX0VMM2RCMGFkVGFwQlJtU2pIWUhoQy1NOXVPMHhiUHo5eGdFSVB5VXhoQVI1VzI5RWxhVU41czVOWjZ5NFpWQ09wWEViSkE?oc=5,2023-01-17 08:00:00
contraction,Luoke running shorts women Leisure high-waisted abdominal contraction sport short pant for women thin fitness running yoga quick-drying pant - Shopee Malaysia,https://news.google.com/rss/articles/CBMilAJBVV95cUxQaVAtUndhRlRLeWtoeEFlc3d4cEdzNjRNdTRRVThUallhSFdDUHFzeWdETkdfNVBkNV9mZG9ZVjJ5X21KNEM0cmljdW13R3U3ZEotLU80SFM4c3ptdlVnRFhGUHhBTm1sdUdncm1oaHBOSFdEN3JaNk94U3lZZVpvbWxka2lieEVyaXdiT2ZLX2JyR1JRdWt5dHZ3RktOVkowX1lxWko1QTRfTEcyMzhSZzh0S2FBRjk2MURiRzdCTHZsQzNfV2tmSVVSaVhVTGE3OTFtRG1CWk1yYlBKcl9xalJvMkJxTVUzWllPNGZzcVVVNEtNVDNtVHFfSEl3c0JIU3dPTjhOZzdDRXNIdFZLblY5TWg?oc=5,2023-11-29 01:22:34
contraction,FORMAT INSTRUCTIONS FOR SOMChE 2004 PAPERS - Journal of Engineering Science and Technology (JESTEC),https://news.google.com/rss/articles/CBMiiwFBVV95cUxQUHFjb01YbzVmbk90dFVKX1pET1k3NGJ0QVZaRkFXMmRSWUN1MUd0MGo4OThBTEh6ZkxMbmRYcjFqUTBFN0xsaE5UelloODlzSkpWbm5KMVczOTZ2NWtOOXFVUVNBbW4wSllQQ3NQdjcwOTRQbVNvX0JHWHREZ243a2ZzdldkMGIxOWdr?oc=5,2024-02-27 02:38:52
contraction,Untitled - Portal Rasmi Kementerian Kesihatan Malaysia,https://news.google.com/rss/articles/CBMirAFBVV95cUxQN0JJWkZHUzFBZk5yQUYxaXFsUTB4RDlGejJYZnlXOXFNX3pmOTdyNFNLVlExdFo4TldnQXV4a0UzV2d3dGNqeTVQVDlrQWdEbk9JcDdMenRkNXVIcVBvZWM2MGVoSVRUYW8wcVZWT09oVkdMQkVscDEtNktBM0hHZkpfazdaNHNOTnJVaTZLcGV1TWV2N3V0LTE4ME9LZ2JIaV9sZFdzVVp0Smla?oc=5,2023-10-13 15:04:25
contraction,Scotch-Weld™ Epoxy Adhesive 2216NS - 3M Malaysia,https://news.google.com/rss/articles/CBMiWEFVX3lxTE9UWU5hT2xWRERmRHRzWXZrWEREV25wMl9wc250TDlUVzZKTm9UNEtIakpqWVRxcnBybU9jX2lLMUlKb181elNLU3lMalRWa2xQZ2ZWenI5WE0?oc=5,2021-03-13 12:25:34
contraction,Nearly RM350 bln contributed to national GDP by Selangor in 2021 — DOSM - Selangor Journal,https://news.google.com/rss/articles/CBMiqAFBVV95cUxOa3dvZmNIUXBlalhzbVpGWk5STVJIZFpwQnV4WUpNMU1XdkhlSkdGQ3Z3YWpBNUU4OU9ydWNobTExTE1QR0VSYUtJMXh3X3NsYko4QXVkMmMwYm44NWlQOWhQUTJvLUtnVHRDLTktYjZMbDIyMWdWWUYydWZXaUM2cDVsUWwwRDhuRDZ6Uks1N01XdzhwaGh1QlZXeUI0UUFqV1hpeWFESHQ?oc=5,2022-07-01 07:00:00
contraction,Star Former: Body Sculpting & Muscle Strengthening - zenclinic.com.my,https://news.google.com/rss/articles/CBMiWkFVX3lxTE9UWHROQjY5ODVOdkJWeVFpRFdyR2xjS05nZlFFVElzNjNJOEhDa01iS3FRaFE2bkVyR1lvRGRkUVUya283SEw3SmoyNVZJcHJKTW1yTGdoQ3R4QQ?oc=5,2024-12-06 08:00:00
contraction,"Installation Direction Puchong, Selangor, Malaysia, Kuala Lumpur (KL) - JC Material Supply Sdn Bhd",https://news.google.com/rss/articles/CBMifkFVX3lxTFBOb0Fhd3Z6N3lfY2ZXOTZ6U05yT3VWVVlvMFlPcllIOS03Y1BtbS15eTFvdURfak9LTnFSVDFhWlhHX2xCQkVBZDVST0pIMjI1QnVhcVhxVkljLTlrR2ZwSXFhSmZvcTFRelBBRXVTTHpYTUtZV0lRVllQZEdzZw?oc=5,2022-04-23 01:16:55
oil prices,99 Bulksales by 99 Speedmart - 99 Bulksales by 99 Speedmart,https://news.google.com/rss/articles/CBMiQEFVX3lxTFBINDNTc1o0N2R0OHVZVlE2aUpnTVZkeDE5M3lpY0JzN0pjdHh0WWcyNG1takN4aEg0ZnBRamFEaGo?oc=5,2023-09-09 06:01:08
oil prices,Welcome to the Official Perodua Website - Perodua,https://news.google.com/rss/articles/CBMiYkFVX3lxTE5WVENBWUgzZkRwZFE2VDRJR2I3dkRNbTJLRXpzcGRWVlJucFpfWkRFODVYQWc3cEJHMW5ZMkZZMnNUSlNrenBiQ0pSbnFnWjZieXpMUDF4SFNkRGhJVkc4bXlB?oc=5,2024-01-12 02:56:17
oil prices,NTW Malaysia - NTW Malaysia,https://news.google.com/rss/articles/CBMiUkFVX3lxTE8tSXFhT0hMUmtVTFFhbXFpeDNpWkxHWlZ5OS1YdkFvRElQSFdIazlBVDAzUTdnczNQMUNVT2JKbmpfN3FLYzBieF9rTEJLYlhVRXc?oc=5,2023-04-17 06:51:46
oil prices,"Beauty, Perfume & Accessories - Victoria's Secret Malaysia - Victoria's Secret Malaysia",https://news.google.com/rss/articles/CBMiU0FVX3lxTE5lZ0VRNHBQZ21SUm11N1dGcE1fQ2VLVTlOeThKWUJUM1oyX3I2SWMwMDBuVFVNQ3g3Y3M2YzQta1lYdmF0TzEwUTFGdUplVkVrek5r?oc=5,2021-12-27 02:32:05
investors,Welcome to Public Mutual - Login - PMO,https://news.google.com/rss/articles/CBMiX0FVX3lxTFBxUGdWRko3ZDNkZjhleVBrcUpTM0c2OW05SkhaMGlFODF5Z0xTemJId0lOQWJGTGEzTVFUVEw3Mjk3TzhsUXN3RU1sUjRaLWpCalpyMGZvMnNyVlNRZDBZ?oc=5,2023-09-09 03:39:55
currency,Exchange Rates - Bank Negara Malaysia,https://news.google.com/rss/articles/CBMiW0FVX3lxTE0tUWRYd2N4cTJYS196OFhnR2JIYVV6X2F4N3lEaUdiWmVMdGFwZ2pleHRISHFSbVF3U1RBMElkaWVoQ0lneEFCbmRSMHFHOVQ1U043b2M5dF9nZXM?oc=5,2020-12-16 16:40:55
currency,CIMB Clicks App | CIMB - CIMB Malaysia,https://news.google.com/rss/articles/CBMieEFVX3lxTFBISmcxVkpUU3FOUU5QTnRDOTJiWXBwcWhUWVV3NUp1aWFsckg1cXhDX28tSjh6QjU1Sk9XelgxNGpFWlFLcHVJQkU1NDZ5NEpOam80SkJnc2dzWW1kcDBzVVZqLUZTYklrcG9VcVkzOFNDTTlsRzIzOQ?oc=5,2019-11-19 19:10:56
currency,Catch Man Utd LIVE in KL with Maybank Man Utd Cards | Maybank Malaysia - Maybank2u,https://news.google.com/rss/articles/CBMingFBVV95cUxNR3NlRVFHUkwzUERyYlVoZUpKT09PbFlGdEJadTBvbnktQXVzM0lZRE91cHlnT2dWVHBvWWtXSVc0c2ZvbmVZSktUWHpXbG9icThKT0FHMk9aYkNnVXZQZTdFXzBxamRNb3g0OXMxcF94VmRkRWxObUd4dDB2eEs3UVBiaHljSzNuam1MV2swMzlIRWE1aEo4UzFTM2QwQQ?oc=5,2023-01-25 09:16:54
ringgit,CelcomDigi l More Device Savings For You! - Celcom Online Shop,https://news.google.com/rss/articles/CBMiRkFVX3lxTFBZc1B1UVdsWW5XYkJwVHpjNDdLX3ZDNnZFQklRVndxSW5vR24zZlh5eHFpYnBDNzlZMGU4b2drRUhLZ3hKVUE?oc=5,2020-06-19 00:27:24
ringgit,Honda Civic - Honda Malaysia,https://news.google.com/rss/articles/CBMiTEFVX3lxTFB0VHVYdFQzR29kblludk5JbWhYaEhIREZGMFJlZU90VS1GendVVmlwbWtIUUVNZ2lHZ3AtT2NSZnJhT2RpM2tQa25zdUI?oc=5,2020-05-19 04:26:02
ringgit,BSN MYGOLD ACCOUNT-i - bsn.com.my,https://news.google.com/rss/articles/CBMiWkFVX3lxTFBCMnNFVlppa3RLc0I0cFpoOTlyTWM4LWZSTjJxUzJDbTU4Y0ozcXFNN0F2dE14bFotaFdkVThwS1RfTHpzUS11U1kzb1cyNnlKQWRVaUJaQmY5QQ?oc=5,2023-08-28 00:23:19
fiscal,Financial Consumer Alert List - Bank Negara Malaysia,https://news.google.com/rss/articles/CBMiYkFVX3lxTFA2Rmt1LUhSaWhuVVVQSURZWEp0ZkxjNWRpbFY0OW1IVnhTTWhBa1FpcnV3TjA0SXptNEVzVGVJMEI0eVZmSE4yWHU0U29leHB5Zk1nQXM5OTBDZ0JGTHNGN25B?oc=5,2021-01-30 08:30:43
fiscal,More on AGC - agc.gov.my,https://news.google.com/rss/articles/CBMiO0FVX3lxTFBHRjA0YXpXRndLMzJWSHNBMENidnBSazVzb0ZxN3g1ZVU3UFRHQkpobXFvVFVOR0N0YkxJ?oc=5,2021-07-25 00:37:15
budget,EPF Malaysia - Safeguard Members' Retirement Savings - kwsp.gov.my,https://news.google.com/rss/articles/CBMiQEFVX3lxTE5DLTR6RlBNRk1NNGdCYUZ1T0dLc21BRW42QWNPUGQ3ZV9mbTA1R1luQUxjaEVvTHdOaGNmZTdCby0?oc=5,2019-05-26 04:08:41
budget,2x Guinness World Records Holder - ESCAPE Penang,https://news.google.com/rss/articles/CBMiPEFVX3lxTE9vUC1SRHZOWlNIR3o4SGhOX05CdERraWpMeVlSM0xPc05WOEI0Vk5wVkZrVWZkQW9ITE5tYQ?oc=5,2020-11-03 10:04:36
budget,iPhone 15 Pro - Machines,https://news.google.com/rss/articles/CBMiY0FVX3lxTE9jZmxvQlMxNFNoUlUzeXVHMnMxYXNxc1pqbmZTa0xLbnE5RElHTV96X0ViZk1VNGZabkNlal80dC13NmNqbjF0MWhmX0tnSnFsYkE0UG1jeVBlOXN3QkVBLXVUVQ?oc=5,2023-09-14 12:21:36
budget,CelcomDigi l More Device Savings For You! - Celcom Online Shop,https://news.google.com/rss/articles/CBMiRkFVX3lxTFBZc1B1UVdsWW5XYkJwVHpjNDdLX3ZDNnZFQklRVndxSW5vR24zZlh5eHFpYnBDNzlZMGU4b2drRUhLZ3hKVUE?oc=5,2020-06-19 00:27:24
budget,Financial Literacy Articles - kwsp.gov.my,https://news.google.com/rss/articles/CBMiTEFVX3lxTE5lMU0ta3JoVWdGMEEzNk5zMXlEck10aUdDdGQweFJLSnUtSXBCOE9aQVJZaGVpZ19PekFLaVNnYnpOemhGYWxka3JrZWE?oc=5,2024-05-08 09:36:10
budget,View all iPhone - Switch,https://news.google.com/rss/articles/CBMiXEFVX3lxTFBHOW9OUVFWSm1RX3FCenlNaGtqM19icEtHSVQtU0llcGdsVzc5M2twYlg4TWI5RUxjSmJxYUtJQjY1ZjVhbnNaTC1QMEV1NG1QcUxPOExGelpKb2pD?oc=5,2024-07-18 02:08:14
budget,results found: Apartment / Condominium For Rent in Malaysia - Mudah.my,https://news.google.com/rss/articles/CBMibEFVX3lxTFBYejV1c0poM2VvXzU3cFFYYTE2MHVHVjRFeFN1MzNvUG0weGZKT09ZeXc0U3M3OEJDY3pmZmJ2UWdDNmtBQnByYjByRW81RExzNUduYlpKUlBmVl91NTNQNGRKWW9XR0M5S09NWA?oc=5,2022-06-16 10:28:45
debt,Home - AEON Credit Service - myaeoncredit.com.my,https://news.google.com/rss/articles/CBMiQkFVX3lxTE1wMUlhYXJTbnZDcGIxazFnbjQxTDFOUDJwczc3YmtPbW1nS1BHUkIzTGp1NGFrVkdKX2dsSzQ5Tkhldw?oc=5,2024-03-25 15:56:04
debt,CONTACT US - bsn.com.my,https://news.google.com/rss/articles/CBMiS0FVX3lxTE1kdmprNUJKRmZVT0lKNmlXQUR2YXZfVFYzSUtVbm02eUVXWnRkS0U0OU5Ma0p3SU05X3otd0tCWVo1UEZ6QUo1UDFhcw?oc=5,2020-12-14 23:48:06
debt,CIMB Clicks App | CIMB - CIMB Malaysia,https://news.google.com/rss/articles/CBMieEFVX3lxTFBISmcxVkpUU3FOUU5QTnRDOTJiWXBwcWhUWVV3NUp1aWFsckg1cXhDX28tSjh6QjU1Sk9XelgxNGpFWlFLcHVJQkU1NDZ5NEpOam80SkJnc2dzWW1kcDBzVVZqLUZTYklrcG9VcVkzOFNDTTlsRzIzOQ?oc=5,2019-11-19 19:10:56
debt,Financial Literacy Articles - kwsp.gov.my,https://news.google.com/rss/articles/CBMiTEFVX3lxTE5lMU0ta3JoVWdGMEEzNk5zMXlEck10aUdDdGQweFJLSnUtSXBCOE9aQVJZaGVpZ19PekFLaVNnYnpOemhGYWxka3JrZWE?oc=5,2024-05-08 09:36:10
bank negara,CIMB Clicks App | CIMB - CIMB Malaysia,https://news.google.com/rss/articles/CBMieEFVX3lxTFBISmcxVkpUU3FOUU5QTnRDOTJiWXBwcWhUWVV3NUp1aWFsckg1cXhDX28tSjh6QjU1Sk9XelgxNGpFWlFLcHVJQkU1NDZ5NEpOam80SkJnc2dzWW1kcDBzVVZqLUZTYklrcG9VcVkzOFNDTTlsRzIzOQ?oc=5,2019-11-19 19:10:56
bank negara,Security Tips - bsn.com.my,https://news.google.com/rss/articles/CBMiU0FVX3lxTE1vTWN0RHExRGVkUDgtSll3TjcyV1pWSG5VbWl4b1dLNHRsUVVOVmhuelpWeklpeFBoYXgzd2VFWFFoLXdaRmgtbU53WXFJd05oRnNn?oc=5,2020-12-14 23:26:51
bank negara,Login to your CTOS ID Account - CTOS,https://news.google.com/rss/articles/CBMiW0FVX3lxTE9xTm1OdE80LWJ5YTFxWnpqQnNwLUxUcm9FZXQwVTBCOVVZX1JIM1MxSDhFdkFmelJoLXNVTXVQTmlkbWtxMkRXcDhnM1U0TXJTV05YanlRUmFENGc?oc=5,2019-03-21 10:59:04
bank negara,Internship Programme - Bank Negara Malaysia,https://news.google.com/rss/articles/CBMiU0FVX3lxTE50WWZSdDY2RHREVGJuNWhqZFgxTjJGbXJlNzBqRkhPYlg0dE91ZFRONUJrVUNsN3hkQmg1SXZTeE5mejlrZ3pJZXNNakNib0d5RnZv?oc=5,2022-01-26 17:50:31
bank negara,Enforcement Actions taken by BNM against Regulatees / Licensees - Bank Negara Malaysia,https://news.google.com/rss/articles/CBMiY0FVX3lxTE9kYTJyVlNpNFNwTUNHMUdmRmVxeGNSRHpRTlMzN2U2YUlXR3NjeUY2bGZ6V0ZkTklQMk5RNUw5cDU3NzRGYUJnXzVtZTV3U01Nb1pBUjBWNXVLSmdIc1hrZDJjSQ?oc=5,2023-07-28 15:10:56
bank negara,Exchange Rates - Bank Negara Malaysia,https://news.google.com/rss/articles/CBMiW0FVX3lxTE0tUWRYd2N4cTJYS196OFhnR2JIYVV6X2F4N3lEaUdiWmVMdGFwZ2pleHRISHFSbVF3U1RBMElkaWVoQ0lneEFCbmRSMHFHOVQ1U043b2M5dF9nZXM?oc=5,2020-12-16 16:40:55
bank negara,Who we are - Bank Negara Malaysia,https://news.google.com/rss/articles/CBMiS0FVX3lxTE9mamItbFBjLXVKcE04RTdPRFd3SEhmMDZpNDZzQmJxMm9XTV91MlZWZDZkc21oZkxQQzhhMmtkY2d1VVF1Yk4xQnNMbw?oc=5,2020-12-18 16:40:00
bank negara,Laman Web Rasmi Jabatan Meteorologi Malaysia - met.gov.my,https://news.google.com/rss/articles/CBMiO0FVX3lxTE5CaGhlOEl1YW1Hak1sc2pvazVHcVNBNFBabnhfZFhtaVdSYnZXT3ltSExCYUxUUllFcVg0?oc=5,2020-09-21 08:27:52
bank negara,INTELLECTUAL PROPERTY CORPORATION OF MALAYSIA (MyIPO) - MyIPO,https://news.google.com/rss/articles/CBMiPkFVX3lxTFBCRnRhQXVQN1pha3NRSDR0b2JsRHlTdnNES0prejVqZDQ0TkhzcU1CemhfdEpQcW5iOW1FeFZR?oc=5,2020-12-13 09:31:23
bank negara,List of Approved and Registered Intermediaries - Bank Negara Malaysia,https://news.google.com/rss/articles/CBMieEFVX3lxTFBadmNITXU5WmFVdWFySEFpOFZiYVd5SFFUV093R3ZlN092OGJ5eDFkSWxUT00yOFlUYzJMemhsZDJvdlpmTU56TFRxN2hKTjBVLUtpd2pHWkFMbG41NkVScXhOOER5Ync1b3NQMDBUb1M4ZEtmSUJjTQ?oc=5,2020-12-16 16:38:54
bank negara,Ringgit Foreign Exchange Rates - Bank Negara Malaysia,https://news.google.com/rss/articles/CBMiU0FVX3lxTE45QlVZYVg2OTVJS2Z1Tm9TMnVfR0N2X2pldlRSTFowb0FUVUdpNVRramlGN0hmMWhFV2Z2THNqYnlWcFEwOFJOZGdOd3o2VU1OdFlR?oc=5,2021-02-12 16:31:54
bank negara,CURRENT BANKNOTE SERIES - Bank Negara Malaysia,https://news.google.com/rss/articles/CBMiWkFVX3lxTE9EVUdhVDRLcGpDVG1PbFlPWC1oRWR2VFdKRmphMzdWaDEwX09lTHNUSzdKQ0kxZXhhR28wSnVLYUxwSUpsR1Q0MkNwOVJKNVdES0ZKUFlsaGdnUQ?oc=5,2020-12-16 18:18:12
bank negara,National Summary Data Page for Malaysia - Bank Negara Malaysia,https://news.google.com/rss/articles/CBMib0FVX3lxTE1SVFNxYWRjemxYWGRpN3UxaEtuWm5pTDZVRmxCTUxQTHZpeDF2OVVOWmlqMldIMzlZNy1UQ0VIalNvYkZrTkQ0a1dPelA3YUF6TUZZYjA5S2pRcjhhTkgwS3RzdnRscmZfU3o5dzBOYw?oc=5,2020-12-16 16:53:48
bank negara,Financing for Small and Medium Enterprises (SMEs) - Bank Negara Malaysia,https://news.google.com/rss/articles/CBMiQEFVX3lxTFBIZUE1VnNITklNYVppVG5WMkJTUFZLZjB5eDZCaklqZ0hRVU9CNE9BLU1hMklGdEFDNllzdWJ5bVM?oc=5,2024-09-09 02:27:23
bnm,Financial Consumer Alert List - Bank Negara Malaysia,https://news.google.com/rss/articles/CBMiYkFVX3lxTFA2Rmt1LUhSaWhuVVVQSURZWEp0ZkxjNWRpbFY0OW1IVnhTTWhBa1FpcnV3TjA0SXptNEVzVGVJMEI0eVZmSE4yWHU0U29leHB5Zk1nQXM5OTBDZ0JGTHNGN25B?oc=5,2021-01-30 08:30:43
bnm,UOB Malaysia - UOB Malaysia,https://news.google.com/rss/articles/CBMiU0FVX3lxTE9HbW45UGtpZi1LVEF4ZlhjR0J6WDRoTGNON2dRQjRNak15WDVESkNwbmE5M2FadDJaRkRzeGZDTC1qN2pxNjdQMzdYd19pMTFIMlN3?oc=5,2019-08-03 20:41:41
bnm,Malaysia Standard Industrial Classification (MSIC) Codes - Lembaga Hasil Dalam Negeri Malaysia,https://news.google.com/rss/articles/CBMiYEFVX3lxTE5rWXdCVmFqa1RCNHRRcF9lblRZZlEyV1pBaXpkaVZhR1lvSnp0aGl1LW5YVHJVbVVVbnVEd1lzVl84bmVpZWJvR2JWNVdmVF9YdHVMMnlZTjJfTDN1aFM5ZA?oc=5,2024-02-09 15:10:57
bnm,Lembaga Hasil Dalam Negeri Malaysia - hasil.gov.my,https://news.google.com/rss/articles/CBMiPkFVX3lxTFBGNktGRG93allpMzJ1LXFBSVF5MnYyNG9VWVBrM0Q1N3RrNy12V0dROTFxZkZZSFp6ZFJxZm93?oc=5,2021-10-21 13:07:27
bnm,Portal Rasmi Kementerian Kewangan - Portal Rasmi Kementerian Kewangan,https://news.google.com/rss/articles/CBMiP0FVX3lxTE95NFp6WUZ5ZDB5dTJ6WkxmTy1PX08xRXZRMlBNYmVVNFRYQXFXUkRNNkVJTmVtbXhHX1JjTFBqYw?oc=5,2021-02-02 01:22:18
bnm,Customer Help Centre - CIMB Malaysia,https://news.google.com/rss/articles/CBMif0FVX3lxTFB4UFYwTUtScC1rQWUtNjlnam4tdnNURENDd1hnLVRtaXlwQ0RSNVhsNlVMeFRvS3BaSGpXZm1wRU45cTJOYTRZVkpwU0V5d21FV0h0ZzFSUTQ2TEZoNkM3UEVoSFd2OGlsNlJRNmF3YzNDVDlCcjJ4dEhWbjR2TFE?oc=5,2024-12-20 21:22:45
bnm,BizChannel@CIMB: One-Stop Digital Banking Solution for Your Business - CIMB Malaysia,https://news.google.com/rss/articles/CBMifkFVX3lxTE9QQ0x0ZUdKdXl4VjZsU3VRZ1BWOVlJaE1zMmMxSEw5MWJjT0ZiMkNUTWFNOERMNHVaNk5kdHV4NU0xeTdlVkFtUUxGS2k4ZDBlcGFoTjA1UC1IVG9UaThrV08zZzN5dlFTVTRWMlE0OVZ2YWtOd1VRS3JNSDU3UQ?oc=5,2024-12-20 23:35:07
bnm,Bringing 5G to the Country - digital-nasional.com.my,https://news.google.com/rss/articles/CBMiYEFVX3lxTFBZNTE0Q3VqRzk1cm5qOUxnZmpCRHpFNTJqV2JRMW42OG9VQWcxTGRyaE4xeWxIOFR5OWlXblRQSF9SaExlSW14ZV8ycmY3NTg3a2JIRUtZTGxRaWJIQnN2bg?oc=5,2021-12-15 03:40:20
bnm,NTW Malaysia - NTW Malaysia,https://news.google.com/rss/articles/CBMiX0FVX3lxTE1pMVhwSjVmUlV2X0p2TnV6QmNtbUI5VkdSS25UV2FnejZWOXlLa3ZMdWRJSXBoNGc3aGFGR3RHQ1ZTTW9ubTh4YVNsbFl3ZkpTX05vNXEydXNMeEdnRG5j?oc=5,2023-04-23 07:37:37
bnm,Contact Centre and Support - AmBank,https://news.google.com/rss/articles/CBMiWEFVX3lxTE9wU05VOFlBMkhfWmsyVjhzZEhGVlBIUDk3cXU4VHk1RkszWm9ScUdiWXJYQXNZMC1XMTlraDZWQlZIMmxKTzhCakM0N0pka0dxcHN0T2hVT18?oc=5,2024-09-25 04:27:41
bnm,Login to your CTOS ID Account - CTOS,https://news.google.com/rss/articles/CBMiW0FVX3lxTE9xTm1OdE80LWJ5YTFxWnpqQnNwLUxUcm9FZXQwVTBCOVVZX1JIM1MxSDhFdkFmelJoLXNVTXVQTmlkbWtxMkRXcDhnM1U0TXJTV05YanlRUmFENGc?oc=5,2019-03-21 10:59:04
bnm,Laman Utama | Permodalan Nasional Berhad (PNB) - pnb.com.my,https://news.google.com/rss/articles/CBMiPkFVX3lxTE1HUWd4T1B1UkhVNHV2WERPbGhMNERSaHpyNC1na2xQV0NXZzYzMVMzQVVXX0hPdmRZOEs5Ukhn?oc=5,2024-08-21 19:24:59
bnm,Xpats Gateway - Xpats Gateway,https://news.google.com/rss/articles/CBMiQkFVX3lxTE0zLWNQV2dvbTYtX05JbFRoTXRCbGpZZ2JrS0hmbEdJN2Etd2xwdUxCdjJxVjlGaHRKYkoxY1hpbG94QQ?oc=5,2023-06-08 13:02:44
bnm,EPF Malaysia - Safeguard Members' Retirement Savings - kwsp.gov.my,https://news.google.com/rss/articles/CBMiQEFVX3lxTE5DLTR6RlBNRk1NNGdCYUZ1T0dLc21BRW42QWNPUGQ3ZV9mbTA1R1luQUxjaEVvTHdOaGNmZTdCby0?oc=5,2019-05-26 04:08:41
bnm,KARAOKE MANEKINEKO MALAYSIA - Karaoke Manekineko,https://news.google.com/rss/articles/CBMiQ0FVX3lxTE52aDh4YWtTeUYzMWM4QXRDdGx0cThpTzVkb0xCVlZzdlBmcnBQekd4b1h4NURQRTV0aWxnMEpQMXVXRXM?oc=5,2019-03-08 09:43:33
bnm,Security Alert - bsn.com.my,https://news.google.com/rss/articles/CBMiVEFVX3lxTE52RG10QkxESGJNczNMcmxsVE1NT19VbUdpeUxoRHFsMGk2THNTcVlyNnR0dUQxV2l5SXIyV29zWHRfZmZwQjVNN3UxZFRRSlVJQkROag?oc=5,2020-12-14 23:27:55
bnm,BSN MYGOLD ACCOUNT-i - bsn.com.my,https://news.google.com/rss/articles/CBMiWkFVX3lxTFBCMnNFVlppa3RLc0I0cFpoOTlyTWM4LWZSTjJxUzJDbTU4Y0ozcXFNN0F2dE14bFotaFdkVThwS1RfTHpzUS11U1kzb1cyNnlKQWRVaUJaQmY5QQ?oc=5,2023-08-28 00:23:19
bnm,The MAE app lets you bank seamlessly and manage all your lifestyle needs. - Maybank2u,https://news.google.com/rss/articles/CBMiqgFBVV95cUxOWUV5U3dVMEZRTXpfcG1TcHVNZ1pOWmRka0pvX0xKcm5DM0lhMjh5QVRpbWpYcTB5U1U2d2cwczhla3JGVllZXzlSQVo3U09RWjZFZVh5WkFPLVozdFN1NUFDNG9DZFBFTnlrQldHMGpEUklKQklrMWd6ZXFhWjlVdDhvMVFlR1Q1em1tRTZTdnlYRW9ITTFTYUZWaW9kNjNROW5mcjdYZDlyQQ?oc=5,2020-10-08 04:07:18
bnm,Internship Programme - Bank Negara Malaysia,https://news.google.com/rss/articles/CBMiU0FVX3lxTE50WWZSdDY2RHREVGJuNWhqZFgxTjJGbXJlNzBqRkhPYlg0dE91ZFRONUJrVUNsN3hkQmg1SXZTeE5mejlrZ3pJZXNNakNib0d5RnZv?oc=5,2022-01-26 17:50:31
bnm,Exchange Rates - Bank Negara Malaysia,https://news.google.com/rss/articles/CBMiW0FVX3lxTE0tUWRYd2N4cTJYS196OFhnR2JIYVV6X2F4N3lEaUdiWmVMdGFwZ2pleHRISHFSbVF3U1RBMElkaWVoQ0lneEFCbmRSMHFHOVQ1U043b2M5dF9nZXM?oc=5,2020-12-16 16:40:55
bnm,Get your Touch 'n Go Card refund for - customerservice.touchngo.com.my,https://news.google.com/rss/articles/CBMiXEFVX3lxTE1QVlVUeEo4MGNKa3ZGSmdaUTNwOGl6NG5IRHF3SmlwdjU3dkR4RlNzRjlBcV9HaE90T1FMQ0E5cWJscTF6dkpBNGFVTVNmYlNLN0l6RnpuWjlFTmcz?oc=5,2021-08-23 07:39:43
bnm,Security Tips - bsn.com.my,https://news.google.com/rss/articles/CBMiU0FVX3lxTE1vTWN0RHExRGVkUDgtSll3TjcyV1pWSG5VbWl4b1dLNHRsUVVOVmhuelpWeklpeFBoYXgzd2VFWFFoLXdaRmgtbU53WXFJd05oRnNn?oc=5,2020-12-14 23:26:51
bnm,Log Masuk i-Akaun (Ahli) - KWSP Malaysia - iakaun.kwsp.gov.my,https://news.google.com/rss/articles/CBMiWkFVX3lxTFBFVndMNzF3VW82UUxkQXplWE4tRE15ZDJVc2F5YTJEdjRfLVJmZEkzb19tdzJiTGQ2MUZJLXJRTEJxZFZHYXAwaUdUbkFkdGdpcy1zMW56SllvUQ?oc=5,2024-02-01 17:43:09
bnm,How can we help you? - Touch 'n Go eWallet Help Centre,https://news.google.com/rss/articles/CBMiVEFVX3lxTE9xV0R4b2ZPcmJkZ2JkMFZ4eE11TzB3ZWZGRXRrZFp6WWgtN0c2SE5QNWd4WnRpX3ZERExSTlByOEMxTmcxczNQZjVyNDUzVVhjblFJTQ?oc=5,2019-11-27 08:41:23
bnm,List of Approved and Registered Intermediaries - Bank Negara Malaysia,https://news.google.com/rss/articles/CBMieEFVX3lxTFBadmNITXU5WmFVdWFySEFpOFZiYVd5SFFUV093R3ZlN092OGJ5eDFkSWxUT00yOFlUYzJMemhsZDJvdlpmTU56TFRxN2hKTjBVLUtpd2pHWkFMbG41NkVScXhOOER5Ync1b3NQMDBUb1M4ZEtmSUJjTQ?oc=5,2020-12-16 16:38:54
bnm,Ringgit Foreign Exchange Rates - Bank Negara Malaysia,https://news.google.com/rss/articles/CBMiU0FVX3lxTE45QlVZYVg2OTVJS2Z1Tm9TMnVfR0N2X2pldlRSTFowb0FUVUdpNVRramlGN0hmMWhFV2Z2THNqYnlWcFEwOFJOZGdOd3o2VU1OdFlR?oc=5,2021-02-12 16:31:54
bnm,Financing for Small and Medium Enterprises (SMEs) - Bank Negara Malaysia,https://news.google.com/rss/articles/CBMiQEFVX3lxTFBIZUE1VnNITklNYVppVG5WMkJTUFZLZjB5eDZCaklqZ0hRVU9CNE9BLU1hMklGdEFDNllzdWJ5bVM?oc=5,2024-09-09 02:27:23
bnm,Welcome to Bank Rakyat : Perbankan Internet | Internet Banking - irakyat.com.my,https://news.google.com/rss/articles/CBMicEFVX3lxTFBYSkJBSTdqYnBxT2ZNRXRKY1hDYTZYcWdQUk0wNDFaYWdKanRDemE1YTVKeUVxMzFsNW1PS09aUDlhTjEtc0FmS3BaLVNmdE52bXZnaXpPT1p6TzZtcVlhRF8tbzlZamZMV0NNWDNzMkI?oc=5,2024-06-30 16:27:48
bnm,Lawyer or Law Firm - Malaysian Bar,https://news.google.com/rss/articles/CBMiogFBVV95cUxPUEtxWENvOTFJOEpNeDZsY0ZVZWpOM3paaTVWTm9nak1oVlhTMFo5UHJtN0VUVEFNZEdROVNicDlDdDhRalZDdHlYTGxlMkV5WnhKYWQ5VWxoSi1YNXA1VUpEYVhHRVNFWG5NWjRyTXFRY0N0aU9HeFFUZVBPWjRULWdpTThucU1BUkh5Y0JRMW1IWlRFRHpEaHR4Z0w3dVFualE?oc=5,2019-12-24 07:24:44
bnm,RHB Bank Berhad - Bank Negara Malaysia,https://news.google.com/rss/articles/CBMiUkFVX3lxTE1lTWdvVmZqQ1hVaGZBdUpiQWFBLURhVUJCblU5eG10NDRUMkF2enYyWDk5c2ttdm8tR1IwRzJKVmduakRyRzQwTHl3UjlFYjlpUmc?oc=5,2020-12-19 09:57:32
bnm,Management of Customer Information and Permitted Disclosures - Bank Negara Malaysia,https://news.google.com/rss/articles/CBMizgFBVV95cUxQZFBVeTJLS2p2al8temdydlNBVzN1X1FiSV9fdjZ2MWlzcWtsWXJYcnJiUVd2WWxkRUtjMTZnclU5VnV6YWZ6SENRWUd2MnJPaDJDVEVBdkNpUXNsU2hKaFFRUFVmWHhsbTJmUVMzYkRqUF9yWjVnaUFzNHJQa1dHTl92a2VHbHhNbGxwNEZIQ3Mwb2RxaFJveDJPS0tIemVSeWRfREJqU3FJbnZnS2tGTzdYWlpoYjRiOVVoN2xFdXZtd2hWUTBDb3ZqbVhnQQ?oc=5,2021-10-12 07:00:00
bnm,Item 1. Submission by applicant seeking registration 2. Submission on behalf of the applicant (third party) Descript - Bank Negara Malaysia,https://news.google.com/rss/articles/CBMiZ0FVX3lxTE93YWVWbW82VFIzZnlOazZnNU1BX0RHVWRkV0UwUVZZa1pyaloyYWl6eFUtaXJNLUZ5bWtySWVTWkN3aFJ2WW5IbWFhcFYyenUyUG0yemtpODFaZ0tyWXI1THFuckZQcGs?oc=5,2020-12-18 15:24:26
bnm,Bank Negara Malaysia Annual Report 2012 - Bank Negara Malaysia,https://news.google.com/rss/articles/CBMiRkFVX3lxTFBtOW5DbmZiV0ZUdG1ERGg0MTlOVk83M2N5ODZ5MVdRUkRGSUN0N1BpSEh0YXZtY2ZmRWhCRzVFQ3p4ZF9oeVE?oc=5,2020-12-16 18:15:41
bnm,Liquidity Risk Policy Document - Bank Negara Malaysia,https://news.google.com/rss/articles/CBMiTkFVX3lxTE8tSDZyTXNnVGxLM1FUa2N2UEpSWklPMDVqQndOelBfTnFCS1lrSjdqTVo5WXIzQjFjTldvZmJHbkc5STNuNWd0cjZoYlExZw?oc=5,2024-10-15 03:14:13
bnm,BNM Instructs iPay88 to Further Strengthen Cyber Security Controls - Bank Negara Malaysia,https://news.google.com/rss/articles/CBMigwFBVV95cUxNVkdRNE9CS0pURWl2R283NlE1T0tKZUpHWnBoalFnS3RPdnQ0WlA4WXBGaXdxMXdtXzkzQnhzUm5ORHRRTmhoTk03REhiQlYzS0VwNVgxajgyblRxSVVrdGtNSFF2dzRBSGJJRkNUY3JJMU1paFBhUEZEWUpZTjg1YlE0UQ?oc=5,2022-10-07 07:00:00
bnm,PAYMENT SYSTEMS IN MALAYSIA - Bank Negara Malaysia,https://news.google.com/rss/articles/CBMib0FVX3lxTE5DT1AwZlJJRVdhcHZoQmFsVEtSV0ZuYUZaUWQwTTNrQzZhRTUzb3VpUWlycnFzODczdTJZNGxYaF9lcGR1X1RodXNOVDMzNHNqeGlsZlFHVE15bEdDV2g0MmpvNEdxajFQY0RfOXVsMA?oc=5,2021-01-13 09:21:22
bnm,SIARAN AKHBAR - Bank Negara Malaysia,https://news.google.com/rss/articles/CBMiakFVX3lxTE1FQWp0bFktMUhELWw0cTM4SlYxV21raW9xOGdjb2JYZzI4dE5RT2l6TWxsbmxxUm1LMlgyMDFhc1ZsSHl1QmtHQlRvX0h1d2MzU3lDeDlTaVBRMVF0SFN6S2Z0a0JwQU9lRWc?oc=5,2019-03-27 07:00:00
bnm,Monetary Policy Statement - Bank Negara Malaysia,https://news.google.com/rss/articles/CBMia0FVX3lxTFA3ZnVGajVQU01EZFZ1Tm5tR205TVdxc2dvX3Bfc0Q4aHE2LVk2dUNQUFBUaXhZQk82bXg1OGo5eWw5LXM2T3lDRHdHb1dXXzRaTFFES1FhVjUzUzN0UWxhajdEZERmcjYwVmVV?oc=5,2024-01-24 08:00:00
bnm,About Money Services Business - Bank Negara Malaysia,https://news.google.com/rss/articles/CBMiYkFVX3lxTE5BNWtkakh6ODJna2E0VXBIelFKTmJNRkZGSXhWRDdtNHhHSUdianJ5MC1fQmxCSlVVZFc5UzhDQlJVR212NjZpVTE4SDgtdkpJblBmTXVXaXBXQTZuR2tsanZR?oc=5,2020-12-16 16:40:01
bnm,Newly published: Guidelines on Data Management and MIS Framework for Development Financial Institutions - Bank Negara Malaysia,https://news.google.com/rss/articles/CBMixgFBVV95cUxNUkFuZzlMMmlMSGFuNmtweVMtbkhVUmh2NXFZVUxsWXU1NlVOX0o1MnpiM1B5dVF4NFRYSXE3UjluM2RpdXNNX0hiT2dOM2Z1X2VNNjNMd3MteXFvMnZXczVVaDJLNHpHMTM4ek5yV3h0czVsdGdYdGprODRTTXlmc04xUkZEVFBfUmVBQlB2dmMyREFMUjNjNXpndHdpdWxaUFd1SDI3dXRWNG9ZR2FKclFaUnRrc3lNNGhoMEpBTFJXNXROeEE?oc=5,2020-12-18 21:22:52
bnm,Welcome To Bank Negara Malaysia Museum and Art Gallery - BNM Museum and Art Gallery,https://news.google.com/rss/articles/CBMiP0FVX3lxTE50bmNUZ0J4RzVTcGFUSEk0UE5yVS1sNURZd2ZobFVBMWVjMjFwSzhLWTVTMGhZUGx2enpLNzNLdw?oc=5,2021-07-04 03:30:08
bnm,Legal Entity Identifier (LEI) - Bank Negara Malaysia,https://news.google.com/rss/articles/CBMiYEFVX3lxTE5vYU5kOEQ1ZDJEMjdqNFZocWY1ZDMwRm1YWGwyblpBcGtqdVQ3WVUxLXdzR0FMWlN1Nnd4QmY4RlFfcTh4RXdrSDNEejZvTFAzR19CTFJzNUVTTGpjR3dHVw?oc=5,2020-12-18 17:06:43
bnm,MALAYSIAN BANKNOTES AND COINS: PAST SERIES - Bank Negara Malaysia,https://news.google.com/rss/articles/CBMickFVX3lxTE54d2dUQ3l3UXdSUXZMcXlVbmRuSW1TRC10WmNaOVBGaEpoQUwxeE9DOXJNRFNpSHVNRTNMb3BBU0wwSk1FZThTYnpxMFZYa1BWcFk1UUx2ODFYX283Znl3cUlmekxadVNOOHNhcFRCZFluUQ?oc=5,2020-12-18 22:57:00
bnm,Governors - Bank Negara Malaysia,https://news.google.com/rss/articles/CBMiR0FVX3lxTE1Qdnl3cVh3Qm52ejdfSHRlVWJwVHg2a3NHNWtjZHBMdzFjb2NqaGJmX0dZWTRtSTZLemZzQnlrS1k1dFZfaXBv?oc=5,2020-12-18 18:16:51
bnm,FMIP - Bank Negara Malaysia,https://news.google.com/rss/articles/CBMiTEFVX3lxTE5SSHFhdk15dkw2d0pQUklXYTRYQWRDeFh1czRCZmZOc0t5eUhyU0dFWmdkRE1MM3hmNm9rN2Z3dl8xYl85em5DdUQxUEY?oc=5,2022-12-31 04:17:49
bnm,Quarterly Bulletin 3Q 2024 - Bank Negara Malaysia,https://news.google.com/rss/articles/CBMiYEFVX3lxTE5SVzBUSVlESTF3c1VLWmFPWWNUQVJPeEJSZGY3NE5rUUZXeHhXNjJxdGFwUXdteEwyTWZQZERwdWFJU192Z0dpaFRIaXdUeHdaOUZiZEdvTWx6eGN0aW5ycw?oc=5,2024-11-15 04:34:42
bnm,Policy Document on Registration Procedures and Requirements on Professionalism of Adjusters - Bank Negara Malaysia,https://news.google.com/rss/articles/CBMiTkFVX3lxTE5YclU3RzRKTGhOQVNsdXI4Zk0yZlNSRTh6dUxkMFJOV3NpdDhBVmc5TkV1WlJQdENRSDAxeHFXRkt6Z2dLVVBMSXB1UkxZdw?oc=5,2023-06-01 07:00:00
bnm,BNM Statement of Assets & Liabilities - 28 February 2022 - Bank Negara Malaysia,https://news.google.com/rss/articles/CBMif0FVX3lxTFBqNUhQY256eW5FV05lX3QzaXJ5OTNScGxBWTNWUnRCZ0RYT2dWMHZtb1UtSFJydmtmc1RWVG5BdTRvNVJSNWZ0bUI5S2RJQ3dGaXUtOXYwN3ZBWHVlRGQ0NjZGTmtWSk9NWGVJSjQtMjdxaTdJa2Z5c0N0V2d0a2c?oc=5,2022-03-07 10:11:31
bnm,Joint Statement on the 16th Bilateral Meeting between Bank Negara Malaysia and the Securities Commission Malaysia - Bank Negara Malaysia,https://news.google.com/rss/articles/CBMi1AFBVV95cUxQM1dSQTRpNGdaOFR6N3M3RnF5anBudFhUc05wOGxIWUEzSEVPbkc1NENWZVMtT3NvS0dlSVpzUzVRRU8yTER6QzkxeWNuU1lUTWtiNUxHTl9XUWJRRG5QWkVReG43LTBOb3hldEZmdGRKNm1VbFJBcjBhMkRlbXNhaVU1SjRNZWFfZGRwak9OeU42R2xzV2RubndJdDh4UXdaYmRIZ2RyWG1jZ2FDek80SW9ORVZIYmRlNnJEMWtid3BlOWRpemNTcUtzTEl3TGhFSGJPVA?oc=5,2020-12-26 04:44:43
bnm,Bank Negara Malaysia Opens Public Service Centres (BNMLINK) Nationwide - Bank Negara Malaysia,https://news.google.com/rss/articles/CBMimAFBVV95cUxOR0NocXZKMUszSWYyOUwzQVBUemlvMDlCZmhxc2c1aDNEaGk5MHl4alctZE5NTVZya3pYWVJVeTNzcjQwRGttTlppNlk4ckstcWJXMG8xa0R3TkI5YjVKOVhlTVlMcUJuX0FmZlhpaWZIM3NYUUNnVkxGdk9kRVNPN0gtMGtqM2JyUXpveHdzY3gwa3VtTDdTZg?oc=5,2020-12-23 16:29:17
bnm,Notice 4 Foreign Exchange Policy Notices Page 1 of 10 NOTICE 4: PAYMENT AND RECEIPT TABLE OF CONTENTS No. Content Page 1. PART A - Bank Negara Malaysia,https://news.google.com/rss/articles/CBMigwFBVV95cUxPVHJVR3hIeF9ZSlJtb1pkcGhodXVROXgyX2FzVGNPY21RdzQ5cU1rRGUtWDRMTm5fSXhHQlA2Z2V1X2V2d0ZVNDRXVnhFaXlibjMyNlBvOTBCN3VpVmpvT2FYWnJlWjZ2S21RZ1Z4eWFlVjA3M19vUGk4T3MwQlZkTUVaMA?oc=5,2020-12-16 19:53:02
bnm,Overview on Malaysian Payment Systems - Bank Negara Malaysia,https://news.google.com/rss/articles/CBMibEFVX3lxTFBpVWVwWTJKUHg3ZTRDR193Z2FyMElMaEhidFBlRUNPNmRkNUQxYXZNcS1wUWVfN2d2UGlvRjE3UWdPSGFVNTZsU0NNdHY5T1RpU0IxREZKYzVob3VrVHZteGlxdjgzY1pUQzMwYw?oc=5,2020-12-16 18:14:10
bnm,Legislation & Guidelines - Bank Negara Malaysia,https://news.google.com/rss/articles/CBMiWEFVX3lxTE5KQVJ2NzF4TUg2OVU5cUpwSk9ZeURrX2FmMmRMekgwTmJEbDVxNDI3dm9pYUlXbllvZzZwb3BMX2ZuZllJUnJWWVlUVnJkUkJSa3c5dm1MNnM?oc=5,2020-12-16 16:40:07
bnm,Exposure Draft on Product Transparency and Disclosure - Bank Negara Malaysia,https://news.google.com/rss/articles/CBMiTEFVX3lxTE4wMnEwcDVEUXpmaDlBOFd0Q25vQ2RoU3A0SlhDU0hkajRuWjZuTzcya3BaMG44NE5IdVo2SzhER3o0R3hiSy1FZ2VORUU?oc=5,2024-02-29 08:00:00
bnm,Preparing Our Financial Sector for Risks from Climate Change - Bank Negara Malaysia,https://news.google.com/rss/articles/CBMiTEFVX3lxTE1wcXhvbHhpOG8yLTdfcWJxanNWazBEMS04QXc5a2JaMXNHbC1LQW91aVRVSEwzTDNfbk4yYnBaVDFQUzZXNElTd0tVekQ?oc=5,2021-08-26 03:35:28
bnm,Glossary - Bank Negara Malaysia,https://news.google.com/rss/articles/CBMiY0FVX3lxTE5oZjNETjBOYmF5M2RkQTJTX3lFWmpyUWEyWFVoQWdxVFhUZmp3bFY5RTNUbGFNQTgxWlN0R2JaV2VzZkk4TjNVMkhOdUdRRG5SbTdnbERjbThZVXVsZGxVUnFJQQ?oc=5,2021-01-08 14:03:19
bnm,Dynamic Hedging Programme for Institutional Investors - Bank Negara Malaysia,https://news.google.com/rss/articles/CBMihwFBVV95cUxPUE80SmJmb0I0Mnp4aXlXdy1nM3lZZmxHSUVvUF9vYnhBc1JOVnplOVlhY2FkY25BTTRfdjNEQWhiaEUzZ3hGZlhnaktxOTBxNHhYa3JtN0NpZGtoTUI3RGdJSmdzMkdWLW5taUx3NnBnSmZIenJ4aDYtckRiUVU0WjFQc3ByOGs?oc=5,2020-12-16 20:09:47
bnm,Untitled - Bank Negara Malaysia,https://news.google.com/rss/articles/CBMiPEFVX3lxTE1mZFQxVVVTWmlfU2E3RF8yQU1tT2V3T0pRbnlISF9zcmlfNkdVZmlUNG1YWlhjUGUteENnZg?oc=5,2024-09-19 15:58:34
bnm,Bank Negara Malaysia Annual Report 2011 - Bank Negara Malaysia,https://news.google.com/rss/articles/CBMiRkFVX3lxTE9rUEN4LVhfTXBLZ3E1WklQRjRJd005ZE1xRUdzU0J6dlRZbmhZSnYzamwwZ2tTMEVHdVEwNTZEam01Ny1nVWc?oc=5,2020-12-16 18:15:38
bnm,Bank Negara Malaysia Annual Report 2017 - Bank Negara Malaysia,https://news.google.com/rss/articles/CBMickFVX3lxTE9QYk1PYVVNTlRtTGVTNHAxYzBuWTNKb2JHQURMLUZsOV9RY005emUtb3g1aUlMejlWbURhVEZKUFV1OV93QUJVZ1BKSXhjSHRuQ3Fialh2Uk9QOHhuVmY3V3dYdWFTcTdzb1gwX2ZPNXRKUQ?oc=5,2020-12-16 18:16:01
bnm,Establishment of Bank Negara Malaysia TELELINK 1-300-88-LINK - Bank Negara Malaysia,https://news.google.com/rss/articles/CBMijgFBVV95cUxNVkd5V1JOYmFSOFd4VjJJUDlCajdLY1gxaWU3ai13T1JGTG81UHdMSXBzbUQyRzlxYkRuOENCQ2Zlb2xpdlpnYkhnTndQTjhPQk1icUt2Y25VOUt6cmNoN0w3Q0xQWWl1OUlrdHJGT0NyN19UcHNDRXhxb2ZSM3ZVRjlNQi1PNEpzQUVtTlNB?oc=5,2021-01-06 17:11:30
bnm,Leverage Ratio - Bank Negara Malaysia,https://news.google.com/rss/articles/CBMiUEFVX3lxTE5XbUp1Mkl1TlRuU1JuR1VHdDNYRXRmOTl1cGpHNk1TRERULTgxQjloS2FSLXVqNnJrT3NuY25pZGdMZ0xmeVhoNzZSaHo2Tloy?oc=5,2020-12-16 20:06:35
bnm,Home - Bnm Bank Notes - Bank Negara Malaysia,https://news.google.com/rss/articles/CBMiU0FVX3lxTE0yNXN0aFNac2pRd21ub2VTMU0zTzUxMTl5UEoyZGpMMHlOVEpzVUNsa1pxcjZETkJ0Q2VGTThzbUh2YndqTjF2T2ZmTkdTeGtMVHJ3?oc=5,2020-12-16 19:04:22
monetary,Financial Consumer Alert List - Bank Negara Malaysia,https://news.google.com/rss/articles/CBMiYkFVX3lxTFA2Rmt1LUhSaWhuVVVQSURZWEp0ZkxjNWRpbFY0OW1IVnhTTWhBa1FpcnV3TjA0SXptNEVzVGVJMEI0eVZmSE4yWHU0U29leHB5Zk1nQXM5OTBDZ0JGTHNGN25B?oc=5,2021-01-30 08:30:43
monetary,Who we are - Bank Negara Malaysia,https://news.google.com/rss/articles/CBMiS0FVX3lxTE9mamItbFBjLXVKcE04RTdPRFd3SEhmMDZpNDZzQmJxMm9XTV91MlZWZDZkc21oZkxQQzhhMmtkY2d1VVF1Yk4xQnNMbw?oc=5,2020-12-18 16:40:00
monetary,List of Approved and Registered Intermediaries - Bank Negara Malaysia,https://news.google.com/rss/articles/CBMieEFVX3lxTFBadmNITXU5WmFVdWFySEFpOFZiYVd5SFFUV093R3ZlN092OGJ5eDFkSWxUT00yOFlUYzJMemhsZDJvdlpmTU56TFRxN2hKTjBVLUtpd2pHWkFMbG41NkVScXhOOER5Ync1b3NQMDBUb1M4ZEtmSUJjTQ?oc=5,2020-12-16 16:38:54
monetary,"Economic, Monetary and Financial Developments in 2019 - Bank Negara Malaysia",https://news.google.com/rss/articles/CBMic0FVX3lxTFA4ZjZBdmt2TGNzMHF2MFBBMGtkeGpaRWszcVVhRnRRQkFhV1FKd2lOMm1yM2RRSnc0QTQ4MUI2YlE1bWc2NlozdlFzLUxnTnY4QWJfZEctbk92OFZjNkNiam1lcHNOOHIyOW9YcmxnaWxMYnc?oc=5,2021-02-27 10:59:16
monetary,Monetary Policy in 2009 - Bank Negara Malaysia,https://news.google.com/rss/articles/CBMiZEFVX3lxTE5pb0R0TjZGMEVMRjE1OUlRYXNsdXMtUlFpdHUycExaU1JicHp2R2ZTTnhmRTdDWUtWNkNVWkM1eFlyaG80Z29SMjdha21TM3lkVGVrdWVQWHM5dXpwTzNweTBpdWo?oc=5,2020-12-18 23:13:51
monetary,FAQ 1. What type of monetary and fiscal data is available on the MOF website? - Portal Rasmi Kementerian Kewangan,https://news.google.com/rss/articles/CBMiZ0FVX3lxTFBZcGk4X1EwR3p1WlQ0VElRck13cUw3VjdFMS1iOWpMVk41eWFETmNZclNaY2tiZlM0V2plMnlFTkIycFY2R2VzWDc2cjhWVDhGVXhJUlJuZ2ItM0FQZ3BMRjk1NnBydEk?oc=5,2021-11-03 09:42:24
monetary,Investigating the relationship between monetary rewards and flexible work schedule on intention to stay in ICT companies | Journal of Business Management and Accounting - Universiti Utara Malaysia,https://news.google.com/rss/articles/CBMibkFVX3lxTE5hZGdKV2ZZNGlsd0Y2dC1UTzRMc3NyLXlWWjhmbi1laWNlWEFEWF9ab0VuTzk4OXZqekdYV3p6VjMyNDhrR3pDSkswMDQ3eWU5aWFZdm5zS19kZGZFQXJYT2hHSDVIUWlPY2xjZVV3?oc=5,2024-03-17 08:22:36
monetary,The Effectiveness of Governmental Monetary Policies on Economic Performance: Middle East Experiment - UiTM Institutional Repository,https://news.google.com/rss/articles/CBMiVEFVX3lxTFBzVUo5QWltVGQtUHZQeElpa2RFWEVyLUE1eDNvb21jNDVQTU5NT3F4aWUxc0QxcGx1TlgzcjZ3OXpMWFZTaUhTY1dCS1owdEo1MVJjUg?oc=5,2024-12-01 08:00:00
monetary,Monetary Policy Committee Meeting Schedule - Bank Negara Malaysia,https://news.google.com/rss/articles/CBMieEFVX3lxTE1aWnhOMHhiMjdCRXRqYmVkUnJObUtGVnlZVW5nMkpSZk5zRHVaTkMtY3JoTlhWbDBDLXZmaVF2MTQ5anVmMHBzYUJ2UkhwQm1Ca3M3RWY4cXdrMmRsRVB1dkh5UkZLcnVMem1HMF9FeXdRa3dmaVEycA?oc=5,2022-05-18 01:21:46
monetary,Monetary Policy Statement (MPS) Snapshot - Bank Negara Malaysia,https://news.google.com/rss/articles/CBMigAFBVV95cUxQLWpnZ2JkMURUTmtySWpHX25iUWhGdU03blFYVFY4TXJ0RWYxZ3AzNDdMc2pVRHVnT0NnWTc5Wl9HVHlsNzR0ZEZjek5OQzdYdWdVOVZsZmtjdEJ2S3pUdExXb2FPMGI2UEFXdE1USS04XzVHc2FfZFMzeFlIc1NVVA?oc=5,2024-05-09 17:13:36
monetary,Monetary and Financial Developments in October 2024 - Bank Negara Malaysia,https://news.google.com/rss/articles/CBMiggFBVV95cUxOUkR6ODJpcU82Qm1JQ2puSENEZjFBUnczMUcwbmVkVVk5VnNQa3J3bXZvN2U2Yl9TSTVBT0RWaF9YYmhtMmw4UFE0ODdSM181MGNjUm9jOVhDTUlvNXJieVpSdU5fWnRtcjlMS0o2ckMxTUNNNGsybGZMYVd3ZjJ6aC1B?oc=5,2024-11-29 07:03:36
monetary,Monetary Policy Statement - Bank Negara Malaysia,https://news.google.com/rss/articles/CBMia0FVX3lxTFA3ZnVGajVQU01EZFZ1Tm5tR205TVdxc2dvX3Bfc0Q4aHE2LVk2dUNQUFBUaXhZQk82bXg1OGo5eWw5LXM2T3lDRHdHb1dXXzRaTFFES1FhVjUzUzN0UWxhajdEZERmcjYwVmVV?oc=5,2024-01-24 08:00:00
monetary,About Money Services Business - Bank Negara Malaysia,https://news.google.com/rss/articles/CBMiYkFVX3lxTE5BNWtkakh6ODJna2E0VXBIelFKTmJNRkZGSXhWRDdtNHhHSUdianJ5MC1fQmxCSlVVZFc5UzhDQlJVR212NjZpVTE4SDgtdkpJblBmTXVXaXBXQTZuR2tsanZR?oc=5,2020-12-16 16:40:01
monetary,"The BNM Quarterly Bulletin presents a quarterly review of Malaysia’s economic, monetary and financial developments. It include - Bank Negara Malaysia",https://news.google.com/rss/articles/CBMid0FVX3lxTE9MajRfYUZsNERmNWxfdDlHZWpHbnBHVEVIWlhXOHlFNThtN1VpS3lNSnZ6Y0pLU3BrUXRsY2NnRVVkRUREUm15LUk1MjdDWnhIOUdzemdBU05XOWNLRWRuZExGenFxWHd4WElJRURQVlVOZXVHcjNB?oc=5,2021-04-23 07:15:15
monetary,Monetary Policy Statement (MPS) Snapshot: July 2023 - Bank Negara Malaysia,https://news.google.com/rss/articles/CBMigAFBVV95cUxNZ1pqWjB4SkRkMVBNaVFDazdfUlNGTERtaUF1czFEUWwyVllYclJoQVZ1TXpObU1PM0JKcGF6QVl0eHdveFA4Y0ZfQTFHLXlmbFFTOG00TGVlalFkUDkzcVZXM0VvYmhIa0VnUWI3bm5ySTJmcXpVTmFtWlRjNHNrcA?oc=5,2023-07-06 07:18:03
monetary,Monetary - Portal Rasmi Kementerian Kewangan,https://news.google.com/rss/articles/CBMif0FVX3lxTE1udGwyRklQNGFMMHFlNVN2c25oTkNPdE1zZ0FiNnA3aVh5T3JjbG5pS1lWWEE3MTE0YW43ZUtNaWxoNVlBbFM2Q3BlZVNzYjdYX3FlX0FfR1NXa0JFSEtlVVFmYmdKVXA5a1kyMDgtWnhRdE92VnpYRFdSU2J5cG8?oc=5,2023-03-16 14:09:00
monetary,Effect of Monetary Policy Statement on Overnight Policy Rate – Jurnal Ekonomi Malaysia - ukm.my,https://news.google.com/rss/articles/CBMilwFBVV95cUxQRlFfaXBIa2xFN2xVYU9jWVl1a1ZrR0NuNnRJRjJBMFRqWHZtem5nOTlod2VYT1Bzb1VBazJjbVBBeFV5YWpRNFJUSThHOGlOb1NtM2R2LWY5aVk5dWFUS25ySXIzSDRHYUc0bkNHdHQxVUhkcDRPVTQ1dFNFY1dubDJHVWYzcU5DY3dVSDF1eWJlRkdJME1R?oc=5,2023-09-14 06:23:24
monetary,Quarterly Bulletin 2014 - Bank Negara Malaysia,https://news.google.com/rss/articles/CBMiWkFVX3lxTFBSQjB4TkloTHVuQlEwOG5aMHdTUzRaM1IwWG56SWFQbFY5ckt1ZXlPcUdYcXZIYW5FVVhudTlCOFF6LV9yS0txcEd0R2RnaThnVWU0eXFXRXo2UQ?oc=5,2020-12-18 05:52:48
monetary,EVALUATING THE EFFECTIVENESS OF MONETARY VERSUS FISCAL POLICIES IN MALAYSIA USING MACROECONOMETRIC APPROACHES SITI FATIMAH BINTI - EPrints USM,https://news.google.com/rss/articles/CBMijgFBVV95cUxQR3JaT20tSmVuSGVKVXRpZS1lbzBqRk1zMkhkQk00X2VTTnhyOTl2eEUxb3JVazg0Tk55NmN4RjFIbVZ0S3RaSVdORnI5ajlxbEo1N3VnM0VpTkJuSGJfUGVoVUg0YnBpbTdrbVRMQ3dDUnZxakN1X0FsUG8xSzZyU3EtZ3pXV2MyVWF2eF9R?oc=5,2024-03-02 05:45:00
monetary,1997 Bank Negara Malaysia Annual Report - Bank Negara Malaysia,https://news.google.com/rss/articles/CBMiakFVX3lxTE9lRE1WNDZjSXVKZ1VIQ0xaUWQ5RnI4Z3VKTWpYc2h4alBSaXBIRzhzMXlQUGxmUTE1NVphSFZ1eXp4YlI1TFZJa0VZWGM0SUs3cEdYR1BmX2pPc0FEVkUycl9Vc2l2QnVOeVE?oc=5,2020-12-18 23:03:03
monetary,Tun Ismail Ali Chair (TIAC) - Tun Ismail Ali Chair,https://news.google.com/rss/articles/CBMibEFVX3lxTE9QVDFnY1RJMGh0UkFfd2Q4ajE0bTJPa2wyMWV2emJYZGx1dTNDaDRKaFFWdHJuX3gwd0hFTnljUHJfdWVKaFVPNU9XZ1BXRG9GQWY1OTNrc2tkUjhrYVF2VklwZFVqeU5fSUU4Mw?oc=5,2022-08-05 10:36:28
monetary,Introduction of Bank Negara Monetary Notes-Istithmar - Bank Negara Malaysia,https://news.google.com/rss/articles/CBMigwFBVV95cUxPNEpOTk14NE42cVhuSC1vVGJ4M1hZYUNHYXI3LURNMXRyQjdJN3hHa2JWalVfVWtPY3MwMzdEWWozLVpBTzRLaFZ4cUZaakdiemRNRDZCbVR2U0hyUndtQUdIU242VVF1d0dzem8xZUNReXdqeHFCSW54eWhiVDhlZUo1VQ?oc=5,2020-12-18 21:23:00
monetary,Economic & Monetary Review 2021 - Bank Negara Malaysia,https://news.google.com/rss/articles/CBMidEFVX3lxTE5oOTBuN0xtNTF4MzlSN0JRbElPeFN5MEhabTM5aXFXQm5OZm8tSFVOUjF5Z0lycC1NSXJLT2t0Ym92Y01fVDRVM0RvUFp0dXRibHphSGNseXRkOXR5bnJGanBPSi1tT29MRVRjQWM3TzJGM090?oc=5,2022-03-31 07:00:00
monetary,Monetary Policy Statement - Bank Negara Malaysia,https://news.google.com/rss/articles/CBMia0FVX3lxTE5DYWNTMnd0TWdvYkhuUUVrUkhXZTZTNEtFM0c3TG9JTUU3M0tPY2ZaVFZ5UWVYc2dQTmMtTU5NQlozX2J5ekJTMk9BbkNsTDNVbGlEeTh6NDgzQ0JlbjYwMjVZRHNSSjYtZEE0?oc=5,2020-12-18 14:55:51
monetary,MONETARY AND FINANCIAL DEVELOPMENTS Interest rates lowered in line with OPR reductions - Bank Negara Malaysia,https://news.google.com/rss/articles/CBMiYkFVX3lxTE1KX2I2YXl1aXA0R2d4MDRZXzE3dzUtUnpXcXhSV0RzUnFTTW1mTlotMHVuZGx2VEFnTTNjRTVENks0MzZJN0NlM2JFd29iN1QyRkV5SzhPVjFhR0xWUVdiS2xn?oc=5,2021-07-30 14:51:28
monetary,MONETARY POLICY IN 2013 - Bank Negara Malaysia,https://news.google.com/rss/articles/CBMiZEFVX3lxTE5GRWRFblpqdzRoRll4cnd6RjRvNHJ2R1pQWE0zbGFmU1RtMUpNLUJqbjE2VFpVdVIwalp0ZGhYaHcxck1tMkliWDViZFRFZDI1dGxISzhDODFNVEV1OUsxTExLT1M?oc=5,2020-12-18 23:14:55
monetary,BNM Annual Report 2022 - Bank Negara Malaysia,https://news.google.com/rss/articles/CBMiVEFVX3lxTE9UUTNLRG52dExsMU5GMWNlOVdjTDl4U0hMYUVGUnRvQnVMNTVvTm1xQWE2WTVOdTFlbWxxSW40N2ZuZFJiYkVPSG1YYlVXZ3A0R1hnUA?oc=5,2023-03-29 03:17:59
monetary,Overnight Policy Rate Decisions - Bank Negara Malaysia,https://news.google.com/rss/articles/CBMiekFVX3lxTE5IU0RMSnl2eWdhaTdmV0RYRml0c1RKRUdOV1BNQ3R6dE1EWl8yc0huVVd0Ny1uS0VwMDFXODZfNjJaWWpxRkVMS0F3SGFNMEpUdFh3LVpQSERyOUpWdDhPbDJiRVJjUmVyaTdOYzlZT0pUMnlPcGdvcHR3?oc=5,2022-05-18 01:52:47
tightening,Vaginal Tightening | Vaginal Rejuvenation Clinic - davinciclinic.com.my,https://news.google.com/rss/articles/CBMiV0FVX3lxTFBJOVZBamlmajI0VFZuOWFFMDczMktUNE4yOGN6UXFFVy1MQ3VaSmhhRVFRQXdHaVo3VHAxLTdudDBEZjloblYwTk1TeWV1Q3FzbzhKTGEyWQ?oc=5,2024-03-26 14:36:17
tightening,Shop Vagina Tightening And Cleaning Soap online - Sep 2024 - Lazada Malaysia,https://news.google.com/rss/articles/CBMidEFVX3lxTFA5S2loSmhybkhNUjlzaFMwVmRGUmtGZVFZaWswMVFNd1llNWtfeVJmdU9xQ3UzUElCYTBXbmM2S3ZveGpZM1ZkOXNpN2ZfOGZlMGVWYTUwYkc3XzA4enpmcGtpOTRHZEFVS0lDT0ttQl9fWXdZ?oc=5,2023-08-25 00:22:55
tightening,Self-locking cable ties - 16 x 300 mm - tightening max. Ø 80 mm - black - Legrand Malaysia,https://news.google.com/rss/articles/CBMiugFBVV95cUxNRVdBTW5oQWtCRDJSeWJzM2ViUVJFcS1iMlBMbVQ5TTN2c2N0VEt3TU5oTThxU0YtN1kzRDhCWnAyaGJCbnU1ZmluclJkVmZkbG90LWg4cFcxb09jSTliUGlZTmF6TWJoejZuVjRpVjF6TUhsaGFvMWRYSl83Z2xBaW1jaHh4dXlOX1dZcUdzdXYwZUE1SDNweVU1MWNlYzBFamxzMTJ1OWdjUTFTeUIyRU03aDVpdDJhcnc?oc=5,2024-09-22 11:44:26
tightening,La Coquette V Face Skin Tightening Beauty Device White - guardian Malaysia,https://news.google.com/rss/articles/CBMieEFVX3lxTFAtOU42bnVhYWNuSGM2UGQtMWUzY3M4UVN4VzNuYW5vbW85QUtRbkZNZDYzQTktQXhqekh1S0VBSGx1X0RyYUlpOUVWOHpSaTgwZFR2RjVVZ1NSeGhKbzNFSlNocVczTGJVYVowaFBoeGwzTEhoRVQ3eQ?oc=5,2023-11-04 00:55:54
tightening,Saggy Skin & Skin Tightening Treatment in Malaysia - Kaiteki Skin Aesthetic Clinic,https://news.google.com/rss/articles/CBMiQ0FVX3lxTFBnbXNjMDNsYXJXakJHTF9iY1gyUWdVVjQwcGRweS12emtMMEp6MzVyb2o4SWk5UE5LTHBGQkdmWk5RQzg?oc=5,2024-02-20 12:59:10
tightening,(EAST MALAYSIA) AMIRO S1 FACIAL RF SKIN TIGHTENING DEVICE - Health Lane Family Pharmacy,https://news.google.com/rss/articles/CBMilAFBVV95cUxOS3JmVDNERzlBamp0SFRTOGZkMm44YXNJcmI4QVNGSW5EZGJTaXgzUEtnbGF5OVk0MmxVeDhpdjh0OEFUcXZiRjdEQVRrN2hXNEdybUNFdlZhTjBMT3dveFVZMEpWTGV0dGVac0FDZ0E2SVZfTGRfWHpCSVM2RkFCS3hsalNmUkFRa1VzSjIxT0lpNE42?oc=5,2023-09-11 19:01:25
tightening,Shop 裤头扣子 online - Sep 2024 - Lazada Malaysia,https://news.google.com/rss/articles/CBMidkFVX3lxTE5COVJZU0RhZmtuWWZCOTRxc2lGVHpCR01tbFlVSXRNTEFtWEl3RllaRURkU0o0SS13OU5INVdTRU8yQkdpb1dBQkEyak9LQTRjQ1dUTjFFaW1LUjdkLTBRNzB4NWxRTXA4c213c3JxZ2NPaFVtbVE?oc=5,2023-12-27 08:25:44
tightening,Bolts and tightening system - pjmotors.com.my,https://news.google.com/rss/articles/CBMikgFBVV95cUxOSVlkYVV5OUVjVXNtNy04QlRIRlVtTlRmMjZQYUhuWkVjOEVycERYMnZQVmRGNnhGdXVoYjRLNDBlbGFMNWpOb2lvUFdDdFoxQ2hpOThkS21PaF9keTNOYnEyUkVRWHo0dVBzV1ZXbEFqbTlrRDNHeUVqVXNuV3Fhb3hMMUlaSExUdHFsRWhRYWFLdw?oc=5,2021-07-01 11:50:33
tightening,Causes Of Fan Wobbling Noise And Action To Improve - KDK Fans Malaysia,https://news.google.com/rss/articles/CBMitwFBVV95cUxNY1ZmSHdOeFo4OE1OQWpvY2F4eG4tV1dpdldZNmpnZDFqRzBPYldoeWRUc2VQQVJ5c1dPWGlNQ2xkbkVXU0dwQUFlTThieFJ5YTd5WmFRQUpPYkg1bWFfV180TmEySlB6Q1g3M3VKUHhxZXBPRWtxTDlsYm9pcElKYm5CTWYzc3l0MG54clJqT1o1TXY5M0U4NW5VdkJ3d2VhcHNhanZ2aUNDWnB6VXQ0OFdFWHRheXM?oc=5,2021-03-31 18:59:44
tightening,【吉隆坡設有展廳】co2 fractional laser machine remove scars machine laser co2 treatment vaginal tightening - Shopee Malaysia,https://news.google.com/rss/articles/CBMivAJBVV95cUxPSVJ4czdzWnBxeHJqbmN0MDhUQW1Rek5hSmtjdnZ2NHI3RnJXOUsxcklzWlkwY2JHNFphQlNjMW9rRDJQdWVLcUI4N1RjWC1JSTlCN3d6Yk5oN3dpQy0wQ3VPS1p6d1dxX2pFRWtYVmJTVjF5a0NzWjhWUzZHdDVDZ3RMWDBZMDJMSXlNSDc5OUFISjY2UHNiUjBRemFXT1ViY0JEWFN6OWxLZjRaRC1BOTBpcjk3dVV4SmpCeDNkWWE2aWNyeDRBc2Q4c0JSUFdZR0VTWi1RakRIeXNxbDNmeVlvdWtMalNURm42SzljUFFESDlVTW1QRFc2VHZlTW4wcmhGLTlWbG9pbkNuYWRmeGJ5eVVzTVR1Z0NaRnM5cTctbVVOWnNqdU9WdDFrWVkyYW9qNUc3Y0VuV01n?oc=5,2024-10-11 02:10:35
tightening,Venus Freeze Body Treatment for Contouring & Skin Tightening - - BMF The Aesthetics People Malaysia,https://news.google.com/rss/articles/CBMickFVX3lxTE1udWRieGU1eHN2RGk2THlDTEpVU3A2QkhSMTdZZEVYbUNFS0dnMkRYeFpJc2tLa2ttRmFJd2toR2t6M2s4SkRxdENzMm1MM0RVekhJWm5BVF9RazVwXzBYSFN4MUZjTFBSdWtiQnEwQWhCQQ?oc=5,2024-05-07 20:13:32
tightening,"PINK BY PURE BEAUTY, Bye Bye Pores Tightening Serum 30ml - Watsons Malaysia",https://news.google.com/rss/articles/CBMigAFBVV95cUxPRnJHZGFWNWdfYjIyRzlaYVBPZGh1VksySklOeHR2Tl85U2JMSGJ0ZGdnZ3hqRmpBdDFpTWtvWjVjelREdF9ocWJLWmZya1NGNmlYYXN1T202ZUxWT3I4SnpPVkhqd1NkWl9EbHFDSXV1ZVYxZWtkSHJycXVCcVdKcg?oc=5,2024-11-04 16:35:03
tightening,Toner Lavender 100ml/ Acne Clear/ Soothing/ Inflammation/Improve Skin Tone/Tightening Skin/For Calming/Reduce Wrinkles - Shopee Malaysia,https://news.google.com/rss/articles/CBMi8wFBVV95cUxNR1ZWeWl6Q1Mzc0dDU2lKQXZsNXFwOW8taVNCZFhmYS1iMXdqc1lFaGUzaUZYcjRBNjQyTDh1dGo2VDkwTVhMa21RS3VDZlNOcTd5VFpnekJDTnBfNDdVbnZZUlVqTlVqaHRjYk1KcnVqdllxOFFZZXIyMEZkSlVFQkQyM1lHTy1sRDlQTUhWVF9PTnlzM01hNUU4U1NnamYzRFl0Yy1xVU45QXVnYTd0dkpKUE1mY05aWGNIYUxqX3VpT28xUkt0Y3VfR1pya3pFVThBQllzckxxNWJMOFNaTDZEMzNZNTBSblhWUXVDaTZ0RUE?oc=5,2024-09-15 11:11:08
tightening,SAFI Naturals Refreshing & Pore Tightening Facial Cleanser - safi.com.my,https://news.google.com/rss/articles/CBMigwFBVV95cUxNeHZXcDd5Vm5YeUxqY0xBYVUyV1hvWGE3c1FIdTBZOENTZnFzMmJVT3Raek12WFZ6YXFEX0RNMHJudEgzRVItNGhUcjBkcXBWZl91MFNvUlVOLTJ5elk5enkzazJxbjBtQWFKMlpVbzZiYmdCX1lUbXBkMUdaYUZWa0NiTQ?oc=5,2022-02-10 03:32:48
tightening,The Lifting Contour Serum | Skin Tightening Face Serum | La Mer Official Site - lamer.com.my,https://news.google.com/rss/articles/CBMipgFBVV95cUxQMjV5SUktZy11Y1NJZ29rcWt1SzJBLWNNQXIyQnhkVlVLZWxPTGhjM1VmSFFXZkxYVWVRX2FsUS1JNDNJR3h5TmZ3Q29UUzY2Y01Na0NTbl96MDNidnMwUVBuTzA3UHhiaXozd24tVURlQ2xNa1hmNnU1WXU2WW1uUUhJR0NCV2ktSW5VNl9DenRTTzRYOEw2aXRyZkFKSjVJZndQVnNR?oc=5,2020-06-11 21:27:24
tightening,KGT 3 Ton Self-Tightening Grips Frame & Auto Body Repair Small Mouth Pull Clamp (two way) ID34334 - Knight Auto Sdn Bhd,https://news.google.com/rss/articles/CBMirgFBVV95cUxPMEFORWJ6eXdVeUtZMERPQkV3REo1Z0lxUGVSekRSUWVOUWlCUzJzYmk2LVBfQkVob3QwWC1mT015dGRGMmlZbmx5NGV1cGNSWExGcDZSdEk5R2JLTWJQNFJvZDF1Y2pIcjYwanBsd193VHh4RVI5cWM1dEN0di1hNHcwcklBVGZQSlBlVGxkSmd4WGNRSFI5Um1QbFd3NE90MkhsUUFBc19CdWYyS2c?oc=5,2023-05-09 12:03:04
tightening,"Laser Vaginal Tightening Johor Bahru (JB), Malaysia, Taman Century Dermatologist, Cosmetic Surgery Clinic - drweeclinic.my",https://news.google.com/rss/articles/CBMiiwFBVV95cUxPTXFYSnE4WFktbmlmUHZDUEFpeEd2alEtNmtPT0ZlSjhCcFlNNkg3VHR1NE11WjA5TVh0V0tEWE02U0FudmszNm44S1lyOS0zTkJ3TFRZc1VaOC1KSlAzX2VkVnZPaGR6OHlBSlJCVkNHN3lSbjBVR1daakNKZUZabDNtU3VOcDhXcE04?oc=5,2024-05-05 17:33:09
tightening,"CPO Prices to Remain Firm Above RM4,800 Amid Tightening Supply - Malaysian Palm Oil Council (MPOC)",https://news.google.com/rss/articles/CBMijwFBVV95cUxNU1lnUVB4d09uQlNBSkhURkcwNi16MmphM1EySnpCT2wwaVM2MVVKaUxNSGRpU1VmOV9rbHBSb1lLWGV3VndrdnZCMElYXzkyLWNyZ3h5ZnJfcEVGdXVkQUVVMjE1dkR4STdJQWFGMXhGcUFzSlJDcEJCRWpJWjJqLVdKRFFwOG5NZTVDbG9pSQ?oc=5,2024-12-17 08:00:00
tightening,Vaginal Tightening & Stress Urinary Incontinence - Venusys Medical Sdn Bhd,https://news.google.com/rss/articles/CBMikAFBVV95cUxOTUxFSXUxYXNzMjZUTl9MV3d0SzYzUDlaRmlHQTcyZEp2T0VVWGpNU0U3WGctRUp2S3lXSnJfTlZxTDk4WFFrYm43T2V6aXZ1ZnZCQW5JWjczbHNOQ0t5Y2I5ZEFZQ2M4UG1kcndOV1lMOXlQWXAxanVZTFFORGZBZ3BoWXJmR3FEc1U2SWNVLVI?oc=5,2019-03-19 09:28:11
tightening,TRIMprop FOR DETECTION OF CANCER - Portal Rasmi Kementerian Kesihatan Malaysia,https://news.google.com/rss/articles/CBMifEFVX3lxTE5hS3podTVxYkFzcjhvdzdyUURxbUNMZVNTckxrRG90UlkyNmNpZE91dm9sbWUxZ3I3Rkl1QldqR2k1bkNILV9JQi0wTWxVSzNVaWZ0NjB6anVINkVtQmlpRkNzcy1CdDlkd1ZIWm1JR0FhYzQtX1FFdGQwVm4?oc=5,2020-05-01 18:33:18
tightening,TNB assures that Malaysia's coal inventory in 'good position9 despite tightening global supply - tnb.com.my,https://news.google.com/rss/articles/CBMiYkFVX3lxTE1pZTN5YS1vUTY2b3lMQjN2RWtFazFwRlJRWDJqWG5ULTFoQ21EN0xjR2hrTW9xWmFUTFRXTmdWZTFBM3pBLTFacFluTjNPZTdncXVQbnZhR2lvdkdrU1U2N0hn?oc=5,2021-10-14 07:00:00
tightening,"ISHIZAWA, Keana Nadeshiko Pore Tightening Lotion Men 300ml - Watsons Malaysia",https://news.google.com/rss/articles/CBMikgFBVV95cUxORjRnc05hd20wX0Uwa2JuQlR4ZFVqM0kyUEJuc1ZHdW9WM21GTmFnWjVGOFgxQWlyMUZtQ3paZW1wX2xJNDRSNThmRzlRYk9ZSlBkWkdLczFtUDg4NjN1bFdQdmlMZ3JuS044el9BeHpLd21xMk1RMnhEZWdvdXBFYWFqTG9sdjFoVFNETEVpbnMtZw?oc=5,2024-11-11 22:21:22
tightening,Vaginal Tightening And Rejuvenation Solutions - westwoodclinic.my,https://news.google.com/rss/articles/CBMilwFBVV95cUxQcFJ1U1lDTVBYS1NqZnJvajV3UU5sR2U0TkRIR2VUMUZtb2x0SHJaSWlUNzN1T1ZoNXgwcVFSWmV5Z1ZJem5hVTU0ZG5pbHVrdFVRRVFreG9ZbExhR0pxVVVXQ2xWWGxVX0VMdHBxWjhfaXR2WGtnVUV5Tnl4bkdyRF9LdHoxRWVqdklvZkpmTjZHY1Z6cW5R?oc=5,2024-10-08 06:23:37
tightening,Anew Platinum Lift & Tighten Serum 30ml - AVON Malaysia | Official Website,https://news.google.com/rss/articles/CBMidEFVX3lxTE9CVG9oLXpMNDgxbXFDNXRxaVhsYkdhMUpQTlUyS1JjQ05ZbzREcmdFYUp4TU1Ick5xTWxNOHVLUm9SUm15NF9adUFSbWZIVGU1anc2d0VOc3RXZmRPekcxeHlMODBxOVo2WFh3X2lpQ3RPU3Ux?oc=5,2023-12-15 17:53:21
tightening,Skin Tightening - westwoodclinic.my,https://news.google.com/rss/articles/CBMiWkFVX3lxTE0tU0pzb1ZRNkZlM2UzRkZnZ3hnNGV6Z2RPTWRZRjYwdm9RbnZ5enE0NG5tR2RiVEQ1UEE1cG8zV2tjSDRDSklxNkNGdXd3WWV3NHowV3k4SFJyZw?oc=5,2024-06-26 10:17:28
tightening,"HADA LABO, Kouji Tightening & Hydrating Gel Emulsion 50ml - Watsons Malaysia",https://news.google.com/rss/articles/CBMiigFBVV95cUxNREI3OGZPUEhWcW9CUWtnSlZHdHZObE1JMThVMk5uWUtxZkpZUHdMYl82Vkp0c043NFBDSGNWVjVLQ1p0RTdhd2JIdEY2d0tCNVBGWGtMdXNENkQ5MFdXNjRDMzVfbnZOWEJ5dEMxMFdzdlVZOXlMRUNySFVhMWVzSWU2TDNvem0zRVE?oc=5,2021-08-26 10:40:40
tightening,Skin Tightening - biogenesis.com.my,https://news.google.com/rss/articles/CBMiZ0FVX3lxTE41a2FQMGxfa2l2S29UaWwwZzRPMzVHQ3dBLVJSNmdoaDVhRG9MTEJvNVVOSWtvVHJCZWc4TzRXT052Q19IaDd3MS1xdmdfaWlGUXBJVkYxY01TcG02NGVXdlBBdXYxbGM?oc=5,2022-01-09 16:12:03
tightening,"BANOBAGI, Vita Genic Jelly Mask Pore Tightening 1S - Watsons Malaysia",https://news.google.com/rss/articles/CBMihwFBVV95cUxPQi1SMkhLWVRLUndSWENncjc0LTFCWTVZcnlTTU1qdnJKaHA5TzBQRXZjS1FUNzRsYWtFN3RrTm5wSDZaelA2d2tLeDItYmVRZTRmOU80Z3F4R1FDb2M2ODFsMVVXT25aT2xOaWlDT082NnJaczR3MVJNRlpGcW1yR2s0SV9vdjQ?oc=5,2024-05-01 11:32:34
tightening,"AZARINE, Pore Tightening & Oil Control Moist Serum 20ml - Watsons Malaysia",https://news.google.com/rss/articles/CBMijAFBVV95cUxOeVAyWFc2TzhDRmQ2RWQ5VnpTeWdUUkZjWVpmLVZaME11RVdkZUpJQkpJa21iekV4djFMbUN4ekRrenRHX05uX2JaVk9lRllHVkVMUm1HNmZuZzdkcnRibnJrdTd2OV9ZNlQtQjNpRklTeEwtdEh4ZF8zZmpwZmxCTGFIblhDbDNpYVZsag?oc=5,2024-02-26 23:54:32
tightening,"ISHIZAWA, Nadeshiko Tightening Mask 10s - Watsons Malaysia",https://news.google.com/rss/articles/CBMidkFVX3lxTE80VUJESFprYlVVLWFRNzdNa3JGMUFOUFA2RF9hWG9CVFlFeC03T1hKVmxoS1VfMDB3RnBfdjBPWjJqamNRbjFjbWRCT1ctWmF3LXBjQU1zZ2lRRHQyRGVFcUtCMEpuUkhkRm1xd25KWkFMRVVjSnc?oc=5,2023-10-10 00:37:32
tightening,Viginal Tightening - wclinic.com.my,https://news.google.com/rss/articles/CBMidkFVX3lxTE45Ti15enlKcnllVG9iTS0xdmVhRHVEX010RE5SSFNkbTEwU0YwMWd3TklpS0pJSTlOQ3lJT254dWVsbFYxRXhHQzd2T1NJRnE4YUVxUmNHb0E2TDc3Z2hITzktcU9keUFlS3NWWUJLZUlBbnByZ1E?oc=5,2024-06-19 08:57:24
tightening,Vaginal Tightening - Veo Clinic,https://news.google.com/rss/articles/CBMiaEFVX3lxTE0yTDBrSVJiNHFiM0M0ODRZYUNMR05TSkFwUmJNbmlpN3FaMWgwSWVEbWVUMmZ1cG9rRjdxVkU0VzdlTXBoZW96dUIzV05JbDFiRlRrVnp3WW5YOXpVMkFPbHZmRHd3MWRk?oc=5,2022-01-18 01:57:55
tightening,Sea Mud Peel Off Mask/ Deep Cleansing/ Tightening Skin/ Shrink Pore/ Brightening Skin - Shopee Malaysia,https://news.google.com/rss/articles/CBMixgFBVV95cUxNc0FoblVmRDdKMmwtOUpSNUM2Q29INEl4YkU0elFENmJlSHZPUnZ3b3I1TVJxQmlsS3hhNUZWODlSaGtIQzdkZ1pTMDZiZW5vTmxqQWVFWlBiZDN3dTZERGI1dk1fb2wxYXItRl9lc3AxT0F4UmpuTkJ5YUc2eUxDNWlrNkJUR1ZmQ0V5UVFSMzdjTGM3Nk1DZ3RaMGdJdU9fTjYwaWs5RVN2ckp5ZjAwWXJLRW10d2FiZVlzNlQ2U0RKRFk1OGc?oc=5,2024-09-15 20:47:31
tightening,Skin Tightening and Lifting Treatment - MH Clinic,https://news.google.com/rss/articles/CBMifkFVX3lxTE1fcXdtMFhWazRoVW0teUtwTjd0bDJRWngxeXF6UWdDMEpWZ2N3Qk5wemNHUGNWOHBDZzhBcmxaenB4T0tFaHFtVWtsdG5DNVA1eThDQkw4c0VMeVdkVHcweTdGajRyVnBEM3hzazZuaDBvSWhaWU5BV0JyREpHQQ?oc=5,2024-12-26 12:06:37
tightening,8 Foods That Support Vaginal Health and Tightening - westwoodclinic.my,https://news.google.com/rss/articles/CBMilwFBVV95cUxQbm5BWHBXS3I4MC0zOTFrMWpKVHkyNmFBNENwMzFWbVhWNkVkVVkxa1JEQWZOQmk5UUR2QVpUTEFGOFh3aHBNSjA3Y2FkdHozM20xaC1maGN1c1dHbWIzWlVfQk13UTdOQjN1YmE4Z3JINFNSWDdsazIxS0h0MG1rZEFmLXp3aVRtRjBscFQ1U1BfLVJIUklJ?oc=5,2024-10-17 07:00:00
tightening,Skin Tightening Solutions - westwoodclinic.my,https://news.google.com/rss/articles/CBMiUEFVX3lxTE93Sl9LV1dSbWhlYnBabGZPczAzSUpxTWpoVC1MTHNLOGRKZUM3ZDhLSUlEQm1UOEZwbTM2SlJYTU9LdkhDNVZTdWZ2S3VoNkZm?oc=5,2024-05-31 07:15:44
tightening,Effective Vaginal Tightening Treatments in Kuala Lumpur - westwoodclinic.my,https://news.google.com/rss/articles/CBMiswFBVV95cUxPS3pFc2xnNndXcF94eHU2WHZ0NEtybG1YSVFidDJLNlQ5bWNDYnJtV0o2Z2I3bng1N2RsbE1HSE52UWNGY3lsYzQ1NUtPT2VXc3czaldTV0tGSnpibDJ5a1NFbkFVNkRjdTZaTFlINWhFZnl2UGdkZ0FDNGtHa1NOb29LZDZMeGFWVm5OYm11MVpjQ2VQUHZVb05SV1ZSSkJiejJiRU1QeUxPVkFGdWdlemo0TQ?oc=5,2024-08-06 07:00:00
tightening,Few Effective Methods for Vaginal Tightening - venusclinic.com.my,https://news.google.com/rss/articles/CBMiY0FVX3lxTFBDQ2dSS3ZTTko5T2FjOUQwekg5VVRDRmRMSDN5Q0ZXVnNIRFViN0otaHkzMDVEbEM5NkVuR0llWUhDUnpzU0syaEc5ajlQR09TWlNYam5OLWozdnJGa0dERGkxTQ?oc=5,2024-09-29 07:00:00
tightening,"Ufora Face Toner 30ml - Hydrating, Pore-Tightening & pH Balancing Toner for All Skin Types - Shopee Malaysia",https://news.google.com/rss/articles/CBMiygFBVV95cUxOSDZ1c0VkeEN2QTRDUHNfclJmVXBmOXRrMXpFQmo4U2hsd3YtQ1k4a3MybG12TV9lRmNhRFUxb1lpV0lTTEIxTFpPM2VXUVkwa1I0QmttSEJ3YW90VjdfbndiV3pGeFRGY2hXMzVWVzNEMEhpcXN4WFhnajRyRmYzbERISnJqeGhQMnR0Y3BkZlhPV2E4aVU4dDRoUmYtdERpWjlINFZJWnExTmgwUmc1M0ZfMlRtSDU4OTJwMVFmVXhFX1RjeTRNUldB?oc=5,2024-10-20 04:36:35
tightening,Screw Tightening Machine Case Study of Prevention of Screw Galling and Crushing of Screw Heads - orientalmotor.com.my,https://news.google.com/rss/articles/CBMifkFVX3lxTE5hN1Jnd01EQ20tMTFfZjJSd0JrZ1FrcDQtM1Z1ZDNtVkcwNFF4SXd3VUQ4SkVNMVd1anA1ejBzVzl6QTVicjhtVmJCMVJtWVNFd25GLXdmNzFPaGVSQ2FTc25xaU5pTXZKNTBoTl9USTVjT2pwS0xNSDdKLWZWZw?oc=5,2024-07-03 06:16:22
tightening,CO2 Fractional Laser for Vaginal Tightening - venusclinic.com.my,https://news.google.com/rss/articles/CBMiY0FVX3lxTE91VThZRzQ1eFQzVGcySTNoblJTRDVNUy1TRHVoaEk4MzJtNmx2U3Y4VnhfWG90clZ1d1J4TFJQRVRVQTdSSUJCaHRETDgzQVVqbDhkbHR2OUtEUTdDcC0tbkR4aw?oc=5,2024-09-29 07:00:00
tightening,Tightening knob - Decathlon Malaysia,https://news.google.com/rss/articles/CBMib0FVX3lxTE0wQ1J2WndSN1gtY1NsX1BGS0h3N2gwV2dMSndpajRtNnYyQ09rXzlYY3p1OWM3OUZyOHByX1VuMnAyRWw0dGR1ZlZ1V0NNcEZsQ1N3bllkVXVQczFkYUsxTl9iYnpzSjljSzVhNWNnOA?oc=5,2024-07-13 17:55:21
tightening,Vaginal Laser Rejuvenation & Tightening - westwoodclinic.my,https://news.google.com/rss/articles/CBMijAFBVV95cUxOSGZ6Tk9zVjNuNk5KQ2o1bmVTMFdFOTBHUnMtWHNPWTIzN2RvcGdMckZpY0lhSEJhOWVYQ2pMWVotLU9LRWhTUzdtbllRVXIyeVQ0R0NybkhrRm1TYTU0X1dXZWtVUE9ZUnVIaVFLam1ETGhmSUFwcnZwSEV4Y1JSd0d6ZHZvQWZKcml6Wg?oc=5,2024-10-08 05:13:42
tightening,Buy Biodance Pore Tightening Collagen Ampoule - Sephora Malaysia,https://news.google.com/rss/articles/CBMifEFVX3lxTE54RFJCbXJKQTNyOWhOYklsa0NSQnBzekpybWxkWU4xUUxDam1OVHkxNWVGYThSalJVekdFS0h0M1gyOHlUUDdMMHBGeEluTUVNN2gxWDNrUnZKcXo2dHJDSTlQUklYRHEwQnZ0X2lycEU3XzRPdkR2ZGFnT2U?oc=5,2024-10-03 22:35:54
tightening,Aglow Clinic - Aglow Clinic,https://news.google.com/rss/articles/CBMijwFBVV95cUxOb0x5UUt0MTdGN3RkZlJFaFZMM19LelRVRkR5Y2FjQndJQVVjT3Z3ejBmXzdPdkZ6YVh4eTNkWmhIUTlVcGs0MjQ1Qnd4Wk9nOVZuUW1WZEc3OGxhWTdjVkhjRl9fRm1VME82VWRPTnQzMWkzNmV3aXNTUGhrM2xIVUNWWDh5a2FaLUFVUHhnVQ?oc=5,2024-10-16 03:43:25
tightening,Skin Tightening and Lifting Treatment - Laser Treatment Johor Bahru,https://news.google.com/rss/articles/CBMihAFBVV95cUxOTG5OTDg4RlB6M2piY2RoQlNrWmxaWWdvTHVDM3NGZmZjNlRxOGVrVmRjVjhyNXFSMWpBSUNvYXdUTTd4WnNvSS0yb0lKbW5XVXVod2c4Rlg0cGsxUEduaVAyZ2l2T0FrcnFXZkFsWE9oSl9laUxheWtkendGVkM4MTg4Y0s?oc=5,2024-12-29 08:21:47
tightening,VAGINAL TIGHTENING CREAM - westwoodclinic.my,https://news.google.com/rss/articles/CBMikgFBVV95cUxNbXNtc2FiWkczaXBzbElHVnhteFpVdmVhX1N5eGZ2QWI5aVBLTDZ6OGxjZzVyeWZwMVpBRkdqQkQ5NmZJVXdUZTY3LVJCWXFtRUtEQTk0TWVCWU1yYTVpLXZRZ2Zub3ozSldWQjFFVlMybUZEZUtEOGc1UTNfbXRJbFBnU1J0SHFzWnZXSFZJOEstZw?oc=5,2024-10-08 06:23:37
tightening,japan jujy 24k rejuvenating and tightening rf ems facial device skincare beauty tools anti aging peranti muka - Lazada Malaysia,https://news.google.com/rss/articles/CBMi1wFBVV95cUxQanhCb0J3QnFfZ0szQmtkczQ4bTR1LWhQRWJkTHhDbnl6NDk0ZGFsMGUtSm1WcG93NzBabkR3QndTMW80ZWZYQzJlYTB0bVZIakhhaE1wb1BsbTZiMWw0NU9GSWNiSE5wVWtsNkY1VWZNNzA0Z1ByZmRUY3NyWGxzYl9xMlNnVkxoWi1sUEkwWUNnaFB3Xzh5WDVMZTVaVk1GYjMxWmFiOW5Gbkg0YXZNTkxTaE9WQWhRMm1lcDFBeWFwb2VleWY3UERKREtmRGhhMVJ2dXhsTQ?oc=5,2024-07-11 10:08:24
tightening,Vaginal Tightening Laser – Treatment & Causes - Kaiteki Blog,https://news.google.com/rss/articles/CBMiXkFVX3lxTE1EMGJCOVhSTnBzZkFPVUJGM0NXS2ZmaVRhaXVXMEUzVm5rdDU0NEZabFdUTWtSVHpRUEdCQUxQa2U1VjhlUXUtNERGYXlfbHpyLWI0ZGszalpoMUV6VlE?oc=5,2022-08-24 07:00:00
tightening,Real Carrotene - aprilskin my,https://news.google.com/rss/articles/CBMiW0FVX3lxTE0xT29aeFpwNXpJaGpyRXJlR1dnZHQ1SWN2UjFPTXJuTzhuUWlVam9Ccy1pdnM3Y01CbER6bXc5T3F5ZllvRzRWT08xdjVHTmo1bUdSUVRyellKMUU?oc=5,2022-05-25 12:08:14
easing,Split over easing of MCO - thestar.com.my,https://news.google.com/rss/articles/CBMi6gFBVV95cUxNYmVGcGV2cDBrM0F3UEJGdUtpbldXNm51QzFpcWo2WXVfNmI3WWluTnFzZmkwUUdEdXBOdVN4cjlrN2h4MnlvVW5YY2hRQVdZYlo2bFBsUHNwYjJ1VkhvemFTMnJVNXJVcDc5dW9FMExnVi14ekYwVVgtSl9DbG5MZFM3U0tMUV9GX3MzbnhzLXhiUmFvRlZTREx0NC1ZZDlMcnljSmdoSmx1QzA3dG1HS0lnc1ZndV83QTFqU0FLR0t5VW03OHN2TzNxbUFwN091eGZJeVlZUnVwcFBkMS1VVkQ1YklreklpV3c?oc=5,2020-05-03 07:00:00
trade,INTELLECTUAL PROPERTY CORPORATION OF MALAYSIA (MyIPO) - MyIPO,https://news.google.com/rss/articles/CBMiPkFVX3lxTFBCRnRhQXVQN1pha3NRSDR0b2JsRHlTdnNES0prejVqZDQ0TkhzcU1CemhfdEpQcW5iOW1FeFZR?oc=5,2020-12-13 09:31:23
capitalization,ALLOWABLE AND NON-ALLOWABLE EXPENSES - Lembaga Hasil Dalam Negeri Malaysia,https://news.google.com/rss/articles/CBMiiAFBVV95cUxQTElkNk1MRndOSlIwWS14SWxsWVZoTV9SR1hMa05Pd1RHdXloUkpaM1JhNHJuWnh2OTRmaDBJdmRjdmZZT3BqbFVLbnAtM2dPaF91T2l2emJZV3dwR0JNOWF1R0lSS3Y0OW43aExfSWpWbGhyVjEtcWdMWUdORFZpSDV2d3gzd0ha?oc=5,2022-05-11 07:00:00
capitalization,National Summary Data Page for Malaysia - Bank Negara Malaysia,https://news.google.com/rss/articles/CBMib0FVX3lxTE1SVFNxYWRjemxYWGRpN3UxaEtuWm5pTDZVRmxCTUxQTHZpeDF2OVVOWmlqMldIMzlZNy1UQ0VIalNvYkZrTkQ0a1dPelA3YUF6TUZZYjA5S2pRcjhhTkgwS3RzdnRscmZfU3o5dzBOYw?oc=5,2020-12-16 16:53:48
capitalization,MPSAS 5 - anm.gov.my,https://news.google.com/rss/articles/CBMipAFBVV95cUxQbGQyeFpkQlBKWHpPWlRhdFBBYkluYURFUFpCZF9Dc3lhdGVKSXhzOERyN1NmMnZzem0yRGZqVFpucmZ1N2NCUVFJNnl0ODQ4MmxQMDhORTU3cmFtc0RGU3RSR1lwX1lHQXhmdExEdWhfMFcyVTdFQlQ4WXVhNVVxMVNaT2lqd2loTWVEM1Z6eWtUTlZNU3ZDaDRROWFfWDdvWHpHcA?oc=5,2021-07-13 22:37:05
capitalization,Using Capital Letters Worksheet (teacher made) - twinkl.my,https://news.google.com/rss/articles/CBMifkFVX3lxTE9sTlZJNUE0N0hBLUZzcnp3X1Z3blVCeUJmVkE2b1VBTTVkTTJxSTNyV2Iwb2M0M3I1alRqR1h2MXowU0VXMlhKNUc0X0JCZ2cxeGUwUHJEMjV4REFILUpRSzFISUNLMG9ndGNXeXdvLTEybTFNaW9HNkdwVlM2Zw?oc=5,2024-02-07 07:21:38
capitalization,The 5 key sectors in Bursa Main Market you should know - fsmone.com.my,https://news.google.com/rss/articles/CBMiuwFBVV95cUxQMXJsWlE2cmlDdmdSOUtSbkRrMmR4b0hMRHNzZHhENDYxOWRUeWhUTEU5X3EwU2hrZ3JnVEdjWjRJajJVcXA1bnlqT3lVZm5jeDhYcDRuaW9kd3E3bXJ0VHhZNExYckhXamZSbVN2ek1fZkQtZmxyZkVzTW5YUkVnMjZjNXNoaHpOXzFmS3VDQi1RWjd0RDJUVTFSUGlicTZkSnh1TDVRbXIxTmRNVkhlbmNwNWtCeEZMc2dB?oc=5,2022-05-05 18:14:52
capitalization,MPSAS 5 - anm.gov.my,https://news.google.com/rss/articles/CBMifEFVX3lxTE94SFBZQzgzdjBBNVlNNzNOVEhxenJiZ01qU2xxQ2FOS0tYaEphYlVKblhGcFpkSU9NZC1OQVR0aE9GWjlvdzd2UEs5WllaMVg4UjhUVkxGazFndGxvSW9Qb01paW1TZllzSTlDTVBpUWhrbHlEb2NrTVkya2Y?oc=5,2023-12-05 00:58:18
capitalization,Consolidation of the Banking Sector - Bank Negara Malaysia,https://news.google.com/rss/articles/CBMibEFVX3lxTE5DYWFreVEtMmVHWDJZRmhTOTZsY2QtNDZkLVgwZEtXeGlybFNNOVdRSV8tc29nUjVWTzBiWm1Va2cwRVZsbUpJc280ckllbHBkQ1RrYXlIdGpkRldqTk1JcDNwNUVCckJ0VDNraQ?oc=5,2020-12-21 17:47:03
capitalization,Capital Markets of the Muslim world: The Paradox Within - INCEIF University,https://news.google.com/rss/articles/CBMihgFBVV95cUxQZk5ubnFiSjNnR2lNYWZvUmk1MDhvVzJqYlB1QzFwMkNUVU05cWVuVmJjNnFLVTdld0dBSmNYVXFMaFVEZTJMbElrSEppZ19pQnd1VUROWWtJanU3N2tCRmJ3R1FLQlVvTExsRldJMVM2cmNkRk94NEEzcDJYN3QteHFybkpmUQ?oc=5,2024-06-30 07:00:00
capitalization,Macroeconomic determinants of stock market performance in Malaysia - UUM eThesis,https://news.google.com/rss/articles/CBMiQ0FVX3lxTFAzYVlKUmt3bTR0TE1oak0yMTdMSHZGVzVpVmlDM3NKX2tfR0FDd18tbFd5dzE1RVgtNlNlUU55VVEyaG8?oc=5,2023-02-16 08:00:00
capitalization,What you need to know listing at Bursa Malaysia Listing and the requirements - Hills & Cheryl Corporate Advisory,https://news.google.com/rss/articles/CBMisAFBVV95cUxNV1g5UXBlRWFPVXpKNnVHM192bFlmNWozUFJ4SGh4Qml1RFREdklrQzBqM1RFcUNzLVgzM25wWk9jR3U3MnA0d1RIQlV1YmZLTmE5SFVOTFNHa2VvZUZidG5vRFMyNXR3VE9UOEdiNkMtbWRPOUdMQmg1ZGllYkFLNEo3cm0zOVZPTVBTNjFVSVV3OElOVDQyb2g5UUpZYzN6TXVMcDZsZjZka2lwRVkzZA?oc=5,2020-05-04 07:00:00
capitalization,The Effect of Dividend Policy on Share Prices of Bursa Malaysia Listed Companies - UUM eThesis,https://news.google.com/rss/articles/CBMiQ0FVX3lxTE1ZSFRjb041NjlvdmhBRW9LakhNWU9UMkI2SkFDcjUyMkZJc0VmNTVSOURCdU5BU2tVSlVZaWM5WFRIUVk?oc=5,2024-05-27 07:00:00
capitalization,Liquidity risk: An Islamic banking perspective / Nur Hazimah Amran and Wahida Ahmad - UiTM Institutional Repository,https://news.google.com/rss/articles/CBMiUEFVX3lxTE9mVjd2UW1ZZmhDeGdPT3JPbm8tal9UTlI3dE1OYlA5YktlenRXdnBweXJURUEzNjlJcWJXSXZUWEdPWXdBcVFMd0xncmN2ejJW?oc=5,2021-02-22 04:26:19
capitalization,Liquidity Risk: An Islamic Banking Perspective - UiTM Institutional Repository,https://news.google.com/rss/articles/CBMiUkFVX3lxTE15enBoYlpTMTlzR3NWbUVYTlhYd2NSM19WelZmMEhqeEVhbkYtZ1hHYVU2c25xdVlaWnQyTnFabkVkMmNncG4tZTBUQzY5amlUY0E?oc=5,2021-08-10 08:30:49
capitalization,Bursa Malaysia hits all-time high market capitalisation of more than RM2 trillion - thestar.com.my,https://news.google.com/rss/articles/CBMixwFBVV95cUxOZWNpN1hNdzQ2S2lGWk5jeFhhMHBUdG5keE9QaF9VeGdWa09mNHhWcHZGc01GMklJZFU0ck1ZR2I0ZjNQeG5UdnhfNmdsN2ZQdTdGaHd2MlVXLUczUGhoanhYTl81eUEtNlQ3TmN1MUk3NU9JV2xqXzIycmdZMzc4Q3VMZFBwZlh4eFBBa01tZDVEOTRwamxfZjJ1NEtfWWVrVWNmR1VyZURVbGZOTEs4Q2JIdklackU2bHN1V2JwZm4tVUhDR3Jr?oc=5,2024-05-07 07:00:00
capitalization,Capital Letters and Periods Worksheets for 1st-2nd Grade - twinkl.my,https://news.google.com/rss/articles/CBMirAFBVV95cUxONzNUSWdYSWlreEM1S2FqdGpTMUFPUXZ6S0k0dTBrcElGdVNhMm5qeklIODl0Z2lsNno5V1Jlc1VyNU9wT0gwZVhwY25tbXR5eUludlF0WkZRQmZ0RHJha2NBZVozSlF5TVJxUlRRcGNRMXdvTVNDcFpzbFZzRW56YXFXaElVbHRZX19YVHhtVDRmalp5TWhKRXJnNmhKNXhScmlUaWtSdm1KNnR6?oc=5,2024-01-26 05:17:44
capitalization,Kenanga Growth Opportunities Fund - Kenanga Investors Berhad,https://news.google.com/rss/articles/CBMieEFVX3lxTE9LS1owNFFYdGI5VkFWdUdHUkxNYzEwTDVXMHRfOUF4UF85VXZGbG9DMVZPMmJsRW8xV083azd5azF5SjZhN0IxOEhKN3BqQW8zTl9qXzI1UkR4NmxoUlVwbW5jZmhLNzFLV3BmY3Y0TjRJOHBuVDczeQ?oc=5,2023-10-18 10:31:40
capitalization,The Definitive Guide for Industrial REITs in Malaysia - Industrial Malaysia,https://news.google.com/rss/articles/CBMirAFBVV95cUxPdEk3cjRCOFJWd2xkNWg3Yk5HSXlFZW8yZVpKYlNYMXM1ZWMxc3h6YkZ2bUtZeEdwYXp5SlBHQVR0Y2VSTGg1OGpmSGNfdHVlYm9PUVpYV2RCWlcxemRPLXNxYjlJOFZZVGQtUUgxU19MOG0xTDlkb194dENwaEZIekxJbVRud29ISmtyRFNURlZORVBmVUV6aG5QeHRodjBhVUlLSWRjS1dTSTgw?oc=5,2022-04-25 21:53:47
capitalization,The Impact of Stock Market Development on Economic Growth in Malaysia - TAR UMT Institutional Repository,https://news.google.com/rss/articles/CBMiSkFVX3lxTE1uSlNRZlFWaG1lQ1hudWkxWXpEUU9ZekdmV2xZUDQtRm9YLS14Q1VxSWxudjJvcGI1N1hFZXFlT2J0ZmRlOU5OeHZ3?oc=5,2021-07-14 07:00:00
capitalization,MRMA Malaysian REIT Forum 2024 - Malaysian REIT Managers Association,https://news.google.com/rss/articles/CBMiP0FVX3lxTE10TC1CUGozTG1Qbmc5eFhjdHZCYi1fdXRGMkdhWks2RDFaLUd0U0J4SVN2MVMtcHFtYWRqVUxsZw?oc=5,2024-05-02 20:02:31
capitalization,"“Sustainable Growth and Intellectual Property” Forum (IP 2024) Concludes Successfully in Kuala Lumpur, Malaysia - Xiamen University Malaysia",https://news.google.com/rss/articles/CBMiPkFVX3lxTE1HY3VnUS0yUGs2Nmp4QlhWd3VJVVk2VTByY1Z4bUFJRWIycmpkUjc1NjVhQ3RXbmI1SWNVX0Fn?oc=5,2024-03-06 14:01:54
capitalization,Eq8 Dow Jones US Titans 50 ETF - eq8.com.my,https://news.google.com/rss/articles/CBMiY0FVX3lxTE9PUHdwbXBZTC1NZEtyQ1FRalBuSjYyckhiOWZrSC0yRjNkLVZNOFFIOVFOYlhBTHdxUXVtVkU0X293ZUZtZERFU0JxLTJRMHdxSlBOSHVkUkNRN19GZkM2Nm1fQQ?oc=5,2024-03-28 01:33:34
capitalization,Top 10 biggest companies listed in Shanghai Stock Exchange - fsmone.com.my,https://news.google.com/rss/articles/CBMivwFBVV95cUxONEwwNlFydTFtTkN5dXRYbjFGXzVwa1oyNHQ0ODZscWVXWnNCNWRENE9UWWRacXd6eS1MUC1hZTEzbEJTNUo1ZlBiMmpMM0ZBWGxZaE9zaUt0b2FTRk5EWmpCVDhBYkRnUHN4dHJfMTdiV2NIX2xRRVp4NXYyQVdkQ0RFS1JKQnhOaUNDcU1jTUl1RVRubTl6bENwYkR0MUMyR0NaaS1QZXE1TFJmSE1vOWpXWUdHZ0duRXFobzhUUQ?oc=5,2023-03-04 03:50:31
capitalization,the relationship of malaysian reits' portfolio and its financial performance - Universiti Teknologi Malaysia,https://news.google.com/rss/articles/CBMi9gFBVV95cUxOZmpmRk9wY0xmM2JSdGNjUzZxUG5uVnlzb1hZejlLcDFwSVVLeGk4RmtkV2RhV1UwaU1sMXNqUzlKWWVGS0dZQ05EQ3hSNkYwX2VhUW91N3k5bDlJM2NqbjVGeWFrX0tDNlJHcGkzbHFxVURmVzN3WktPT202cjRGMWNoaGx5dnhkNk1MLTVPME83V3JDWnU5WHhLS1laQU14d05uOG9hNVRkVXpOemxtZ2FnMjdhWFFKa3o0MWRrWHFTTUE2Zm1ja3FHZ1JaS0FRemMydldjZllKcFNfYjNXakppTGhmZWdyOG94Z2JUMjJMcE50bGc?oc=5,2024-03-17 00:57:46
capitalization,The impact of financial development on corporate finance of emerging market / Nur Khairina Aida Kamaruddin - UiTM Institutional Repository,https://news.google.com/rss/articles/CBMiUEFVX3lxTE5mUndtbkZqSF9LTkU1U2luUGw3d3lBRnIxbURkd1lUaHBEN0hLaUZNM2NsdXZ1RXFPYk15NmZQVmZmcFZvOXI2WURjMjl1Rm9t?oc=5,2021-02-23 03:12:40
capitalization,Malaysia Sector Outlook: Consumer sector to see brighter days ahead - fsmone.com.my,https://news.google.com/rss/articles/CBMicEFVX3lxTFA4cS1ucDFHQWt0cVN6SU9mZVg4N0NoanZSSmJSRFowdVBTS2ZCU0pYWkhkX19qbVQ4aExDMm5wU3ZGa084SXI3a3RPTTYwdG5wQUR3ZGJwTVNKZE5YRV9lUnZjWTVpeGZKcEIyaFByd1Q?oc=5,2023-08-21 12:42:29
capitalization,Federal Government Accrual Accounting Manual INTANGIBLE ASSETS - anm.gov.my,https://news.google.com/rss/articles/CBMihAFBVV95cUxObmpodDE4TW41Q2l0LWxzN0Y4TTh1ZjhzcVNQRFhkSmpEZHQwcjFKZEtscTNDZmN1bk5CUjdQRkRmNU0za3c0QUROWTdTT29VY3E1ZlRUMnZ3NjRfT2t6dFJaSzRKaGFMWmd2M21RQVBDQjhnZ25vbzdRbUp4QVBqTXNIZ20?oc=5,2023-04-10 21:55:06
capitalization,Untitled - UiTM Institutional Repository,https://news.google.com/rss/articles/CBMiYkFVX3lxTFBLRkZwQzlCWnJITGIyb2pCZTFUTm5PT2J6Nmc1b2psblhtVWFOMnlWcDF6Qm02NXVwYTFORXk3WGwyTkZSTjBOR045d0txd2U5VHlhMUtGQkpVVmdydFFXZ2d3?oc=5,2024-10-03 00:07:52
capitalization,Latest trends on Managing Intragroup Loans in Malaysia - transferpricingsolutions.my,https://news.google.com/rss/articles/CBMiugFBVV95cUxPS3JOcHBGQ2t5ZDdxYTVKdW00dkQ0MlMwb1FFOE5BZEctQjRLX251QVRSbkU0WGZROXRBZ0JsU2pzUnRrRF8zTXdfSXdMN1VjRjdvSGlORWhHZVdZR3RQWkU4MnZBMGx1OGNvdVhEeTZLd1FoQWRqajNGQW1YTnBlWGFEOHduMTZ0cWdHNlc5WVNiOFBXR1ZqLXcwcm1VYUdZQlJrblh6Z096emRvbTlITG5DTGJXSGMzLUE?oc=5,2023-07-14 04:20:28
capitalization,"FEDERAL GOVERNMENT ACCRUAL ACCOUNTING MANUAL – PROPERTY, PLANT AND EQUIPMENT - anm.gov.my",https://news.google.com/rss/articles/CBMigwFBVV95cUxQNnAzanpkb0FaZzhKaEtQRjJoczhqUzl6UzVPRU5DYXcxWWR0Ni16eGFSSXFoR3c1TXl6VUp1MWF5WmpVZ2ZWc1hjZ0hFS3RFcXlaOWhLX3ItOHlFcEM3SHdLdTRhb2VtVVp1eTF6LWJnbDFScndCZGJsdXEzc042UURkSQ?oc=5,2022-12-12 08:00:00
capitalization,Client Account General Terms & Conditions - Rakuten Trade,https://news.google.com/rss/articles/CBMiU0FVX3lxTE94REJTeTV6bGlwWHV6dUY2TDhyOWk5NE1UUllXc0hab2VISGxaeXFvXzNOWHc1X1d3LVdJdU43bVRNTzdURTZYN3k1T0c1SUJxdWF3?oc=5,2024-07-01 07:00:00
capitalization,Free Shipping 72-Character Manual Embosser For PVC ID Card Embossing Machine - Shopee Malaysia,https://news.google.com/rss/articles/CBMivgFBVV95cUxOQ2p2bW1qdkxQeDFuOFJVZUhsRUVPOWQ2SWR4WS1lSndSZUl2WnZyWkgzbEIzRzRoS2JuVnpEVkJuVGg2eWFHdTJ1YlpvM3pWa2pMNWxMTEdrbjZhNHhYMmFWaHZzOGVHdGNOUGE0M1pGQ2tkdlZ4WTh4Y0hzMWJGdnZPTlRnVXFpcVg1WVZWZHctSWxqV09FYWZDbENPbzB0R3BVSldXS2lKTjRia1Bja0VVQ3d4SXQ3dTJGM0Jn?oc=5,2024-06-05 07:00:00
capitalization,Strategy to Increase Financial Literacy in Indonesia by Capitalize on Peer to Peer Lending - Malaysian Journal Management System,https://news.google.com/rss/articles/CBMie0FVX3lxTE9kblJzU2R6b29oR1ZadDlsTmxMOHFGSmx3cVNGQ2tmelFaTkZNQUpJVjkyU2o4X0JVeG5ZTXBXVFBVQTdTNnBzZnpYZWdCVDdRYkJTRzd2MC0xdVVtMzM3NGdQNUFGZjlOUVNIV3U1YlZuZFVwZ2VDRXM3QQ?oc=5,2022-10-01 07:00:00
capitalization,Rakuten Trade Launches Raku-Invest - Rakuten Trade,https://news.google.com/rss/articles/CBMigwFBVV95cUxNWlhzcVFKdTVEVzhIQ3RfYzlEdWU1b2thU2lQN2pleWhsUnZreUpWTmFPbTVqRnVkZEswQ19MZGJUWDQyQVR5YVgyY2x2UjkzWGhvVHlwSk5fdEJrVGo1Wkc5QlpmVTBHSTZOQnZKNVB5WW9rZzcxLW03VlFUSEpkb0NOYw?oc=5,2024-06-19 07:00:00
capitalization,"Board Characteristics, Firms’ Specific Factors and Financial Performance: Evidences from ACE Market in Bursa Malaysia - UiTM Institutional Repository",https://news.google.com/rss/articles/CBMiUkFVX3lxTE9ZTVRwQlFKNzJvdk04dzBHOUNYNzVWdTdDMnBEbHJtZlBGSXBjVXdSbnJxZnJLbFNRTjBtM2Y1ZlRuT3dlWnBQelBDRVN3ZFdSRnc?oc=5,2022-08-04 08:03:06
capitalization,"MASB 15 Property, Plant and Equipment - Malaysian Accounting Standards Board",https://news.google.com/rss/articles/CBMiXkFVX3lxTE5zakN0UTF5cTlFY3JDc2g5c2tSbTFoV3piM05PcDV2NWt6aURZRmE0cWJJaHBtSlNjOTNLbzFBWlhNQk9BTDVxTnNsMTQ2VjlUYmF6X3g4Z0FRSFFVU3c?oc=5,2021-01-22 05:55:19
capitalization,Corporate Profile - TA Global,https://news.google.com/rss/articles/CBMiVEFVX3lxTFBQeXo0cVhMM2l1NE9lU3A1d0Z1cUFKYjRTWEF2REJyWEpiMlZMTGRKNHpqNk81V0JrYUpxQTZ2NzF1aktSdGxEYTdJX2kwMjhRdjVISg?oc=5,2023-11-04 23:39:14
capitalization,Legal Update - lo siaw ching & partners,https://news.google.com/rss/articles/CBMiS0FVX3lxTE9UYWxZZDhIZmJkX05VNnd1Vmg4Q3NYUU9qak9oY1Z2NlBXRVo3Z0NqT0RsQWFScVpNZGhZbHdLRVk4ckJ3dklrUGZ0WQ?oc=5,2023-04-11 01:42:09
capitalization,Page 1 of 6 1. Definitions Capitalized terms used in these General Terms and Conditions shall have the meaning as specified here - Shell Malaysia,https://news.google.com/rss/articles/CBMi2AFBVV95cUxOUi1JRjR3QWNibm56Rk1MN3l3N182MDVPeXE5STJ3N2RrUVRLSkUxaWFHNTdVRmFtSUdjOE1VNWd6WWZmY1RISGNIdW5qM1A4TkdXMzczRmc1eDhDdS1DU2ZMX085bWtId1djdW0za1RTcHpJaWhpaEd0cldXYW81NlFqNEJaQnphVzlHaWhDODM5aEpVR0htQ3BEWXdwNzI0dTZOM01kYUNFNnEzYXNXeE5ZNGYzNFRqeEt1X0RnN0VjVXZWb0J2SDRkeUVLd2NNSU9XVkxZYWI?oc=5,2022-07-14 07:13:10
capitalization,HLB/HLISB Rescheduling & Restructuring Plans - Hong Leong Bank,https://news.google.com/rss/articles/CBMikwFBVV95cUxQa0FfMGtjcDk2SE5fTkRFdTVJd0JzalVvY1lvMkFLY2c3S2x5emdTNUpJM183WnpFeFZtRXRYOXdUbTFMWWYtYk40OEY5Q2xQQWZiTVlYQkZ0U2VibkFLQmtjd0h2VzJzeUlQeUszWmNNZmhjV1NKSU1haHBaMEw0UUpFamZTamNXSnFuTFdEMEIzX2s?oc=5,2022-08-30 22:37:31
capitalization,TM Lee - Star Media Group Events,https://news.google.com/rss/articles/CBMiWEFVX3lxTE5UaFhPdGN1RVQ1M1ZkenVvdnpBTXFjOFBoZmJ5ODZNM2RLR1gzWG5OTHEtVWUxNzFFemVoeVpaWGZRNXQ1V2taVGNlSUl1dTRGUEtaZXZiNVQ?oc=5,2021-05-21 10:43:47
capitalization,FACULTY OF INFORMATION MANAGEMENT (IM) - IPSis UiTM,https://news.google.com/rss/articles/CBMicEFVX3lxTE5Yd0ZYQmcxbTg2cmN6RVpXcDI2WHh3eUUwUHVyZDJYMnZIcmxFd0lFQVQxaEpyZGRKb3JCLVN4ZUxyYkhvMmNaWlJ2ZUNwOUM1bUh3bWJ6VXJoVnVwMXR2cU04N3l3Y2lGb2dTSkx3OFk?oc=5,2023-11-02 02:30:39
capitalization,How Leading E-Commerce Platforms Stack Up to Amazon - Malaysia Digital Chamber of Commerce (MDCC),https://news.google.com/rss/articles/CBMifEFVX3lxTE1mU0N4OHlmVVFUSWk4LVUwT1dTZ1ZFdjVkd2pGbEk3LWtuZm1DcXdXblQ2eDA1UTZWd2ZRNC02OFZmOUljZzFlTWJycFh6TkdIUk9PSDAwTmNBSE5USHBiZk1oNWFQLTVOVjRLbkhvcnJxSWFudXBUODMtUkk?oc=5,2024-03-06 08:00:00
capitalization,Terms & Conditions - Opera Cafe & Lounge,https://news.google.com/rss/articles/CBMiVEFVX3lxTE1MbklLekdZTjJuTWFndFNrV2l5Z0d3TGF4Wl94MlZRSGEtR2JtV3Q2TXVlU0NGU281RjUzUURndnlHSHhjWnZYZUVteGN0TU1Jd3NGTw?oc=5,2022-10-20 07:00:00
capitalization,Understanding Small and Large Cap Investing - AHAM Asset Management Berhad,https://news.google.com/rss/articles/CBMimgFBVV95cUxNdjZ0cEU0ZEtqWllCcUZBUFZCRDlXSHdLX2g0UDdJRG51aWNBcVM1Z3VFRDBVRGNkeTlCNnR6RTViT1hfeGVaRngwSUhkWjQtekE1SDJaODk2UzZiYmFxU0VJdWhoNXI4VWVlX001T2JsSzNUTm9uNE12aUdHT1lWQ2duZ1VoQVdPTkFBTV8yczhoTGZhS3FGeHBR?oc=5,2023-09-08 07:00:00
capitalization,View of ANALISIS PERKEMBANGAN PASARAN SAHAM ISLAM DI MALAYSIA - eJournal UM,https://news.google.com/rss/articles/CBMickFVX3lxTE1ndFgyYVhmYWkwUzVoRGpFQXpKcFQwZUNscEJBVlNoWjNFeVBva2lkeEFKM2FLQTgyZnZvM1N2bmIxMk5wRWlIWGZfd1docDR2LUV4SEhsamd1M0FjVWFSblNCTGlITEJHdG9NSFJzRDh1QQ?oc=5,2020-03-14 05:55:00
capitalization,PRACTICE NOTE NO. 2/2020 CLAIMING CAPITAL ALLOWANCE ON THE DEVELOPMENT COST FOR CUSTOMISED COMPUTER SOFTWARE UNDER THE INCOME - Lembaga Hasil Dalam Negeri Malaysia,https://news.google.com/rss/articles/CBMiXEFVX3lxTE82amJoNFdZTmdodnYtMzdyakRXMVRNUGk0c1I2N1d4YXhKZDdvZkwxTUxBTUlCMzN0WUpjQTdwTGh6S1JXbnc3Ym85cDllc0VuQzgtcmY2MjVkNWU2?oc=5,2022-03-17 05:16:32
capitalization,Borrowing Costs - Malaysian Accounting Standards Board,https://news.google.com/rss/articles/CBMiUEFVX3lxTE0zM1NkOFlWLWZMQlQ2QW91NENkc3hXUi1xMmxOVHdKQ0pGYi1vS2xyU29xVmZqbmVtTDZkZHZSQ1JwN2RRdmdSc0k1UmdTdV83?oc=5,2022-10-20 20:44:57
capitalization,Top 10 US ETFs to consider for RSP - fsmone.com.my,https://news.google.com/rss/articles/CBMicEFVX3lxTE8wOGpLdG1BcG5VUDZ5SDN1Z1VtU1c3eGZvS2p3UVdmUEMxeUN0NC00U0J3OFotZTdZZnlyR0VIbThZcUxpOFpOSkp4U25EY0hQaFd5dGJHMExydXc3MkNUcTA2Wm96SlpYV082bnB0a0g?oc=5,2023-08-21 10:05:14
capitalization,Newest Design ASICS Steel Cap Anti Static Performance Sport Safety Shoes Kasut Sukan Safety Asics Terunggul - Shopee Malaysia,https://news.google.com/rss/articles/CBMi6AFBVV95cUxNclRSOHlFVFRfX0RvUmpXQ0NVREowR3RzbmJkVHp0bnNZbGpmUnVJZnN3SDBTRW84dTNsODdINFQtbFFCRUVvWl9OTmFNZFlUQnNqVFM4TnZaSUlERnd0THJqRWFOTFIyWVY5Vl9lTVhxR0V2bGJtTmVJb0RJUGFvalNxRnRlZ3YzaVppUElPNXdIeUdKTjVENFA1WnFHT29DUThtel9vSDk4WE5DRURQUVVFbE1iV0VJX29RY1AwWXdfMHdXTVN2YUtyekV0bVdPdkhlazVHcUJOcWR2aDZ4YkNad1l0aDV6?oc=5,2023-12-02 22:12:41
capitalization,Industrial training report: Genting Malaysia Berhad / Nur Batrisyia Annuar Appandi - UiTM Institutional Repository,https://news.google.com/rss/articles/CBMiUEFVX3lxTE9BSUhGTktwOVoyTGtObTZUN2JCdWFsNnZVOHN6YVVxRTIyNmk4dzVJU2w0bzlFSktrM1lDMnVuSVB6RzNsUzE2RDUyQWs2NC1o?oc=5,2024-10-23 19:36:05
capitalization,MASB 27 Borrowing Costs - Malaysian Accounting Standards Board,https://news.google.com/rss/articles/CBMiVEFVX3lxTE9pSFRvblIySUdLelp1TzdtSl9GeUFocllqZFhEdGpxSWI0N1d5bWdHblptVGVZMzczT2VJelhDQVZHa0pxM2hCUTlIQ2dvZmxqcUJIaA?oc=5,2021-01-22 19:57:06
capitalization,Malaysian Citation Centre - MyJurnal,https://news.google.com/rss/articles/CBMif0FVX3lxTE9UdVBaeGRvejRhV0dmNmF6Ui1rUTlfZV8xUzdFaEdzOUgxRWZxcFVIVEc5VG1aTk5odVRPM0xEQi1YY3pzTFZSQ2l4cGtxdmJZVjVyWjNIZ3p1Z1hhLWYyYlZqZmEtLUtndUNITWlMX0NIcUVtWHJiZDd2Zzhsb1U?oc=5,2024-05-03 13:13:33
capitalization,Print Layout 1 - Suruhanjaya Syarikat Malaysia (SSM),https://news.google.com/rss/articles/CBMiigFBVV95cUxQeWlUSWw3SmxIVXFjbXg2c0QzQVB6Q2FDU3pxSTIzUlUxRmhRZGt2elFWWW9mTmZnY3kzR1lWNHRpNDdkZFdBVXp2UnhTRlNkc0ZnR0xBdXIyMzhtd0RDbkktNFFUOU5SSktDRUVzU0d3ekJJZlZFY0hjV0hjM2RVUXprNV9xbW1KNmc?oc=5,2019-02-05 08:29:33
capitalization,Travelling back in time: Capitalizing on the potential of Nostalgia - MARKETING Magazine Asia,https://news.google.com/rss/articles/CBMiogFBVV95cUxPSHJxRHpkY0lDd18tdm80RVRlc19ma0lib1A3dkRiWGJtbWtjR3dfVXNrenJ4T0VDNGloSnRvbjEtM1RMZEtVbDhObWdlemtzMXViZEFheW15QmxaYmlvSzNSdzhycDdCVGRIZDNUbi1vaGw3UXgwbXZSWDUyZlFBb3QycExrMVhfcGZoenpWRlptclFRa2RyZ0RHNGtyX1FzQkE?oc=5,2022-02-09 08:00:00
capitalization,FGV Holdings Berhad Company Overview & Details - Maukerja,https://news.google.com/rss/articles/CBMiZEFVX3lxTFBNQk1RRTJvNkhjZFZpalRSQi1iWnQzdjFpa1dzaUQxTzNFMDNNUWZIYVBxLW5qS1ZsQkxzR1Z2cGRlNFppZ1c3NDRQS3kxRXlZamtqclAtVnVNRVNOa0pBTHdzTDY?oc=5,2024-03-15 12:56:13
capitalization,135 FACTORS AFFECTING THE PERFORMANCE OF REAL ESTATE INVESTMENT TRUST IN MALAYSIA: A CASE OF Al-‘AQAR KPJ REIT Norazlina Ripai - uis.edu.my,https://news.google.com/rss/articles/CBMiZ0FVX3lxTE1temcxNnBSSVE4cFN2ZFNTMS10Ry1IRVFJRXZia1htOTZINmNKOEsxbnR2dFY0N3JubTZOVUlzd0FlRHNKZTctdmNPM3Y1STB5VC1GX2o5YjV4TUdtZDlUMXlObUdIYnc?oc=5,2024-04-10 20:05:43
capitalization,Overview Investor(Group) - lottechem.my,https://news.google.com/rss/articles/CBMiXEFVX3lxTFA4cVVUQTNoaXF3dVcxMnUxX1pkRTNsUTA2TWJtMUVGbEZRSjVseXV1TnhhUEhmeXJlZXF0R2l0clMzdzZSTG1pV1U5RTRHTnVPUGRVQmVwQ3lVakZz?oc=5,2021-02-18 04:12:23
political instability,Monetary Stability - Bank Negara Malaysia,https://news.google.com/rss/articles/CBMiU0FVX3lxTFA5cGJPdGw3elpPa1lPampGWTJ3WXVXa3o0ZHI0Sy1MUl9wMmVpUmVRdnJGVVRJQzFvVzhxTzdYd204WDhvdzdxZzhqMHRUcXNvcGgw?oc=5,2020-12-18 13:07:58
political instability,"Malaysia’s elections: Amidst uncertainty, a glimmer of hope - Asia-Europe Institute (AEI)",https://news.google.com/rss/articles/CBMijgFBVV95cUxPeER2Vk1vNmx6Nnp6Z19kV3RpYzJJc0QxTVQ3d0dxWUlkS2p4UEt2ODBwcjRPem8yU2NmSkpaREItWXBKS3Z1NVNtUHU0anJHQjdHbk1PcDdyMm82N0h1YktkV25BajVPR2hYd1RYbERMS05lbF92RV9fc2M0WjNWS3JfM0V2VndVTV9paGp3?oc=5,2022-11-22 08:00:00
political instability,Political Stability in Hung Parliament - Asian Strategy & Leadership Institute (ASLI),https://news.google.com/rss/articles/CBMic0FVX3lxTFBkWTc4ZUFyQ1JRTFMxMGJiUV9oX0RuaFRDdnVVMUdCODRVVUxPOVh0VmFmZXZnTHBuWVI5VS1pVHRjS1BJLVVxNGhRN0NzOC1zaHFHWFhpZVQzV1pqOS1TeW9TSWJNV1lPOTdRWDVXejR6Vlk?oc=5,2023-09-27 16:51:00
political instability,POLITICAL STABILITY DRAWS MANY INDUSTRIES TO INVEST IN MALAYSIA – PM - Prime Minister's Office of Malaysia,https://news.google.com/rss/articles/CBMinwFBVV95cUxPbHQ4M2gtcmVfTTRWdzMwd1piaWRmb2tjSng4UHE4Y0d3Rl96bnNnQkhDT0tyU2lfbWpiTkNIZWxsTGRDbXdxTG5MRS1PcXl6ZUN5QVJXN2M1SUswd3lMVUlLNkFQZ2tNSkV0S25vSzZsOUR1UnNBd01qUmhpOXJBcXViZ0xlMHY0Q0dFbV9iREhRUjNiOWRJSDUxSG9sWmM?oc=5,2023-11-24 08:00:00
political instability,IDEAS Welcomes Memorandum of Understanding on Transformation and Political Stability between Government and Opposition - The Institute for Democracy and Economic Affairs | IDEAS,https://news.google.com/rss/articles/CBMi3AFBVV95cUxORVg1LWJPRkdtRkE2VV9GbklKX0dKN1Z2NEkxMFNkdmppa1ZtektXZnB6WXU3d3VjMHRvTk0wT2ZIbWhjelgwTnczYWZqd19OaHdER0txUkhfMFQwMlZpMkpQTzNrUHZGdkFkZnppX0ZRMlVjTjRzUUhxdjVsd2hoWHl2THZpa0J3aEdhdjNJQUQ0Sy1OX2VqX1I5WFhnUnhnbEZrMi01RHUzaXRGYmhCME5RYXJ1TnRsQURrcTl3VTlRWXNpSnZoUjNkcWRubXdNb05fLUE3YVloYVVX?oc=5,2021-09-14 07:00:00
political instability,Forum on Political Stability in a Hung Parliament - Asian Strategy & Leadership Institute (ASLI),https://news.google.com/rss/articles/CBMigwFBVV95cUxNUFZnXzNFbnZjeWV2YlZob012ZTEzTXJyMlYwcGdEWGNlSmh5VVQ1aXVBWXVWeXFZcXFNcWtBV19tQ3hlN0duSFhMc3Z5ZnVWY3FIWU5GcjRURHBSc2hJMXNzN0d0VTlTSWNtOENQc2xMclVha041V2xibk5hRklVREFhZw?oc=5,2023-09-07 07:00:00
political instability,"Political Stability, key in investment attractiveness - Saluran 122",https://news.google.com/rss/articles/CBMikwFBVV95cUxPdW1vN01yN3gyNUh6NlB0TC1BcVhwUmktOWxSdUpPdmtuQUV3Tm1BYW90VTJHMGoxb0xQUXBCck9QOU1fVEFsRjQzVFh6bUVXdjFaS0xVallTbEZ4WG9HSExndGFQQ3M1M2Q1UmI2VEhSR1l6N3JCaDgzdjBXc3Y3SHNpTHV0bTBvOWNfMzFMYUEwSU0?oc=5,2022-10-11 07:00:00
political instability,Malaysia Foreign Exchange Rate Depreciation Does Political - UTAR Institutional Repository,https://news.google.com/rss/articles/CBMicEFVX3lxTE1qbmtDNE4zSzFEdmxlYXVuWTdEMWJmeHQ0M1JnbXpuaG5VZ3M5ZE10M2RGQUpnbWJJTU00SXFBMUl0eWR2Q2gwWEVrdDBWMEVSTWVMdllQYW1PMDB3bTF1eUdXRGg2SEp2enUyOHhjYzg?oc=5,2021-03-10 01:14:06
political instability,Governance Quality of Political Stability and Rule of Law on Tax Compliance: A Mediation Analysis of Tax Morale - ukm.my,https://news.google.com/rss/articles/CBMi6wFBVV95cUxQejRlWFFwWGcwYnpFY201dDAzbGN6Y3o2SUs2YzEyampEOGJtUmE1SW13cXRQbFFZdTFuM19tY2pBS2c4T2JidFFjNE05SlltSVFCQ0h3RC1zdGcyRGI0YnVzdGZSWFVXQ3I4N0JyX3M1S0g2SGdHUzRzOTRoQ3RxNVRKOU80cEo1QUIyVXMzRDRtWTBIS29Dd2FOY1RCbU9KekhwTTBQTVJJOUJFV3NMSXd4QkdMZFQ3TEhvQ2FPc2dPOVJLdHR4MFZ1YVJYRXk0aTl5YnhNcVBRS1FJbmU5OXBRdkFrY2RSWWdB?oc=5,2023-03-31 07:00:00
political instability,Anti-party hopping law amendments must prioritise public will for political stability: Haniff Khatri - scoop.my,https://news.google.com/rss/articles/CBMizgFBVV95cUxNWFB2MWtVZjUwZ3NIX3AtM19KSzgzdUV0MG5jbjB4WkpNWXpCbVFMNlVaWmZkd29WUllzWEFZSVJ0WFZaem5DX2FqZTk0S1hNS01TM0ktcURPR1ZDN0RMTWloOFloM2ZoNkxuQVJEZnFUVkNjczZUeG5GTzJBaGhFemtWTThIS1BoN2FXMldFTElNUE9kZmlUaHd6VlV1djN2aVoyeHBDMHNkNzVxQ0dXWXJPSC1MeTlhU3BzN01WRkVsbjFLT3l2X2Vqb2Frdw?oc=5,2024-07-14 07:00:00
political instability,MALAYSIA GAINS PROMINENCE AS INVESTMENT DESTINATION DUE TO POLITICAL STABILITY - PM ANWAR - Prime Minister's Office of Malaysia,https://news.google.com/rss/articles/CBMiuwFBVV95cUxPcEExbjRVaU5nbW9pQWFQZVM4SEE4SHVFNjdCY2lXWHVWR2MwVGpzdjNRQjBSMGthZzdJTFMxRDFNT1NuNUtpbEpyUlNuRUdxRHdCbTdWblRvSVpKMlNqbTY0OThmOEs3UkJBdzJWeEZQUGx0aDFtUkVsMmk3OUVGOFdNaEU2WFhUVVhsVkpoamNYblRqbTBESHlQWWpheEp5bHo0d3ozRWhyTnRJZ19CbDBPb2lOY3dKNmNB?oc=5,2024-04-23 07:00:00
political instability,"Military Connections, Investment Efficiency and Political Uncertainty: Evidence from Pakistan - Universiti Sains Malaysia",https://news.google.com/rss/articles/CBMidkFVX3lxTE1WdEstR0FYY1VvSVhkMTVySjFTNkV3dXFlMmM5Ymt6Y3I2SXFuQl94ZzlIdWZROGd0VEF6R2w1LTBUREw4Y0Ytb3gtUUc4MHcyMXg2VjZteThyRmI3YUNZZlZieFMtTjZXbGZSdWkxRVZ4NHEydFE?oc=5,2024-12-27 11:11:22
political instability,Impact of Public Expenditure on Poverty: Role of Governance - ukm.my,https://news.google.com/rss/articles/CBMickFVX3lxTE9oQXJPOGJ3MktZV2twRkV5R0ZCeXpYbjBWcVBMRXFPV29pb05kbmd0MFVMdVpQUnZKUm9UQVd6RU1qWnF2Yk9ST1J3cVJFeTdoeVl2MHZvdE0wX29Cb21YZWR5QmpVc1VqWk5pLWJzdUpXdw?oc=5,2023-07-23 01:55:27
political instability,"Control of Corruption, Political Stability, Foreign Investors, Government Expenditure and Economic Growth Trends in the Southeast Asian Region - IPN Journal",https://news.google.com/rss/articles/CBMiugFBVV95cUxOR241V21aWTFZQWIxVlNLenhyTkNldU13V2lmWmJTUDJ5QVh4cGlKR1ZJdUh5N1N2dDFUeEdmcDdjclVoWWQ1dTluU2ZvZkRVS00zYUpWTXE3WFl4WUJmWjVDZUZRZHVNbDA2OU03N1I5TDBHNnUxN3cyWWNUVWNnU2F3TEh1S3pRLV8zeVdJM3ZETjFtSGlNcC1Qdk56UXVuYjVKZ3Fmc29oR3FJNXJQcXY3OUlKLXlJRVE?oc=5,2021-12-07 08:00:00
political instability,NATION'S POLITICAL STABILITY HELPS GOV’T TO FOCUS ON DEVELOPING ECONOMY - PM ANWAR - Prime Minister's Office of Malaysia,https://news.google.com/rss/articles/CBMirwFBVV95cUxNQm51eEJYaFp4bFBGQ0JqMXA3cnZzeDBPeFlJM2tsWDhOVE1wb2ZYQjRwTHU1cHVyVUstZ3lBanhBeGlHNjBGS1NnSTF3SjM3aDRTQ1dURElSVjR2eElkUzBoczZmY3VBRU1YWFV5NXV4R0ZFajJHbERsZ0tnd2FsSXVKNjE2ckZZRXdkMlJuekVLaHhvTmhvMFRyYS1icXhJd3Q2YnhHcVR6OEVDT0tj?oc=5,2023-12-23 08:00:00
political instability,"Govt, PH MoU a sign of positive economic growth, stability - Portal Rasmi Kementerian Kewangan",https://news.google.com/rss/articles/CBMirwFBVV95cUxQUUYtVmxkUm10S3kwSGhidTNldzJwb3FjelpCcE1yZktDdzJVSlVSZzR1UVFPXzhjbjFOQmNoM25teHVwcDlpRGFRTDY4V040WExrTC1PSzZLeVZpbnpNR256YzRHTGREajJBeGUydkU3eUl2aVQzcllEbk5QTERsX0ZRSkFlMGJjbUxDcXNnbWl1bWtzaV9lR3MyMHJRUERvYTBYOGo2Q251UHNPLS1z?oc=5,2021-09-14 07:00:00
political instability,"Political stability, clear policies the key factors for Amazon's investment in Malaysia — PM Anwar - Selangor Journal",https://news.google.com/rss/articles/CBMiygFBVV95cUxNc3Nvbk1VVWJUX21iRGVqVlZLVmFvWjZfbEhOZi1wc1ZadVdaeEtESWRqYzl5SElKU3JGaG41ejBIbXRxbjFnbERjUDlJbWpPcF9LTzlKaXBoR0Jxd09ET2xxek9VRmRHYlZMc3J4bnkzdlR6MXFCU253MllzTDBlQjRfR0RfaHh2TFVmWGIwNVp2aWc2MmR2QWx0RUxPX0sxUXRrcWxTbXA0MDBaN1JYSC0yemgtLVcxSlMwSERyb0VGUnB5OU9MR0JR?oc=5,2023-03-07 08:00:00
political instability,"PM: Political stability, transparent policies attract foreign investors - MIDA | Malaysian Investment Development Authority",https://news.google.com/rss/articles/CBMipwFBVV95cUxOU3dnOTNPVE1JNFhWamRxQlhFVFp1UUx5aTdSeDJoREJwQi03cUNuOWZJRUZsbU9MRWhDZkFYRDAxTWRrS0xlc1pCemktMklaMlFQZl8xbGVLSFV2OFdrSVAyMTEwQ0lvU1RNLUFpWWZSQWItcGpoQk96VkZCMDZ5T0ZRcjM2RW50Tk9HOGxxYU0yOVVFRnQ3OUpCTkw0ZlNUZXRpQ2xnVQ?oc=5,2024-03-16 07:00:00
political instability,The Impact of Political Stability on Capital Flow : Evidence from Malaysia - TAR UMT Institutional Repository,https://news.google.com/rss/articles/CBMiSkFVX3lxTE1KR19obkNfZ3FTNjJ5QTNEM2dFTVVnTVV6LTA0ejMxUG1QTlYzdjhrS3BhQXNqZ1hvYTBFNTMzaUNqX25ZZjVZdUJR?oc=5,2024-08-06 07:00:00
political instability,Governance Quality of Political Stability and Rule of Law on Tax Compliance: A Mediation Analysis of Tax Morale - - UKM Journal Article Repository,https://news.google.com/rss/articles/CBMiZ0FVX3lxTFBWQnItbExsYzdIUHZoaThpTnd5SEdhSkVqckN5OGlocldxSEF2cmhkV1BEZTNoVFdZd2p0STAzWFFfMUlGZ291X3hDUmZZaFdxbGl6ZU14YVVEcWtPRGRIQk9wMWNOdlU?oc=5,2023-03-28 07:00:00
political instability,"Political stability, good governance make Sarawak attractive for investment, says Awg Tengah - MIDA | Malaysian Investment Development Authority",https://news.google.com/rss/articles/CBMiwwFBVV95cUxOdW5RM2tBN3FZRUluMVZ6VHZteWZYNm5QTjExUi0yNnRUc1l5a0taUU5SUHVsWndqUDMyajkwZjRQOXJwbXNnb2tXdmdOTDd0SS1UcGdTOEl5aGc1eHRJdjc0U1g3VG1XRjA4Q0FTSlNfX0FBLU5WMmJKdWpJV2ZzdnFLb0h2QjhoMmc4WjdIMm9XS09rNlNZQkJ2YTlEZzFlc2Jzc1Vka2JsZjB0V3hXQlNDeGRkaGxELXp1ZlNWM25DaWs?oc=5,2024-07-17 07:00:00
political instability,"Political stability, govt policies attracting global investors to Malaysia - MIDA | Malaysian Investment Development Authority",https://news.google.com/rss/articles/CBMirAFBVV95cUxNWG4zYTJuLWlsX09peVg2ZkRJRXVGcHBCbW9fZzdkbE8weTJWNW9qVjlfVHpfcGEwbmp6MzAyYlhIVjZkeEFyLWRaM1lLUDBHeHlETk1yUjltdnlBSWNWSjV1aEJCVUw0bDdoYXIxa24tZElVQjZUV2ZXaXJyWFVQdms3dDNiSWUwR0NCLVFhalJIQmw3WlBvc0dpYTRHbVNOWDQ5TzloemJJSWJC?oc=5,2024-10-03 07:00:00
political instability,"Sarawak’s political stability, stable govt main draw for foreign investment, says state minister - MIDA | Malaysian Investment Development Authority",https://news.google.com/rss/articles/CBMixwFBVV95cUxNbnNFa2l5T3JIVThrNGNjREpZVVBmOG82aW44ZXFkbTEybjdVVUR0cTRGdGQ0TlppUmtJcThUQkQyS2JZa3oyWjNiUXVJX1BUMC1LMFlvbkRzU0xtRE4tRUpiMGRaaGpaM1k2VHJpQUJvOW54Tk5RdFdieEdxVmdlcVBCdmUwWHg4SzBvbTk3b19VZ2dPU2xFRDlaMjNGU3VVR2tBRy1XOTkxbHZwNXM5b2tPNGRvcDhncGMxYllXaGJwcFhzUVJj?oc=5,2024-03-09 08:00:00
political instability,Malaysia Ringgit Outlook 2023: MYR might be oversold - ifastgm.com.my,https://news.google.com/rss/articles/CBMi3gFBVV95cUxOckVQVndKUDZnbDNaY3F3em1Yc0JkRF8xcldvYzMtWlZjT1BMaUZEblNEUlZHTzZHY3dKQVNiVXFhVG1sa2lLb3ZfcHJLTWlUdmh4NmhwOEFHcFhsalN4VGFuTjVIWWdHMkhNVVFrNjBOc240STExSWxibjA2UEVQYlNWS3N1cjVaTi12em4xWjVCcm4temd0MVR0d1pDY3ZsaHVjbkh2MXllR1BXVGpzeEtsVDhDV1NaWkJwbVZnYkF3TlBVeEVjS3pvVXg2VmZjMUpBV0NVcGd6SmduRnc?oc=5,2023-08-30 07:00:00
political instability,Berita - Jabatan Premier Sarawak,https://news.google.com/rss/articles/CBMibkFVX3lxTE5FSVhhV0ZNNmlUMm1Uc3hkdk1WRmhZMVZvd05meGNyd2NFd2lBTDZqVk5vWFhObkZZT2oyS0kzY1RVT0hURlNBR3FoNk03cFFMQlJGaE1scmlVM1R5X0FxUU1QTk1IWHBISElYNFRR?oc=5,2024-11-30 11:47:49
political instability,Malaysia have good fundamentals to continue economic growth -- Fadillah - NST Online,https://news.google.com/rss/articles/CBMivgFBVV95cUxNSnZsNkdEbVVpbno2azItdVczQkRRZDdjNWhkeU13akt1SlFPWE9yMUxzSW9GNFVOci1IQjRXY0tIeGhVT1F0aGswQVNrdzNpcFNmMWsySUdFSTU3dzVxS0pZUndYNFEzNHVESEQ3NGYtUG5QRmRUSEhtTFk5NVJvT1B6ajNEWmltVDdvOXlwMjhiNHlzdzNfM2tOUVZRcW02X2huWW5fWjg3WkYxbENJM3UycnRBZHp5Y0lHQmVn0gHDAUFVX3lxTE4tY1NjN19oWGM0ZjkyNEJLcHczWV9nQ1BUeUNjSUFuV1JzNDk5em8wcDBpNXJnT0FYMDJhM0I1NUlESElnZ0dwVjF2N3R4NmlKNS1VNWlpeGlyaFRkWS1CVTFKMUZZRV9CVjZiR2NMV2F0SGtwSWpsNFhMdUg1Njd6dmhPZUlPbUhUYjhsYTY4N1pmR1B6WmJLS1ZkWk9kSWU3Vzc2TXBXMy1Tb0tnZFBPS1ZfVlFmbXRZVkd6N3hXeTFzbw?oc=5,2024-09-07 07:00:00
political instability,Food Politics and the Paradigm Shift in the Parliamentary Debate on Food Security - Journal of the Malaysian Parliament,https://news.google.com/rss/articles/CBMiiAFBVV95cUxPeGFIbVRnWFBjUzAxUEttR1ZleXo5OW9ESWNnTzZrbW96ZGlIUXBpUEI1WEZnekxHek9CNm9YaVpMQVpNTHJiQTlqdnl5UG80WG03T1ktNUxIOVNYYzNvbS1QOXJRNU83ZVdXU0VJUElyU1J2MkRZX3ZxZzZMdGNzemx2NGtjV3RH?oc=5,2023-06-14 17:59:41
political instability,PURSUIT OF POWER AND PROFIT LED TO HUMAN RIGHTS VIOLATIONS GLOBALLY AND IN MALAYSIA - Amnesty Malaysia,https://news.google.com/rss/articles/CBMiugFBVV95cUxPd19vV2RLWGdCT09IR1JvSmlwREZjcklOT2RLaWJVYXhhalpaUGhOMHFGQ29HSnFJOXRQSGRrcERXckdlTjduNzhkSWM0MnNhRHM2RHFGWkllb1lBbk1LVFUxbTlxNm5WRDVyUEk2RnlNcnpBRUMtSFFyNzh5WEpYOHRHdzEydWN6SXIyWVIwNTZ2M2Riel9xcDVIRWZrRTFLeEhwT19oV28xV25DRWp0RkNUWEtZZkR5YXc?oc=5,2022-03-29 07:00:00
political instability,"Singapore PM Lee asks citizens to stay united, maintain political stability in final major speech [WATCH] - NST Online",https://news.google.com/rss/articles/CBMiwAFBVV95cUxObVNXcjhfYi1WNXJ1cWtXTzFKV1pjX001RG1wQUJqLTItTE1mZkprbVktdHpJTGlOMUN2YXNyQko3dkNHUU1DNHcwelZueFJ4cV9DRzVYUTJmaTYzN1VkMWgwZTlmT3ZXZ2JtZ09MVEgyN01vamdZRlNGOHNfdEVFcXJTMFZ6eC1oVnlPUWtRNlN5cDgxREg2ZzlXU2dyMmN3QjEwaHB5UGFrRHFrbGdzbFVQemFaQ0w1NUpBNjd6OXDSAcYBQVVfeXFMT2dhNllNWGtNcVZ6QzlSUkV3dktwbGRJVmM2VU8xVWdGMW5aVFpzbl9RR3ZkSC00OEN0eE5NeTdVaklXb1duTDUzN0lOV1dpbUstSmw0dllyV2VYVDhVUGlMUU8wcGxzc0IyOFh6SXVBTDdQMldUMUtjYUlaTUk1ODJkNlNvZHlFVWNKQTNZT0g5T2loSVlhdEdvN05wQjk5SHJWQ0d5WGJSNHhyWkdETnBQd0NhQnZHQ0RVQXVSNWUxVTM5bzh3?oc=5,2024-05-01 07:00:00
political instability,POLITICAL STABILITY CRUCIAL TO ECONOMIC GROWTH - thestar.com.my,https://news.google.com/rss/articles/CBMinAFBVV95cUxQeW9LNmpBeGU4UzZwZ19xcHF3Vm5aWGppTGtRM1dGclVlNEt6ZkpMLTRwRVRGWk03R1NCSk16ZlAtaWNKZFBheldzTWdTbUlldUxtLXFQWHFkUVpCNlNxMFdoOE9WV2t0YVpNSkRuM3RDbjZIUVkxWWRBR2VMekVaWW1pTU9nQ1l0bzhpYWxpTWdkV3NHMXI2THNfWEU?oc=5,2022-11-07 08:00:00
political instability,Anwar: Political stability enables good policy implementation for people - NST Online,https://news.google.com/rss/articles/CBMiugFBVV95cUxOVGptRTlpNVIyczRjblJ5TnRKRFRJc2RQTWhqWm9VUlZjQ3JPM244U2JYMWRRRHZ1WHR3WGFtUFVCdGQ1NHpjcWE5dl9Tc3VJb19ZRlZxWVVDa1pYWHBRRzVWMnFSRmdwcWx4SVhyUjRfSFhyb09YSThqZUxFLUlfZWhpYWlaRENZb0lral9lSE5veHlSZnBsOTZnS1EzMXRYWW5LOFRBd05zLUFBUVpXbndGYjlBTWNxT2fSAb8BQVVfeXFMTTZ4RDZXSUdxaUE4a3ZYbG43R1VmdEQxVFllY1VrUHdkUTI3b2NhQWxsc1JkMDN6d1BWOUJjT3lGSnRLYkNkcmdRVUJuN0tJYThXczgtZ0pSd2o5MlJJemRjU2Q0dXFvemVrV0lDNGFFdG5qVEQ2c1pFNFZORGlTSWNnc2hhbF9XbWdFeXppVDUtWHVIR1lNWk5SMFUxQkFuUGZsSjdRazQ4OUMwQWFITG1pa0VjU29oa1VTOXc4WDg?oc=5,2024-09-28 07:00:00
political instability,71% Malaysians Think Government Corruption is a Big Problem press-releases - Transparency International Malaysia,https://news.google.com/rss/articles/CBMixgFBVV95cUxPcnRQNTBHZjE3ekxGblRfdWpqSDV0TlZpZWc4UXk5bUswMkU0N0lhSEVfZVl1YjRLVWpYNnhKMnJaUmxxVHlWZEloYzhuUEhmbVNNYTY3dE81MWt2aldIWXh1U2NqMGNIRnBvTmJ5aGpIQXhWZjhOb2YwcjFUT3k3LWpDOTFuNGt6SXUteWpXNVBidkVBWW5meFBfeDNXR0ZiYXI5bmUxbEMtdmNOcnNSNHBPQWZpYWUwdmRYMjFZS0RSOE54X0E?oc=5,2022-03-19 01:31:21
political instability,"People are tired of political instability, says Jamaliah | Sinar Daily - Sinar Daily",https://news.google.com/rss/articles/CBMisAFBVV95cUxObURNUkMwWlMzNWt2WmVuSzZuZDJ0OTN1Rk9LVVplakg2ajdQVHFsTlE4dHBiWHhCWmVVa3hrNTY4SjNXakd5aGJBU01hY3djTmFmLU1UZmtFQTRhcW5KU284T25sYTVPZldIQ24yMk1aWXkxcnNzSXNsLVl6YjJON2F0M0dGUUlyNHRXYUt1a1dINjVuSHNlVXgxTGJGaVZNdTRxYkxYX1otWVdwWFhqY9IBVkFVX3lxTE9CSy0wemYxd053d0J6bWdnN1JPekMzWF9FYWcxZFpjbzZBZ3FleXhwYlR4MXVNTTg1eXpuZ3JyMU42bklCTDRQWFVpdWVjTzNDZ3V4Smtn?oc=5,2023-08-10 07:00:00
political instability,Nepal elects new president amid political uncertainty - NST Online,https://news.google.com/rss/articles/CBMipgFBVV95cUxOck9SenF1eTQ5Z3l6aXNsZUN5SklsR2pmdkZRS1gtNU4ySUE5ZzRXVHJTeGFtSjFQdWtyX1dTb2VGeVBwQTQtVUY5eVBpZ3ctZGJqNElOUnp1Wm9LbDdZQVE2aXhwWUZ1X2EzNkNDS2RGSUJpZ2d0a2RFSndIUTRZT2RlM2tTbktSY1VkSmsyYmdRVUZXWVpSOEhVUUhJV2hwbDdxR0130gGrAUFVX3lxTE0yQm9DcmFNbTJJbzFQc2tkVkJ1U2R5OWdVdW5TN0c5WF9KZVFWaXczaFcyUWNQalRIa0lEbENBUmI2OXctNW9zV0ZfaUlsU1ZiVzZQZ29ndW9MRzlUOFZ3aVZuSHROZUNUV2RBUzhzVnlDQXV2UHlxOVM4RmdUa21jVWtjQmpZcFhZNlg1bW5RMnI2bUJJc1RUbVZfdW1JdERUX0QtQ1gwOEtHcw?oc=5,2023-03-09 08:00:00
political instability,'Greater clarity emerging for Malaysia under Anwar's leadership after years of political instability' - NST Online,https://news.google.com/rss/articles/CBMiuwFBVV95cUxNa0s3YktVN2lvUUFsM0FMN3pZYV9mX1Brc2h6eDNPZTFmdFM1Y2hPQmNMVWxqYUJkUDMtYWpUd0VibkJzQnZlclJObndQZHByMGhUcDd2cHZuSWZFV081RjBXQVdhMVd1NEV5VWxVT1FSNlpyNGRmNjRtbVp5YUJKMkpfWnlzdDdXWlY0c3VuTEE0Y3Vzc3RYUHJfQ0h3M19OZks2NF9OU19Ebm00U2x2VDBRelV3QVFZcjNr0gHAAUFVX3lxTE43a0VIdHpkUkk5cFpacUdhVWIwQTFHekxreFJVOWRFalVOQmoxMTFBeDlDWHZwVDF5SUJmdmVMeXhZLUNxYTJyTzIwcDRVTnBFNUdyWkJnd2RDX2pucTVxdzRMa1E2dHEwcWZZNFRpdV84ZjRGTlJ4UFU5VHB6ZmFrUFZ3elhHUVVONUFLME5xMURlMGNCQ2xvWWpfUXN0c21ELXNnWjZZTktxVHEwTC01aFAtSTVVdHRiLW42R1BVVQ?oc=5,2022-11-30 08:00:00
political instability,"DPM Fadillah: Political stability, unity, ethnic harmony the foundation of Sarawak achievements - NST Online",https://news.google.com/rss/articles/CBMitwFBVV95cUxOemJSdFlGbGUxdVNtNmJxbEwxaDFNeWx0ZkdObDFFaW9SQlJrMl9RUHFHbVFSZ2xYaGVvdXJFcUh4NU9za3l2eVdLSkVmWDgzaVJPUjRVWU1sMzFOV1E3eFZjTjhxZkpQYmtGUGJEWHhpay01dGlwVDJ2R0xNWmV0YXpaNzhpaV82b21zLVpUUXdmdVZkd3VkNVBSMm5rRjZGNGxfNzRsb3RVRTdwOFFlMVR1M3FsTVnSAbwBQVVfeXFMTnFJQnFUMGJHUU5NZ3VVbnJtbHAtdG5LejJ4YXZiaVpEMGx4QkxJdFRCMEJYT1p1YXd6a3V3ZUM0ZUhNRnpKMEV2SU1qNUEwbzI4WGxJOWxuVG50Qk1selM3UGhfVGVuclVrMTdVOVQ1WEVXSkZzYW0wUi1YT0l4ZnNFV1dZelpCSnYtN0FOeVhwbnV0cUNJbWlxakxzaWhXeHZESk53czAweVVBakwwaWFvaVFKN19wdF9fdHc?oc=5,2023-10-21 07:00:00
political instability,Tengku Zafrul: Political stability key to attracting investments - NST Online,https://news.google.com/rss/articles/CBMisAFBVV95cUxOMEhwOVdPbTZEZ0p0RjY5Q29MX3pKQWxYMGIzRjVtQzhHb0Vjb0RHV1Y3bVhFYVljVk5zNTFtY1Z3dmpXdUk5M1ZJWVJlQnNtWG9ZMTczVi1YcGpZQ3BnU1ItR1g5TkNjYVRaMHJ0NEZ4cUI2Q1QwQmpOdVBmZnFsWlRsd2ZpTE1uT2tXVFpNWmNQcWRGZ0xnT052VGdPWHk1VUxreUtxRjFYeUt1emZpMNIBtgFBVV95cUxQckI4QzBwRVZqTHJZX0pDdktOaXVad1NaV1N6R0JZNkphcmZhRmxIcmhIdllDTDltRUV3TWpvRElLSW1IclBSLXRsdE5WdXVtWGY3MzJiR1N2NGNXS1NRdFFWTWVtRHF1d05wR2RmMm1NNjJLZ2U3V3hvalhZWUNFVVJkWjBpd1lXQXpqU1hFNnVoY1BGWVBGZUE2LXRlNHl3dnFJRTBIT1ctNDktUGFKQW9FQ3RqZw?oc=5,2024-07-12 07:00:00
political instability,"PM: Political stability enables necessary changes, key to economic recovery - NST Online",https://news.google.com/rss/articles/CBMivgFBVV95cUxQRTk1VWxjbk9PR0FwNDM2STNHZkZGNmx0T3d4MFdZSEdWQTVWS0MyVEU0czdZRXFMc19vRFJRQ0lQbEpfMHpWaGFNc1poeWRLbmhWbHJZeFBheklvbDBSZEhmRURlTEdSOVJqcHNBZGxwWno4MGNvUThfSWFENDJMRzlmVENRVTJhWEVnTW5VOVlnNEVIV3l0NlBBUzI0SWt2TUlNem1pcDcyVDV3Yk41MEo0SzNxdnVMUzVDdFZR0gHDAUFVX3lxTE1vWVlUUkNzN0h0bjhLS3luU2FRcHNENkVUNVd2dy1qRGY1SmI5S2VlQ3NPNXBRWkY1MlczQXd3VUN5S0pCYThlQWdORHJNd3J5RjRNTmJ5NkNybktwb2lCWVBHVEs4SGZrYko0bG9VbnZBU1o2U3RCRlFLOTk3VlZXdm5jbEtJcGRuZ1VFeDg0ckNMNDRfQkdXUFpEaTdpRWhYSTE1X3pCbjVDYVVIZE1BN0wyLUtJdnAwZnZxRkRRYzdEUQ?oc=5,2024-10-09 07:00:00
political instability,IDEAS: Constituency Development Funds (CDF) allocations must be institutionalised to ensure fairness and promote stability - The Institute for Democracy and Economic Affairs | IDEAS,https://news.google.com/rss/articles/CBMi3gFBVV95cUxPWEhyYWFjcUVzeXFBdDFRbVkzeWRzNjl6RERYUGpUVENwdUhkcnkzbW1FTnc0cFZJZmhVN0VmQVFISGxkTmpVLXVndWczRXFDT2lfNFhQa1hITDNKNEhJOTNqOEl6YkZjcnhaZElmY0NMRWhuMmYxQ2ttV3prMGZ2SG9NcTUwTURkcUVhRFRSWW9iUnpKZHhNRWtRWGh4VW5xMmVyS0ltaV91bnNiVzVWWGRNRnBxbTRNMy1PRlU3V0N0YzVqQU1zZ0tmV19WWjAzLVh2MGF6eTBNekRDR3c?oc=5,2023-11-15 08:00:00
political instability,Mercedes-Benz Malaysia cautiously optimistic of prospects with showrooms reopening - NST Online,https://news.google.com/rss/articles/CBMivgFBVV95cUxPaDFZWEYwbVh6STRnMlFFOEdwNl9qcmRsci15VTJKX3pwbzByZUlXMWkzbHR4dmltcUc4WG1hR2ZEMUdfQzNQQ3VlME1KcFc0dS0wV1JKZXNVS3hmT0h3YnlSTkwxMTc5LXpJdTl1NDdwSWRUeFdnUWxFYTYtQ0NvcVVqOTFBZ2ZEMEx5Y1FFRlAtNkpPWjdnZU4tLWNOdVZLZTczVXc3T2lLS192c3EwaG1sZnpqWkZZR2hlNlRB0gHDAUFVX3lxTE5hMEl5LXFjcnlXVFZjbno2ZXUzaGpwMWl2S2tidkIzYjVCQS04b0NvUU1CLS1uLXBRa1ZQRWZzRjZ5VzZzWXFIS1FkeWh4ekJQc0dCeldPc09DdVAyMUlScWRGcDVnMHBOd2J4Rnd5aVFVa2JjOGFBM2FIeHIyRElqa1BMYXRmNktSMkpSNVpYY3l0d1l1WGdka1lYYlhXVFNOaGlPZHVjVjRpSXNJYkxfN1hDN2QzcDQxOWZmdkI1N3h6Yw?oc=5,2021-08-29 07:00:00
political instability,Anwar: Days of political uncertainty are over - NST Online,https://news.google.com/rss/articles/CBMilgFBVV95cUxQTHE5WS1hUHJIOXJNSzE2ZWhFMmhMRDBPb3MyUXZVcVpkRzdGbG9UNzBoalBLN25WRnlRWjI3bk1pTzRBbVVhSVJ0TFJMdE1heUQ5RmtxNzIzR1JlOVg4TUxqY0xRME00S2F5cUp1NFJZRTdvVDhxZngtbFh6TnlGNnNuR21hWlZOMHRHVnRrTkdENWI2QkHSAZsBQVVfeXFMUDZfd05rcXJTbFZBN2RJeWpLVEdZMUlWTVp3dlM0T3RLNzFndXVVVk4zdzNVYlNKNTc3ZHNUSzhtNUc0Xy1KV2U0enVhZThJRFNzVGlPLTItNkFLNjhxa0lLVkprQWdjaFBOUUMydFdHWVVYc1R0SkpTYXdGRDJYNzhiVDB2anhQLWEyZEVCR0N4UlR2bWRCUlFZTHc?oc=5,2023-03-23 07:00:00
political instability,Bangladesh political chaos may affect labour supply - NST Online,https://news.google.com/rss/articles/CBMiqgFBVV95cUxOdEtrRjNYTG0xSWpfSDdIMEZkU1EtSmliOUtma3ZSSXo1NXJ0dzhaUlBFZ3JDWWEyT2d0eUlBbnREelY0SUF2UU1xRnhlVXplbUdrTVRpNzFVdDhfc3pwZHBTZEh0c1ZnSlo1cF9YYkEwVTU3YWhvcUthOFV1c2xmNDdHcmZJTDVtMGd2T1prbTJtS3A1S21uNUNYenZ6cS1iLTdDeGI3alhvQdIBrwFBVV95cUxNdlRnenc0andaOGM5dEZ3VDVEN1ZIbEVxZm1TYTdnWlpzQVVjVXJURTdvNmNGNkZVMUUyVmo2SEVVTzJFVk9SczhTYzhrakdrZlJBNGp2Yk9oNE9mVm5OWTgxSjFUTVJGcFVNVTBqUC0xT3RIVDJFV0Y0eVJRRXBDbzJxd1ExbUQ4MThxVUdQNFBvRWg5ZmRfS2ltMXdlMjNmQzBGZEMwblJfQ3pITE44?oc=5,2024-08-12 07:00:00
political instability,"Survey shows Malaysians blame politics, not pandemic, for economic woes - NST Online",https://news.google.com/rss/articles/CBMitgFBVV95cUxNLU5Ma2NYRFF3ZHhhSHBmMTFfRGhaVmo0QXZ5eEVJa1Jfbkg1ODBoQllyd0JQRmpWTkxHQ2k2RC1sTURpaUJ1SjBIal9iZWFZTGsxR2xlclFMRE9xaUZKc2RnaklmZXNhWlh4aEtZWk9HcjFuams5UUZ1M1hMWWU1ZmFjNVItTlNsNVNURVFwZjMwMW9rZzFFdzc3MC1zMndabHNXRUJ3cnJTYVZwQXFVN0VZUy16UdIBuwFBVV95cUxPc3R1T0lxLWExZkxjWkhKUGV4SDN5SGlCQ2dKRTZTQkdJdWRzbWFEZHlyOEVKM1BKWTBqRVl5MDlJLUlENUk0UzMwbWtPSDJnbGVYWkVoVGtTSUxDX0dLVHNGM1BJRWttVWQtUE43ODFOLXBFWF92V0IxOC11WlVqQ1M4d3k0TjlPXzNaZjhHdWJOUEVaSVRDWm5TajIyQl9RQ0hRUFNQc1duWU5GbTR5VWc2QTRKRGFkVDFV?oc=5,2020-10-16 07:00:00
political instability,"DAP will uphold King's advice, strive for political stability - Nga - NST Online",https://news.google.com/rss/articles/CBMisgFBVV95cUxNUnZCR0xLQW01ZmI0UktpUjl4R3JJb2czUmlhbjBjaDhQc200bi1fY1NZWEZBYUNmdXdwY3h5eUZkbWtTcjJUMU5peUs0ay1jcFQteXJvTlNEZEhCUzZVeUh2czVuRzBnazMya2hZb1FqNkF5MWNKYlpVRUxRUkplRWNUWks0YVBCQlI5d0RGWm9GSnRqWjR1d0VvRmJUdHVZY0tYQmhWQ0t6X2tXY291SzFR0gG3AUFVX3lxTE1pWktQVmNMQ2RVVE1QU2R2TWpjWEFUS3NROFc2SnAyamJkVC1qTVcyLVRBcXJQVjgtTDdfT1ZzU0FDa292Y0Q1ZmxQOURGVEswWEd6VmoyUFkyNG9mMXVITmsyb3B0bEwyVk1uXzZtd0NUQzlHQkpPbzdKeFpiNmtnR0t6dUVzMkxUZ3pjZlNWQ0puOFZXYU9JY1o1by1fcGpPMG5ndUd6Q2pKeFI5QTZIYWlhak5haw?oc=5,2024-02-26 08:00:00
political instability,Selangor Pakatan calls for political stability amid leadership talk - thestar.com.my,https://news.google.com/rss/articles/CBMivAFBVV95cUxNYWZONTlmVDQ1cFY5WDRvWTNfbWpUcXkyRm5hYy1KU2k4Vk9wZlJDMEJiRktITTJmWGtrbFlfUjF4OW92ODZCNGU4UE55N0lOTXlIR3dQMG1iMkdjaFI5ajlFbWFCazIyU0RYNEZuaHBQdzdMQXZQRlg5TVBMaTFkSkY3UkZ0QzVnTGNzYkdZY1lEVGxIY202ZW9iQTZpTEluaEVSM1c0RmRZNWhWTmVvdVlPY1pRLTN4WlhqNQ?oc=5,2024-12-16 08:00:00
political instability,"New Year messages from President, VPs - umno.org.my",https://news.google.com/rss/articles/CBMie0FVX3lxTE44ZnFpc19LUnpCS055TEdFTlQxcGJiMmpHcW9MSUNqem1YbEt6VnAtMjZrRTVMSUZ5cm9qLWc1VlZuTW9LcXJKcnJpTnFDX3h2VFNVTFU3MGV5YTNzVmRpSkhDRTV3VnZhZm5BMUZvNnVobXpYbV9hNkFVUQ?oc=5,2022-01-01 08:00:00
political instability,May 13 and societal insecurity - NST Online,https://news.google.com/rss/articles/CBMikAFBVV95cUxNV3BWQlI0ZEVvZjA3ejc1by1PeTlNaWVJNzhpSzlUVnE3WThMY3lNOFNXclVaVEhHRWlOQk82dTBMelFsUG82STJMNkJydG1YWDVxLTR2ZXlZbF9PcTVPSDFEVlVfSm5RME1SSGVlWmpxNzhCTjFoZkFkNU0tWW1sMUhMdnkwSDZCRElaSnN6NEnSAZYBQVVfeXFMT1VCTXpKRGVvTnBLZFhKYUljM3NwRzN4OHl6NHpmT3M1X1NpRmpIeVdQRG1CaUQ0WUtLaklHZmhwdThSVjZvZ3FiaFktRVZoZkc0SXRxMUNOak51T2ZwTGZTSlVVSjlBcUN3QWlmZVYwUmYtc2tLUE55T2FIcjctMEo5dHlCeTZTOGVncE1LVmJTb01kZGtn?oc=5,2019-05-20 07:00:00
political instability,Risk perception towards international travellers’ destination choice: A case of Sabah / Izyan Dahlia Supani and Zuliah Abd Hamid. - UiTM Institutional Repository - UiTM Institutional Repository,https://news.google.com/rss/articles/CBMiUEFVX3lxTE9kS3lTM2tFS0NBLWZnYnIwdXZWUzhMekpnbndIUWZOTHJnQm9WMkpQdk1aM3RrWVV4djJSSXdieUFkVWNtZVFKbkpEamZfNWFj?oc=5,2021-02-23 06:00:29
political instability,"Government, PH to sign MoU on political stability in managing pandemic tomorrow - NST Online",https://news.google.com/rss/articles/CBMivgFBVV95cUxPQ2VHWm9IXzFrYUlvRjFOeWlicjJoMnVZVEFHSXVEUUhtT2R2THlVbGwzZFZPN0piVjRXTDFleXNKd19tTUpYZnFsSFZGRmNDMkw4SFhsZFdFOWhrY1d1YnNxcGMyd1l1UGRtdUkyNVhnZ2hqSUNhNmEtb2x5YjJzUWxsSWJuTmpodi1wMjFkeVNzM1dNZERGTWVGQi14bjlUUU9wUVRrcWR5U3ozWmxwcUV3OW16RkZkQTc3clNn0gHDAUFVX3lxTE5nXzA3NE8yZS1PbTZ5emd4MFJhTTgxOWU4U0pOYWQwUC1icWJleENrTmttWFV4bFZiVGFELWMwYmZpRG4wT21KX3hicmhaQ0lCZzdrV3VDbjdNUTFPUnQ3ZnF5SmJLZTR0MHZqY19oMGRheGI4dHFBQ0lMNC1iUmJWc3JhRU55Qkk2VlRwZGtMRDJjMkIxcFVyTEJ1bEl4NlVlT1U0dFpDYWlVS0NXRVVHSnJXRXBNOE5wanZvVU5rdVdPZw?oc=5,2021-09-12 07:00:00
political instability,Does Okun’s Law Explain the Relationship between Economic Growth and Unemployment in Nigeria? - ukm.my,https://news.google.com/rss/articles/CBMic0FVX3lxTE5vMjNUdHdxc0x3d1ZhUGdWQURFZzJIVUdqTHNGak50ajJuZV9yZUR4NGRiVF9vdHlCeGRZTkpQeGNXazkzVXB2cklLSE9ORVMtQXFnZWdzRmtLcUpwb0hPVUwzVklHUGxaWlJBUXhCbkQ4c3c?oc=5,2021-06-30 14:56:08
political instability,Public administration reform: An impetus for good governance and political security in Nigeria - UUM Repository,https://news.google.com/rss/articles/CBMibkFVX3lxTE91Wm9FTURVWWEyRUc2TWd0TFQ2ZkV6TVc1dlNzLUtpQk5Dci02eFhKUGNpT3oxc0xMQkpkRjZYQ202a1VZb0RKX3RSVk1faE5VbjVYNzNrelgwakF6NHlsMDlEeVg3QXNfYXJ5cG9B?oc=5,2024-07-31 07:00:00
political instability,The Story of Malaysia - UMPSA News,https://news.google.com/rss/articles/CBMiXEFVX3lxTE4zVlNkWE9wRm5yUGlpMm9jbmZfM0ZHQjdXOVNuanV4UTJnWnNIakxMT2tfOWpRU1dBMmlfUG9ENnhhRS0zOVhNN3VDTHg1UHVKamZfRDNSaUJSbTBa?oc=5,2024-09-11 07:00:00
political instability,"ADVANCING DEMOCRATIC REPRESENTATION, STABILITY AND ACCOUNTABILITY: Regulating Change of Party Affiliation in Malaysia - sunwayuniversity.edu.my",https://news.google.com/rss/articles/CBMi3wFBVV95cUxPcXNuU2doMkYtOXgxRlFBdmxWVEViZHNHOHplRGVFcVpIVzVfczhBVjQzd2F4NnVSWlpNVWdFN3NpSlQ4OTdyai15QmdSbFhWdnZaQUQ1MFVxMDhyU2trRFlNRklEc0pRVjB4Ym56amNZVFJGQmVWc0Z5b0VmSUtTRUhlbTJaWWZwaTZlVGRjbm81Q0oycDJCUHJONmQ0dHIwWl9jNEthLVBFZzN5QkR0cWxsRDRjR1Rva2IzQk0zZkN1d1lzZzc4UVlPQ3NpbmtGVXNzdWtOSXQ3UjhVNDRV?oc=5,2022-05-09 07:00:00
political instability,Sabah PH chose to support GRS during Kinabalu Move for political stability - NST Online,https://news.google.com/rss/articles/CBMiuwFBVV95cUxPbG5vOXdwMmRneVVvdlhuN2VQT0pnR3hUWmF2d1dpLU5teHRiWTZ5YjBWbl90VHdhRS1NcWxxdTZuTnFJQlUyYXpEOUU1S2ZOVEZVZVZ6TUJiY3hQSmhseHFIUW9nVmxFanQ3Ry1tNVlYckpDWDVoUGJFbDVkT3RyZ3ZOZEVNd0RwS3RXSnBrMFhUNTR0bkk4NWhZODNzb1hvRHdTN1lNa2dTckVHUUhiTUdjbmNjT25MWkVJ0gHAAUFVX3lxTE03ZnlEWFloMjVuZWJZWHpwZXllTENkVVNHckgwU2djSlVrUVBpYUlhLWJpTXNkcnRjcGNlcUl0MHVRbzVaUUtPNlU4QkRmVDFlOENKVGlhNW9sYzlra3VqNUEteEpYT3g1elo1bXlIWUZQRjVLQ3dZWHBjMVZVUmJHUDFvTUc0RThOQ2Mzczh1ODhxMjRwNTJMVFNhOFVEcU5wSEpZY2JNbUZNTjJCdkxRNjNuYkhjdjgwLWl4NjBidQ?oc=5,2023-10-22 07:00:00
political instability,'Political stability for Sabah folk's welfare comes first' - NST Online,https://news.google.com/rss/articles/CBMipAFBVV95cUxNUzZsUlV4aUxuUHpPVW1uUWdTY0hTSGVIakJBYi01b1RYRFJGdnB5WXpNYUhvZmNoSklsTkVhaEdSRE4xUVA5S0FBR2RUeUttQUhiTmdjSWNLd3h0M3RYS1Roay1WQkhjZWZIQkxheUlNVjlkMl9ZaWo3Vkt4VG9QUXd1LWpqRDd6VW1MSVdjMGFib0lYT3Z2VnMwRHNjeDI3WlVzVdIBqgFBVV95cUxOUGg3WnF3d2oxVzM1VU1Ja1pRYllyaVdWSWVLMjdaYWF3TnBFemtDempZOHgtOWZZdkJQMzhKMFBhU3R3c3ZMMjlmNVhKZU42bnlZVGs2VmdOZDNYd2VzdkFBWFdTZWpleHpsWEtqRVdQdGwyWm1BaVZxS2NlV1hHR2hlbTdRUXZyb3p1LTlORVN2MkZBUlFwS3RfN2ppeGd1THJNVzFWNjNuUQ?oc=5,2024-10-01 07:00:00
political instability,Electoral System Change for a More Democratic Malaysia? Challenges and Options - ukm.my,https://news.google.com/rss/articles/CBMiogFBVV95cUxPbER5ZFd5T1Azd3BEaC1LUjh0SjV3SFpwWldWaHJiR3V6R1hCSUdEYzBtaE1LV2sxWU9RY2FGNGVBZGRoOWNuLV80Y1dSdkFpRWplcjlhSFhGR0JIYzRxY0NJblc2N25McEkxaEFpZ3dhUS1pT3h1R05lbkJFY3ZzVVlkUWMwSkdyTzRUTi1KNFdZWTIyRl9GZWllQnN1S0xDMHc?oc=5,2021-10-09 22:23:56
political instability,Dutch government quits over child benefits scandal - NST Online,https://news.google.com/rss/articles/CBMiogFBVV95cUxOTGpQeDEya0g4bmVkTE8tSjJOYl9UV1FhZ0pSejdzdS1MNkZJb0IwRFpKOHlzUnFWcHdHcGhYeEFlOTZLZUkzaldoUFNVYXlJY1NmZEk4WGxfS0Z1UzVBQ2RydmlHRnNQbU5xQ2pBSE1NSXp0aW5xRkdLdDFtT2hETDRGQVJ1cno2R2hIaXJOblNRdkNRdlg2OXhILVRuNkFPalHSAacBQVVfeXFMT1Z5V0h1bmd5QldsQzl4TkdtZ2lOejQ4WHA1ZG5NQVNFRy1vTUNSaW5wM0RMSlBGSXktVWd5RExJejU0eTdSemxWeVlLYTFOZlEzZ2NXb0R4eEpDcXNxaXp5eUJfN2xuQ0tJd3NIazlocUY1MTc4ZXNXNHVMUWRaN2k4TWZqbU9vY3ZCZ0tvbkZpUEpJZUYtNmFaMVZBX2hVYVBoZ05jZEU?oc=5,2021-01-15 08:00:00
political instability,Malaysia’s Economic Outlook 2023: Expansion or Recession? - university.taylors.edu.my,https://news.google.com/rss/articles/CBMiugFBVV95cUxOaERuUmNmTDU0bGktb1VNcWlOTjBGWjhMMWJ3b2F0NU00UXZELVMzNzdBR0lXUkFqLThBSnlodkxTd1RTMllVa0VfR2V4TGpQS2ZtRk53OW9WRnhIbnBGZDVtS01kWUpIekExbVB4ZlQ5Wl9udmE0eFhIcmVDT2VJZnRjOUc5dXNPQXQwY245c2RHeWVXdkg4eWhaaHZDRTR4bUd2dXRZbVdxMFplbmVxM2ZfZHRWNl9aZlE?oc=5,2023-04-07 07:00:00
political instability,Rafidah: Changing a government cannot be akin to a change of garment - NST Online,https://news.google.com/rss/articles/CBMirAFBVV95cUxNZDhTSjN4SnlzalZMYnhVakw0Q3Rfb1UxQ25HSmxRU2JMQ01QWFFlQkNFMDBWUVdUQkIyQk9SbUQxWVdIZkJuaThrenlfd1JFSnJjOFdfeXpxVUFRS2JKLTNtU0ZjNmstVERZRTRNWjNMMnNfNmhhLUJ3Y2FGSkZSeGNJT2lBdVlQaVNKUVM0X0QyQkgyNWozclpEVTBsQnRmNm9qelNHc3Rhalpm0gGyAUFVX3lxTE1NMVIwWThPaXoxTlYwX2ZnMmIwUXdLVElWUUV0TF9JYmlFcTFfVndtSTR6Q1Q0aFdmcVJaRDNQeHhWbzg1T1EwNjByVHZKZ0tZT0w2YjNZM3ZMZ29CN3lvcG81TERYb3llbW5aR1ZzZzE0YmF3Q2VTTUVKbE5MNHFhaS1EZEM4Uko2eDdEdVFic2Nhc25vNC1jN0RXZ2VfazUzdVd0UEJfRzhKNy1ZcVZPemc?oc=5,2024-01-23 08:00:00
political instability,"Diesel Subsidy Savings Will Be Redirected Through Public Transport, STR - PM - Portal Rasmi Kementerian Kewangan",https://news.google.com/rss/articles/CBMixgFBVV95cUxNS1hXeFp2NThncmcyYU9NRDNJbmtvSmp0VUJmMi1wRHpRQ1pSTmVDTG1IMDhENkRLQl9jMXE0TVdrR0ZyU0FTS1lvZEJBWi1aX0tJR19BZktkZGdtV3hMdWlmcGlDdENMWWFIMXdPdzlCMGpPakd4LWlNSzBaYmFIU3RpNWFlMXhNb2dmMGJkVDNlUjU3T0dvZF9ja1FwX1Qybkt5WnJ4V3B4d3lmR2ZSUG42WEZFbTZrTWg4LUU3cmdHZXE2dFE?oc=5,2024-06-11 07:00:00
governmental changes,More on AGC - agc.gov.my,https://news.google.com/rss/articles/CBMiO0FVX3lxTFBHRjA0YXpXRndLMzJWSHNBMENidnBSazVzb0ZxN3g1ZVU3UFRHQkpobXFvVFVOR0N0YkxJ?oc=5,2021-07-25 00:37:15
governmental changes,2x Guinness World Records Holder - ESCAPE Penang,https://news.google.com/rss/articles/CBMiPEFVX3lxTE9vUC1SRHZOWlNIR3o4SGhOX05CdERraWpMeVlSM0xPc05WOEI0Vk5wVkZrVWZkQW9ITE5tYQ?oc=5,2020-11-03 10:04:36
governmental changes,INTELLECTUAL PROPERTY CORPORATION OF MALAYSIA (MyIPO) - MyIPO,https://news.google.com/rss/articles/CBMiPkFVX3lxTFBCRnRhQXVQN1pha3NRSDR0b2JsRHlTdnNES0prejVqZDQ0TkhzcU1CemhfdEpQcW5iOW1FeFZR?oc=5,2020-12-13 09:31:23
governmental changes,Malaysian Qualifications Register (MQR) - mqa.gov.my,https://news.google.com/rss/articles/CBMiQkFVX3lxTFBta3RlV29OV19xWmhRemVIRjVyNEVhV2ZmVFJjZHk3My1sS2JMWTd1SkxrU1BUa1ItT2VpY1ZwSUl1dw?oc=5,2019-11-14 02:26:57
governmental changes,"MyKasih – ""Love My Neighbourhood"" - MyKasih",https://news.google.com/rss/articles/CBMiQEFVX3lxTE1saElBeVd0eDZSVWRRaUhJYmRFNjlkWUxIUTlVNmtiZnBQQmZZeU9iejFfMm5PQi1rQ2JvbkExQ0k?oc=5,2021-07-07 13:47:54
governmental changes,NTW Malaysia - NTW Malaysia,https://news.google.com/rss/articles/CBMiUkFVX3lxTE8tSXFhT0hMUmtVTFFhbXFpeDNpWkxHWlZ5OS1YdkFvRElQSFdIazlBVDAzUTdnczNQMUNVT2JKbmpfN3FLYzBieF9rTEJLYlhVRXc?oc=5,2023-04-17 06:51:46
governmental changes,Pages - e-Search - Suruhanjaya Syarikat Malaysia (SSM),https://news.google.com/rss/articles/CBMiVEFVX3lxTE1BOHcyYlZkZlJmVl9BWE5jTkNYZ2tHeEdtZDRwWm1BaXg1aHBFbTloTUpPWXJOOFFBY0pWN3ZfeUFZTTVFeEZzSU10Z1NvbHh1YkU0aA?oc=5,2021-10-15 02:33:59
governmental changes,Home - AEON Credit Service - myaeoncredit.com.my,https://news.google.com/rss/articles/CBMiQkFVX3lxTE1wMUlhYXJTbnZDcGIxazFnbjQxTDFOUDJwczc3YmtPbW1nS1BHUkIzTGp1NGFrVkdKX2dsSzQ5Tkhldw?oc=5,2024-03-25 15:56:04
governmental changes,MyZurichLife - MyZurichLife,https://news.google.com/rss/articles/CBMiQkFVX3lxTE04N2ptQU9hMjE0aVA0blNBSEdNRkMtN2JiWmlFdHpDSXo0TGZnYS1VNjZoX3NkS1hkT2RyQjBNaVZPUQ?oc=5,2020-11-01 05:57:56
governmental changes,MyTax - Lembaga Hasil Dalam Negeri Malaysia,https://news.google.com/rss/articles/CBMiV0FVX3lxTE8xTWI0aHdRTWdfZGU5SkhzeG9KaWFURzlmNElWNEFEUk1lTWg3eEI1ZVR4VExWOXZENHdQaHBQMG9lOEY3YUU4bEFoVnFLSkphOGlMY0VVZw?oc=5,2023-02-16 09:50:10
