keyword,headline,link,date
Interest,BSN MYGOLD ACCOUNT-i - bsn.com.my,https://news.google.com/rss/articles/CBMiWkFVX3lxTFBCMnNFVlppa3RLc0I0cFpoOTlyTWM4LWZSTjJxUzJDbTU4Y0ozcXFNN0F2dE14bFotaFdkVThwS1RfTHpzUS11U1kzb1cyNnlKQWRVaUJaQmY5QQ?oc=5,2023-08-28 00:23:19
Interest,UOB One Account | Earn up to 6% p.a. interest - UOB,https://news.google.com/rss/articles/CBMibkFVX3lxTE9oYjdiVlU2RXVmbzY5SjIydWpfVk03SndRV3lxUjZLV2R6YURucjZyWkhYcWFnZGZvTnZpMVMxRk5OVm1MTkJMS2FSQ0tOZGtodTlEZlJlNzhweUZwQkF4Rl9kNVVrZTZ3UmRrenpB?oc=5,2019-08-04 01:17:22
rate,One-Stop Wellness Centre providing premium wellness treatments - HealthLand,https://news.google.com/rss/articles/CBMiRkFVX3lxTE00ci1BSDEtOHhEem41OWlYUHA5ZXpNNW9XbmZIUTJCNGlaNlRTNGI2VHdUSEEzVGhxYlhpbk9NZ3d1SVRRMHc?oc=5,2021-12-28 19:04:56
rate,https://ticket.melakarivercruise.my - ticket.melakarivercruise.my,https://news.google.com/rss/articles/CBMiTEFVX3lxTE82MTFidHZzRThWWTRuUUF6Tnp3cGRoSjV1VkZnOGpvTUtkZDJ5a3pPVEVwQU5SNmdJRzRzQXh5UkxWdVN6SGg0RjVqbkk?oc=5,2024-11-23 07:12:20
rate,Motorcycle & Car Insurance Online Renewal within 5 minutes - Pos Malaysia,https://news.google.com/rss/articles/CBMiQ0FVX3lxTE9lcGItajNBaDhlUzZURlpDajFaMWxtS2JPT3VkWjVSbjJHa0ZrdTdhbGJJazJDMTRMbkZLTEMtN2d1TVk?oc=5,2023-08-25 01:48:26
rate,ONE-X PREPAID - onexox.my,https://news.google.com/rss/articles/CBMiR0FVX3lxTE1qamVrM3IwYlIyNmVKR3VIN1VTUUkzc3BmaGxXSXVOOXNfdzdWNlNrYURPVFZuRFA0ekU3dGI4LXNpNXpId19v?oc=5,2023-01-31 23:20:56
rate,The Population of Malaysia - Department of Statistics Malaysia,https://news.google.com/rss/articles/CBMiWEFVX3lxTE5vYTQyelZ0em9Lay1tTG8tT0NxRG1HSS1Ob1NIcjRMRzZwRDB0WkU4bThycjAxd1BMMXllREhWY3pRZS1GRkQ0ZWszb25Fb3hqMm9NTVRWd2c?oc=5,2024-10-17 07:00:00
rate,ESCAPE Penang - ESCAPE Penang,https://news.google.com/rss/articles/CBMiPEFVX3lxTE9vUC1SRHZOWlNIR3o4SGhOX05CdERraWpMeVlSM0xPc05WOEI0Vk5wVkZrVWZkQW9ITE5tYQ?oc=5,2020-11-03 10:04:36
rate,MTCP Scholarship 2025 - MTCP - Malaysian Technical Cooperation Programme,https://news.google.com/rss/articles/CBMiS0FVX3lxTE1WWFRKNUxWZU5pbVlCNGhXcHVicU1PWFlERnlhRURoQk1yWTNlV2pwQ25pbHVjNklvM21JU0F6d2ZPcjM3d3FKa0NUSQ?oc=5,2024-02-26 15:34:17
rate,5G International Data Roaming Plans For Prepaid Or Postpaid | Hotlink Malaysia - Hotlink,https://news.google.com/rss/articles/CBMibkFVX3lxTE9RZzRvTllfZkh3b0NkOG1kako1Z3VtcmdEU2JINUpKMVVSbE1GX2tTZl9pLTJZZlozVFRPTkhLd0hDcUl0QUdqcXQySFZzc1kzTm9scnJHYkdFS0I2VzJqQVN1WXZMbFBwYXNsQ3N3?oc=5,2021-01-14 17:18:41
rate,iPhone 16 - CelcomDigi Online Shop,https://news.google.com/rss/articles/CBMigAFBVV95cUxPNUtxSGJpOGhvWER1NHZoRUd3WF9MMzZ1Y19uY1k2b0ZTQ0VDXzA4MHFaWURGTUdHbk5zbHhQaVNsaE5NYS02Y3laalVlYUNaaWVvRlBsMGJKNTVXdjFvalg0WXQ4em5GazgzeXlPWHJucFlNRG5yeU9qSUp3OEFyVw?oc=5,2024-09-13 12:25:49
rate,Daily fund price - PMB Investment Berhad,https://news.google.com/rss/articles/CBMiVkFVX3lxTE95QUp2Q1d4enNfRHEweThSUnNoelo0VDNndW0zRGt2aDZyRkkyVVFiUlZSMzRuU2VvZVNjZlN6RjlOekpKaUhxVmIza05KdTlxRGF4eXBB?oc=5,2024-06-12 09:26:21
rate,Exchange Rates - Bank Negara Malaysia,https://news.google.com/rss/articles/CBMiW0FVX3lxTE0tUWRYd2N4cTJYS196OFhnR2JIYVV6X2F4N3lEaUdiWmVMdGFwZ2pleHRISHFSbVF3U1RBMElkaWVoQ0lneEFCbmRSMHFHOVQ1U043b2M5dF9nZXM?oc=5,2020-12-16 16:40:55
rate,Get cash with UOB Flexi Credit Plan - UOB,https://news.google.com/rss/articles/CBMiggFBVV95cUxNNmV5eTdfbXh5bFA1VzNrV29Ha3VzNHlmb1ZoaVhTX2QyNmgzQ1NsQXh3NzlGNXRzTUprUlZuNmhWRE02dzdSNVpfVVlXc0VCM0h1NFFNaTZfT3BpLV85TUFoVHR4ODljTTQ2UnBDQU1aSWdPbTZqM0k2SWE2MEprM2lB?oc=5,2019-08-03 22:47:02
rate,Transfer Your Credit Card Balance to UOB & Save - UOB,https://news.google.com/rss/articles/CBMihwFBVV95cUxQTnJoSkJWcnpzU0Z3YzlVbW5Qc3B6LTlBY0J5Q09vODBPUXhiclV6NVQ5dExqQVQtbXBKbm41dEpEcXpfS2k4Q0ZJTFE3VWFQNTNKREJ4aWZRal85dHhKb1F5Z2pBeUdLX1Y5aERkX0pDXzhuN25jRGU2cTQ3QWRfTXlTZnJYdnM?oc=5,2019-08-05 08:43:47
rate,KARAOKE MANEKINEKO MALAYSIA - Karaoke Manekineko,https://news.google.com/rss/articles/CBMiQ0FVX3lxTE52aDh4YWtTeUYzMWM4QXRDdGx0cThpTzVkb0xCVlZzdlBmcnBQekd4b1h4NURQRTV0aWxnMEpQMXVXRXM?oc=5,2019-03-08 09:43:33
rate,Management of Hypertension - Portal Rasmi Kementerian Kesihatan Malaysia,https://news.google.com/rss/articles/CBMioAFBVV95cUxPZVpKX0Y2RXc0eVg4RHB2aFFtOWtubklMRnE4ZC1NMmJOVE1SVHhqQzNhZUtXd0IyN3ZVTF81Z0lZUjVsT3hodXZ2V0xMUVFscm1mUDdfT3RLSHdmMzFuVDhUeEtzaEVDSWlQZDhRSmFVMmdBdl85SmtLREdDMXZtLXl0WnRHWGtYc1ZsR1ZnMWR5bDYxMEtIaTNiV29Kdmkz?oc=5,2020-07-01 06:34:42
hike,Buy Converse Run Star Hike Sneakers Online - ZALORA Malaysia,https://news.google.com/rss/articles/CBMifkFVX3lxTE1HUjNSZTBfaEFSSDl3dTNzVURKSXJSSTZQTlFuLW0wY2JkSWFjZU1ZREdFdVdSb2c0ZE8yeV9Takx1eTRKZzJ5WUloUUhvamFYLVBEMk9iTEwzcHJ0NFhXWVFVUEtYcVl0dW9WbElfMjJpWUhwZks4OVNOX1lRQQ?oc=5,2024-09-12 19:02:20
hike,Women’s Lincoln Peak Low Lace-Up Waterproof Hiking Boot - Timberland - Malaysia,https://news.google.com/rss/articles/CBMipgFBVV95cUxQLWFSLWZfa3h1eUdxVnJfY1ZNdmVNelpvTDJ0eFRSbmhCejRvN0VCaW5vOE8xcGkyb3RYeGRpQko4Q004WHFua2Njblo2ZEtyS3RQX0s1NVlSYlNlald5MTU5LUlvemlQcUl1S2FjbUlWVlBCZHJsd0pqY0tTa25tNm1ZWFQxUGkyMHNYMjdxUG0zWDJyYnB3MllFdWprSnFIR2ZCVE93?oc=5,2024-07-25 08:02:36
hike,Night hike: Bijagua area versus Monteverde area?? - Tripadvisor,https://news.google.com/rss/articles/CBMixAFBVV95cUxQa1NQckpKc0ltOGhYektuWTVVVU0yVzlEUXNzQ25MclBndG9sOWpmeG1CaFhqdElDSi1kbllRQkRXdnQ1RjVZWW5TVTdXVDlXdnBVcm1wRzJVR1Y4VE9LVnhFWUstb3JnODFxR3Fhem5QVmk2VEFpVXdmSVltaXk3NHlpYUN6cUxoSDA3YUpMNURfUFpOcUFsaE5KTDE3eGdaREtXWmloQ2JCNnpIcS1id0x1dlFlaGZSbmJXNUcyZ2VXazY3?oc=5,2024-02-19 08:00:00
hike,TNB: Government yet to decide on proposed 14pct hike in base tariff - NST Online,https://news.google.com/rss/articles/CBMiswFBVV95cUxQQ2NTUk1HNzdYZW5LX0pTLTNrWVZ6WGdpZVdMVkhWdzlHSm5GWGRHNDFKMFRybm84Ung3TVVYaDhGNjFUeWh5VnhUMi1vUXBYeW1HUVBuS09nOFFRMW90WUtNSzhHdk1HR0hUWF90cDNMRGk5dnZFM2xmYWRQakppdDR2dXcwU3plTE9nb3ZERGhEZGpIb0R6VS1jeHhjTlZ3SnBkSXVtWWRZME8zOEdodjl6Yw?oc=5,2024-12-26 08:00:00
Overnight Policy Rate,ESCAPE Penang - ESCAPE Penang,https://news.google.com/rss/articles/CBMiPEFVX3lxTE9vUC1SRHZOWlNIR3o4SGhOX05CdERraWpMeVlSM0xPc05WOEI0Vk5wVkZrVWZkQW9ITE5tYQ?oc=5,2020-11-03 10:04:36
Overnight Policy Rate,How-To-PSP - Portal Rasmi Kerajaan Negeri Pulau Pinang,https://news.google.com/rss/articles/CBMiOkFVX3lxTE5vSEVsME81LUFjcU4tM0JVcUUzMzdObkNma0pndkxETVBUSnFUWTVPc2tjdnBYUmU0MXc?oc=5,2019-08-18 20:19:54
Overnight Policy Rate,99 Bulksales by 99 Speedmart - 99 Bulksales,https://news.google.com/rss/articles/CBMiQEFVX3lxTFBINDNTc1o0N2R0OHVZVlE2aUpnTVZkeDE5M3lpY0JzN0pjdHh0WWcyNG1takN4aEg0ZnBRamFEaGo?oc=5,2023-09-09 06:01:08
Overnight Policy Rate,Monetary Policy Statement - Bank Negara Malaysia,https://news.google.com/rss/articles/CBMia0FVX3lxTFBVQl9EVmppR0oyNlRFS1FUNUFjN0pnTTZIa193X3V4aGYwY0U2QUxLbi0zZEFKUTZhWEllY3JIb015MWd3RF9WV1NpQXhQTFV3TUZ6a2VDd2c3Z0dsek1UX3Bwb2s3V09JTllv?oc=5,2024-09-05 07:00:00
Overnight Policy Rate,Monetary Policy in 2009 - Bank Negara Malaysia,https://news.google.com/rss/articles/CBMiZEFVX3lxTE5pb0R0TjZGMEVMRjE1OUlRYXNsdXMtUlFpdHUycExaU1JicHp2R2ZTTnhmRTdDWUtWNkNVWkM1eFlyaG80Z29SMjdha21TM3lkVGVrdWVQWHM5dXpwTzNweTBpdWo?oc=5,2020-12-18 23:13:51
Overnight Policy Rate,Monetary Policy Committee Meeting Schedule - Bank Negara Malaysia,https://news.google.com/rss/articles/CBMieEFVX3lxTE1aWnhOMHhiMjdCRXRqYmVkUnJObUtGVnlZVW5nMkpSZk5zRHVaTkMtY3JoTlhWbDBDLXZmaVF2MTQ5anVmMHBzYUJ2UkhwQm1Ca3M3RWY4cXdrMmRsRVB1dkh5UkZLcnVMem1HMF9FeXdRa3dmaVEycA?oc=5,2022-05-18 01:21:46
Overnight Policy Rate,Monetary Policy Statement - Bank Negara Malaysia,https://news.google.com/rss/articles/CBMia0FVX3lxTFA3ZnVGajVQU01EZFZ1Tm5tR205TVdxc2dvX3Bfc0Q4aHE2LVk2dUNQUFBUaXhZQk82bXg1OGo5eWw5LXM2T3lDRHdHb1dXXzRaTFFES1FhVjUzUzN0UWxhajdEZERmcjYwVmVV?oc=5,2024-01-24 08:00:00
Overnight Policy Rate,Monetary Policy in 2008 - Bank Negara Malaysia,https://news.google.com/rss/articles/CBMidkFVX3lxTE12YUpETUtUOGU5QlZucFdGZEhVTWkxYlZ0dF9IeDZYV2xFMW9HaEVZMi02aEV6U1dsbU9qSE5GSHF0YV9ucnEzTno3SGlYMkdOczhYdlRDUGZLLTRJOWo0bmM0NU9jOXBNbGVFckFWaUdELTliNHc?oc=5,2020-12-19 13:17:51
Overnight Policy Rate,Monetary Policy Statement - Bank Negara Malaysia,https://news.google.com/rss/articles/CBMia0FVX3lxTE9BMVZUYkFRQzNkSlotY3lCbzBucTEyWm9XakloNWk4R0RRc2tJOWxwOWdQOXNVVGhZa2NkMkhXcVdld2V1clZmeTJiYlNNd3RzNHByaE1ERlBreXNfRWsyXy1sX2g3MW1GdFdB?oc=5,2020-12-18 14:47:00
Overnight Policy Rate,Effect of Monetary Policy Statement on Overnight Policy Rate – Jurnal Ekonomi Malaysia - ukm.my,https://news.google.com/rss/articles/CBMilwFBVV95cUxQRlFfaXBIa2xFN2xVYU9jWVl1a1ZrR0NuNnRJRjJBMFRqWHZtem5nOTlod2VYT1Bzb1VBazJjbVBBeFV5YWpRNFJUSThHOGlOb1NtM2R2LWY5aVk5dWFUS25ySXIzSDRHYUc0bkNHdHQxVUhkcDRPVTQ1dFNFY1dubDJHVWYzcU5DY3dVSDF1eWJlRkdJME1R?oc=5,2023-09-14 06:23:24
Overnight Policy Rate,1997 Bank Negara Malaysia Annual Report - Bank Negara Malaysia,https://news.google.com/rss/articles/CBMiakFVX3lxTE9lRE1WNDZjSXVKZ1VIQ0xaUWQ5RnI4Z3VKTWpYc2h4alBSaXBIRzhzMXlQUGxmUTE1NVphSFZ1eXp4YlI1TFZJa0VZWGM0SUs3cEdYR1BmX2pPc0FEVkUycl9Vc2l2QnVOeVE?oc=5,2020-12-18 23:03:03
Overnight Policy Rate,Monetary Policy Statement - Bank Negara Malaysia,https://news.google.com/rss/articles/CBMia0FVX3lxTE5DYWNTMnd0TWdvYkhuUUVrUkhXZTZTNEtFM0c3TG9JTUU3M0tPY2ZaVFZ5UWVYc2dQTmMtTU5NQlozX2J5ekJTMk9BbkNsTDNVbGlEeTh6NDgzQ0JlbjYwMjVZRHNSSjYtZEE0?oc=5,2020-12-18 14:55:51
Overnight Policy Rate,MONETARY AND FINANCIAL DEVELOPMENTS Interest rates lowered in line with OPR reductions - Bank Negara Malaysia,https://news.google.com/rss/articles/CBMiYkFVX3lxTE1KX2I2YXl1aXA0R2d4MDRZXzE3dzUtUnpXcXhSV0RzUnFTTW1mTlotMHVuZGx2VEFnTTNjRTVENks0MzZJN0NlM2JFd29iN1QyRkV5SzhPVjFhR0xWUVdiS2xn?oc=5,2021-07-30 14:51:28
Overnight Policy Rate,Financial Markets and Exchange Rate - Bank Negara Malaysia,https://news.google.com/rss/articles/CBMic0FVX3lxTE5aUXRHX3JGd1NsRURHWmNIUFlLMlJXTlFNVW1QLWszZ1FpT0RJNEpicExQVExtOE9maEVmbVJXd2RoZFQycU9fMjdqcFF2U1dNb1ZNTW1yMnpaNFVsSnZIaVhJYWFqSHlpZWppUzc4c0VYRjA?oc=5,2023-08-18 04:33:19
Overnight Policy Rate,MONETARY POLICY IN 2013 - Bank Negara Malaysia,https://news.google.com/rss/articles/CBMiZEFVX3lxTE5GRWRFblpqdzRoRll4cnd6RjRvNHJ2R1pQWE0zbGFmU1RtMUpNLUJqbjE2VFpVdVIwalp0ZGhYaHcxck1tMkliWDViZFRFZDI1dGxISzhDODFNVEV1OUsxTExLT1M?oc=5,2020-12-18 23:14:55
Overnight Policy Rate,Overnight Policy Rate Decisions - Bank Negara Malaysia,https://news.google.com/rss/articles/CBMiekFVX3lxTE5IU0RMSnl2eWdhaTdmV0RYRml0c1RKRUdOV1BNQ3R6dE1EWl8yc0huVVd0Ny1uS0VwMDFXODZfNjJaWWpxRkVMS0F3SGFNMEpUdFh3LVpQSERyOUpWdDhPbDJiRVJjUmVyaTdOYzlZT0pUMnlPcGdvcHR3?oc=5,2022-05-18 01:52:47
Overnight Policy Rate,How Does OPR Impact Your Home Loans? - iProperty,https://news.google.com/rss/articles/CBMikgFBVV95cUxORk9hWWpGOXBDWnFfMWtkdXp4MFFOMXdyNmhXTG1WTXhITVY3WWMtOFYycGtPZVRPZzJsOFlfcy1aQ01zTVpScms5WUk5emxwbGlkMTFtVEd0dnZFM0xVLVlwVFRSSE5EbTFTSll3MEhzVFlYbXJwY01hMDJQbzhqMk1XNEFGM1k5N2lqUHZlSGd3UQ?oc=5,2024-06-07 07:00:00
Overnight Policy Rate,Overnight Policy Rate (OPR) - ecovis.com.my,https://news.google.com/rss/articles/CBMihgFBVV95cUxNS3dhZlVPZ3NvWjRSYXFiUWFRVG9OM0pVME8yZnJ2UlE3MGFBdy1PMUdqeUNkb0w2TTRRWTNkQ256NGU1eTRDQ0pzS0c4V1Y3YTk2SDdRakVQWktDSGxXX0MzempWNmhzZjdfcFRyLW56QWk4ZzRQNDdTRnJITjF5ODAtbkN6dw?oc=5,2020-10-18 09:52:08
Overnight Policy Rate,"Overnight Policy Rate: Meaning, Updates, and Effects on Homebu... - properly.com.my",https://news.google.com/rss/articles/CBMiZEFVX3lxTFBxOV9CUC1PRTI2REI1SWx5RXA3ZElyd0lIQ3VIMzhteElGSG5CUnFxSGVmS3d2R1RBRGNubV9VU3p1RDdIdkhtR21WLXVERS1ZVnM3ZUFfeHE4b0h2aHE5UmxraEw?oc=5,2022-07-06 07:00:00
Overnight Policy Rate,OPR Malaysia: Bank Negara Raises 25 Basis Points to 2.75 Percent - Qoala Malaysia,https://news.google.com/rss/articles/CBMicEFVX3lxTE9QenhYMng0WHI4cmlmdlJ6OERsSWpHeWFXOV9BbFFvSXMyWEVWaTh0VGJjenRkeHRXZ3pKVDBocmdjcWFRRVJWVTZITXFtWWtqUUxVblJRQm9icU1fMHMzWTJUSGo3T2lreFR6VmlPZ2c?oc=5,2022-11-03 07:00:00
Overnight Policy Rate,Decrease in Statutory Reserve Requirement (SRR) Ratio - Bank Negara Malaysia,https://news.google.com/rss/articles/CBMiugFBVV95cUxQaGNvR3Zsc3luci1MbXBVM0FEUlZNTnNWOXNLWlJ5UFFSOUd6T2NqRWl6VFZXNExfelotcmViazBWYkJpS3dHckZ6NjNWdzh1OXlHRVc4bHJpOVhFR2JCNDNSRGkzUzJHbnhZS0hKMTJhX09ITUlUR3lubF9SUC1WdXBlUzFOWlhIZVExcENkT2MwXzlVcVc0X2kwLVBUNU1RZHlfbmE4T0JFTnc4bHJEM0p6bTJVNGY1Qmc?oc=5,2020-12-16 22:52:24
Overnight Policy Rate,OPR (Overnight Policy Rate) & RUMAWIP - RUMAWIP (2025),https://news.google.com/rss/articles/CBMiUEFVX3lxTE9BU0Q2OTFXeW9kYlFNNUZjV0hSdklESmlVQ0RQazBzTlFYeU1EUHgtc3cyZm5xc25RQ0hzTnBaYm9TaXg4YVRCVkpMSmxmNXdM?oc=5,2022-12-19 21:30:58
Overnight Policy Rate,BNM Annual Report 2022 - Bank Negara Malaysia,https://news.google.com/rss/articles/CBMidEFVX3lxTFBLbjBvOWQ3QzZrOXlOS29td29SdWU2ZVpUZVRwUktlaEJDSDVEdlBUaHJTaE9mNEcwTHZyaUkxREpJa2V0SWJlS2tua0ZDZU1hakRIaXByWnQ4dldHcTFzUWZVYWVIbC1reTVGS2JZTW8ycTgt?oc=5,2023-03-20 07:00:00
Overnight Policy Rate,BNM cuts OPR again as pre-emptive action against Covid-19 threat - The Institute for Democracy and Economic Affairs | IDEAS,https://news.google.com/rss/articles/CBMilAFBVV95cUxOcmxsVU4xeEpJckgzRUVhMm5GdDFuaFhTa3JLVVVYRDU1OHpQc3pZdWh3eWdmdDN0NTZmXzhWZjFnejZ0djl4XzdtRVJrc05DcVVleERRWG5LM1ZBN2lpb0daVUdET1EzRkYwR0hCWWs4QUFGLU9hSnhSbFNYQkdtdFZad25TWXB2dU9nNFVGV1o2TFVO?oc=5,2020-03-04 08:00:00
Overnight Policy Rate,Standardised Base Rate / Base Rate / Base Lending Rates / Base Financing Rate. - CIMB Malaysia,https://news.google.com/rss/articles/CBMiowFBVV95cUxPeDBfZTN3WGxYRk94TkdZZ0IzU1NINkQtR3dsclVGTldrN1BCY3hrbktfSDd6S2V5a0VmZHhYemFFaHFqLVlfRFoxbU1zdlpXT1NGUlhaX0c0OW1pMl9Ickl1b21Uc3pUb1h5bzNjcGpPSXItNHc3cW0ya2RJd19feFB5VGVKSjlFUDluSWFBYVNqR0MwOVNvbzMwUEtsR0hUX1F3?oc=5,2020-03-13 02:00:41
Overnight Policy Rate,Money Market - Bank Negara Malaysia,https://news.google.com/rss/articles/CBMiYEFVX3lxTE12b0pPNUQtNWlNNHJDaDEtdU4zczFTQ0J0b193bElWOWppLVAtS2FKTlc5YmlfazRob09ReV83TkR4WVVZcmRucEdmNk5PRDhLTHlMYTNiRVRUWGpNRHZTUg?oc=5,2021-07-31 08:43:04
Overnight Policy Rate,Bank Negara Malaysia keeps OPR unchanged at three pct - Selangor Journal,https://news.google.com/rss/articles/CBMikwFBVV95cUxPZU10NGxKcGQ1X0V0MjZmVjgzZ0tQTTg3OWY3aUJFNEJvbzFkRHRaQ1VEM1hCOHhJZXdsa1VuVVZHRXRjblhWZE5IX19TbUFZclBoT0p2Y3hUMFd2NExRX1ZyZFNtaERzanlkTVZ2ZmpoSDYxR0pmMk9MSVFvWWxKbDRvUVRwQUYwOU5KazFqQ0lqRUU?oc=5,2024-09-05 07:00:00
Overnight Policy Rate,RAM Ratings: Bank margins battered in 2023 - ram.com.my,https://news.google.com/rss/articles/CBMiX0FVX3lxTE9TaG1CUzVMWFNzdXNqRjJvTE95VHRVSzlXZmNsODVsbWhqSGdJcTNBUkdCLTBFR29SdEp1dGRnWTJ2T0s2ZWV6aE9vRkFsbU91ckdubjFpUEF6OThqSWJz?oc=5,2024-03-06 08:00:00
Overnight Policy Rate,Reference Rate Framework - Bank Negara Malaysia,https://news.google.com/rss/articles/CBMif0FVX3lxTFBFN0xLcmxDRWhWQ2dyX0pYY1hsbFA0eUZvaWNoaWJhN2NqWWxQUFNDRnhmVENwYjVBaFNTYlI3amlCSEN0UkJRSUhxTDdoM1hYN05kQVFhaWNBamR0Y1FjbzJEeTAyV2VLTkxqTVRLUW5kTW95aWV1U1QxV242ek0?oc=5,2021-08-11 07:00:00
Overnight Policy Rate,Monetary Policy Statement - Bank Negara Malaysia,https://news.google.com/rss/articles/CBMia0FVX3lxTE5CbWEyYlNlYmk1bGRLcEo3Z3hRd1F0aHV1ckE4ZjhuYlhuZnZYUzdkWDVZWjBxb3gzS0s2WUhzSWpKY3UtTDNVX2w2OVRyb3BjeW9ibWROV1BaYnVOckhldkE3SndXNnJUajF3?oc=5,2023-05-03 07:00:00
Overnight Policy Rate,Financial Benchmark Reform – the Malaysia Overnight Rate (MYOR) - Bank Negara Malaysia,https://news.google.com/rss/articles/CBMibEFVX3lxTE53X1htREdReXZYT083dDVXMW9ka3Q2dmhGWHFTY3BrZ0lsR0ZabGxkWDFYbnZOeEduOVlKa056c1ZWNFBzbUVqMFhicGMxemE1QkJDdDdNWVFyVWtXaGdCZmJ4VS1keVlPZW5SYw?oc=5,2021-09-24 07:00:00
Overnight Policy Rate,Monetary Policy Committee - Bank Negara Malaysia,https://news.google.com/rss/articles/CBMiQkFVX3lxTE9CLTZvQ1Q1ZEhTNmVlRU9IMFBjSXA2RWNTb2FDTTRQcHZTQ1VuTi15T0J2SXUxdDhFUU8zM0NUbkJRQQ?oc=5,2024-09-10 07:11:44
Overnight Policy Rate,MONETARY AND FINANCIAL DEVELOPMENTS Interest rates remained stable - Bank Negara Malaysia,https://news.google.com/rss/articles/CBMiYkFVX3lxTE11M3NhS0dUMlpDU0NzaEFTY1Y3U1VINjFhQlg0dUZtbGlWU05idk9fLUpSZTZLX0YwbmgteF9XYlFHeWxMZ1p0cTlTeWFfNy1Kb0d1U2djRmI2TnhhamR1Z0ln?oc=5,2020-12-19 13:11:46
Overnight Policy Rate,Deputy Governor's Speech at the National Economic Forum 2024 - Bank Negara Malaysia,https://news.google.com/rss/articles/CBMiT0FVX3lxTE5FNDFvdmZYaHRmQzVIbzA0c0VtTmhsemNxWEVGVGhIS3FMbWxLeE1sRjFkbEFIeVBXdE4yZUJJUlNLVTI5WE9Ydjc1V1NEa00?oc=5,2024-05-09 07:00:00
Overnight Policy Rate,Promoting Monetary Stability - Bank Negara Malaysia,https://news.google.com/rss/articles/CBMidEFVX3lxTE1XclF0YVVyU2lPc0JHOXFyXzByT2Z4SFp2VzI1cVEzUFhZenZLcjhhdmxBQzRMRDVHZzVzS1EzS2d3Vy13c1QxdURqQUJraUQ1LWN5TFduNHpHTGlvUEl6cl8wZkxka0ZiWFc1Unpoc3k1U1I1?oc=5,2023-07-06 07:00:00
Overnight Policy Rate,Monetary Policy Committee Meeting Schedule - Bank Negara Malaysia,https://news.google.com/rss/articles/CBMieEFVX3lxTE45andtZnREbGZteXF0ZXd2N2lDMXdZblFhQUJlZmdsOXRrV0lCd1ljZnpnN1RQWUZfZ1RncG5wUmp0TGVXMHV1YlZyXzBfMlp1Y2xLS2pyelh6cTZ3THQ1Q1l0MGJua1Zoa1dRT29ZT1JXc0YzeTd2Ug?oc=5,2022-05-18 01:12:55
Overnight Policy Rate,Frequently Asked Questions (FAQ) on Monetary Policy - Bank Negara Malaysia,https://news.google.com/rss/articles/CBMiekFVX3lxTE15RWNycGR3Wnh1U2IwTkRxZVBrRHQ5SWdhNU54TVRkMXRUNkNyN3hRUm4yelZLSTZHc1lsMWpOYVhhajhJbFhZT3l3OFNsd2lzVmVMOWxXOVpZc3BoZnQxUW5pTEJ6WXhOSExodE5xQThWRVlaS29xWGFB?oc=5,2024-01-24 08:00:00
Overnight Policy Rate,MONETARY POLICY IN 2014 - Bank Negara Malaysia,https://news.google.com/rss/articles/CBMiZEFVX3lxTE5sRXZUb1dzc3IxWlZ5R1NPdFFxa1Z6NUxoSkprV21FNm42WDcyWW0yRWFpb0xCTkJVVmpOMm5DcVJaeWkxOTh2Y3R3YTduRWZ6VWNlX0ZBMHNzVWFfTExoRHdXZW4?oc=5,2020-12-18 23:11:37
Overnight Policy Rate,OPR In Malaysia: How It Affects You - PropertyGuru,https://news.google.com/rss/articles/CBMinAFBVV95cUxQR2RnOVhhNXFJek1BeDc4M3JncEVWdjF0ZEtxQXdid0V4WXM2U2JudnN2d2lWdXZYdmc2OFhfZ011Rkp3MEVObUtiaGxUbTdJendhRXpCOGJNQ3haTGdOV3FDQUFJMGJaa2Ztc0ZINExMa2NYTWJpcVJLcDRvRXczaEpiMGNpRWJpZHhNdVE4ZkhvS3hrZkJVT0FUY2o?oc=5,2024-03-07 08:00:00
Overnight Policy Rate,OPR to reach 2.75% by end-2022 and 3.25% by 1H 2023 - fsmone.com.my,https://news.google.com/rss/articles/CBMicEFVX3lxTE1Uc1JGb0ZQRm1WNC14S1A3Q0pOS2YxcFVvbHZlNzcwaU5PMHp3bEFVUVB5eTlFd3ZlMk1JVml0cm1zd3NFTEs3UTg1dTBqelFQdEZxaC1SVU1ibEVwT2xCQm9IRjBGaVFlSTJqMHRJb1k?oc=5,2024-05-10 07:45:18
Overnight Policy Rate,Chapter 2 MONETARY AND FINANCIAL CONDITIONS.indd - Bank Negara Malaysia,https://news.google.com/rss/articles/CBMidkFVX3lxTE4xTXdIVm1VMWM0aFNlVUxEVlZIRFJNRmpvTUs5UFJpSUlObDk2ZGp3RTctdUhFdXJ3ZFoxaE9heDJqeUFGZXZpQ1NVSlZQMDVyby14Q1NZdkpjNjk5MkxKMjU4NmVRdzBJZWg2TDZ4X3RlTkE0OXc?oc=5,2020-12-16 18:33:35
OPR,iCGS Portal - Universiti Sains Islam Malaysia,https://news.google.com/rss/articles/CBMiPkFVX3lxTE01TmxabTJ5RE5OWjlRbktFbEVFWnpCTjF6S1N0cFNINDNsZEpEQlJQekxRUmxnejhfdHdOQm1n?oc=5,2023-06-02 10:39:35
OPR,"Malaysian Salary Calculator for EPF, SOCSO and EIS - PayrollPanda",https://news.google.com/rss/articles/CBMiWkFVX3lxTE51N19EQk43YTItdlFWSFkyUHdlcDJoWDVTaENVUTZ0STRIT3loSHl3ZGVvN2VjVU9iYWNSOXZKa21xTWRQMG11M0pFdEItRkljTnNFMW9vU1BvUQ?oc=5,2024-04-05 12:46:16
OPR,Monetary Policy in 2009 - Bank Negara Malaysia,https://news.google.com/rss/articles/CBMiZEFVX3lxTE5pb0R0TjZGMEVMRjE1OUlRYXNsdXMtUlFpdHUycExaU1JicHp2R2ZTTnhmRTdDWUtWNkNVWkM1eFlyaG80Z29SMjdha21TM3lkVGVrdWVQWHM5dXpwTzNweTBpdWo?oc=5,2020-12-18 23:13:51
OPR,Monetary Policy Statement - Bank Negara Malaysia,https://news.google.com/rss/articles/CBMia0FVX3lxTFA3ZnVGajVQU01EZFZ1Tm5tR205TVdxc2dvX3Bfc0Q4aHE2LVk2dUNQUFBUaXhZQk82bXg1OGo5eWw5LXM2T3lDRHdHb1dXXzRaTFFES1FhVjUzUzN0UWxhajdEZERmcjYwVmVV?oc=5,2024-01-24 08:00:00
OPR,Effect of Monetary Policy Statement on Overnight Policy Rate – Jurnal Ekonomi Malaysia - ukm.my,https://news.google.com/rss/articles/CBMilwFBVV95cUxQRlFfaXBIa2xFN2xVYU9jWVl1a1ZrR0NuNnRJRjJBMFRqWHZtem5nOTlod2VYT1Bzb1VBazJjbVBBeFV5YWpRNFJUSThHOGlOb1NtM2R2LWY5aVk5dWFUS25ySXIzSDRHYUc0bkNHdHQxVUhkcDRPVTQ1dFNFY1dubDJHVWYzcU5DY3dVSDF1eWJlRkdJME1R?oc=5,2023-09-14 06:23:24
OPR,3.25% 1.50% - KFH Malaysia,https://news.google.com/rss/articles/CBMipwFBVV95cUxOcW9HZGpUb1pacXlHUl82cTVtVzdMT0ZmdVJIbkZHa0VtallDS3FoZEpaMTg3X1E2cjdEV2RtOTFhT19WYkJWTUZ0Z1o5d3JfMFdXdk1LdnNlcFIzdWltYXVJY3c1STRLVUxUVF8zazhObzlfN3RUanZPMjVzSWk0dHZjc2NZTEJseVlYYTh1N3FnUkZNQ0RZNGIxNVdjRXpkZktqS3otSQ?oc=5,2022-08-01 07:00:00
OPR,BANKING - MIDF Malaysia,https://news.google.com/rss/articles/CBMixgFBVV95cUxNV2FBYUdCX2lSeE4tWDFITXJKSmR2VHFRTkpoSG9FY3JQbUUzMExLMlp4NGN1T2Znd0lGaUMwZFZxTnR1b29qWldvWHRlQklJaWFJXzBBQ1VGY1cyMmxVR2JxdUZ5b3g5QWtBLXRxbkYxVlNXbTY5SEl6T3J4OVlfMWVTZWZRZUM2RkZYQjdkNzNtYTJLTEd4V09yRXp1dzBiaXdLZ0Vjc1NkVjAtVG5CenBEUnNYZFNGOWQ1ckQ4TzA1b2hqTFE?oc=5,2022-04-21 15:01:44
OPR,Monetary Policy Statement - Bank Negara Malaysia,https://news.google.com/rss/articles/CBMia0FVX3lxTE5DYWNTMnd0TWdvYkhuUUVrUkhXZTZTNEtFM0c3TG9JTUU3M0tPY2ZaVFZ5UWVYc2dQTmMtTU5NQlozX2J5ekJTMk9BbkNsTDNVbGlEeTh6NDgzQ0JlbjYwMjVZRHNSSjYtZEE0?oc=5,2020-12-18 14:55:51
OPR,MONETARY AND FINANCIAL DEVELOPMENTS Interest rates lowered in line with OPR reductions - Bank Negara Malaysia,https://news.google.com/rss/articles/CBMiYkFVX3lxTE1KX2I2YXl1aXA0R2d4MDRZXzE3dzUtUnpXcXhSV0RzUnFTTW1mTlotMHVuZGx2VEFnTTNjRTVENks0MzZJN0NlM2JFd29iN1QyRkV5SzhPVjFhR0xWUVdiS2xn?oc=5,2021-07-30 14:51:28
OPR,"BNM: OPR remains at 1.75 pct, headline inflation to average 2.5-4.0 pct in 2021 - iProperty",https://news.google.com/rss/articles/CBMiuAFBVV95cUxPTVkybzVaMmVFbXN1TkRVV2Z1WmMtUlc5TlJCYm52WllmMWc0U3lTOWJMdkZtZEVzV25Ed1g4ODExUHFQU0FaNGluSGFabEREcC1aUjQwQ0l0UnlmeEVjdkJ6NW1samp6dE8xQXNJakJiY2RCNmNIRE5MLWpuZTZreHFKeURHYlNUbnpjRWZyNjkwU2sxZ1NkVzhlU3JERnlNWDlUVTRjdmRaVk1Vc2tUQTFVTFk2ODFT?oc=5,2021-09-10 07:00:00
OPR,Financial Markets and Exchange Rate - Bank Negara Malaysia,https://news.google.com/rss/articles/CBMic0FVX3lxTE5aUXRHX3JGd1NsRURHWmNIUFlLMlJXTlFNVW1QLWszZ1FpT0RJNEpicExQVExtOE9maEVmbVJXd2RoZFQycU9fMjdqcFF2U1dNb1ZNTW1yMnpaNFVsSnZIaVhJYWFqSHlpZWppUzc4c0VYRjA?oc=5,2023-08-18 04:33:19
OPR,MONETARY POLICY IN 2013 - Bank Negara Malaysia,https://news.google.com/rss/articles/CBMiZEFVX3lxTE5GRWRFblpqdzRoRll4cnd6RjRvNHJ2R1pQWE0zbGFmU1RtMUpNLUJqbjE2VFpVdVIwalp0ZGhYaHcxck1tMkliWDViZFRFZDI1dGxISzhDODFNVEV1OUsxTExLT1M?oc=5,2020-12-18 23:14:55
OPR,Overnight Policy Rate Decisions - Bank Negara Malaysia,https://news.google.com/rss/articles/CBMiekFVX3lxTE5IU0RMSnl2eWdhaTdmV0RYRml0c1RKRUdOV1BNQ3R6dE1EWl8yc0huVVd0Ny1uS0VwMDFXODZfNjJaWWpxRkVMS0F3SGFNMEpUdFh3LVpQSERyOUpWdDhPbDJiRVJjUmVyaTdOYzlZT0pUMnlPcGdvcHR3?oc=5,2022-05-18 01:52:47
OPR,How Does OPR Impact Your Home Loans? - iProperty,https://news.google.com/rss/articles/CBMikgFBVV95cUxORk9hWWpGOXBDWnFfMWtkdXp4MFFOMXdyNmhXTG1WTXhITVY3WWMtOFYycGtPZVRPZzJsOFlfcy1aQ01zTVpScms5WUk5emxwbGlkMTFtVEd0dnZFM0xVLVlwVFRSSE5EbTFTSll3MEhzVFlYbXJwY01hMDJQbzhqMk1XNEFGM1k5N2lqUHZlSGd3UQ?oc=5,2024-06-07 07:00:00
OPR,Overnight Policy Rate (OPR) - ecovis.com.my,https://news.google.com/rss/articles/CBMihgFBVV95cUxNS3dhZlVPZ3NvWjRSYXFiUWFRVG9OM0pVME8yZnJ2UlE3MGFBdy1PMUdqeUNkb0w2TTRRWTNkQ256NGU1eTRDQ0pzS0c4V1Y3YTk2SDdRakVQWktDSGxXX0MzempWNmhzZjdfcFRyLW56QWk4ZzRQNDdTRnJITjF5ODAtbkN6dw?oc=5,2020-10-18 09:52:08
OPR,BANKING - MIDF Malaysia,https://news.google.com/rss/articles/CBMipwFBVV95cUxOMmhBQ2p0U05VS2UwY1NfUGZjTFBSRHhUZ01rLUtoY0VweEc5ajRUNjNoQjlDd3FCZlp3MkFRa3FVcF9RNldFckRmcmJoNjlCajVfOVE0YUlIdEtCZ05NLVpjaUlNRTdlSFFKVTQtVmNXOEllNTdBUmIyY0lHM21NWXRzSFJwUmhuQ0h2Z0pKVHcxeDRhZGVSMnYtLVBpNjhXX3Z3VmhwYw?oc=5,2022-04-20 15:39:53
OPR,"Overnight Policy Rate: Meaning, Updates, and Effects on Homebu... - properly.com.my",https://news.google.com/rss/articles/CBMiZEFVX3lxTFBxOV9CUC1PRTI2REI1SWx5RXA3ZElyd0lIQ3VIMzhteElGSG5CUnFxSGVmS3d2R1RBRGNubV9VU3p1RDdIdkhtR21WLXVERS1ZVnM3ZUFfeHE4b0h2aHE5UmxraEw?oc=5,2022-07-06 07:00:00
OPR,OPR Malaysia: Bank Negara Raises 25 Basis Points to 2.75 Percent - Qoala Malaysia,https://news.google.com/rss/articles/CBMicEFVX3lxTE9QenhYMng0WHI4cmlmdlJ6OERsSWpHeWFXOV9BbFFvSXMyWEVWaTh0VGJjenRkeHRXZ3pKVDBocmdjcWFRRVJWVTZITXFtWWtqUUxVblJRQm9icU1fMHMzWTJUSGo3T2lreFR6VmlPZ2c?oc=5,2022-11-03 07:00:00
OPR,Decrease in Statutory Reserve Requirement (SRR) Ratio - Bank Negara Malaysia,https://news.google.com/rss/articles/CBMiugFBVV95cUxQaGNvR3Zsc3luci1MbXBVM0FEUlZNTnNWOXNLWlJ5UFFSOUd6T2NqRWl6VFZXNExfelotcmViazBWYkJpS3dHckZ6NjNWdzh1OXlHRVc4bHJpOVhFR2JCNDNSRGkzUzJHbnhZS0hKMTJhX09ITUlUR3lubF9SUC1WdXBlUzFOWlhIZVExcENkT2MwXzlVcVc0X2kwLVBUNU1RZHlfbmE4T0JFTnc4bHJEM0p6bTJVNGY1Qmc?oc=5,2020-12-16 22:52:24
OPR,OPR (Overnight Policy Rate) & RUMAWIP - RUMAWIP (2025),https://news.google.com/rss/articles/CBMiUEFVX3lxTE9BU0Q2OTFXeW9kYlFNNUZjV0hSdklESmlVQ0RQazBzTlFYeU1EUHgtc3cyZm5xc25RQ0hzTnBaYm9TaXg4YVRCVkpMSmxmNXdM?oc=5,2022-12-19 21:30:58
OPR,Economic Report - MIDF Malaysia,https://news.google.com/rss/articles/CBMilgFBVV95cUxQLXhkWUtmTnNsUUc3VW82enRVeHVwaXZsWFl3WkJaeThfZ09JNXlZaFA3Q2tGNjhTazZQVUhPdllVOVRwY19KTTFHTFNaVWM4X2RORFBLZC00d3dFVkYtLW9UNFB3cExveTlmLTM0anNxOXBKNzJwUTd0MS1ZVlFrTnFZVHN0bnZxbjQtN1o5UWtiS0JqeGc?oc=5,2024-07-11 07:00:00
OPR,BNM cuts OPR again as pre-emptive action against Covid-19 threat - The Institute for Democracy and Economic Affairs | IDEAS,https://news.google.com/rss/articles/CBMilAFBVV95cUxOcmxsVU4xeEpJckgzRUVhMm5GdDFuaFhTa3JLVVVYRDU1OHpQc3pZdWh3eWdmdDN0NTZmXzhWZjFnejZ0djl4XzdtRVJrc05DcVVleERRWG5LM1ZBN2lpb0daVUdET1EzRkYwR0hCWWs4QUFGLU9hSnhSbFNYQkdtdFZad25TWXB2dU9nNFVGV1o2TFVO?oc=5,2020-03-04 08:00:00
OPR,Standardised Base Rate / Base Rate / Base Lending Rates / Base Financing Rate. - CIMB Malaysia,https://news.google.com/rss/articles/CBMiowFBVV95cUxPeDBfZTN3WGxYRk94TkdZZ0IzU1NINkQtR3dsclVGTldrN1BCY3hrbktfSDd6S2V5a0VmZHhYemFFaHFqLVlfRFoxbU1zdlpXT1NGUlhaX0c0OW1pMl9Ickl1b21Uc3pUb1h5bzNjcGpPSXItNHc3cW0ya2RJd19feFB5VGVKSjlFUDluSWFBYVNqR0MwOVNvbzMwUEtsR0hUX1F3?oc=5,2020-03-13 02:00:41
OPR,Bank Negara Malaysia keeps OPR unchanged at three pct - Selangor Journal,https://news.google.com/rss/articles/CBMikwFBVV95cUxPZU10NGxKcGQ1X0V0MjZmVjgzZ0tQTTg3OWY3aUJFNEJvbzFkRHRaQ1VEM1hCOHhJZXdsa1VuVVZHRXRjblhWZE5IX19TbUFZclBoT0p2Y3hUMFd2NExRX1ZyZFNtaERzanlkTVZ2ZmpoSDYxR0pmMk9MSVFvWWxKbDRvUVRwQUYwOU5KazFqQ0lqRUU?oc=5,2024-09-05 07:00:00
OPR,OPR Rate Down: What does it means for me? - akpk,https://news.google.com/rss/articles/CBMiakFVX3lxTE5JRG95YkpxclRkUmRyUWJHS1FOYlpIazB0MnhaUWhZcDMwQTBWdjlFMkZDYUc3RDhFM2xaYjN2QVVYYUE3RmpwSnkwc01HMjNfTEpGZDFmaDRMMW1aYWk2QjhRalZNbkZ2a3c?oc=5,2023-02-15 18:06:03
OPR,RAM Ratings: Bank margins battered in 2023 - ram.com.my,https://news.google.com/rss/articles/CBMiX0FVX3lxTE9TaG1CUzVMWFNzdXNqRjJvTE95VHRVSzlXZmNsODVsbWhqSGdJcTNBUkdCLTBFR29SdEp1dGRnWTJ2T0s2ZWV6aE9vRkFsbU91ckdubjFpUEF6OThqSWJz?oc=5,2024-03-06 08:00:00
OPR,OPERASI PERKHIDMATAN SOKONGAN PUSAT ANTARABANGSA Kod Dokumen: OPR/INTL/BR02/OUTBOUND APPLICATION FORM FOR STUDY ABROAD (OUTBOUND - PUTRA International Centre (i-PUTRA),https://news.google.com/rss/articles/CBMi1gFBVV95cUxQcVFmUXEwS2NtTnRYVTVWSmdOZzkxQUVRWkdnSWYxbzZoQVZNa2JSdmdLNVFaVGp0d1JWQzYzd1JBUmlCU2tGb3NRNEVaRkNJdHBsM0pKa3JzZWcyRTliME9QTVFMMklGWFJnc1Jta2hudEtLQnZYckNwbmtGZnJEQWZSbTlJRnA5alRsNmZZMzBUZ1N3VjFNNHZaeEpJNWNtdGdyVDZ0cnRIY2g2MllraXR4aTNLdWhFTW5ldkZXeVdtZGRfMF9WUDVPQVZnZkdoR0t6UUxR?oc=5,2020-09-17 07:00:00
OPR,Monetary Policy Statement - Bank Negara Malaysia,https://news.google.com/rss/articles/CBMia0FVX3lxTE5CbWEyYlNlYmk1bGRLcEo3Z3hRd1F0aHV1ckE4ZjhuYlhuZnZYUzdkWDVZWjBxb3gzS0s2WUhzSWpKY3UtTDNVX2w2OVRyb3BjeW9ibWROV1BaYnVOckhldkE3SndXNnJUajF3?oc=5,2023-05-03 07:00:00
OPR,Overnight Placing Rate (OPR) and Its Impact to Malaysian Economy - Akademi Zakat,https://news.google.com/rss/articles/CBMimgFBVV95cUxOR3lWanQzRXJSVmpEWDNpUlJLdkZuSkhrNVkwZE0wVzd5RUlUdzJERUFGbzlZUUpXM2JiT3pGdjVZdGdpZ1pUMW1jRU04dDVTYTl0WGg2aXJrcjJBZkx0VG5DTXdjMkgySVhaNm9UZEtDeTN3VHVnVmxkQ0MtN1R0NGNwZ2F3ODZiS0dKWENReEl4QXFNM2N4ZGtn?oc=5,2022-09-14 11:41:02
OPR,Monetary Policy Committee - Bank Negara Malaysia,https://news.google.com/rss/articles/CBMiQkFVX3lxTE9CLTZvQ1Q1ZEhTNmVlRU9IMFBjSXA2RWNTb2FDTTRQcHZTQ1VuTi15T0J2SXUxdDhFUU8zM0NUbkJRQQ?oc=5,2024-09-10 07:11:44
OPR,MONETARY AND FINANCIAL DEVELOPMENTS Interest rates remained stable - Bank Negara Malaysia,https://news.google.com/rss/articles/CBMiYkFVX3lxTE11M3NhS0dUMlpDU0NzaEFTY1Y3U1VINjFhQlg0dUZtbGlWU05idk9fLUpSZTZLX0YwbmgteF9XYlFHeWxMZ1p0cTlTeWFfNy1Kb0d1U2djRmI2TnhhamR1Z0ln?oc=5,2020-12-19 13:11:46
OPR,Deputy Governor's Speech at the National Economic Forum 2024 - Bank Negara Malaysia,https://news.google.com/rss/articles/CBMiT0FVX3lxTE5FNDFvdmZYaHRmQzVIbzA0c0VtTmhsemNxWEVGVGhIS3FMbWxLeE1sRjFkbEFIeVBXdE4yZUJJUlNLVTI5WE9Ydjc1V1NEa00?oc=5,2024-05-09 07:00:00
OPR,BNM maintains OPR at 1.75% - EdgeProp.my,https://news.google.com/rss/articles/CBMibkFVX3lxTE90dm9uT3dJVDlLTjBUYnRVS3ZOTVl5X1NqY3ktQjRVZDdMZXZIRDdBR1g5endJZGlKSlJBelNIVk9sa0tVVUtKeVFnNjVmTDgwXzdmb2NHYzBXQUlzekdPcUJvdmtRM084LTI2NFNn?oc=5,2021-09-09 07:00:00
OPR,Frequently Asked Questions (FAQ) on Monetary Policy - Bank Negara Malaysia,https://news.google.com/rss/articles/CBMiekFVX3lxTE15RWNycGR3Wnh1U2IwTkRxZVBrRHQ5SWdhNU54TVRkMXRUNkNyN3hRUm4yelZLSTZHc1lsMWpOYVhhajhJbFhZT3l3OFNsd2lzVmVMOWxXOVpZc3BoZnQxUW5pTEJ6WXhOSExodE5xQThWRVlaS29xWGFB?oc=5,2024-01-24 08:00:00
OPR,MONETARY POLICY IN 2014 - Bank Negara Malaysia,https://news.google.com/rss/articles/CBMiZEFVX3lxTE5sRXZUb1dzc3IxWlZ5R1NPdFFxa1Z6NUxoSkprV21FNm42WDcyWW0yRWFpb0xCTkJVVmpOMm5DcVJaeWkxOTh2Y3R3YTduRWZ6VWNlX0ZBMHNzVWFfTExoRHdXZW4?oc=5,2020-12-18 23:11:37
OPR,Monetary Policy Statement - Bank Negara Malaysia,https://news.google.com/rss/articles/CBMia0FVX3lxTE5DdEQzRTA3dXUyLTNsT1Y2QUdPN3cwWjlXc3B2azJWSEx3Z0hfc1dNTTVZQjRQOW9XdTA0d3Rzck1GNm1la0lHT1JhZXlMU01rZW4zWWxkUHR3RGxvdkpsdzVFT29RX0tXaTVJ?oc=5,2020-12-18 14:58:31
OPR,OPR In Malaysia: How It Affects You - PropertyGuru,https://news.google.com/rss/articles/CBMinAFBVV95cUxQR2RnOVhhNXFJek1BeDc4M3JncEVWdjF0ZEtxQXdid0V4WXM2U2JudnN2d2lWdXZYdmc2OFhfZ011Rkp3MEVObUtiaGxUbTdJendhRXpCOGJNQ3haTGdOV3FDQUFJMGJaa2Ztc0ZINExMa2NYTWJpcVJLcDRvRXczaEpiMGNpRWJpZHhNdVE4ZkhvS3hrZkJVT0FUY2o?oc=5,2024-03-07 08:00:00
OPR,OPR to reach 2.75% by end-2022 and 3.25% by 1H 2023 - fsmone.com.my,https://news.google.com/rss/articles/CBMicEFVX3lxTE1Uc1JGb0ZQRm1WNC14S1A3Q0pOS2YxcFVvbHZlNzcwaU5PMHp3bEFVUVB5eTlFd3ZlMk1JVml0cm1zd3NFTEs3UTg1dTBqelFQdEZxaC1SVU1ibEVwT2xCQm9IRjBGaVFlSTJqMHRJb1k?oc=5,2024-05-10 07:45:18
OPR,Chapter 2 MONETARY AND FINANCIAL CONDITIONS.indd - Bank Negara Malaysia,https://news.google.com/rss/articles/CBMidkFVX3lxTE4xTXdIVm1VMWM0aFNlVUxEVlZIRFJNRmpvTUs5UFJpSUlObDk2ZGp3RTctdUhFdXJ3ZFoxaE9heDJqeUFGZXZpQ1NVSlZQMDVyby14Q1NZdkpjNjk5MkxKMjU4NmVRdzBJZWg2TDZ4X3RlTkE0OXc?oc=5,2020-12-16 18:33:35
OPR,Monetary Policy Statement - Bank Negara Malaysia,https://news.google.com/rss/articles/CBMia0FVX3lxTE1qa0hiLW9NYjdqWkpGYzJISmJsMjJLVmIycnpkSVh3bDJEamVsTkdZRFZjRDBFVU53MHNWUHIxV2tfLWFpang3SThXWjV5c3Nfb2oyTHRhVTRjU0NFZWk4WHYwWlUxNGw1MjRn?oc=5,2020-01-22 08:00:00
OPR,Economic/Thematic Research: OPR vs FFR - SME BANK Malaysia,https://news.google.com/rss/articles/CBMiZkFVX3lxTE02SHdSa1JjRXh3MkJDM2lnMGZBQTRXcUJueVByT3dWVmVfallyTExpVVJKM3FhWFA5WTdMUGQ1Ry03S0ttc1BSRnRiWk5EblN6NGRxUXZzaWlGaGlyVHhTS3UtY3JhQQ?oc=5,2023-07-17 09:16:01
OPR,Overnight Policy Rate Decisions - Bank Negara Malaysia,https://news.google.com/rss/articles/CBMiekFVX3lxTFBDYWxYRzBXdWgzOHdOODRyYzFaOVNrQkpsVC1LNkQwSEtWMkZqUmNQemRZWGpzZFVHQ1V6Zm1GSVgyT3Q1X0JCX0s2VVpUQm5KN1BRRE91eFhKTDRKdzJ5QUd4QUVXaGpZdEloSW15TXVwTjlTbC1WZ1lR?oc=5,2022-05-18 01:52:09
OPR,Overnight Policy Rate Decisions - Bank Negara Malaysia,https://news.google.com/rss/articles/CBMiekFVX3lxTFBfYkhCUEhXODMybTNXSFRLZFFrVlk2WGJpVXVUTVU5cEVGUWtaUVZsVXZHNXM0OVZsUWpqcXVkbUFCUWowMWNReXpLOEtSX1RHaVVJTXluOHpsaE9JOWdHQ0hhMExFUmcxelVrdEx6SzRNWk9rWHFKZTdn?oc=5,2022-05-18 02:16:00
OPR,WZ Satu taps on moneylending business ahead of anticipated OPR hike - INSAGE (MSC) SDN BHD,https://news.google.com/rss/articles/CBMikgFBVV95cUxPTkZZVDJHRGI2ZXVSNlNBSEZCeXhoWFBkaDNiVmJPWmZBTHF0VlNQMjVlZHNGNUZ6VmVjOWNTcTZzRDdSTllwQS1UN0pIczFzUjVVS3lFNFRRMFhzck50MnVydUVZRE95Wnc2TVViWFhtOWJURm5HdUhmSVJzenFIT3dQbWtOMTBMUUFFRS1KeEhpQQ?oc=5,2022-04-29 07:00:00
OPR,Stroke Counter - GP Industrial Supply (M) Sdn Bhd,https://news.google.com/rss/articles/CBMigwFBVV95cUxNcVpRMHF1LVdHSkNMRUlxRVlCSE91TGFqRU9zd29IVHZEMXI2b1FRV0Yta1RHWUVEUTd1a3BnTVVaNWF2XzF6bHl0TF84LVBmSmNpNmljN1RzUzFqNng4M0tTZUNuRjdTOEhtNlhyU3R6ODYyc2pETUpfekJqa3dpYUw5TQ?oc=5,2021-10-31 23:17:27
OPR,Overnight Policy Rate Decisions - Bank Negara Malaysia,https://news.google.com/rss/articles/CBMiekFVX3lxTE5kdk1jM0kwMGxEeXhWRmF6Rk5lcDh6T3QzeTRuMUg2cUM5YXBZRUdIbFIxS2RQQzBpSjdqUXRKVzBrLVQ0M0ZzMEpTNUd2RzJFRGJBLTJTT0NiSlo4RHV1NWpCYVJqV181ckU5bE9mY01SdnpWZHAwbDBR?oc=5,2023-01-19 09:56:58
OPR,MONETARY AND FINANCIAL DEVELOPMENTS Interest rates remained stable - Bank Negara Malaysia,https://news.google.com/rss/articles/CBMiYkFVX3lxTE8ySnlHcGwtbmNYS0hkYVowekNwVXRvaXRJWDA3ZzF2TmQ1eXNUZWRxaTlRM191UXhacVVPcE1zT21Eb2pYc2o0TGlNbUMxbFZrck5iWk41aXV2YjVacS1FanZR?oc=5,2020-12-19 10:04:30
OPR,BOND MARKET - Securities Commission Malaysia,https://news.google.com/rss/articles/CBMilAFBVV95cUxQOWZsYVczaFJIeEJHcDVkZUN3a242TzJNbGhLLVpzb0tiOWk3VF9EMjNCMF9neE9KeEpHQW5tWkhqd1NUVFdYdUFIaXhwTU01R3o5QkJZZnhpbUxsZWFMTjJYZl9pLVRRNmhhTnVZYWp0eHNjRHZlcmxpYkdTSWJTZmxCZjFmUnlOTHhOZk9xZjVXLXNG?oc=5,2023-05-19 06:39:13
OPR,Analysts expect BNM to keep OPR at 3pc throughout 2024 - NST Online,https://news.google.com/rss/articles/CBMipwFBVV95cUxPR2NJdS1pQVh0dV9wV3E2MklGMTkxeDMtbGFJUGtLMnJLZl93d3FUMldDMDVxYTNBejRrWUhDWi1SOS1pczJkN3BON0g1aV9IdWlCN2tyY2pDb044UUtiSDJwcHUzcF9WaEJLbjdjN0VLNlVpckRrTlBaZk1xMjNPbVJVdm5UMHVLcVF0NW1DTnFNMXVHQ01ncWtNb2FzWmdRY0Q5SW9FMA?oc=5,2024-03-20 07:00:00
OPR,Frequently Asked Questions (FAQ) on Monetary Policy - Bank Negara Malaysia,https://news.google.com/rss/articles/CBMiekFVX3lxTFBRQU91NGVIMUNVTGJnTkpYUDdLZFpxcFc0YkJoRmN1ZDJXc0dheUx3QXNnWWs2dDZxQmwzbDVjTkZwRG9pNEF6eU1WcEVDa1Q5SVg1WlAtOVBBNjJZdWpsZzFXdUtKUzhUZVN1THlyZHA0aDRNa0JiZXVn?oc=5,2023-07-06 07:00:00
OPR,Bank Negara Malaysia Increase Overnight Policy Rate (OPR) By 25 Basis Points To 2 Percent - Smart Investor Malaysia,https://news.google.com/rss/articles/CBMiuAFBVV95cUxQUHhaZ05hbkhpMjVmRi04ZmxYUFlDSVdRNGVDdTUzV0R0S2RUdndnVklXckNPWmJsaDF1NzRYeDU0dGZiYXYtQ2dENGI2V2RObEloYXY0blNnaWFGRGNEQ0ZreHBwMnVWODIxM0I0bmZmYURUc3Ntb0pmVURPczA3cnJPR1hEZnRVUWUySXJXQzJ5NXJGQU13dktxU0tHNmoyTXF4eGo3T0RPajl1RnZWZGhPT0Y1c3lh?oc=5,2023-08-07 13:07:26
OPR,"Ambank expects 50 bps OPR hike, inflation between 2.8-3.0 pct this year - iProperty",https://news.google.com/rss/articles/CBMirwFBVV95cUxQWHUtdXFMZ3VVcl9uLVFYcllPTUdaTi1ncWtTVlJDMFpRM05iN1lNQUJ5TFBDZHdORWNlRDVtTEI4eEVmelhZd1p4aU9CcjdQMFJvQUFiM3pqUmxqaUtaQ1hkTU1DeXhxVFl4eDN1TUlMQUVBdHNvOUo4WDJKeXBfUnRlYWJ0RXZVUlJfak1qcXVKQ3h6SjhaOFdWRXg5Zm1XZzFZWlJ2azVsS1ltMjhZ?oc=5,2022-09-12 07:00:00
OPR,Untitled - Portal Rasmi Kementerian Kewangan,https://news.google.com/rss/articles/CBMicEFVX3lxTE5GQ3FrSUR2UUNZa3ZzQVVtam53MFpBUFd2MkNlbmRkalhyR3dIRTA0X0RzMl8yREJPOFRvUFo2STVxRktRLXN4c1BGemxYczQyUk5sS2t6cng0ZnEtMUx6VmtzWHlrM1h1cVdhcUxKeTk?oc=5,2021-11-03 15:21:40
OPR,Press Release : Alliance Bank to Raise Standardised Base Rate - Media Centre - Alliance Bank,https://news.google.com/rss/articles/CBMizAFBVV95cUxPY2hjMEF1MFhDUEJ3MW5Sdk1qMTI5LW5hbVI0OUt3TFdiVjNRRF9NTWlqX3ZSTGk1VmNoVEoxTVBmWVZ3TWhqM2wydEJraC16ZUVqSUpOZEhybS1ueDBEMVpmbG5fcFZPeXRaMF9pdWJSY0lWTTlxTmxUNkR2T0wtNXpYYWhrcmxxX2l1a1B6UFpGV2hOUTZSR0NKQldhR1BVQS1ad2Q4c01xeXJ5TU1LZ29HdHcwb05JcHpsMXltaWpPQm8zelowM0hhYl8?oc=5,2023-05-05 07:00:00
OPR,"Different financial solution needed from Bank Negara instead of OPR hike, says analyst - UniKL IR",https://news.google.com/rss/articles/CBMiYkFVX3lxTFBNUzN0djdmWHBoUWpDWllzb0NPdXVTZjhqVE5HYUNwdHd6R25GVGM1Z3ZWTGFpZFBhNC1UWUpsLWpwQ05vSlVvZWdHMWVGUVpzM0RCZFhyd19LMXR1YjBOZjFR?oc=5,2022-10-17 20:49:44
OPR,Collaborative effort needed to overcome challenges posed by OPR hike - mca.org.my,https://news.google.com/rss/articles/CBMikgFBVV95cUxNdDlWTlB4cTJ1dWNGNjlHbk9rNjlnV3ZQT2hIOGFzTG00cEc5NDFoMVRRMENtaEZKdUxoWTFXUG5DMDREcS1YeFBDNTFDdjNRWGNhS0ZGcy1oVmJfVlJuWjdPZDljd0VkN2dqazE0MzF6eFVLbUFNbkc2V2U0N2JZYkVLR002R3VDN1hJRWNHSGV2QQ?oc=5,2024-06-10 19:34:16
OPR,Economic Report - MIDF Malaysia,https://news.google.com/rss/articles/CBMimAFBVV95cUxQVU5QWExpSE5OUzFGRmk5X1VaY1RxNGoxYU1mazAtaExZMTV1VnBvLWo1bW54czRteEVUSkxtQ2w3N1NnX3NJcXhmLW8tUWppcFdHREhTQktFb3VFMmhyRVpvUE42Tm5sb2ctUGRZVlBFUmx5T3diMy1tN1gtWjdUd2pldU5xMXEzMUZqQzhjcHE3eW1NUnMzWg?oc=5,2024-11-06 08:00:00
OPR,Monetary and Fiscal Developments - Bank Negara Malaysia,https://news.google.com/rss/articles/CBMidkFVX3lxTE1GZHF3QTduekZEZWpOcEcyd3dVZGxCRkNIUDM0aHY4Y0VOY1lFbVY4dnpFSV9hNjJMQTExR2REQ2FMZ2p3cEVhczdSdTZpODZJLTZRc0doTWp5VjRQUEtVM3VhOG9ESUtpLXhBMEJ2UWVVN1JaWkE?oc=5,2021-01-29 23:05:42
OPR,Monetary Policy Statement - Bank Negara Malaysia,https://news.google.com/rss/articles/CBMia0FVX3lxTE5reGYxMFAxUERnVHhhdW5RbGQ4S01TVEtGb2lpZ3pkYThNS1BjVWlmdHJqRS1IMjBDR01ZVFNhS052Q05ZWFlkYmNsSVBPMWlYeXZPZmlUWHU3NUFBeUN6d0Y4bzRsLVVBa2FR?oc=5,2020-12-18 14:47:41
OPR,What Is The Overnight Policy Rate (OPR)? | Blog - multiply.org.my,https://news.google.com/rss/articles/CBMif0FVX3lxTE94SF9odldlNENxaWJieS1pYVo0STM4Y3VmRlN6OFE3TmJpZTFlaFR4MkdwbVVkWEc0N29Oelo5QmE3ZE51dkp1eFh0VzZUcURoRVdkUk5zVGUzSnd4cjNkRWx5cUNCbjM3bXVMS3BYNkhtalY2bUdjdnNOalZVdDQ?oc=5,2021-01-20 08:00:00
OPR,Overnight Policy Rate Decisions - Bank Negara Malaysia,https://news.google.com/rss/articles/CBMiekFVX3lxTFA5T3lBWWtSM2xRRFk4TGtMaFZDNlVIWGtQVklQQzZIVm1MeW1NcnpCcXp1NU5tWkNZb1V2X0FFMGJTS1BXTGU0U2phSmQ4cFFybEI0a3IyZHJGYUt6X3A4M0JTSUl5eDZhZXN1QlFRY3VudlVodU5ZbDFB?oc=5,2022-05-18 01:44:00
OPR,Changes in Fixed Deposit Rates & BLR From 09/05/2023 - India International Bank,https://news.google.com/rss/articles/CBMiZEFVX3lxTE5ZQVpEUGpWVVE0U0w3RjBMNFg1TjhXTUdwY1BQbVhhVlVlUUhCSU5CZXE4ZTRidnVVMXVXTkR5ZGNDc2c4N00yb04tb1lOZTczNVpHTUNkb1dpbnU4T1JHbnJ5U04?oc=5,2023-05-10 02:14:51
OPR,Overnight Policy Rate Decisions - Bank Negara Malaysia,https://news.google.com/rss/articles/CBMiekFVX3lxTFBTNG5NLXkxbGlwUmtGc0Y0dTZTV2V5c1plZ1BwRTE4cWIxcXhIck1yNW9rVndSVWpkYzN4dVVHNW5ULTlzQ1JjSHpwd0tnZW44OTd2aXoxeHN4Yzk0RnhUbUl4RzN0MXQ4bkhBMG1DNW1vNktEZS01bnFn?oc=5,2022-05-18 01:43:05
OPR,"Property market remains robust despite OPR hike to 3%, says Rehda president - Ian Scott International Malaysia",https://news.google.com/rss/articles/CBMinwFBVV95cUxOMThHbmV6aTMzc1Fqdksyd0ZaRlU1UE9tbjE1am5ZYzB3TFNQNS1RM1ZhQTFrQjloREdINlBpSUZKU29VdHhNWTUxdm5EZ18zMjhYeURiY1dvUGRxakZYZTNOOE80eE1VQTQ0SmFHVW5pTHZ5UFdUSWtaWHFvVExfZEo0LXlPUHI5S2dIaDhWNVJWV2VWUEtpb0NxUlMzcjA?oc=5,2023-05-13 07:00:00
OPR,Monetary Stability - Bank Negara Malaysia,https://news.google.com/rss/articles/CBMiQkFVX3lxTFB4Wk1ZVDE1VVlSVmt2SmNGemJCenV6clBmRlVha2pvNTJtRXo5RE85THpQMjlSRkp0aUMyT0o5c1pfdw?oc=5,2024-09-09 03:17:52
OPR,BNM Introduces New Interest Rate Framework - Bank Negara Malaysia,https://news.google.com/rss/articles/CBMidkFVX3lxTFB3TmVHNElGSGIwbW80MHpzLTNhYUZXTmxrT21BM0dDcTVfQ1I0bThLSmdSZnExVWZEUEJNUnc2NkppQ3lOaXlydGszZkFuU0pxZnhiaEQ4LUJOOWk5YVk5M1d5TTZmWnJZdjN4TUxrM3FucThZS3c?oc=5,2022-03-29 02:03:02
OPR,Bursa Malaysia rises as Bank Negara holds OPR steady amid Trump victory - thestar.com.my,https://news.google.com/rss/articles/CBMizAFBVV95cUxON1VxX0NpQkYtQlRXQUF6SlJTTG1KLWRZLTZvZkdXdG1kdTNId0ZGZUtvUUtfTzJRQWMtRzBRbHZMWHBhTEtmSFZGTVprMk1wMEhKMVV2aG4zcFh3Zm1ibWd3NUN1QU5ZcXUwcnh6YzlMbnZyOWktSXZtX1RyRkpRX0JYQzNETlIweDhDamxiODlqNWRjTlRtcmh3WjZZSDNUODg4Znc5aFBsX25TTFF4NzczLUUwUVhZNjV2YzVmOHVwWnFUYlJObU5nYlI?oc=5,2024-11-06 08:00:00
OPR,OPR Hikes: Win or Lose? Here’s How You Can Come Out Ahead - multiply.org.my,https://news.google.com/rss/articles/CBMilgFBVV95cUxQb1hGUE1GTkZib0ZERzZfaVZnZjA0Y09VRGlRUkhYTjlCMVU2Z2Z0V2dJUWpqdGlkOVg4alNTTWF5bkFWNHNWWW8zQ3JDZ3Y3TzZZNm4zcDc4UHNucVNvN0FrTFhtUWVSRTlvZ0VlNnFpOUtvUE5YdFVBaFQ4RjRtcGFyekZFWkpFOWluUWhFaE5KMmNRRGc?oc=5,2023-05-22 07:00:00
OPR,THE ROLE OF NEW MEDIA IN SPREADING AWARENESS OF THE INCREASING OVERNIGHT POLICY RATE (OPR) AMONG MALAYSIANS COMMUNITY - I-iECONS e-proceedings,https://news.google.com/rss/articles/CBMif0FVX3lxTE5VRkZIZXdObm5SSXYzSXVFN2RBcFNaY0U1bUI0RVRCZUw3ZlB5Sll1Ump6UkdLbC0tLS1KZFNDdVdUenJkcEYtb04wY040RHowMXN3b2NqQUN3ZjdPUUhnVzhETXdfdkpYeUl4dnctWUt0OWtIX1JaYlBacW9oV2M?oc=5,2024-10-18 07:36:04
OPR,Frequently Asked Questions (FAQs): Standardised Base Rate (“SBR”) - Hong Leong Bank,https://news.google.com/rss/articles/CBMi8gFBVV95cUxNYlVyVU0wT2NYSTVpcV9tZkxNOF9jUjR0dGpIaTdONHJWTGE0TngwTXhPbXlOUWFyUU03TDNCbEF6R0JoNkpNY3BTYnA5SkxjRXRFUlo0T1FqVWVSdVhnTUJyR3BjSDFaY2xPV21GM1JHQ01kVFk1VVVCUVdQVjRBaUVCODJGQm9IT1duYkl0YmpSWVRzcU8tanBrTGJpLVNvODNNaUZ4b21WUTlCRk4wRVlXVjJtVzRxakdPNzFaeVZuTzJ1VWZBUi1aVTBMdk44UEVSVkI5QzFpSjN5UE9yV3RRQTNybWl0SXRRMlc1Z0J4dw?oc=5,2022-10-04 04:49:22
OPR,Alliance Bank to Raise Standardised Base Rate (Sept 2022). - Alliance Bank,https://news.google.com/rss/articles/CBMisAFBVV95cUxPTGVBU3FBNEJrdHQybk51Vk12Umw2a0NuSDAzOTJOamV1TF9YcThfV2NtVTgzQ2JySzc5OGFReDhLYnRzRzV4M1VkVFRnaEVxVE1pWlZiSHA2ZkVxRGlzZERqc0EwYW1vcm9NVkJMR2d0ZE9OMl9jX0JQY0tmNVRYWjRBcHBQMXJnUHNPbDJ0N0hmR0pFZWNpQXpYazd4MGw0MEphUWpzRkxTRWs5UkxHSQ?oc=5,2022-09-09 07:00:00
OPR,OPERASI PERKHIDMATAN SOKONGAN PUSAT ANTARABANGSA Kod Dokumen: OPR/INTL/BR03/SVP VISA AND PASS APPLICATION FORM - PUTRA International Centre (i-PUTRA),https://news.google.com/rss/articles/CBMioAFBVV95cUxPOS1qSG1nRWR4bldoZGZhazU5YkJkZTh1blFkdHh0RHBnaGw2MDhDaUNhdU81aGVRaDBRMzJKM3lUT2NwUmh1RE5WVE50bTRxSkpRX2lJS2FESmczekdWeGh3WTZBTmFaOVV2N0x3RjBnZk1mVmpPSlU1NlFIa1g0SW9zcFduSkp6OHMxNEw1alRhdzh3WHZnYThfcTNfNUhl?oc=5,2020-08-14 07:00:00
OPR,BNM MPC Meeting (5 - 6 November) - 7 November 2024 - KenangaFX,https://news.google.com/rss/articles/CBMif0FVX3lxTE50dTNVYm1pWi1mX1lZRWxXQXpwX1hNMGUySGtIaFhWLUZEbHhUR0hqQ2RrUjY4NjdZOFBROXBvdkQwQjQ5YTRaa1VDemlOV2RyZ01yM0NfS1hYR2RYTWRzSW5uelFoWjlXajBVODNSdVZUVEREVDRONWhUWDNCME0?oc=5,2024-11-07 08:00:00
ringgit,Honda Civic - Honda Malaysia,https://news.google.com/rss/articles/CBMiTEFVX3lxTFB0VHVYdFQzR29kblludk5JbWhYaEhIREZGMFJlZU90VS1GendVVmlwbWtIUUVNZ2lHZ3AtT2NSZnJhT2RpM2tQa25zdUI?oc=5,2020-05-19 04:26:02
ringgit,https://ticket.melakarivercruise.my - ticket.melakarivercruise.my,https://news.google.com/rss/articles/CBMiTEFVX3lxTE82MTFidHZzRThWWTRuUUF6Tnp3cGRoSjV1VkZnOGpvTUtkZDJ5a3pPVEVwQU5SNmdJRzRzQXh5UkxWdVN6SGg0RjVqbkk?oc=5,2024-11-23 07:12:20
depreciation,ALLOWABLE AND NON-ALLOWABLE EXPENSES - Lembaga Hasil Dalam Negeri Malaysia,https://news.google.com/rss/articles/CBMiiAFBVV95cUxQTElkNk1MRndOSlIwWS14SWxsWVZoTV9SR1hMa05Pd1RHdXloUkpaM1JhNHJuWnh2OTRmaDBJdmRjdmZZT3BqbFVLbnAtM2dPaF91T2l2emJZV3dwR0JNOWF1R0lSS3Y0OW43aExfSWpWbGhyVjEtcWdMWUdORFZpSDV2d3gzd0ha?oc=5,2022-05-11 07:00:00
depreciation,What is Malaysia Digital X-Port Grant (MDXG)? - Malaysia Digital Economy Corporation | MDEC,https://news.google.com/rss/articles/CBMiQEFVX3lxTE1FMDVXZ2k0aHZSVUNVdUtsaENuY0VLcWpWbjdqR1Z5VU15SnVEXzRUMXJxa081QkhQZVR5dG9tb1E?oc=5,2023-05-03 13:00:30
depreciation,Buy Used Lexus Cars Online in Malaysia - Carsome,https://news.google.com/rss/articles/CBMiTEFVX3lxTE5pX1ZSOEZYWDZ0WXhYSk9DTmo3ajRMMWl5MG9DZ1RWYlJSY2JuYzZkenVYQk5MVUNLXzRZZmMzdVlPX2RJeWg2U2dzTXM?oc=5,2022-01-25 16:36:31
depreciation,MASB 10 Leases - Malaysian Accounting Standards Board,https://news.google.com/rss/articles/CBMiXkFVX3lxTE5YbndMT21nN0oyb1ZCZWtpekQ5VFJPN2tZdkM3VEZxMFFTRllwczdWdFViQ3lhN1JCakhwNUJnWUJlOTNjcDZoc3pYSTRMcnhPNzktdUotVWVOdTl1Q2c?oc=5,2021-01-21 07:41:21
depreciation,BNM Annual Report 2022 - Bank Negara Malaysia,https://news.google.com/rss/articles/CBMiQ0FVX3lxTE9lQ290anVfUEJhU3R2cU9QUW9SZUNkVjZuV09IV3pOcHJFczZkM3RDZDlKT3NnVEJuOXFGQnMzbnkxYTg?oc=5,2023-03-28 01:27:59
depreciation,Reduction of the 3-month Intervention Rate and the Introduction of a New Liquidity Framework - Bank Negara Malaysia,https://news.google.com/rss/articles/CBMiuAFBVV95cUxPSTZXYm1FQ2NXa3ZPR20tYko2TUhIVVpLeEtKTDYtdjBtQjI2MEJYY1BPeFFwaHZwSG1WVE1WS2ZnNmxyVmU2NnhiZmhzZjJnUEZDSVRBMlFSVHdLWFFsNHZlZEJxYzBCYkx6YXc5QWwxWDljSmhOQ2czOW84d3hxRnMyNVdLd1plYl8wc2VBRnc1VUR0Nnp6VFRfcFNCSUdWMm82TWV1Y0pzQUFYc2RIRmt1RXp4QVc3?oc=5,2022-03-29 01:30:08
depreciation,"FEDERAL GOVERNMENT ACCRUAL ACCOUNTING MANUAL – PROPERTY, PLANT AND EQUIPMENT - anm.gov.my",https://news.google.com/rss/articles/CBMilwFBVV95cUxNdGlCSVFyck5FWmpXenJqTXdmTUZlTC1iamN1MklRVHBwZk9zODJKNWRlRThLc1NHdnR3Y1M4MFFxekhDa2F3WWY0VG5TYlNwaU9MbUlnMVYxRGg1dnBVWWJDdjRQU2lfWFE0MDl2RTB3bnNmSjdpblB3U1lsTnB0Z0xoRlFINDZBMW5XZXFkV2VHY0pib2xz?oc=5,2024-04-01 07:00:00
depreciation,Page 163 - kwap.gov.my,https://news.google.com/rss/articles/CBMidkFVX3lxTE5qRVhMRDFKcTI2anJpRGRfd2xJVWhKbzlFRHpSZmtPSFFYcXZ4RnFBOUQ4ellSYloxMlR6akswVVYyMFZZcTJybEJaS0lDMlh2ekVPV3FIUGt5QUNSbXVwS2Q1b0NFMkIxZl8zZldESlEyLUNPcWc?oc=5,2024-07-26 20:48:16
depreciation,WHAT IS DEPRECIATION? - bp strategy secretarial sdn. bhd.,https://news.google.com/rss/articles/CBMiVkFVX3lxTE1tZTlEMHlhcXlxbHc5TVBjWm5KT0lpMkxUU2ZvOHN3YzhZNlk2NkdMVUlUNmgxemtXc0RIaG1BVjJPUnl0cXZ0VmRidWFqSGVuQXVKU2VR?oc=5,2022-11-18 14:39:22
depreciation,"Understanding MFRS 116 : Accounting on Property, Plant, and Equipment - THK Management Advisory Sdn Bhd",https://news.google.com/rss/articles/CBMic0FVX3lxTE4yNnEzZHI5TjBNc2ZFeGVWTzhSUVQtbnRmMmZKMG94OHNrME9sT25MVHp2ZGxSZUI4VjNDd2tsbGN0emFseVJkVkZuYXgxWDMxYS0zSlRZWUZIbWFpakktRWV3NmxZMlRPOE5zMTc2andsQ1U?oc=5,2024-03-06 08:00:00
depreciation,Difference Between Tax Capital Allowance and Accounting Depreciation - THK Management Advisory Sdn Bhd,https://news.google.com/rss/articles/CBMic0FVX3lxTE93VHBPeDJBUVBvWHBpSzRYczl2ZTh4bEZkQWJKQ3hqTWxsODRDQnJ3QWF3dW9hUnIzQ3pwMk5meTdCenFwZjBYMV9DTWlsWVVGR1ljeU9hZGhaTTlSbmNNU3BYMjZ0Vnhtcmg3Q0RsaDdIWk0?oc=5,2023-02-08 08:00:00
depreciation,WG 4 Depreciation Accounting-MASB - Malaysian Accounting Standards Board,https://news.google.com/rss/articles/CBMiUkFVX3lxTE1TU1ktSWpPc0Zld19HRi1FY3hjYVBELXVFX25oS25KRDdDYXRiM2xXVmhjU3BMbjFyc3FCcnFuTk5TUTFfUkR2ZU9WR0FacHN1Y1E?oc=5,2021-05-30 01:06:32
depreciation,Exploring the Ramifications of a Declining Ringgit - university.taylors.edu.my,https://news.google.com/rss/articles/CBMitgFBVV95cUxNRVd4eXB1TV9IZHg1Yk56b2FOUTJ5enZWRHFYZDZyQ1F2eWJTNi1BQ3QwMVU0N3JKN0F5SDRLSkF5STEzR294cG1WMURHM01SbUtmREpyN0ZKUEJHVTRETW1xdGtod3o2RG45TGp5b013TE50MUl0eno2M0FkTFBIZXp6aXhXcGFPbUg3SjF3bllfaHZhSkhrRFhGMUNXdlhVRmpXTDhvdkUtTWRNOEE2enVhbXc1Zw?oc=5,2024-04-03 07:00:00
depreciation,What is Use of Right Assets in Accounting? - KTP & Company PLT,https://news.google.com/rss/articles/CBMihgFBVV95cUxPaC1oVkZwN0VIbVU3SWR3bmJCa1pFdmp6RmpuRzFmUk5taDN1QU9MRFZIZ3IxSWtoODZMWW5MaEljdWNHY0NnNW1vbE5CSlhheXd2NTlCN0ZIQXA3ZmtUNmpzS3Y0Q0YwTk9CZEhsVUM3UFE4OWxoZ1QyVlRhZEUzT21zcDNkZw?oc=5,2022-12-19 08:00:00
depreciation,How Far Does Currency Depreciation Affect Domestic Output in Nigeria? - BERJAYA Journal of Services & Management,https://news.google.com/rss/articles/CBMigwFBVV95cUxPZHM2YkNJN0pvZ3BLSHBTOVJUN1RnMjdDdE1RT3dGZnA0ZFd6aV83Q1UxNUZJQnhnSGxTeFhPTTZDT1BwUVROZmQ5aWxTaWhMZDNrdG5fVlM1bEVfeXVsb216WDk3STJDWmhaeTdpOVVaVUJicDFRYnNiWHlwSVVfVkJhOA?oc=5,2022-07-18 07:00:00
depreciation,BNM Annual Report 2015 - Bank Negara Malaysia,https://news.google.com/rss/articles/CBMic0FVX3lxTE1TUU1pcERHVzFHZ01POTRJbnQ3VTMtbXFMMlhIR0xCbzFyaFlXQWJ1MEdILVRnOEh6R2ZHLXpxczRtZmsyMWRSNlhXVUs2T1BSOXhSNmF2MzFvWWJ6aDZXWlA3dWM1LXpqdXE1M1hTdHFhM2c?oc=5,2022-05-21 00:45:49
depreciation,"THE PRACTICE OF STANDARDIZING THE DEPRECIATION OF VEHICLE ASSETS: KNOWLEDGE, ATTITUDES AND PRACTICES TOWARDS PRACTICES IN STANDARDIZATION OF ASSETS DEPRECIATION AMONG THREE LOCAL COUNCILS THAT AR - jppkk",https://news.google.com/rss/articles/CBMiZ0FVX3lxTE45T3JJbS1jZl8tUVlqU19oOE9JVDZaTGhPVlF4OF91bTZIY3JQci1TUmtCelIyVVBnUXJjUWc5WmxMNlpfM2phV3lhN1puZkNnajJreUE0Q1IwdjIwcFNaRm54b1lhbTQ?oc=5,2023-08-29 08:28:10
depreciation,"MASB 15 Property, Plant and Equipment - Malaysian Accounting Standards Board",https://news.google.com/rss/articles/CBMiXkFVX3lxTE9qd1FOTDRFZ0NQQ21LQkg4TmNsZmpuZlZ2cjFyMVhoR2ZOaHRlWFVZYWVhM2R4SmdwVU8xb1k3NjhUa2FDQWR3NmhveExKSm83TWh5RWlDcWpSNnFVN3c?oc=5,2021-01-19 13:18:38
depreciation,FRS 140 Investment Property-MASB - Malaysian Accounting Standards Board,https://news.google.com/rss/articles/CBMiXkFVX3lxTE9BRElsVmsxTklONWpJM1lZM09teTFFUlJHV1FMVkEzMG95WlBfOVo0U3gzbW9oOUFIVnREZlMwUE9lX20tN0lVQ1BOdlpQSUg3a3F3eHc3Z2hfRFZKT3c?oc=5,2021-01-19 17:58:32
depreciation,Factor Affects Customer Behavior During Currency Depreciation - Journal of Technology Management and Technopreneurship (JTMT),https://news.google.com/rss/articles/CBMiZ0FVX3lxTFB1eVNqRUkwczJmSTVfZjFFVTlZMlJocjBiSkJXbDctNFZYckFaR0lqREJPaERwaFJiT2loTzF3ajJKc21ad29yVXZSbEQ2eVB0XzVXQk1pX3hwdHdRSVk4cWU1cjY0emM?oc=5,2021-10-29 14:28:02
depreciation,Depreciation of US dollar against the ringgit could pose challenges for Top Glove - NST Online,https://news.google.com/rss/articles/CBMivwFBVV95cUxPajVPRXBwSWRFRlh6R0ZVdmdyelN1c2dZNFBKS2FZbVAtcjdjMlUzY1d0bWdYWWJ2V0M0bHAwT2tYOWVfYnBhcFJBMTRRN1ZZaEoxVUR1RTVRbnQ2dGVTandNR0tGeUIzMnFfRnVoZzg4V2RTSVNaUmNfZ0s1a1VkbTlSTDRTcGZid3BCbnQ2aDBKbjIzNTlHMElvcjBZR1hTZGZyZHBLRDg1MnhETGhpNkdZRnlKLWQxSDZibDRGRQ?oc=5,2024-10-14 07:00:00
depreciation,Example 1 - Depreciable assets-MASB - Malaysian Accounting Standards Board,https://news.google.com/rss/articles/CBMiVEFVX3lxTE5Rbm1lNUU3Q0g0ZE44UUJaclJ6cEZySFRNam1pQVBlMHoyVGZmbDFEOXRfTXJJNTMxanhUUE5jeEUzMzZvTnlURXFsV2lva0tLQXRjbQ?oc=5,2021-01-21 11:11:21
depreciation,"THE PRACTICE OF STANDARDIZING THE DEPRECIATION OF VEHICLE ASSETS: KNOWLEDGE, ATTITUDES AND PRACTICES TOWARDS PRACTICES IN STANDA - jppkk",https://news.google.com/rss/articles/CBMi1wFBVV95cUxOaWhuM283blBTNHMyN3VkMzJrVmFsWHRpTFVPd19Sc2hpdXktYUN3WUozUTN3THMxR3lITndPSmg2T1FlN3dVdHdhVDdCMkVmTFBFbzlHUzFITmluYjJiTGh5S01JQ0hwY1hhSjV6OGxHWVliZzgyb2VheHN4LU9xc1NXcEtBWWxWY3k5Y2tqV1FTTy11OTUwOUVBN3RGOGZ5X3V5aGQ4cHc2WXg0TURlbG9LbWFvdG56cGFiQk9fX2RLbzUteHR4Mk1SR3dDVGVLYWpYWGEwNA?oc=5,2023-08-24 15:13:10
depreciation,Investment Property - ecovis.com.my,https://news.google.com/rss/articles/CBMiggFBVV95cUxOUkxkTjgtN0VZdnl6b0hJV0p1ZkZyTFBFREdCaVpESjBlbzMxWVlLQWFNYXVJMWdNR1pndVJBdk9uaWRGQ1kzbDZ3RHZnX2JJZTl1MFJlWUwyWTZqb3pnaEJuVms1MnhLTGduOGJ4ZzRveVlQQkFmSklHYnMyc2RjX1N3?oc=5,2021-09-02 21:23:45
depreciation,Page 108 - EXIM-BANK-AR20 - EXIM Bank Malaysia,https://news.google.com/rss/articles/CBMihAFBVV95cUxNSEVDa2pScEJNRU1NanN4QVNyc3ZickdPdElBXy1VVkg5aDlPUUc0WXVKVjRySlRFWDdGUTMxWDRlVGJ5QWlQT19IRnVwOHRzUm9kZGRlNThvLXFjMzI4eUJSZkFnR1FseV80YnFQd3EtSTBieFhTR1Nybm5NdUtyZ19uUEY?oc=5,2022-10-04 12:52:46
depreciation,MASB 14 (Dep) - Malaysian Accounting Standards Board,https://news.google.com/rss/articles/CBMiUEFVX3lxTE9iVlRjMElyY2wwSGxMMW8zUGZkZUhFWWFUSUtnMHBmM3Nidk9kY2tUdEhla0ljZW1ncGxKc3RmN1gwRmppdFByUnFsVHRfR2hq?oc=5,2022-11-12 06:14:21
depreciation,Fixed Asset Management System - amr.my,https://news.google.com/rss/articles/CBMiZ0FVX3lxTE80NHg5Ujc2dWZfTVZTQThnY1hNY3J0RXhVTl94Vnl6a1h4VllrYnY0aWI2NnVFdUc2N1VRaElxMkZkdmlmM3hHUF9kbFBaTG9nOU8xajJLZnI0dURwbjVfekRHY1UxLTA?oc=5,2022-11-18 23:09:08
depreciation,Asset Accounting - erp-systems.com.my,https://news.google.com/rss/articles/CBMipwFBVV95cUxQVVFNLXpIcWpHU3FRaWlmTEVYQUdwYXdUV1JiVThyX2liQ25KOFF1UWVpZk80ak5oTlVBSTQyQldPa21HTkZpNW94ckVZWkhadDB6ZDZaMnA3QjZQMndnQWZ5d2ttZDZMb0lMRzVZYXF5OUpONzNpY0RIZUlFMmNjQXo2ejhRb1AyVmdjcl9FMXU4NzhESllpSXB4OGdYVW8wRklWTHBOcw?oc=5,2021-10-07 17:58:17
depreciation,IPSAS 17 PROPERTY PLANT & EQUIPMENT - Jabatan Akauntan Negara Malaysia,https://news.google.com/rss/articles/CBMifkFVX3lxTE1pdXozQ2NYeUVWNzBTYnQtYVk0SGowOEpQUTMtd3M2NnZxbjFpWUxGTjZuVnVzdXZzYWxfY3ExRVdCS1lEWDlTX1lWOExPVG1hM1RZaXBBYUpFV2w0cTBPVDV3OUVqbHFVeTVZOGNESVlqWmFmWXVLOUl3MmdYUQ?oc=5,2023-08-11 08:41:52
depreciation,The Ringgit's Rollercoaster: Navigating Malaysia Ringgit Volatility - StashAway Malaysia,https://news.google.com/rss/articles/CBMic0FVX3lxTE43d0FmbTN1cDV4NmdOMXhvU2tVY19oOGRUa0xRMzVlTGc1dlo4dVpyLVZqY21yRmFjUndLcEFucllCOUJ3UWVqZkE0TzlpVWQ3NUVuRFhNVW82c3B1d3dndFpQRjEwVUJzbzFYTmdualdfV0E?oc=5,2024-04-26 07:00:00
depreciation,"Audit, Tax, Accountancy in Johor Bahru. - KTP & Company PLT",https://news.google.com/rss/articles/CBMid0FVX3lxTFB1R3ZNZ0IyZVBrZ1BvYThrcGVBRUtZSXBfSFdmWWJZNWNqbnNUbms2LWhBMzZ1VkxFblVmMXZRYjhsOHBUSDAwTC1qMF8xakwwbEFmREZKcHFpc2hxU3kwTWFoT1VIMkw3cGxRd1VaNHY2b3A3QTVZ?oc=5,2022-06-21 07:00:00
depreciation,Economic Report - MIDF Malaysia,https://news.google.com/rss/articles/CBMipwFBVV95cUxNckh2dE1ZMWYzOHp6N2V1YjdZeFF5R1RGX0p2OF91MkNDLVdQamhOLUNiOENVT2JjeHRhS3U1ZlMySHZtYVZFNmhDSTlXU2Y3WUN5MlZlOXBGTTF5UFJJRTZmMS1fUGxweVpncFVTczhiZXFfdG1tM19RVFdxREpTdjNfaW9RUnpheWJmRkRjUnpTeC1WMFBxN1p3c3g3S3VmbkpxcC1mNA?oc=5,2024-01-08 08:00:00
depreciation,What Would Happen to China and HK Markets If Yuan Breaches the 7-per-dollar Mark? - ifastgm.com.my,https://news.google.com/rss/articles/CBMi7wFBVV95cUxQME5nSUMwVG9oRjF3aEZTVW9IbGlydWJQRm00QUUzeDdtVGVtdXZzOU5oUzRONDJKaEF4U0tMdUFxV054X29kVzVBdl9HTVRGQ2lBUVAybmZWTU9SRlc0MjZrMUxnZ1E5TUh1VFhvdGtIS2k2czFLcWlSeklZWGNGd3VDcDZxb1ZFVmlHbmNfMHFwVy1GWmMxQXNjNWNjRkFrdzdjNTROZkh3UGt0VUZTb0g1R2ppSlAyeE05LXloajRBUWhWWWNtQ0VueVJ0ZEFWdmRhMF9aVldhTEgtSHltQnphMVdxUUQwSEFGLU9ISQ?oc=5,2023-01-14 06:34:59
depreciation,"Property, Plant and Equipment - Malaysian Accounting Standards Board",https://news.google.com/rss/articles/CBMiaEFVX3lxTE9uY1l6Ri1YT3FTbGJRQmlCR0M0VlptdUtsdTNtNk5xeHdSN3FtVnFiRlJpLVNpN0E4T3FfbWlNeGRuN0hYNTJ5eFdXdDkwVmNBMFZMNnlmdXdoRjdLbG9xUl9FWDZyTDBZ?oc=5,2021-04-27 20:22:08
depreciation,MFRS and MPERS Common Issues on Investment Property and Property Plant and Equipment - Accountants Today,https://news.google.com/rss/articles/CBMiugFBVV95cUxOcmYzX1VEVS1ELVFEbk5Wa091OFB0ZzAtVmpHaThleTBpMDBmVnV0elQtbXlUeXplSHBvUEtPTnloU3h3VF82TXVNYjRyY050REFyVlJOd1phQzNrQU4tTVlsczhNb3AxaTd3MHlDazMxS2U4RFhLZDBidVR3ekpkRGJObl9JREZiVkYzUmxfQTd0d2ZlbkRYUHJoa05mWGlBZmVZblBWQl8zNklNUV9vUEFpZnBacFA2S0E?oc=5,2023-08-17 07:00:00
depreciation,IHH Annual Report 2023 - INSAGE (MSC) SDN BHD,https://news.google.com/rss/articles/CBMidEFVX3lxTE5QeXFsLXJEMGw2R0s3aVFESkNTaG5rZ1phczU2RkhMNVI0ZHJ1T2JydzVweEZXT0VsdThWQUg2ck1fWklXQ29Na0s4UlE0aGRiYjJUSDItenVxM1pVZG1mQ0xJZVlqckhkaS1FM2hCRWU2X25s?oc=5,2024-12-24 08:21:56
depreciation,Insights into MFRS 136 - Grant Thornton Malaysia,https://news.google.com/rss/articles/CBMi5AFBVV95cUxQeWhCUlRpMHNRSDlZMmlyQmpyTGEzM2NwNEdZeTVzUGVUeHBkV1RPMzZ0VncyUTVhVmdJQ2VSWm0yczd1aTRGQjhNTy04OFE2aHd5Sy1KdDItYWtpS0Q0RGpfdU9kWTNXV1pnVDNhejBMUjFIemx1bEZoZUtmc0I5WGtJTWZFMmx4SWY2TUhlTjllbXZUUV9MM1RVRWhEbnRoYUdadkZYT3RGMTVlbWs0cHRQbWF3bElNQ1R4WG1SOG9ZWlhvWkJraTk5b1JKS2FDU3VGZXRXWE5CMm1BQUdyUmFmQ0Q?oc=5,2022-05-12 11:07:24
depreciation,THE EFFECT OF NOMINAL EXCHANGE RATE DEPRECIATION ON TRADE IN ELEVEN DEVELOPING COUNTRIES - Universiti Utara Malaysia,https://news.google.com/rss/articles/CBMibkFVX3lxTE9QTlRKVXdjb1hYRW5oSjBwWExzS3kxaFd0TnpyYUhOQWpOVWx1cFFXNXBMX0ExSXBFaGJhaGxJaW5pSEVJb3ZqY1RrRlFjaTMxSVlfb2NUT09qZF9YRXU5Um5CRFlNZGhjUWhIQ1Bn?oc=5,2021-09-07 07:00:00
depreciation,Capital Allowance Calculation Malaysia With Examples - sql.com.my,https://news.google.com/rss/articles/CBMibkFVX3lxTE9jcVJONnhKZF9xRlRxV3JzLTd0VWhkdjVDOW1iLTc5ZEVubWYydFdMOWo2cEs0MzNQSDVKTFFaQ244dVdHSDVBQ25fcWJMOG1qUWpUWG13NkVVU3BWSDctRXN6R2pPdFhWU1dHdnd3?oc=5,2022-03-09 00:08:28
depreciation,Page 107 - EXIM-BANK-AR20 - EXIM Bank Malaysia,https://news.google.com/rss/articles/CBMihAFBVV95cUxNNzVzbnhTcWxfdUVYbXhkOE9mT2IyWHJGMVhIcWl4SnpRQkJad0dDZkY3YUlJbG9BSFMxVlZRei03QktnOEstSHRhU0lLM2FJU0hNRkxPbnN3Qld6b0VGcHMyR0RwMTl5RGdMazFiaVdmUUoxUVFpWXlHM3lFMm9fTjMwbFg?oc=5,2022-10-04 15:48:39
depreciation,Telekom Malaysia Berhad Maintain NEUTRAL - MIDF Malaysia,https://news.google.com/rss/articles/CBMixgFBVV95cUxPS2VLbFkwVG5nVnNxejRXTE8yZ0dPVnp1Z3oyZ3NDd3FVMkQxdFlrXzFxeEVORGZVbXZKRm4xakxsb3JFV092NWVyMjhnRlV2ME4xMjZDRlBWYl8yc0FEbHNuUWV2UGM3bkRKRERINnVJQXpXUnFvTEJaMWVRN08wakUtS01qWlBnbUdFMUhuUHV1bHFXdUFjRU13N3Y2VE9CNm05VkFHdl9zNGpTUFUwTGhucXpjWTgyVjlUNVVOVk9zako2NkE?oc=5,2024-05-31 07:00:00
depreciation,"IPSAS 17—PROPERTY, PLANT, AND EQUIPMENT - anm.gov.my",https://news.google.com/rss/articles/CBMimgFBVV95cUxNMk1OUzd1ellRbFUwSmwwc2Z4LU9HODZyNWpEdEhYWmtUVXhvMmctalh6VURiY1kyUGNFSnFqLS1nUUpvY1VieC1zWmdFU3kzdUxzRjBNSGN3aFFrSHJfSUtkTFRUaFZ6ZVBYMl9YQmNuaDRybFdpSnc2Mk1OZFVUQ2E5QWZDb3E1SThwVV9uWFh2cGQ5S3pXeWdB?oc=5,2021-07-13 18:55:46
depreciation,Import-Asset Master List - wiki.sql.com.my,https://news.google.com/rss/articles/CBMiY0FVX3lxTFB4ZnZTU3JmRmlpRUJIVUNEaUIwNjdySzdsaTRTa0tzZ1RBZFVnd1BBeXpqNjBFLTEwbVNnOUpfZGhJb3hhRFRFUkM0RDF1d09HdmVLWlRMTldWUlJuckVRVHUwcw?oc=5,2023-09-29 07:00:00
depreciation,Untitled - Malaysian Accounting Standards Board,https://news.google.com/rss/articles/CBMibkFVX3lxTE5wT1lqTDBZbVhZUTFTT21KRGJMUkx3SEhnNjg4cDA2LWJYUUdkQVE5dFRDdVpHRTdIeHJsVi1WTE9aa2FUMXV6eWFISk1vSUxBZVd5cE5PYklXTFJYMm5ILTBrdmwxdkV5OW0tc2Rn?oc=5,2020-08-18 06:17:08
depreciation,Page 50 - eBook Audit Of Financial Statement Components - Politeknik Kota Bharu,https://news.google.com/rss/articles/CBMigwFBVV95cUxQN0dQendjVHJxYmlvLUZBU1E1TG9ncTdGYTVYYkswT0JYdzhwY000eTluSlVXU3owdkcteTkwVm9HdmZ6Y2FpR3ZzUEtPNHdjVVRReEhCUFI4UVpnUjE0SVdyN1NybVNkX3VTemkxTjZZMDVWX1Z6eXdRb05MaEF4azZnRQ?oc=5,2022-03-01 16:47:30
depreciation,"Ringgit depreciation driven by global phenomena, not failure of BNM’s measures – MoF - Portal Rasmi Kementerian Kewangan",https://news.google.com/rss/articles/CBMi0AFBVV95cUxOdzUzTWVzMnAxaHNjdGIxVEdaSnJDRmxuaXNZTUN2QUpBZHN5TXdjOHBGNGVVRFhsOGxXbUZGVV9fUGttX0J4OF8yVGhBVmRVWi1yS0xNOXF5Snc1SnZudkx0a3AySE1RNUkzVnNWdE5vZHN6eVJLT08wNkdjb0RLQjdkU19VZ2FBaVVrQ2VBX1FiRlNITjlXVk02M0I0eWQwZlRIdmRqampPQ0ZYcFpraVVDUUZ6endEdG01OGtPd0NlMlAtQ0w3ZUdZelhma3E0?oc=5,2023-02-16 08:00:00
depreciation,Car Depreciation Rate Malaysia: 8 Important Factors to Consider - Qoala Malaysia,https://news.google.com/rss/articles/CBMigwFBVV95cUxNaFJOSXhUb3pkNG5KSmkzSkpxQ2JFd05HanNRakJBSXNHOE8wV3EtOWF4WEQxdEhzYVBfTmhDLWdNUGhsNThyU3JLMzMxbVdNcFlMQTZvVUJ5MXhCRHE4dGhETG81cmRpZ1Bna2FHb3JiTE1xMU9WOUJQc1ZDMFh2Qk1Gcw?oc=5,2024-07-15 18:36:57
depreciation,How to process Asset Opening and tally with the GL Maintain Opening Balance - wiki.sql.com.my,https://news.google.com/rss/articles/CBMipwFBVV95cUxOdEtyaktvM2Nna2k3TDdGZk1UOGhDTFV5ZF8yU0pnNm1PQkZNenVmNHVoVTlmYUs5cFpJdlQxa2VXdUp4QXVBTkJMaldsZkFLTlBoOUVnc0FvOHF5c1hPVjdCenhwUERpT1pwYUtKRzZ6Q3B6eHpMLVNqSVpfczMtaWJyQWtOS0ZSY3psVTZxZWU5cFRUR2tZNzZmSUV4QzVuam16bGJSYw?oc=5,2022-12-14 08:00:00
depreciation,Worried about Depreciation? Here Are the Cars with the Best Resale Value in Malaysia - Carsome,https://news.google.com/rss/articles/CBMinwFBVV95cUxOUWY3bV9YbGRxV3FkaVNpcWt1Z1hRMU1YcWV1dFVtMHZjNko0MkxtaTBkTS1uRUNfWG13ZVdpb0dEY09XLTdJVmdHS1lrcW42NlZPdEliVW1nWmN1bzFkWnU4SFdxaDdJc2xFTGg3NVdsd2NiWFdQUkd1LU5sWVJCU3lQV01LSVZmTC1mbERrV3ZnWG1IekZZTGJMa0RBbkU?oc=5,2019-11-05 08:00:00
depreciation,What is Your Car Market Value & its Depreciation Rate in Malaysia? - Carsome,https://news.google.com/rss/articles/CBMie0FVX3lxTFB1MGZNaVpiSnhrY3I0VDFuLWd4RG5PSE1JSjB2Wl9ZWVAtbHZKbXczSVI2cHl5aHVuSzlkdmN1Wk0xUjdCSU95YXg3Q3h4M0g0RjJUMmFMQXdOSmpJLWpqTGhrYXhrOVVLZ243UjZPaUJSLTlGaUVLN1BLMA?oc=5,2021-04-01 07:00:00
depreciation,3 Key Difference Between Tax Capital Allowance and Accounting Depreciation - KTP & Company PLT,https://news.google.com/rss/articles/CBMiiwFBVV95cUxQREJkX3lZR0J6Qm1vSWZHOHBKN2ZwYWt6S1FscW4wR2xGcFliVGVmdWdsUXR3WmlKWlhmb3VLVU5Ick1jakFxWWxVZ1drTkhlbF80bkM5MjR6VUduVGJtX3RPNk5JTi1OWHlnOHRDdEt1MjMtLW5Oa0dYcG5OUmlwOXpldGpmRGdWUU9B?oc=5,2023-02-08 08:00:00
depreciation,2 13. REPORTING ACCOUNTANTS’ REPORT - Securities Commission Malaysia,https://news.google.com/rss/articles/CBMilAFBVV95cUxOdUQzTmtXcEFkcDg2ZEE3T2FHdGZBbmRrXzRjYjI4VEkzdXF5alQ4U2pJakEzRHZRMlZOOHF0cTJFTmdnQ1ZuTlpLZ2ZoQlJWSll4T2hxd3hBZnJUU2s2TUs4bUxaZ19KZ1BKbzZZekFsWkRaelZfRG00ZTMtZmVuVFppb0xsRTVpUUFQRV94b0ZTMUx5?oc=5,2024-01-01 08:00:00
depreciation,10 Factors Affecting Your Car’s Depreciation Rate & How to Maintain Your Car’s Value - Carsome,https://news.google.com/rss/articles/CBMibEFVX3lxTFBfaDdvbGRFWjdYV0lWaVo3WFhiNzh4QzltS19seXBDTVFtYnRDdlBZb0YwdUllbmNVYzVwS2V0alBqclMyQ2xPdjliVDV1MGVsQTFYMk1YYVdiUWRFTkZrUndKTTFOYU4wLUVmaw?oc=5,2022-10-13 07:00:00
depreciation,Does anyone know what is the estimate depreciation value for any car has been involved in major accident? For example: Myvi body frame has been weld back by Perodua but other parts is remained the same. - Motorist Malaysia,https://news.google.com/rss/articles/CBMipgFBVV95cUxOcHdjazA2M1ZlcG45TjQwbGx5ekJ1aXY3dUpXV1Z0ZHN2ckdhMXFQNFA5SGVWTUx5UFhUSVNKV2EzSVlNTmdsUHdHYkpqQnllNmdGbG1Ib0FKY3dDZkRNU0JYbnNjTEluQTJKd0JnNkpQYUxuY09HS2dpNEVxRU9pWmRkS2l2SzBETXIwNzdQMFNUUVM1Ums0X3FtSzJ6czU1c3poTGhR?oc=5,2022-04-18 07:00:00
depreciation,What’s The True Cost Of Buying That New Car? - Hong Leong Bank,https://news.google.com/rss/articles/CBMihwFBVV95cUxNekFNUGhNdUwxRXRHSzN1Y2VzYVBYYldtRjdOTHh0ei01SHVRcWcyU2RTZjliT2x2UUlKVnlDQlBCR0M5Yk9hVUZTRWFhbGJiYUREcjdOQ2xZWmxyQnBuTjRfZjBfQjhmeDU5dDVNUHc3N1ZqSjVTeUZUME9jd3hLVFBmVmdaa0k?oc=5,2019-09-05 16:58:02
depreciation,Accumulated Depreciation for Fixed Asset - Introduction | SQL Documentation,https://news.google.com/rss/articles/CBMihwFBVV95cUxQa3A1SmtMaHA1VjR5bjZJSUxMYVZpRnB4eHZ3aFU0N2l4aVJucTdHa2JLY0NOdUUwaUdwVTBwX1JfNEs5Rkt1eF81RXlIQldvbXRBUFZCSURkdkVaaTRXZ0E4REhybmhVSkNVaWs1WEk2YzdBYnNULUlqSjA3aHVvYTU5RjRkbUE?oc=5,2024-08-12 10:19:24
depreciation,"Audit, Tax, Accountancy in Johor Bahru. - KTP & Company PLT",https://news.google.com/rss/articles/CBMiVkFVX3lxTE9FTjdWMDFLRUlhQXl4OV9JcG4xYVFrRjdMWW9ST0xpaDlWWktDeDlJZ05tdmR0STl2U0lLLXhKdjNDb1RKc1JaaE1GN01SX1pXNkpTdDN3?oc=5,2020-07-30 07:00:00
depreciation,How Is Car Depreciation Rate Counted In Malaysia? - BJAK,https://news.google.com/rss/articles/CBMiYkFVX3lxTE1UbGRJQk9ubVdoSGN3WmpHdTVBVk5ob0FwVWhna0lYX3JIY0xoZ0YtQ0RfRkx4aFhTcjkyT2VuZm9JM3JkaHJmaWg4bHp6NU9UZHRqQ3QxNFl5X29qRHhOUzVB?oc=5,2023-10-17 06:44:14
depreciation,Maintain Asset Group - wiki.sql.com.my,https://news.google.com/rss/articles/CBMiXkFVX3lxTE9kSEZjQmFtXzNmMnR2QWFOYVEycFh1WUtaUERtTEt0elNReFlCcmJXSWlzaEQzbnlYTHFYZTlEQWVHRDFOdWRUMldyN3FhOWY1cG9RaExYQlk4WmZQN2c?oc=5,2022-12-14 08:00:00
depreciation,"Bank Indonesia expected to hold rates, to turn cautious, say analyst; move aiming to protect the rupiah from further depreciation - thestar.com.my",https://news.google.com/rss/articles/CBMimAJBVV95cUxPLTFvaTJYX3YyZjA4Q0NvTkRGQWFoNHliWnY0U0ticUgwR2k3NjhkdXc1OVhROS1PQmpYWTBQaGxwWTdGTlZlNk9qQXNKT1hDSzVtOHdhNmR1MGxMNkI1cG5PUnNiVE5KQ0J4V3RNZkRPOVFYQmRjZ3dqbkMta3JPazB3cnNwLWY1QkpnMk9aN3Y1czRwRnpaR3BwaHNfQlQyM2pGMWMtTW02VXpvTng4LUI1aDdWelU2NlFERUVSWHF1WHAxMS1tTER1dkRfQm1jUEVVNERSV1NLZ2VuZERCb0FPb1hWdzBZWlp0SEJFeW1CYzEtbTVSNDJHN2R3eEtUZXU2eFRLWC1ycldCZVU4ZGtvY2tIN21I?oc=5,2024-11-18 08:00:00
depreciation,"Malaysia to profit from Samurai bonds due to Japanese yen depreciation, says ex-finance minister - NST Online",https://news.google.com/rss/articles/CBMiugFBVV95cUxQUEZFWXNJSEFzRHQxV2dlYnFZOFBUazdDcV9KMjB3QnM4ZHIzOTREZGJhOUtlV1lyUVZPZndXN3dyQWM2NExtdXdxTURuSnJUMTNZNS1IQ3VnVnJMVE5GeVhZSUhvdGE4MzRaZmhxWFpuR3pEZ2dXS19Qa3MzbndyZVBNWGFKOWpHWmhMR0dPWkN2Vk1NeVV1enhrTDVuUnIyNjNDb0g2ZVlQcWZRYTkzaUFUdmZucjFLRnfSAb8BQVVfeXFMTkpJUzk5RmREQ1J2TzVPUFptZFViT2dmNlp6N2RsMUpyUUpKcHN0dlprcTdkaS1qVG00NGdrNkZQU0RHaVJCN3dYTTU5OU9BUnhyZGRQZXZzOU9BSG5fa1RUTTlPYk93UjZKVl9wYmY5Vnh1ODUwdC1EejRHbk9kU0poUXd2MkF0eEhJMWJYMHlZUW1ROGNpcWRMaFZMc0t1b2ZSQ013bG9lRElWb292dXdwQ1YwOGw4M3d5Y0hTblU?oc=5,2024-07-17 07:00:00
depreciation,How to match Appreciation and Depreciation Account in Cloud Accounting System? - QNE Software,https://news.google.com/rss/articles/CBMi3AFBVV95cUxNYlFnYVgzVXB5Mnkyc3g1bzBSVl9vS1ZfVm5icEVmeW1hX1Frajd4Mi16dnJGY0lBdk9VVk5seFdqSTRDTS1OLWV4a05IdXFFM2U1R1hCOW9DOGdFTjRuM0NXVnFRU1B5WHF2OGZfNFdhWGR0TGhjTWV2ZXJWQTdmS3UwR2o0eko1eGx3OXlxSlJoWnEwSEtfRE1pNXJ0Wm5VU2pwNGtzYmpJWDNKYnFsbkc2Z1RNN0pDc1pqOEwtN2R3YjNON2szZk5LNU9nZUFtQ2c5dEtQeWdzeTZ2?oc=5,2023-04-11 07:00:00
depreciation,Maintain Asset Item - wiki.sql.com.my,https://news.google.com/rss/articles/CBMiXEFVX3lxTE5fdDVGM3dqcFZja3pYUTF5VDJNRGdvU0Z5N1BvVjVIVHZ2ci11MmtpSzFrTXlUbzlFUHZNemt6empYbGZDUGxJYW0tWDNXNzB4d0NtMDVENEZUU1dp?oc=5,2022-12-14 08:00:00
depreciation,Rising U.S. Dollar concerns - NST Online,https://news.google.com/rss/articles/CBMifEFVX3lxTFBFUVV3MjFfS2ZwR1RhMFlvV1diQjk1OXRxS3FIM3RraG4zUW9lbnY3QVJkcmhNUjFuNW5jY0xRQW5XMDdyN1M2WThkQXVHSUtSWm9qV2dVNTFHS0UzUlFIMDJBbG83WUxsRXpYdXRpVEcySWw5alpEMGIzY0LSAYIBQVVfeXFMTjZYRlZhbWtKTHlJa3A2WlFianhtRVpSWFRyWFl1Rm9FWEh5cnF0TmdyRG1jY2JZU1N3UTNyOGItV29MR2loZU14WWU3V29XSWNBcHYtU0lEWGFhZ1lGbVhKeTJVRnBPQ241cTJFRmdSMHRsRU5hbWlveExYaThUbjhvdw?oc=5,2022-09-19 07:00:00
depreciation,Asset - Fortune Bit Solutions Sdn Bhd,https://news.google.com/rss/articles/CBMiTEFVX3lxTE9PVzd6ZjNUWlA1NTgzbFg3N2tPRjkwUndOcldhb1F0a3lWZktMdENFaWRyNXdSS2N4MFllaVdIZ2hVVmRrZ1F0ZWhHN1E?oc=5,2024-01-13 06:28:39
depreciation,Cars that champion car depreciation - Motorist Malaysia,https://news.google.com/rss/articles/CBMifEFVX3lxTE1rUkN4dFIyOE80TlBSSTQxLWJRcXdqRnFzR0R0TjNjSUx1QWs4NlZNdFBiUldpLXYyY2RlM2I5b2duTDFQOElhNlZUR0JUenhDQV9pQ2RvMkVuWlVzQmYyYjNrbUtsbkN1QTE5ZzgzRzJoRVdpRjJVdVNLMEk?oc=5,2024-06-10 07:00:00
depreciation,Increased operational costs due to ringgit depreciation among challenges for NIMP 2030 goal - NST Online,https://news.google.com/rss/articles/CBMivAFBVV95cUxQQjNubEM1N1pCa255aU1uSmctUUFYUzdXNkJPa3JVNlZLODVlTDdYS1hoSy1MdzdBbmpLeFdhejhESFlkdFRmNGE5VENLWGJFbkFSNlhGMFQzczdpcnZob1hRT3RKY3JDZm1oMnpwTDlOb2Qtb3VaRUhrZVUyeW9QcUNmUnRiODFhakpIOG03RHRjRmY4OHRLcjZncFlaaHh4Vk5yQWhrTzZUM1hMbk84SWh0SU9tWVZQYnNrMw?oc=5,2024-07-01 07:00:00
depreciation,CelcomDigi Bhd's net profit fell short of expectations on higher depreciation charges - NST Online,https://news.google.com/rss/articles/CBMiuAFBVV95cUxPWFZvNXBLWFIxdFEyRkNELUZYdFhsZ3hoNjFHZkVIM09BTFRvSWJsZ3NzUzQ5YzJKdEtxUkpEd3dIbXkyc2d2R2E1ajJoeVJjaWdkX2JlWWNaOWxRWmhTeXhSbnM2bEdaNjFtRHFDQl9JZk9oZE9VaUEtMEhpTHY0NWtyTzBtZFdKN0wxY19GUm5BdWVlb2U5MlpGMm9SbzlId0hDaTdaRHhjMWF5cXlKaEFmM0lqSHZv0gG-AUFVX3lxTFBtdmhGUGJVak56T2R4QV9XWE1BY1dzcmszMW54dlo2Q2xvQXI2UEwzN2xHMHc2TDJic0VMb3dFTDhTSk5BY2hUSHRsTWl5MHMxc19IOHlTV0x1OHZOSVhJMV96ZTdsWnhkaGhORG1BNzE1Zl9McEt6ZkNjSXFGUnZvQ1Rhd241M05maExzaE1HVzQ4Q0w0V1NGLWpLaHZFWEVseEJQOTdldk8wZ0dTempadU1vU2Fwbno3U1ZjWVE?oc=5,2023-05-24 07:00:00
depreciation,Car Depreciation – How To Minimize It ? - ezAUTO.MY,https://news.google.com/rss/articles/CBMic0FVX3lxTE51RFZZY1p4YkVOMTJjTGRyNVNMUmJMYkZJWnJsVEx6aU5JRGYyWi1KNnRtaThiYmhmSDlVbmlBcHpaOHdGM2tOelNRbXBKMk1vVGJsTU5mYnM5anVIcDAwdmNETFBfNnVTS1YtNVc0eG1ab0E?oc=5,2020-07-25 07:00:00
depreciation,Covid-19 also factor affecting currency value - NST Online,https://news.google.com/rss/articles/CBMipAFBVV95cUxNZkZXalh6S2FScFZUd3I1Y3VUVS0tMFpEcEJuaEpYNVFkR29qbWI2cW1tU3AtZ0M4andmenNtVzJRQjZaR1hheDA2S01HM28wU3V5N2ZUaVRPUl83QmJfMnhTM0kweldPaGtfdFdYLXNfVllVdGZZZ05EM1praDZhYVpBU3k3Rl84WjJUd1F3UkNhX1VXUW1oLWlyR1V5MEtTelIzWA?oc=5,2020-06-22 07:00:00
GDP,Annual Real GDP by Economic Sector - Department of Statistics Malaysia,https://news.google.com/rss/articles/CBMib0FVX3lxTFBlM1pPYS1ZbHhfZjdWcjBNSHBHVzB6anZLWE1OcXBnT2NkSmlHcjF6VjlFSEJwQ3NMNUtjWWwzMXRoUWg0eERuZmx0R2ZEa3VVNzlzU3FGVTVycFFLcHpTMFA3N253LVBOS3c5VzlGcw?oc=5,2024-05-17 07:00:00
GDP,Govt Aims To Boost Bumiputera Companies’ Contribution To GDP Under PuTERA35 - TERAJU – Peneraju Bumiputera,https://news.google.com/rss/articles/CBMingFBVV95cUxOLTBlVVFIOHlubmZ2bGtvLUdPemFBR0ZTaWk5ampHRGNMVEFIVnQxRE15dGJqLS1LemM3ZWV3SGlMQTVBT0dPcW5pUVQ1MWhMTFlCTzRHMXc2WnpiUWpwTUtzcU5XdTFmSEg2WkgwUEIzNFl6OFRRR1JsLW1vc0xtN3pHaU9xRExsRlNKRkVzQzI3aktHRE1kbjkzb01qdw?oc=5,2024-10-15 19:05:27
Budget,EPF Malaysia - Safeguard Members' Retirement Savings - kwsp.gov.my,https://news.google.com/rss/articles/CBMiQEFVX3lxTE5DLTR6RlBNRk1NNGdCYUZ1T0dLc21BRW42QWNPUGQ3ZV9mbTA1R1luQUxjaEVvTHdOaGNmZTdCby0?oc=5,2019-05-26 04:08:41
Budget,Motorcycle & Car Insurance Online Renewal within 5 minutes - Pos Malaysia,https://news.google.com/rss/articles/CBMiQ0FVX3lxTE9lcGItajNBaDhlUzZURlpDajFaMWxtS2JPT3VkWjVSbjJHa0ZrdTdhbGJJazJDMTRMbkZLTEMtN2d1TVk?oc=5,2023-08-25 01:48:26
Budget,Firefly Airlines Malaysia | Book Affordable Flights & Travel Deals - fireflyz.com.my,https://news.google.com/rss/articles/CBMiVkFVX3lxTE5rVk1uRXdRZWpXSGZQTGVLTXE3Q0tCTlNvYjFYZjFZTlpiRjN3VWpULWd4bEo4V0NaQUxCczBrUWMxbmJYTThxRTRGTFdhem84SFY1ejBR?oc=5,2024-01-07 01:15:26
Budget,BURGER KING® - Burger King MY,https://news.google.com/rss/articles/CBMiREFVX3lxTE9DdHJ0OUpEOW9HME9sTU95bWlXbl9UTmpGcU9OeEdUeGxmNndVeE9LTkwyLXY1UjdnZDMtbm9RM0VRQXk4?oc=5,2021-03-20 05:41:31
Budget,TVET Madani - TVET Madani,https://news.google.com/rss/articles/CBMiPEFVX3lxTE5pLXRqRlR3SDJpSjUxRzJHQkl3Vk52RjJOeEVIMVJaYVZjYkhHa1RwYm0yeXZMRHJwMUstYg?oc=5,2023-04-18 07:12:12
Budget,AVALAND - Avaland,https://news.google.com/rss/articles/CBMiQEFVX3lxTFBScFpraWstamhpSmI1OUQzWGJkVmFSbW11dmtUeFlBZF80bTlodTU5ZTRSV0NORldhUUNVUDl1MFc?oc=5,2023-07-07 03:37:31
Budget,CelcomDigi l More Device Savings For You! - Celcom Online Shop,https://news.google.com/rss/articles/CBMiRkFVX3lxTFBZc1B1UVdsWW5XYkJwVHpjNDdLX3ZDNnZFQklRVndxSW5vR24zZlh5eHFpYnBDNzlZMGU4b2drRUhLZ3hKVUE?oc=5,2020-06-19 00:27:24
Budget,NTW Malaysia - NTW Malaysia,https://news.google.com/rss/articles/CBMiUkFVX3lxTE8tSXFhT0hMUmtVTFFhbXFpeDNpWkxHWlZ5OS1YdkFvRElQSFdIazlBVDAzUTdnczNQMUNVT2JKbmpfN3FLYzBieF9rTEJLYlhVRXc?oc=5,2023-04-17 06:51:46
Budget,ESCAPE Penang - ESCAPE Penang,https://news.google.com/rss/articles/CBMiPEFVX3lxTE9vUC1SRHZOWlNIR3o4SGhOX05CdERraWpMeVlSM0xPc05WOEI0Vk5wVkZrVWZkQW9ITE5tYQ?oc=5,2020-11-03 10:04:36
Budget,"60,450 Apartment / Condominium For Rent in Malaysia - Mudah.my",https://news.google.com/rss/articles/CBMibEFVX3lxTFBYejV1c0poM2VvXzU3cFFYYTE2MHVHVjRFeFN1MzNvUG0weGZKT09ZeXc0U3M3OEJDY3pmZmJ2UWdDNmtBQnByYjByRW81RExzNUduYlpKUlBmVl91NTNQNGRKWW9XR0M5S09NWA?oc=5,2022-06-16 10:28:45
Budget,5G International Data Roaming Plans For Prepaid Or Postpaid | Hotlink Malaysia - Hotlink,https://news.google.com/rss/articles/CBMibkFVX3lxTE9RZzRvTllfZkh3b0NkOG1kako1Z3VtcmdEU2JINUpKMVVSbE1GX2tTZl9pLTJZZlozVFRPTkhLd0hDcUl0QUdqcXQySFZzc1kzTm9scnJHYkdFS0I2VzJqQVN1WXZMbFBwYXNsQ3N3?oc=5,2021-01-14 17:18:41
Budget,Why Choose IMIKA? - Imika,https://news.google.com/rss/articles/CBMiM0FVX3lxTFB1UjNLN3NuTVpJMmFURTg2T1l5S0pKczNmTnV0MXBZYnFsYURfdHVxUnNvSQ?oc=5,2022-07-25 10:29:58
Budget,KLIA Ekspres Bus Ticket Online - Save Upto 60% Off - redBus Malaysia,https://news.google.com/rss/articles/CBMiVEFVX3lxTE5nRDJKdy1RSi1xVnF2UjdDRzZqQzhOUzNianpKdVpLZ0VNNlMtYWdoazllVjE3U1hjUk4xenVvR3BIQ2lpRU5iRURuNy1FYzNwX3JvSA?oc=5,2022-07-25 12:02:45
Budget,MyPPD - MyPPD,https://news.google.com/rss/articles/CBMiOEFVX3lxTE9SUUJUUTFqYnJkX2VqemVmM3AzR2ZySnVSTGh5MVozb01LUEdUZ3hvNEZiV3pldVVI?oc=5,2024-04-18 11:01:02
Budget,E-Budget Hira Catering System - Penerbit UTHM,https://news.google.com/rss/articles/CBMigAFBVV95cUxNUWRSRU1IdHRmNlVFWm4wdkZ5YkRJX0tjNHJrRFdUVTdxeXRiSnM2S1RYLXVzUF9RTndGSXM0TnZyN3VGMXJpSER6YzR5bzVPQ1Jrd1o5a1ZxTjlucXhBYnBkak4xMjJVTlRLWGNhbTBzSG1QTFlFMEpiREFNcm1iag?oc=5,2022-05-06 07:00:00
Budget,Malaysia Press Release 2024: 2025 Budget Statement - Funding Societies Malaysia,https://news.google.com/rss/articles/CBMickFVX3lxTE5MeFFqUVNuVHhkTVE4eXdkdnJ6Z2pDME9HV2lieVJJb0NDQVlPczNkX2NwMWZhbWgwZkdwMGZrZmNPQjBCdFplcFAtX3lkSXJ0Q3o4XzRwWk9mVVFlVFB0SU9OT0FVc3djdlZzek5KLWpwQQ?oc=5,2024-10-18 07:00:00
Budget,"PRESS CITATIONS Bernama - Budget 2021: RM300 Mln Allocation For My30 Pass, Special RM5 Pass For School Students - Portal Rasmi Kementerian Kewangan",https://news.google.com/rss/articles/CBMiZ0FVX3lxTFBwQXFEZFJyUU1sbDRTZnRhWlE5QVpyM2E2YjllUnRpa3g3NW5jNWRsdHB3NWJ5SmpuWmEtcy1JVUpsTWdFMzVzQjlvYjFocmUyUmZ4QXdGVmlXSVVnd0lvRTN5RVROQW8?oc=5,2022-03-17 07:00:00
Budget,Budget 2025 Accelerates Malaysia’s Transformation in AI - MyDIGITAL,https://news.google.com/rss/articles/CBMijAFBVV95cUxORGo5ZHVEUDVWc25icERYcmplTk1wX3dqS0ZDZlR6V013RmFYdzB0d1dPanFubDdqU3c5czdJS0Zha2REYkJmaUtYV19PQm5LZVY2bnVIMjEtUHViY0g2TUZlZndtZlJpbW1zTXppdnFDaFpTcjEweXZSQkRqODhsMWxEMEFTUVJrX1MtVg?oc=5,2024-10-22 07:00:00
Budget,"EXIM Bank Malaysia Lauds The Government’s Budget 2025 Theme: Revitalising The Economy, Generating Change, Prospering The Rakyat – EXIM Bank - EXIM Bank Malaysia",https://news.google.com/rss/articles/CBMi9wFBVV95cUxNWHZrOFFKN3VDbnhhaF82eENQLWRkU0NRTlRRdzZLckdGemU1MGwzd1VVSGpJYmZzSy12ckZRbVM5QV9fVmZadkxuZmNwQ0N0MS02SzRqSEVmQ2JjdjV6NHZORlJmTHF4cVJkQzFGTGkyVzU2bVdZcGRpWUZ1bkd4bDhFWU55OFoybl9HNFlZYTBsUlQ0UnN5QXQySTd5T0U2RWtkaFBaMTFsMFJJdFJRMEhYal9HWWJDdEdwVWU0bGJ1VGdvQ3lwRkx6eU1qV0w4aHJhV3JfWGVDOG0wV0dhSTdGd3JuZUN0MG9SUGFFWTJLU3ItVnJN?oc=5,2024-10-25 15:42:42
Budget,Budget 2025 - SME BANK Malaysia,https://news.google.com/rss/articles/CBMigAFBVV95cUxQRzY4ZC10Zy13TmJMTGZoNTkydjBsSjkyNXdyYWJBeDl0VmdDTmVzN3dSUnBkQ0V3Nlc0cDYzRWFtVUppc08tSmxQc1hyaTUzWjFPZUZOQ1FFNkc1N1VzSWhnbGVfVjZiM2JzSTJwenowSWhOSzhob3p5Y0tYX2dxYw?oc=5,2024-10-21 07:00:00
Budget,Budget 2023 among focus of 15th Parliament Second Dewan Rakyat sitting - Portal Rasmi Kementerian Kewangan,https://news.google.com/rss/articles/CBMiwgFBVV95cUxPSWVZcmczVmYwZzRTU0o3OWdna2Z2c0xsbWRtaU1Ra09jVEFMZENtOWFlTzBMa09uRXdESllLT2VsSm5JR1hwX2hOOTZRMjBXVGxRYjdTVk1UcUttUERWNHB1S3VZeW5UUWRWNXF0VDgyNkhBSVMxSjN0NWVCR0dqeHJCZ2pCc09NR3RHUU5ldktoRzY5YTdrRWtiM1JDYmczR2RCbFFqd1E2VVc2N1EtVDFhSDNVb09ZQjluTGlFNDI4dw?oc=5,2023-02-11 08:00:00
Budget,BUDGET COMMENTARY - UHY Malaysia,https://news.google.com/rss/articles/CBMijgFBVV95cUxNX2t4T3NVMG9CeHV5dHN5MHpPajg5VEVxNzJIN1dLc2dlYS1BQlRkWWJ0QW8wakZIVGUtU0l4RVdNV2dJRGlWcjFKTTh3RnlyTGwtc3VnOFR5eEdlbUZSX3ZiZ3BiWGZYTTRMN29IbEVqRTUyMm5HdW1xeDdwRlNWbVJmbTZNQ05OSzlWSENn?oc=5,2024-10-18 07:00:00
Budget,2025 Budget Seminar - Chartered Tax Institute Of Malaysia,https://news.google.com/rss/articles/CBMia0FVX3lxTE5oYW5ZSmktZFo3SkhZS2NYYWJvX0llR241eFExclhjR2RvSkdZODY2cXVoblMwZ3NnTkJuS2pScmY1R3pVSzcwVnpzX0NFUXFhWFc5Smo4Q3p4U2ExdTFqbzc2VW5jV2s0cG00?oc=5,2024-11-21 08:00:00
Budget,BUDGET - The Malaysian Institute Of Certified Public Accountants,https://news.google.com/rss/articles/CBMiiAFBVV95cUxONWdfclBBYV9vYVhFUzdQMWg2Q1ZZNmtDLXF2WlZERmpfNlBQbkFjZGNuODJib0NqZi1jbVhuUmEyQWlwTG1ldjBaT3VxSkczdUpYSTNVbHVvODlrZ0J0SVdxdE4zY0RZQkJmWHAzS0FPM1lXUHZEdDdUYXFCT0F4WldBai1saUJW?oc=5,2023-12-31 08:00:00
Budget,7 Key Budget 2024 Highlights Impacting Fintech in Malaysia - Fintech News Malaysia,https://news.google.com/rss/articles/CBMinAFBVV95cUxPakZiVkZtei1mX0dDYzBRYkxCVHR5SDZuY045cjVNZURhQXJsOEFYV2syai1IeV9ET0pmTXl0eldQamU1UXp2NnFkajUxSG84QmtWb0hBVVdvcWIyeFFJMHNaWWphenJhb29wdmI4ZVQ0YzM2YkkyTjRGTGZoN2JhdWRZLWJyb3B3LXZuSmVyUzJCQTE3M3BPNDl1Nko?oc=5,2023-10-18 07:00:00
Budget,Budget 2024: Gov’t To Implement Initiatives Encouraging Women To Rejoin Workforce - Portal Rasmi Kementerian Kewangan,https://news.google.com/rss/articles/CBMizwFBVV95cUxQNFpvV1NVU1JneUVjT21iNmU4clBXbU1HRWVBdWw4TG40VDAxbGY4UWc0TmlZMUNrX2hSRjB0ZkdKQnBHWC1WRk56V2Zoc1JneXgyOVNMM09jcnFCeGJOLS1CRHNLTmFXVGZPVlBhbl9BV3VDZUxLZkRia0o5SW9YYjJyTk44ZWpPQkprd1paTXZlOXYxM3hjdVVXT1NBeG5MMUVhbFAzTXllUUFLc0thSG9BdDF6RURxLU93MTl3Y3NoYlJuUFFMMVE1ekY2RHM?oc=5,2023-10-13 07:00:00
Budget,GOVT WILL FOCUS ON THE SERVICE SECTOR IN BUDGET 2023 - Prime Minister's Office of Malaysia,https://news.google.com/rss/articles/CBMijAFBVV95cUxOVjZCcGlWMjZpS2pRUEZ3TzBwQ3JuYlNIa2pTNXEwV1IwdFRMSndtLTQzcmp2WnVoWGk1WGRDNVEwNzFSU2J4Vl9YYThDNjllck1qeml2NXJ5b2RUNGZ6UUNUQV9jdWVFUE56bnktU3dBZU9IRTdLclcxSFdEVjlsaGV2T1ZJRVIwanRsdA?oc=5,2023-01-17 08:00:00
Budget,"Policy insights into Budget 2025: fiscal reforms, social protection, energy and climate action - Institute of Strategic & International Studies (ISIS) Malaysia",https://news.google.com/rss/articles/CBMixgFBVV95cUxPakFKaGZzRmsyOGRBSW00NjZJUGJDQjNRLTRfUjlpSDM0TENQVGNMa2w1X19palg0dnFVZU1hdVJUNklMZUIyc1dyazJzVUc5WDF6c0c4U0FOSm94TkoyVmNqT1B0dkxydFczMU9fQXVQTFY5alRtckUyVUVjNTVvcElNTjloQl9EeV9zaHZ1Y0xBRHpRaEVVQkRpY1J0WDZtODM1blVKcDNncUJ2NHFURkVWTEtoRXpjbFdJTUdOclVoNGhEVEE?oc=5,2024-10-28 07:00:00
Budget,Fiscal & Revenue Budget 2023 - Portal Rasmi Kementerian Kewangan,https://news.google.com/rss/articles/CBMiV0FVX3lxTE9pelNBVGZEVnV5N1hSM3BkcVBEUG9HemF3SzRoc0Q3TVBmUkN4RTYtZ1BvZzFNc0NJb3UwNk1KWU45N3ZFZVZUZV8waVoxV0NTRXNNbURkRQ?oc=5,2024-07-29 00:50:17
Budget,"PRESS CITATIONS Bernama - Budget 2021: RM5.1 Bln Development Allocation For Sabah, RM4.5 Bln For Sarawak - Portal Rasmi Kementerian Kewangan",https://news.google.com/rss/articles/CBMiZ0FVX3lxTFBhcjA0WHRISUlUVkRoc0ZKT01GbTNrTHlkU3R4ZlZsRWl6VEttREFTMlMtNDlaWjdnMDNqRW5DWGlkd3gxTU5yQWZ1dUQtaHpmN1prNTJqQlBMSjVpRThSZGlORmdNYTQ?oc=5,2022-03-17 07:00:00
Budget,"Budget 2024: Gov’t Provides Allocation For Institutional, Legal Reform - Anwar - Portal Rasmi Kementerian Kewangan",https://news.google.com/rss/articles/CBMixwFBVV95cUxNUnQ5TkRoSDlFZWd2Y0hDME8yRWdJSV9aX0NuS3pZNWFpNW5nLWlTaVc5enRQNUE4QV8xRHFMZGJIaGs3OUxaUTFHU05PSUUyN2pCRm9LVWNlVlh4N1RNUFNKb1VVR2U3d1JvZ3BvQ2U5ZTRITnBfQVAxZWZxenF5YzNLb2xmVW5qYVctSkFrNzV5VTR0N3o5cmNPYkNpdzB6TXJCMk9pdnlsUHo3bXRXQ2xPVi1jNGtvT2FvUVBlZ3ZWdDBGTWtr?oc=5,2023-10-13 07:00:00
Budget,Columnist: Dignified Economy for Greater Malaysia – What a bigger defence budget means? - Air Times News Network,https://news.google.com/rss/articles/CBMiuwFBVV95cUxPeUZ5VlVDUkc1b1NRdDNqWVIzVWU5b2VQcU9tdnZfQ1N5TGhvOUd1ZkVPeFZ3bVh0dEZWWGpKNm5jcTFHNmJ5WGh6bUo1bzRPZ00yRy1hYVRYWHctR2JNS2NRNE5kX0MtOEkxWjRwa0lad2VmODU1b3YzTUtpU0NZZm9tbnhzSXB6YnVWZ19GU2pMVmFrZVNIUm9ySWptYnZuZFBDb0JLOEZJbWdpLUdGZVJXR1BpVnhuSS1n?oc=5,2023-06-05 07:00:00
Budget,Budget 2025 - Sundar & Associates,https://news.google.com/rss/articles/CBMiSkFVX3lxTE9mSVk2a3hvWkQydGVhbjZSMmlzNU90RDdXclN2YXhaSGpVUTRRZVpiRllvT3pmT1I5b1QyYUFEbm5DSHlhb2Z0clV3?oc=5,2024-12-17 02:35:27
Budget,BDO Tax Seminar on Budget 2025 | JB - BDO Malaysia,https://news.google.com/rss/articles/CBMic0FVX3lxTE1PSHE4MnFnYXk0eDN2OVgxb0RjeWlEVGV4QzYtZnB1aDhfT0lkQy12YmtUY2Y0Vy0zWHMyelRPa3BUeVY0LUJidEczWkFwOTNHSzFEVndGODFJazFPaVl4Zk1qUmRnbnVyUWVidTJBWkJMeWs?oc=5,2024-09-09 23:51:00
Budget,Smart Meters - myTNB Portal,https://news.google.com/rss/articles/CBMiTEFVX3lxTE5fYV9SamNPcW5TU0x3T1MxWHBkR1NKSWtqMGJWdmJOT2VQWkxyLURxTW8yRGNxY3JFT3dNVDZ6bGNBVExJTkFHaTU2RFg?oc=5,2019-11-15 01:16:49
Budget,Malaysian Bar Budget 2025 Conference - Malaysian Bar,https://news.google.com/rss/articles/CBMijwFBVV95cUxQLWdETmVlS2x0VjRtaUY1NVpud19wblBFU3JTWjlEN3Jhc1hxTjdPa1doXy1lclVwQXZvbkl1ekswOVFPcTlUczhjcklvN0tIM0Izei1RVmNHSkF1QS1lSnNsTDlZQVNJZkZZMUItR1pmYTJDbHJKUTAzOWxYaW01VHBLZTNQU1BCWl9XclJGaw?oc=5,2024-10-04 07:00:00
Budget,Budget 2025 Speech | 1 - investmalaysia.gov.my,https://news.google.com/rss/articles/CBMie0FVX3lxTFBVX01nQUpnQ3ZqT0ttczVfdVVZUjJ4LVpTSmZMZDBnVXJGNU9nVEpBZGRZMkwxQVVreXJtRHNRcjlyUTBXbGJHOG40WnoyWmNIOHhFTEM0UmlGVUhYellhMl95ZjVXM19yZVN3NXhXa3Jac0pBSXN6d01jUQ?oc=5,2024-11-01 07:00:00
Budget,Budget Transparency in Malaysian States: Key Findings of Malaysia’s Open Budget Index (MyOBI) 2022 - The Institute for Democracy and Economic Affairs | IDEAS,https://news.google.com/rss/articles/CBMi7AFBVV95cUxPckwzTjVXZFNIb1ZmdXRQWVZxY1NzckRrS1JRdzZnd0pVNmRvajcydVVUQlpPckNHQ1NXbnZaU1JILTF0Zm5OVjFPY0M3d3FLcTh6bzhlenFjRWpfMmI5bUQyMGpUU2FDcGFaRlNhR2JZb0lJc3EzSkFUYVo4cFBJbVJkdXBod3FvbUNBM0NreGZIbUhtX0RQRGNHeDhORU1KYmFVQlVCeGlaQ2VIUHFSOWNOdFVQaVdiOHYyU0RfT0dFb1BhbWItR1J3bEpWU1FvUV9NOTE3TndBaHFoZWlPaURVTU5vZ1k0T1F4NA?oc=5,2022-07-29 07:00:00
Budget,Tax Budget 2025 & Digital Conference - Ticket2u,https://news.google.com/rss/articles/CBMif0FVX3lxTFBhS3QxeXZVSk5NRFhhaVhNdnZLRzMtTDQyNHpNc29MRDFxdjdYczlZdUlNSmpLX2N2M29MNURuZ0tNT0IwWlRIc0hWSGliU2hJc2JIR1JQVGw5alhQU0RJUlZMQkV1LUc0Vk1ENlpjbENkUjdKMHBXT2h0T1QxdEU?oc=5,2024-08-29 06:11:04
Budget,"National Budget Sparks Innovation In The Heart Of Kuala Lumpur’s Creative And Cultural District, Backed By Awarded Grants To Improve Liveability In KLCCD - Think City",https://news.google.com/rss/articles/CBMitAJBVV95cUxPTVJua1NuX3JkOFFnRUdoOHdDSUdZYnJ1NXluOU5HZmtXM3JlcU81b0tQQUlESUctV3ZjLWFjQ0VVUnQzYm9FR0g0T1I3enlubjRqUWI1b25SMndITVlOeC0wX3ZfWHV5b2RJcWRxZVFFU2o3N1YwSk9wY21zRjVUZElyRGctNEhrUXZyUFF1Y0NxbGFGUlFlVVJoRHlDa24yS093b3ZhUWszSzN4Tk9Kc05qbnc0ZS1RLXo1THYxM1hrbWk0M2VLRElvY0FDbERnZ1JQdjhKWm4tbGxJRzRaZWFhWG5LQzl0VUp5SGpxREEtdWpPNVBnMlktTGV4U3FqWHpDc3NjRTJqbmkwaU41V1haZmxrQzN5TzJxY1FIOTdPZ3lzbHFIUUpKZzNzMXpZaXFhTg?oc=5,2024-07-16 10:32:53
Budget,Budget 2023: Felda rubber smallholders also eligible for RM800 monsoon aid - PM - Portal Rasmi Kementerian Kewangan,https://news.google.com/rss/articles/CBMiygFBVV95cUxQSzB3RGJ6RmMwMC0wUUF4WG5YT3JHWUZBVGp4QTFGQl92U0h1a3JVQzY4Q1lhT09ZUERGQXNRM01OS0V6Z0YtVnVJNElENHNiWmRKaDZKcGZwaVdqRmNyTDJxRkVKVFJUd1V1aWZPOTU1cU93eGE4Q051a1UtX3lmd3BKOFpOMkpnYkdvdVlFNTNoNnFvYW43cU1YczJ0X1NNeFluNDExc1haSjBoWUhYSDI0SWg1UDhMMXJxM05meUpYVV9xdnpmS2dR?oc=5,2022-10-08 07:00:00
Budget,Budget 2022: Gov't to continue digital connectivity efforts through JENDELA initiative - Kementerian Komunikasi,https://news.google.com/rss/articles/CBMi0gFBVV95cUxNNmRvWDVoYy11VnVDZ3FhNnRLdnRFazBUUHlSUjdMSjVobEN5UHVzT3ppTlV1Nk9SSmZoWnktTlA0YTVlMUhIemV6NzVoUFIyTEEwcVlZbWk1VFpFSFhMekdfWVd3RUZNTzdUT1I5VTRDQ05fVThmZExRbW92MDRNcG15ZG9BcTRTWk5qVFlXeUFNUkFfSk41UE1ZNmtUMlVYNUdJbG5FejhQaEJmdXFJNkpCeHNCLVZKbUEyUEtYVDJFWmRNLTl1U1RuTThhZGdzNEE?oc=5,2024-10-29 07:00:00
Budget,Budget 2023’s investment in education crucial in road to recovery - Methodist College Kuala Lumpur (MCKL),https://news.google.com/rss/articles/CBMinAFBVV95cUxQOUtTSXRuVk9wT1hhWHlBS3p5akRIbUxpUktrSjBvemVuMTFqazJsMFBuRVBic3haSGh4c0F6dTlkd2tER085ZDJWdUpUZGpnWmY3Mm9PenF2NW9pbk5VVDJtMTBPVDc5aElTM2g4TjdaQ2FnOHdQR3poSURRTUpwOHUxeThBb0wzTDlWTTdVTFliWGhwZFB4ZndPelQ?oc=5,2022-10-28 07:00:00
Budget,BUDGET 2023 SPEECH - Portal Rasmi Kementerian Kewangan,https://news.google.com/rss/articles/CBMidkFVX3lxTE90bjZNWVA5emgyM3kzX1FnWVZNVF9BcHJ2S3dYSTVuMkw2LXpwNW5DM1dTS0h5OC11ZGVYbFplY3Z0bURnZjBSM0lncURpcG40V3pQWFJDbV9naEFuZmhZVTdFbl9oQ2FxbDNjbkdtNGZfUnl2cnc?oc=5,2023-02-24 08:00:00
Budget,Securities Commission Malaysia's Comments on Budget 2024 - Securities Commission Malaysia,https://news.google.com/rss/articles/CBMiqwFBVV95cUxPcXJlNWdRdDJMcWgwaGNRQWt2V3pudXZsazJYRm5ibF9SRExCajVpamdFeXBJcXBIeXJlT1I3SDBiYXR6bm1jdGFZeElLQzVvX0lFWXVVaUk4UjhkZjRyVTlNTjY3Z3NLa0JnUFh2a3cxUUtPSnhiRFJEdll4bDVDclFTUHhELU55Qkp0UUNFTnlBOHo2NU5ZcEtfdlBlaEpTODVHeWdhd2Vpalk?oc=5,2023-10-13 07:00:00
Budget,2022 Budget: Allocation to increase digital connectivity at 47 industrial areas and 630 schools - Kementerian Komunikasi,https://news.google.com/rss/articles/CBMi3gFBVV95cUxPU2poWUdtak9oQmtDZFpiWmhoeU9MdVktQlhrOEJkcE1maGZHUVZRT1czMjBWSU1YaEVmbm91SGF4Z0RNZEZMOEZGVEhwYzFkcGZhSU9mQ1hiQ25DeE5fYnRrYTJncTBnNnhBR0JycEdMMk1oZkVwX2FoZnZjV09pejRxcGlYNFV6Zjd5UnpvZWFMS1JOQlJoR2R4NHVNTUt6UmEyMWVRLUxOM1VlRWdJRlZ4SXE2RV9UT1k5bWZiYVJNS3dDRGoxemJuaUZIZjJLbG5yVk9ZV1FZU0NBY3c?oc=5,2024-10-29 07:00:00
Budget,Budget Planning for Student App - Penerbit UTHM,https://news.google.com/rss/articles/CBMigAFBVV95cUxNVlVhbHdzM3pVMl8wUWkxOGhGdVk5RXJxazNGQ3NMRl91OTJlTTV0bmV3Sk1lTGpMNWV2THUxTGVzeHVCTHNYY2NJeWc5RVBtZFNkQWY5TjRSckFidUFlN0c1SGxGbmVCWkNpNlVxdzIwUUtLSmswNERkcWJyMGxSVg?oc=5,2023-07-20 07:00:00
fiscal,Portal Rasmi Kementerian Kewangan - Portal Rasmi Kementerian Kewangan,https://news.google.com/rss/articles/CBMiP0FVX3lxTE95NFp6WUZ5ZDB5dTJ6WkxmTy1PX08xRXZRMlBNYmVVNFRYQXFXUkRNNkVJTmVtbXhHX1JjTFBqYw?oc=5,2021-02-02 01:22:18
fiscal,MyTax - Lembaga Hasil Dalam Negeri Malaysia,https://news.google.com/rss/articles/CBMieEFVX3lxTE42bERGd1VWYXhjYkZXbEFsWUQ3MjB2NElmTjZadUY1ZEJKRF9hMFp3UDIzWEJvYXFXY3psSHVvZDdVdlMzLWxIMkRVUDNJbmRFYm5xOVc2eklXX29DOGFiYnNSQS1kRk91RVUyal9fcTNZbF9maHVzYw?oc=5,2023-01-11 02:44:42
fiscal,More on AGC - Jabatan Peguam Negara,https://news.google.com/rss/articles/CBMiO0FVX3lxTFBHRjA0YXpXRndLMzJWSHNBMENidnBSazVzb0ZxN3g1ZVU3UFRHQkpobXFvVFVOR0N0YkxJ?oc=5,2021-07-25 00:37:15
fiscal,INTELLECTUAL PROPERTY CORPORATION OF MALAYSIA (MyIPO) - MyIPO,https://news.google.com/rss/articles/CBMiPkFVX3lxTFBCRnRhQXVQN1pha3NRSDR0b2JsRHlTdnNES0prejVqZDQ0TkhzcU1CemhfdEpQcW5iOW1FeFZR?oc=5,2020-12-13 09:31:23
fiscal,Media Mulia Sdn. Bhd. - Media Mulia Sdn. Bhd.,https://news.google.com/rss/articles/CBMiREFVX3lxTE1pV0NqMjc0OUhXbkVGWENVSEh1dDlnejlNdDltOHQ3cVJjTUZqWDF4LUpkSXQzSXZaODNOeHVMZmRjNlMw?oc=5,2020-08-04 03:57:46
deficit,Untitled - Portal Rasmi Kementerian Kesihatan Malaysia,https://news.google.com/rss/articles/CBMiogFBVV95cUxQcERUUzVobEl1T3M1OXA1SzRCNWpmNTlIdGs4YnIxRkFoUzd5bUI0d3FIMzFvZFpzOXhmaWtWM250cGduLXpJTThRb09zaFgtdV91dFVjUF81SWlSZE5JX2VfX2Z6UXZHQUx4TUpsQk1pcEZ3NVdLYkJ2SEhWLWZpT1U1aUo2WmpYcTRYNzA4MS1nQWo2WWxWd3Z6LTJSUUJUbkE?oc=5,2021-04-28 10:36:46
deficit,UNIVERSITI PUTRA MALAYSIA DEVELOPMENT OF WEED COMPETITIVE RICE VARIETY UNDER WATER DEFICIT CONDITIONS THROUGH MARKER-ASSISTED BA - Universiti Putra Malaysia Institutional Repository,https://news.google.com/rss/articles/CBMidEFVX3lxTE5OVEp5c2Y5LTRvZ2tYTWN3TWtrWHZWb05XVkJ5MWNLc0puWkgtNlJ1YVZpb21sVWFjSjNXcHJfaTRvQU5TMzBwOTFxUElVSU5RZmhLWnVKT0hPSzFjMW9TNnZOVERYTmIzTFZ1Q1B0Mk1qNnRF?oc=5,2019-05-31 04:32:56
deficit,Target of reducing Malaysia's fiscal deficit to 5 pct is achievable – PM Anwar - Portal Rasmi Kementerian Kewangan,https://news.google.com/rss/articles/CBMiygFBVV95cUxQM04tR1hsZFk0a0stNmhRMEVxUDBkN0JjU25GMWI5ZmhHdTJSZTB1dTZsVVJ2bWtORVIwODJjLTNGWklmZ3duVlk3VVRoejhjUlJPT2JWcmFwcXBGdlFLeDFTcXlfdDd3b2RWQ01ncHVBSDVreTBnWkJYblE3TldjNFFKazlwNFVadTJWNGFmcHQ1UXotZDhQUmllUjJXU2JKcmsxQlBCWHpXZXNXbHVET21WUmU4QWtNNUNxWFhBSXhqdU1pRTA1OE9n?oc=5,2023-03-09 08:00:00
deficit,Classification of Attention Deficit Hyperactivity Disorder using Variational Autoencoder - International Journal of Innovative Computing,https://news.google.com/rss/articles/CBMiYEFVX3lxTE5lWUZtUFhzRUFkbkVfSWFZTHJiMUxFQW12LW9CRjJwaGJCdmhJeHcyUXdZR1JPUlBQbUU3ak90ZkgxRmd3WHFxUTRCdEgtY19WRmZiWU9ScExCOTlDNkhjVA?oc=5,2021-10-31 07:00:00
deficit,Hyperactivity & Attention Deficit Disorder In Children May Be Linked To Chronic Snoring - Beacon Hospital,https://news.google.com/rss/articles/CBMi0AFBVV95cUxPdDQ2dEVJaWxYQVIwcVpOTlNWdElyRWNNa2g2THZROTdtdUNjbV9nclVNb3RMZW1rdm0wbDN6NHFsYVYyZnN3aUNmdDZhM3hjNWc2ZjhZaGRWQUJDUnpkWDk1VWZTSDVaZ0o4N2xZNzRYbWx3NHRYa29zY3FkMVJLZEp6Y2pFZWw5bzFpMjJsRjBEMHpGTkFiQ0pST0ZBcDV6RFlVNzhrSTF5bjBBYjZidmhpNlB4Y1lQYm9xcFlPU2FFZmhkTU1uOU8xZFZsd0N5?oc=5,2022-11-29 08:00:00
deficit,"UNIVERSITI TEKNOLOGI MARA IMPACT OF BUDGET DEFICIT, QUALITY OF GOVERNANCE AND FINANCIAL INTEGRITY ON ECONOMIC GROWTH: WELFARE AN - UiTM Institutional Repository",https://news.google.com/rss/articles/CBMiUkFVX3lxTE9FdW1TaV9zR1p4TVR1Unpzd3lqSTc2S3h5MFlGZjNHaElCa0szYU4waVNNQXRVNmVxWXZCeHVzdUNUckp4RVRwM0Noc2lfSVNfOFE?oc=5,2023-03-31 03:03:54
deficit,Attention Deficit Hyperactivity Disorder (ADHD) - Gleneagles Hospitals Malaysia,https://news.google.com/rss/articles/CBMipgFBVV95cUxNb19UNTZ1YVM0NFhOOXlFTFQweUdVbkVaTHd1WDFzRDgtV050ZFVzQVdHUTJiR1gxS2dQcVNkZGhtS2ZoSTh0QVhtZHZCQ18zd1hhckhLVy03THdyM2VfaUtkeEhNSWlTU1hYdWtvdHIyQVpTRV8tQ0ZEeFNRdERFVHA5QUNvVVgyYmxtNUVzekJtTkduVTVQb0ZSZ1ZaVHpycUdITEp3?oc=5,2023-12-07 14:32:57
deficit,Raising debt ceiling enables govt to finance budget deficit in medium term – Tengku Zafrul - Portal Rasmi Kementerian Kewangan,https://news.google.com/rss/articles/CBMi2gFBVV95cUxQWHJ3MEdfcDlTb1pHV29BV2FmUUlvSXd3UGJWQjRoSTBGdzEtaDdoWHVVeHczRktiazlLUE5YeGkyNndlLWdWTGRzdHhzTlZmTENORHRLMW1aMlNiVldJQ0JNMEExcmJPQkl6d211dkg4dHd2VFEyZ0hoQm5FclhLUEZRX3l0WEd2cE9JbV9VeERiWVAwMDQ0T0RSNmlEb2UzUklKeEJ6emxVV0txRGVWY19CVHo2VGlKQUZvR3BVVHVhNkI4bUljTVlGM2VUR3hWS2l4MEp1Q0dlQQ?oc=5,2021-10-30 07:00:00
deficit,THE NEXUS BETWEEN FISCAL DEFICIT AND ECONOMIC GROWTH IN MALAYSIA - eJournal UM,https://news.google.com/rss/articles/CBMiZ0FVX3lxTE9aZnMtSFEwbnRiQkE2RGR1MnNvNktaWHRGT1dSUVdOQzFQMUp5Q0pwbFM1TDZmQ2R5TVlfMFFYNk8tMDE1ckdnaEQ5aERDZndXSmhKU09pX0xkd2RqUlFWR1EyQ05yT1E?oc=5,2020-06-30 07:00:00
deficit,Attention Deficit Hyperactivity Disorder (ADHD): What is it? How do I get tested? - People Psychological Solutions,https://news.google.com/rss/articles/CBMiqgFBVV95cUxNQktrOWV1bVAxU0lUNDAyMEIya3BVUktDRW9pSHc5RXMyajhHS0pCZlg5VE9fOEpaY1kxcGplcmx6dUxaUGU3UGpsNkhDZFVKd1UwMUt1Y1BMY1ZOQ1RPSkZYeGc4OUxiU3N0ZThGbHVucXhUSlN1RHlIaVVIdUpVTzRsQ0JVcGZmZy1zLTJlanc3V2o4MEs3UmZjNUF2c2ZsSVh3YU9vOXRYZw?oc=5,2020-10-08 07:00:00
deficit,"Clinical, Biochemical and Radiological Factors Affecting the Prognosis of Neurological Deficit Improvement in Spinal Tuberculosis Patients at Hospitals of Sabah | Borneo Journal of Medical Sciences (BJMS) - jurcon.ums.edu.my",https://news.google.com/rss/articles/CBMickFVX3lxTE80aVAxdTJENWdtX1BxUV96VTNBQlF2T0JYckFidjNkRjctT1A4cVR6VVVZS0o5Q0VSZ0QxcFZBSnRNZTdVcWloWWNJQUdhbTAybDFSN1ZYRktOajBWVHNMMXUxM0g4OF9Bb19fUDBmRGNhQQ?oc=5,2021-09-30 07:00:00
deficit,Understand and Manage Attention Deficit Disorder - Avisena Women's & Children's Specialist Hospital,https://news.google.com/rss/articles/CBMi5wFBVV95cUxNWFphSGxLcUlZOG1GRFFFdTlCZ3d4RzhOZHFRU1dUbW0tTnZWaFVfNW9ISUhFTFZINXNVLTBBakhxdERDb2Q4ZGV5VlcyVDFIMzVaVF9YY0JGeXR5dGgxdEpjUmVjSFVkbHNvU0hHZ0h1Y3FnY2JUcDNFUVlpUkktbHZqTXgxeGh4cmxNOXZ0MzJGRGRXWjd0X1d0V2pFVU15akdzaWVQdlBtcEcteUlxVkZkUGU3dlhWaFR4T2ZSeUs3dGVOT2otZ3NlZWhFcmRvY3ZCODJmdVdaQjFrS2xsT3VtenNNdnc?oc=5,2024-12-28 08:00:00
deficit,How To Calculate A Calorie Deficit In 3 Steps - myprotein.com.my,https://news.google.com/rss/articles/CBMilAFBVV95cUxPTXR4VVVSWGdDVXRlazdfb0RJOGN0QXVld1htdlZWdm5STXJGcm5mT1JJMmtLQ2lYNGstNmhxYXU3LVRtRWRCNkd2WkNmNFR1S1BDcVRHc0pLUmt3TnZEOWhCNFVxYnVSY1E2RDR2MHBpLXZncThOdmREOE9iREFVbF9sc0pjZXkzYTNjUXJ6ejR5MUxG?oc=5,2022-06-06 12:40:22
deficit,MANAGEMENT OF ATTENTION-DEFICIT/ HYPERACTIVITY DISORDER IN CHILDREN AND ADOLESCENTS (SECOND EDITION) - Portal Rasmi Kementerian Kesihatan Malaysia,https://news.google.com/rss/articles/CBMikAFBVV95cUxQeEk5ZDk1TlNmaUNpZHN6MU5iVXBJUDE2S1ZaVnpUMXQ1bG1NTEk1NFVybE51Qm1VcGRrbmJIRGM3N1lXejVIWXJDRHR1V3VtS1lPRDFRazNYVzE3M1Yyc2xjS05GRi1XVkVzVHJzQUxDVC1FV3V5MjZybEJTcFdYRGF0ME5jckZpUnAwRnl5RXE?oc=5,2020-09-04 03:28:55
deficit,"Oil Price Transmission, Deficit Financing and Capital Formation - - UKM Journal Article Repository",https://news.google.com/rss/articles/CBMiYEFVX3lxTE5DQ2hHLUdxaHFzSVhYc3hqbkFzRTJvTGtJM1hESU8xTDRhdE1wdzV4X29VS3QzdXl6S3F2NEFwZ19taXNKem41UkswLW8xVUlaQnVkWWNrank3S0Y3S0Z2OQ?oc=5,2022-04-28 07:00:00
deficit,Malaysia's 2021 fiscal deficit to hover between 6.5-7 pct of GDP - Portal Rasmi Kementerian Kewangan,https://news.google.com/rss/articles/CBMiugFBVV95cUxPbUtOblB6ck5ST2twREtzTm5aZF9Kb2pGZUNzT1B5WU16MXVBYTJXODRwd3M5U0hheC1Famhpemg5YXhrZFdwSThQSks2UVZxeHhvSEZLQjZxNXhTOFdQQk9BSTBGSkFDTkpxMWhPcVVMbGpRNkY3ZGh5XzFzZW53RjdzUDJyb3M2SHB4ekR0UVNKS1MxQUxKNzkwSmFrV0Vrd2kwclhPV0FLWE5MQmduUnRlZEVCY1YwclE?oc=5,2021-07-19 07:00:00
deficit,Evaluating Effectiveness of Group Intervention Working on Executive Function for Children with Attention Deficit Hyperactivity Disorder: A Prospective Observational Cohort Study - The Malaysian Paediatric Association,https://news.google.com/rss/articles/CBMia0FVX3lxTFB4Yld1UnFYYlNaa2h5US16SUJVazZnbWZpSlViVkt5bzIyQy04M3VHN1dYaGFjTlp4VTJpSnF5ZGJ5cVozVV9PSjktb3FMaGFpSHFmNEhGXzlBWnpRUHJyLTdWUWRYajFVSFk0?oc=5,2024-04-30 07:00:00
deficit,Psychoeducation and Family Intervention by Parents of Children with Attention Deficit Hyperactive Disorder: A Comprehensive Review | Journal of Cognitive Sciences and Human Development - publisher.unimas.my,https://news.google.com/rss/articles/CBMic0FVX3lxTE9LaFUybTlWaXp0X2pGMWxHQmMyR3NpNEEtNHNSTVpZNzY0VTJINjlsZWo1NWJZN0E1T3E1RUNsajNJRkU1eVVXbUdndzd4LXFXOENZYjk0QVlwUTlrbHZ6cG43WE1SUlBlNzVHR2Q0NXVsX1E?oc=5,2022-09-30 07:00:00
deficit,Attention-Deficit/ Hyperactivity Disorder Brain Functional Reference: Introducing an Inter-subject Consistency Measure and Dual- - UUM Repository,https://news.google.com/rss/articles/CBMidkFVX3lxTE1pcUNmT2NncmpRX1pacFJWOXd4a0N0MXRVU0RQb0RsX2w0U2JaSjNSbFhyQUJ6Z0FxSklQYXkwLW5MeE1sdFJzUXZUa21kakJ4Vmt0YVpndFR3TFpnTFdGc3V6R3prbXpBaFZldk12VnctWklkQUE?oc=5,2024-08-14 13:01:03
deficit,Polypharmacy in a nine year old boy with Attention Deficit Hyperactivity Disorder and Tourette Syndrome: what worsened the tics - Universiti Putra Malaysia,https://news.google.com/rss/articles/CBMifkFVX3lxTFBFa0ZyVDJKNnV2cEdxdXFYdHRmekw4NWJEdWNINlpqb1Vtcm5hTmd1TTd2aG5yd1NPWV9Td2VmeXk4bEFPYmlGcEZLQWlBNHdQMWlWWlpnRklGNm9VdUVZSEZKVGJ4SEh2WmhMbmF0Tml1XzdzcDVYN0FnV1NWZw?oc=5,2019-08-11 05:22:18
deficit,Development of weed competitive rice variety under water deficit conditions through marker-assisted backcross breeding - Universiti Putra Malaysia Institutional Repository,https://news.google.com/rss/articles/CBMiU0FVX3lxTE44RER2WWV4Q2VZSVlZNlh0VzRINnRrQXl4SXJOeHFtblJJTS1scXlPOG1Da1ZHZ1RORl9ZTkYxWEJrM2hxRTlkR2VpWlJJNGJyWHFB?oc=5,2019-05-31 07:00:00
deficit,Determinants of Budget Deficit in Nigeria - UiTM Journal,https://news.google.com/rss/articles/CBMickFVX3lxTE5ibUtmb1labUY1SjFVTDJHOVhCWnRyek04b0VUT2J2Tkh6c1BackNkOGYtczlLLTdfeFQweTRPd1VXcl9aNVEyeXJncmhwSTFuUHRBMFo2ckVSeF9xSkxjX1ZXenZoMFZRY1NKaHZORFN6QQ?oc=5,2021-06-22 07:00:00
deficit,MEDIA RELEASE - Portal Rasmi Kementerian Kewangan,https://news.google.com/rss/articles/CBMiwgFBVV95cUxQSlNxUHh5bFBZbm43LWxHVkFsWURQYkdudkFjQkQzdHFTVUdIdnItU3kxWWkxdWUwTnpBSXYyQkZiaHF1bXdDbzFCS1JwTjNkYlBjano1YTgycE1JREhHclk5Q2dXRUI3aDQtaTc0OGhDNE9SYTYxZ0ZzUWk2VVBJRVljWnhXWVJjcHlTNHdDbER3bHprT1dwV1pDUVlhdHV3UWxXbVBnYTJxc3RhTDZyZkhXclVUX2JTalFpSFhfZTUxUQ?oc=5,2019-11-02 07:00:00
deficit,Preschool Children with Attention Deficit Hyperactivity Disorder (ADHD) in Inclusive Settings: Challenging but Not Problematic - Universiti Putra Malaysia,https://news.google.com/rss/articles/CBMixgFBVV95cUxQNHJiN2FjZDNKN1RXcTJqQkd4X2NETlVpVUJXVHVrLTNmUzhyYTV2dlAtTHY3UDVhMnY4Wm1SNTFZZUxaMlBUY2RDNjdxRTFkN1dGZmo2cjI3RDBBLUJuaXZFSFVnVk5RbHQydjZEMXI2M2FvQ3VsNTVmaXRjMVFCSTdHLVQ5MjB3cFkzUUJYSmF6ODBQT1o1NllTSDlwaGtFTUpDaHpjTmo4bXJYLWNncjc5VkNoUXdiWEM2RVdNTWZVT1JQU1E?oc=5,2024-04-21 11:24:38
deficit,Dimensions of Learning Styles among Students with Attention Deficit-Hyperactivity Disorder (ADHD) in Malaysia - Open University Malaysia,https://news.google.com/rss/articles/CBMiVEFVX3lxTFB4VVRDdjlFakZmSVV1LXhwY3VCMU5ZczV3OFJzTWNMRmVRaG9lUGZzdTV4dmdEODI4bW9qNkFxcVU5TDZJQW1XSVA1Y0dFNnBqbklkeQ?oc=5,2021-06-09 07:00:00
deficit,ANALYSIS OF TREND AND SOURCES OF GOVERNMENT BUDGET DEFICIT FINANCING IN BANGLADESH - Universiti Utara Malaysia,https://news.google.com/rss/articles/CBMic0FVX3lxTFBuY2pJTnRRQmROSzdXZ2JuSDJEd3BtNTVtQm1DeUZERHRZZE9MTkk1MUcyVFM5Vno1UFlLNlRqMzY3Q29sX25qUUdDOXpLZllWY1Q1OGw5SXFqOXJDeGhKbXlSVThoOEtBSVVoeEVxNzlsWE0?oc=5,2020-12-30 08:00:00
deficit,Attention Deficit Hyperactivity Disorder (ADHD) assessment - serene.com.my,https://news.google.com/rss/articles/CBMi3wFBVV95cUxNb3ZJRFlXd293RkJSUUpvaDNoZlRKeGN4a2JkSGs2TkRxLVJYckxOQ1dnaGs1WF9vaXQ5Z1JxYXNvNGJBaXRzY2ZtVF91cm5JMWN5LWozZGRnUm9JNDU1RVJqUHRaaWFJY0kwN0hwWE1vYm5keVZFb0ZFUzlNcnhYV1k1Q04yYlV2Q1lERWc5VGlPY0g1SjNoNFNQQTBhelpjenFOR1RWTlRjSXp0TS1ieVI1QjBiTWM2amVndGxOVnZQV2tfRVJLOEp5aFdjSmNQR3FRNkZlZzhycEtaOWJj?oc=5,2021-08-02 07:00:00
deficit,THE RELATIONSHIP BETWEEN BUDGET DEFICIT AND ECONOMIC GROWTH FROM MALAYSIA’S PERSPECTIVE UNIVERSITI TEKNOLOGI MARA (TERENGGANU) - UiTM Institutional Repository,https://news.google.com/rss/articles/CBMiXEFVX3lxTE51MnlzZGpxM2xmRE9BWWNpSnoxZTRwY0JLbTNjRzVsaHlsenBiY3pPMHl2MlhaRGN6QlhiWDRCT0dGOGRIaFUzdDVLOTk1ckFidXJrVll6by1sU0dU?oc=5,2021-08-28 14:11:32
deficit,Water Deficit and Irrigation in Oil Palm: A Review of Recent Studies and Findings - PALMOILIS,https://news.google.com/rss/articles/CBMicEFVX3lxTE1PYkZYQ3NKQTlvRFlrZ3NkOUlibmlPTkVxaUVfSGtnckdSU1B3eE1vWnJlNkxYQ3oyRmRLSUxObnpnQld1RHlHQlBhMDlXR0pXbE94cmU1aGlyTlplRE1Qc19EOFY1dGYwckFoNlRuRms?oc=5,2024-11-10 08:03:11
deficit,Untitled - Portal Rasmi Kementerian Kewangan,https://news.google.com/rss/articles/CBMibkFVX3lxTE9DbWZtTWNSeWV2UXNHT3pMbkRqdDBZa2JjQ0V0N0pyZmpvUkVWbWVCMWNvMS1sdU5fYUJMM2QyRUpMUkptVnlrNFFYSkoxOU12Q0hYdWsydnNSd3V3b2FUY3c4bUp5c2VqcWlEeUlR?oc=5,2021-11-03 15:34:48
deficit,"Impact of budget deficit, quality of governance and financial integrity on economic growth: welfare and non-welfare countries / Kazi Musa - UiTM Institutional Repository - UiTM Institutional Repository",https://news.google.com/rss/articles/CBMiUEFVX3lxTE54QUprZ0VDMlY2MUhTZlhTU1p2WHhvbU5FMm9oeVUyV2tBTTdua3lsQWRyZHpXWUJjNXktOEpEd1JITWl0bUc4UHJiS1dJRGFI?oc=5,2023-03-29 20:47:45
deficit,NIGERIA IN THE MINDS OF UNDERGRADUATE STUDENTS IN PUBLIC TERTIARY INSTITUTIONS: AN EMPIRICAL SURVEY ON THE TRUST DEFICIT IN POLITICAL GOVERNANCE | Universiti Malaysia Terengganu Journal of Undergraduate Research - Universiti Malaysia Terengganu,https://news.google.com/rss/articles/CBMibEFVX3lxTE9pSkUtZ25rZlJwS01rb3VIZ2tKWGNuMW9DOHJod0E3cU0zR0hfT2x3RnJEbzBsbGdMTTdJWDVZU2JuNHZXdnZBcDczZlNxcHVKNktybnJKbWVPNDRRcDBOVWtKbzBsekZZc3AxNg?oc=5,2023-01-31 08:00:00
deficit,Budget 2025: Continued fiscal consolidation while safeguarding rakyat’s welfare - ram.com.my,https://news.google.com/rss/articles/CBMiX0FVX3lxTE5SajQzOXRwcHh2N0hXbWk2dzdfWC1YcEtxS1RMVDFUb01idERBWkJsUjdWRDdxOWhsOGRVTHZlc2RwZGJ1Z0IzOXVfX25tZG1BNmZMME1Fa2cyVzFlR2U0?oc=5,2024-10-22 07:00:00
deficit,The effect of Moringa oleifera Lam. leaf aqueous extract on seed yield and fibre quality of linseed under water deficit stress - UKM Journal Article Repository - - UKM Journal Article Repository,https://news.google.com/rss/articles/CBMiS0FVX3lxTE9kZDVGNUJKV1BpY1JyR1hXSFNyQllJQ2dXLWY2Mm5laGxobldwMnZTOFhuQVlCV3l3TDYtNFhmV0hmc09ha1A2RS1wUQ?oc=5,2022-08-08 07:00:00
deficit,Attention Deficit Hyperactivity Disorder (ADHD) - Pantai Hospitals,https://news.google.com/rss/articles/CBMipgFBVV95cUxQYXh3SFR4bnJJQTZJTzFwc2NDaDc5NGNlc0JyMExBX3ZvdHZPZF80bjdxSENTQTM4NHhCTzdXWWZYV0Q0ak9hTW5rUXlMYVo2YWpIdFk5SmRxXzlWbk5SSEpMYmZISmtNS2dUc2taY1J0MUlRTklSOENZUjFqT0ZOYXpjWjVibUYtQ1ZySFo0UlI3RHJKZ2xiSG9vUXBqd0VxSXd4R0dR?oc=5,2024-01-05 10:21:21
deficit,"Govt Committed To Reducing Fiscal Deficit, Keep Debt-To-GDP Ratio Below 60 Pct - Portal Rasmi Kementerian Kewangan",https://news.google.com/rss/articles/CBMiywFBVV95cUxQbTJ4YWlkeks5Um0xSUQ2TEhjSmhPUExzcXJ2WFA3QnFVekFfcTBfZnQtQThma1J4WjBueVFnRHF1bDVzamhTTzJ3aGxnX3dlZVJrQUZkdmpBZWdQOV9LdF9PNWNmX1hESzJzeENkWEk3UlpNcHRSMHE4aV9WVDFKVGZwUnhmSzJSNVJ3VzVndXZ0QVBHQ3cwM0pvS0dzaVg1WmpqZThZV0RZS1pKRHBLbUxHNk03RTlpRWhZMmhrblFOazBaYy1DOWlSMA?oc=5,2024-11-11 08:00:00
deficit,The Effect of Intervening Variable towards Twin Deficit in Indonesia: The Application of Path Analysis - ukm.my,https://news.google.com/rss/articles/CBMizgFBVV95cUxOQkY4RWpXM2MydjJxR0lqVU1uTkdTaHVSeWNkNVdYVUE3YlJnMEN2a3FEUGp2eUVMZDNYNk1MVWpYY0p6VlVXVWlEX3JvSTNBX0VjZXZmQmhLb3FxVFIyeUV3cHhrN0hyOVVaV3RzZGY3b0RLNlBZaENOUUVzZGkwQXZHOUpNRmxTOHdCek9vcHk1X2loeW9mZ2NMZWllVWpBOFVJOWhMVGd0T1JfOC0zTWZ6eUR2WklKRHVlQnU1N3JDUG52b0JpTWs5dEpSZw?oc=5,2021-07-01 17:48:11
deficit,EFFECTS OF WATER DEFICIT ON THE GROWTH AND CHLOROPHYLL CONTENT OF Capsicum Frutescens - JSSM,https://news.google.com/rss/articles/CBMiggFBVV95cUxOVXZQVk13WXJSRnZjMV9Nb1ZhdlhSamxzMU9zYXZvNUZNT0QxWlN6S1pCa2Fadm1La00xaVhzejFYVTVyQnhyN2dicWZOQ29DNUItM0lFcklmZTFYN0dkbFpWTjNfc1Z6NGdJTkV5ZUFTVnR3SThfMHJtcUdyRDE0THZB?oc=5,2021-09-04 06:15:10
inflation,EPF Malaysia - Safeguard Members' Retirement Savings - kwsp.gov.my,https://news.google.com/rss/articles/CBMiQEFVX3lxTE5DLTR6RlBNRk1NNGdCYUZ1T0dLc21BRW42QWNPUGQ3ZV9mbTA1R1luQUxjaEVvTHdOaGNmZTdCby0?oc=5,2019-05-26 04:08:41
inflation,How Does Inflation Affect Your Savings as a Malaysian? - kwsp.gov.my,https://news.google.com/rss/articles/CBMiakFVX3lxTFAtVExlNk52Z1FiSjJYS0RGUnVoVERRaFhYNXZFOFN1WWpPZC1Wdmp3Qmw4N2NYc0dVOEZ0dlRvOTFVc2luQ2RDaVhiM3M2OHIxQ0YyYjM0bTd1d2pUMHR1TVVTcW1IVDRKVlE?oc=5,2024-07-12 07:00:00
spike,MySPIKE - Sistem Pengurusan Integrasi Kemahiran Malaysia - MySPIKE,https://news.google.com/rss/articles/CBMiO0FVX3lxTFBsS1FHYW53dWJXdUxBaE10anFqWmlMc0tBZm8wMEhvMDhfWm96YVZrelVVWGFSWnR3cUdZ?oc=5,2020-03-02 00:14:16
spike,TVET Madani - TVET Madani,https://news.google.com/rss/articles/CBMiPEFVX3lxTE5pLXRqRlR3SDJpSjUxRzJHQkl3Vk52RjJOeEVIMVJaYVZjYkhHa1RwYm0yeXZMRHJwMUstYg?oc=5,2023-04-18 07:12:12
spike,Sports Direct Malaysia - The UK's No 1 Sports Retailer - Sports Direct Malaysia,https://news.google.com/rss/articles/CBMiR0FVX3lxTFBNUVNjQ0ttOG9NTjdZcVNDZUFOY3NVRGxsZUx3QUVwamdsTEpwT0RYTHloQ3N2YzlQTWd1cFZqSU93djNMRWpJ?oc=5,2022-07-04 15:31:39
spike,Program Perkhidmatan Farmasi - Portal Rasmi Kementerian Kesihatan Malaysia,https://news.google.com/rss/articles/CBMiREFVX3lxTE1wcDFNc2ZXNVZOR1BkVDJ4ZWpWdUdURmdJM3N1YzE5QWlrUGcwN0FMb3dRU1ZwNmpLOHludlNiMDFwdThI?oc=5,2023-10-13 14:05:07
spike,Buy Spike High Jump online - Lazada Malaysia,https://news.google.com/rss/articles/CBMiWkFVX3lxTE5vbE1tdkROUVpIUjFUMTZ2NlU4aDJBWXZFOC13R1o5dXg2ZXluQU1lUk1IS0RSeFN4d0xPWTF2X2plOEdGRDh3bUpTdExXbjdfRE44SUltb0Mwdw?oc=5,2023-09-03 04:34:57
spike,Shop Bat Spike online - Lazada Malaysia,https://news.google.com/rss/articles/CBMiUkFVX3lxTFBfNUNoVVNkcEJqRUlOS0pSdnZUNjdkZ3dXUTZOX0JvVU9pS0lUb1gwTExZamRFRG0xaXk2M01CcXVsYWdrVGNCV1JSdk1YV3d6WlE?oc=5,2024-01-25 07:33:29
spike,Shop Kasut Spike Boot Atm online - Lazada Malaysia,https://news.google.com/rss/articles/CBMiYEFVX3lxTFBZXzhqMVNjX0tHZWRQT2o1MnJFNXA2R2hwOUgzUXBIeUg1NGhnOHlBNmQtdkNScFpxTzN3bk1VMjJ4QTdrbmhNT1ZmVWFETGI0ZzRTOTB4TEpnU1c0TmFhSQ?oc=5,2023-09-09 16:35:36
spike,Express Contract Financing Scheme (SPiKE)/SPiKE GLC - mara.gov.my,https://news.google.com/rss/articles/CBMinwFBVV95cUxPWHUxVGNOdHlvZFdqaWFUSDJfejI3RXdybUduaHdhY0VTWE1mNHRtaHNKRzg3dXRqM1Z6U3RVZVd0a1ZZLWFubnhUOXNYSGhoWFVYTlQwc1AtdkJJYVF4RFgyd2p4YVlwMEdDNFQ0ZWxXdENUcnpXeXE5TUE1VUZkNm5KOG4xelFubzdwV1V2Z0lMVlIyd0w4cHFfSEpBcG8?oc=5,2021-03-25 05:04:49
spike,ATHLETICS SHOES HEX SPIKE WRENCH - Decathlon Malaysia,https://news.google.com/rss/articles/CBMihgFBVV95cUxNQjNHVEIxazk4aVd0a2lDNDNhakJzYnY1OUctdVVMZTlIRHc3RGxQLXpxSzBNV0FnYUZDZTlyVWFySmNjT1NkbUJXUi1RNWVCM0llM1dPb3VNNy03ZVBVcm9hUEFkRzl2UU1YamZweVFCakZveHZ0ZWtfTktOQk5VYjB6SHBnUQ?oc=5,2024-02-28 16:28:03
spike,Buy Spike Running Shoes online - Lazada Malaysia,https://news.google.com/rss/articles/CBMiX0FVX3lxTFBpaThmbkx2OEdCcTVoZmE2c2U3NEpvWk10VldIcDV4Mnd6d19QR011dFlqSWVub1l0SzIyNUtELUtqZHRDR3RWd0IzcW1ObDMxUTVHUkc2WXM2Tjh6N1l3?oc=5,2021-03-22 03:54:12
spike,Situasi Dan Maklumat Terkini Mengenai Mutasi Spike Protein COVID-19 Di Malaysia - ukm.my,https://news.google.com/rss/articles/CBMisAFBVV95cUxOb3hzeXZUb1FjTkdtOG43X19lS2FRNDJ6aU5wTThEdzdGQjFsV09SU0hiYXBQSXpxT25FUklhTnBsNUFFYVpkelF0bkgzSmFDMzBmWWlVSV9oV01xS0tlTU1FMmdSRUQ1OTdrcG01RVJuai1BRmozT2lEcmc0c2NXSkhyMHZOM1BmcUxST2FsZnFFRkxDQTkwS1ZjOFlnN2wxTjhJMF9sN3VnQWNEbU5faA?oc=5,2022-01-10 08:00:00
spike,Shop Anti Climb Fence Spikes online - Lazada Malaysia,https://news.google.com/rss/articles/CBMiZEFVX3lxTE1qc2ZSWFVTTU9DdU81Zk9TWmhIbVVLMUQ5OXFWZjNjcnotQi01TzNaUk5GWFdpdG5YRWpJOThNT1YxN2dNcEFIM1VscTlscWlfSm5sNjdBTllHdDFuQnc5Xzd3RUY?oc=5,2021-03-29 04:38:20
spike,Buy Fencing Spikes online - Lazada Malaysia,https://news.google.com/rss/articles/CBMiWEFVX3lxTE41ODNPOWpFYkkxYUw5MEVaang3cE5naWxSRFREQi1NTVozOGREMl9tVkFMM1FIaUVnWlRNZ1hDZGFQMnlMM2JOdWF6d0xjYUtYNVZtUDczT1Y?oc=5,2021-03-22 05:28:18
spike,LED SPIKE LIGHT - E S L Lighting (M) Sdn Bhd,https://news.google.com/rss/articles/CBMiiwFBVV95cUxQdTZmYm5pNTZjVTAtbGtRRGFHMWdNbm5UN1ZsV0dFVEVfOEd1dHhIS2xOWnNNbGFyOW16MWt0TzFqeW5qRTBrb1BMQmtXZ1NHUkJyS0FPYTBFTkYxZnRBMXZHazB4WVFweEEwN2NkaG0yR09hUWVBdjVLMFpSRGlNbTV6VnlpTF9oUWFV?oc=5,2023-09-01 08:39:48
spike,SBL M222A O Shape Handle Loading Spike/Super Heavy Duty Loading(agricultural tools/harvesting tools/alat pertanian sawit - Shopee Malaysia,https://news.google.com/rss/articles/CBMi-AFBVV95cUxOeWZSaVNlb3Z3cDBsdFl3QnVQSlloRGhqeWFIZXNrX3VJV1RkVFk5Um1pVkVMVmt1Ykk5cXhuMGs2Rlo0djVGSEF6NElMZXplVjFIWkxkdGVqS1RldWVGcEtjaGxQbFQyREZOZGVDQVZHaXVHallvZnlqSmZKSGtvaUtEdmpKUXRMdUpkOHFCMG9uMEFDdk5VYnl0aUFpWVpZSnZLeUNoc1VJUThrTVdXSnJXRGZLZjhTaGplMGtCR2RveVlyV2hERlVqTl9LNnVhV0c5ZnZob05IZUxSV2VTYnVZUUo5R2UyRVdjQzlQRjlmeGdheFFRQQ?oc=5,2021-02-03 13:07:22
foreign,Online (e-Daftar) - hasil.gov.my,https://news.google.com/rss/articles/CBMilAFBVV95cUxQRmxZa3MwWXQ1LUlLTVZ2bkQxZFZCN3lHZjd1RGF5VjdUdWpBa1BkbklYeU83ZU9vSU9QbTFtSTQyN0dBd3IybFlPOGNNYVM5dWFnUEExRGJyQTd1eWd0aExJa0tQTmlXMEJUbXBtR0QtWFRJMWd2WVNnUThtaDgyeDJReWJQNGJ2Wm91WFpSVnB2Y19m?oc=5,2024-03-14 07:00:00
fund,Login - Public Mutual Online,https://news.google.com/rss/articles/CBMiVkFVX3lxTFB1S2RwQ1FGamZzTGZhckRRZzhkQUo4eXRqajhZUnQwbWdrSmVJSTFKVUVDZ1ZNdjVlMDIyYV9JTm5acy0yRXZ0YmVGVTZ3MGxoR3E3b3N3?oc=5,2023-09-09 06:49:58
fund,Amanah Hartanah Bumiputera Investment | Maybank Malaysia - Maybank2u,https://news.google.com/rss/articles/CBMikAFBVV95cUxQTzd4SVZVbTlELWdoNEw4SE9xQXUzTHVHY09LRXF3eHc5SXR3Uk4yc3VET1VGQm5DSHZIcWhtaS1jSnhsRDJqbjFXbVBlckdxZU5jSkstN2RrT0pWM3ZLZ0lRSC1kZ2UxcjlkOVJnTEJhTUJyQzE3bEFGTGQyMDV6d0xhaGJ0VjRIVEF3T3NWN0E?oc=5,2023-08-08 05:56:38
fund,EPF Malaysia - Safeguard Members' Retirement Savings - kwsp.gov.my,https://news.google.com/rss/articles/CBMiQEFVX3lxTE5DLTR6RlBNRk1NNGdCYUZ1T0dLc21BRW42QWNPUGQ3ZV9mbTA1R1luQUxjaEVvTHdOaGNmZTdCby0?oc=5,2019-05-26 04:08:41
fund,List of Funds - maybank-am.com.my,https://news.google.com/rss/articles/CBMiVkFVX3lxTE9rbnpyRVBhRE5qaFJxUm9NRG9OWVdhazNvQnpjUkYzcTRJc0hTSTloaTU2TEJKWmh5V0FmaHBobzhNRWhOV3l6NW90WjRZMnV5TG5nYkhn?oc=5,2023-08-26 17:54:54
fund,MyZurichLife - MyZurichLife,https://news.google.com/rss/articles/CBMiQkFVX3lxTE04N2ptQU9hMjE0aVA0blNBSEdNRkMtN2JiWmlFdHpDSXo0TGZnYS1VNjZoX3NkS1hkT2RyQjBNaVZPUQ?oc=5,2020-11-01 05:57:56
fund,Login - fsmone.com.my,https://news.google.com/rss/articles/CBMiRkFVX3lxTFAzeXR3b2NXSV9mOHRWVlZ6bmV3NUxVdVM4VElkRGYzRFFkMmh5S3VDQjRuRzdVY2d3TWRlWGlESkhZUjVZdlE?oc=5,2020-10-31 16:46:52
fund,"MyKasih – ""Love My Neighbourhood"" - MyKasih",https://news.google.com/rss/articles/CBMiQEFVX3lxTE1saElBeVd0eDZSVWRRaUhJYmRFNjlkWUxIUTlVNmtiZnBQQmZZeU9iejFfMm5PQi1rQ2JvbkExQ0k?oc=5,2021-07-07 13:47:54
fund,KT Online - ktonline.com.my,https://news.google.com/rss/articles/CBMiQkFVX3lxTE4yVzRwem92WGtHcVRPcGxMeU1hSUZFVjlwMjl5ZEUxVzAyOFhULUk4QkdaOFFoNTNJaGN6a3NlNGFfdw?oc=5,2019-05-06 11:28:00
fund,Fully Online Trading Platforms - Rakuten Trade,https://news.google.com/rss/articles/CBMiSkFVX3lxTE9MZ25QMVFNdXV6bWdIelZkU0tVRG1wVWVuZlVmNWM4MXFrN21FMnBHdGhJSHR2d2xxcklIY2pWUDk3eVRZd2lKSmRn?oc=5,2019-03-02 01:17:33
fund,Buy Insurance and Takaful Products Online - Zurich Malaysia,https://news.google.com/rss/articles/CBMiU0FVX3lxTE9rT0JxS1MwNlBwZm5QSngtcS1jZE1tZVBubzBYaTY5QXRRSjQ2RnAtdE90UkV5aERvSlA4cE90bmZ0VjR5b1NiYlBaM2dPalN0WjRv?oc=5,2024-07-31 08:45:44
fund,TVET Madani - TVET Madani,https://news.google.com/rss/articles/CBMiPEFVX3lxTE5pLXRqRlR3SDJpSjUxRzJHQkl3Vk52RjJOeEVIMVJaYVZjYkhHa1RwYm0yeXZMRHJwMUstYg?oc=5,2023-04-18 07:12:12
outflows,Another businessman questioned by MACC - thestar.com.my,https://news.google.com/rss/articles/CBMi_gFBVV95cUxPQjkxdS1PZWwzcERGM2diaDN4VEw5WmtZNFJLOVpfOW9FQUI1dldnVXJrQ2xpVmRDUHVBajkzQ2E2ek40a3hfdnk3cGRrZTZFcHh6VVdQYi1mREgyYko4d3plckloei1EeWlMbUZZSl9ack5DWDY2aG1PTVhVUEc2cDA0SV95ZUdvS2paaWgta09nVkM1VlN6dXBCQThuc0VUWjdjY21KbzlHNjlUZHBOVWlfX3ZzMGhnZnV3Q0V2eFlxalF3ajR5V2hDRGFuMVRobDFzYVRySUlodF8tMUgzMmlDM2xsMGFjd3VVdGQwTmNzaWo2MS1GM2hTYmN6Zw?oc=5,2023-05-23 07:00:00
Bursa,UiTM - iStudent Portal - iStudent Portal,https://news.google.com/rss/articles/CBMiQ0FVX3lxTE82STRITlpJMlVpR2JTMkk5SEdEZy0wY1Y3clBuVFNRXzZIeGdRbExrRHRzMlhWOE52RTZPVng1N244M0k?oc=5,2019-01-28 13:43:50
downtrend,PRUServices - Prudential,https://news.google.com/rss/articles/CBMiWEFVX3lxTFBoQVk3QmM5ZFZKb0c3TlJWWHgwQWRCZjhaUWQwd0hmaFFYRW9lS2VUMmRTRjl4Sjl3emNFZURVRXAxMlYycmZFZmt2UzFGLVNzbGNTYWh0VGQ?oc=5,2024-11-13 10:35:09
downtrend,Bursa Malaysia continues downtrend as investors remain on cautious mode - NST Online,https://news.google.com/rss/articles/CBMiwAFBVV95cUxPRGF0cEs2RG11TUFJamZHTklWeWM0TmNYblNnX0toaHZxb2g2cy1oVnN3WmVqcDdLUUNDZDVzUkI4V19TTFl6TmFYOTk1SFFFRUtIbjg5Z2k1SFgwdlJ3SEZTT3gtRjRJcWRIZzgtS3l5UUpBX1JYTlVFQS1mVEwtNDB0Q3AxZVJpamxudjc0NzVmeExMSk9VamhOaDJsYnR2NVNFdUtWTVpManhiZkRaQ3NUYVBWbVg3LThxYUVYYTk?oc=5,2024-11-20 08:00:00
downtrend,MIER: Consumer sentiment and business conditions remain on downtrend in 2Q2023 - Malaysian Institute of Economic Research,https://news.google.com/rss/articles/CBMinwFBVV95cUxOS3I5TDRhckRydDdLYWVQUWoxaGE1M1ZEX3FCNEJELTdGTXZzTDRIQWVWVW9GN0ZBNDVFWklyNzR1aDVqVV9udW1TTVBVQmZ2UzFrNE8zbEhPTmFmUXhQNGprN0RQX0RjZ3lDZmFCUHVTYWloZm1QMWx5QWNsakNleTJ6Ni1iVzd0YU41R1Zya0dxdXFUSTFWYUlIeW1lSG8?oc=5,2023-08-11 07:00:00
downtrend,Bursa Malaysia on downtrend as selling pressure continues - NST Online,https://news.google.com/rss/articles/CBMirgFBVV95cUxPdGVDZWExLTRpXzdzSV96T0pTZmhTRkRweEFpT2ZlZXp5ZXVHS0RMZVlGZzNlbUdDWXdIS2hMeTFScEtKeF8zNXFBZks4aGFNeTB6SW9fNlJ6U192WkY4aEhXd3R5cEdoOG4zNng3TzFTaFJlSHBCa2E5R0tVMUptN0s5ZVBfSHd1dmtOb0c3Mlhoek1JR1lfZXJZdVItTXl6X19Vb091dVhCMk1ualE?oc=5,2024-09-29 07:00:00
downtrend,Buy Downtrend Sell Uptrend - iSaham,https://news.google.com/rss/articles/CBMiaEFVX3lxTE9Bb2VUMTJPcWU5Y2pxRE1rQ256djk3dTNKbkt0Ni13Rk1xSU5EMVptb25FdV8xajgzUmVOVjd2WkZ3dzh3Vk4zOUFkU2dfQjVKcUxRMEU2WGVCdjdlaUc2WHhUNHJIZzFL?oc=5,2019-01-29 19:44:40
downtrend,"Bursa Malaysia slips deeper into the red, in line with regional downtrend - thestar.com.my",https://news.google.com/rss/articles/CBMizgFBVV95cUxNemJOQUFVX2ZUX01yNEpRWjBOb1hic0hkS0JZbm5DQ05UZGN5a0YxMUVpamJDLTFtS0NRVFkyMXFSc2tCMFZrY09RZ3VWQzZRWDNRWTNOZ3FTTS1acjBzLWNsNlRjTzBBX21aUVM4Qkd0bC1lUE8tbVY4Y0xKN01hRHBWdmdManp6Si1rblI3SFpRUUV5bDhsVHp5ZGx5aFJmR05tdTk5dnViekpVUE9ZU3U3T2gxV1UtLWhTWWRpOGIwZVc4T1NpRU15QV9hQQ?oc=5,2024-12-20 08:00:00
downtrend,Bursa Malaysia downtrend continues as 'cash is king' for investors - NST Online,https://news.google.com/rss/articles/CBMiugFBVV95cUxPTFpCZk5EbmVUcVg2UEdlYWJQaVYzVkRxRnc0b09QanNVSVg3WHJXbWxlSzlyTkxaZGxnSXFNdFJUWkZkb2kyVVpRUlFPdWJqbTR6XzlTVkNibjhMWXlOSTh2MEluSl9Wd0d2Z1FZcm9NWnpkLUdYNm5xczZmTnVVSG1LaDIyMklERUtibnZaQ0xHTGVOZU9fa090Rjlxb2dxNzVuei1fbkVkUExqYWVXRzUxYWN3b2k3NWfSAb8BQVVfeXFMTV9hbkx4ZTdaU1ZJWXJQM2tGSjViaWkxYTJ6MUhTUVhwd3kzN2UwWXU1T201MjJnU0Q1bzZtWllMbm0tSkM3ZjdCcmNEUDN3RE5EWGR3Q19SX1NUMXo5YXBub0JBMlU3RzQ4QU40a1RxVzFHT3N4R19QUjY1VkVlVVJkaHg2QkV0RVJVU2R3M0UtOTR2bXk2NnlPLXZ3Q3ZOcE9aak80enNOeU5Qd1BLbmZvMGRTVWhLTWRCbGhfLVk?oc=5,2024-10-02 07:00:00
downtrend,Bursa Malaysia's 30-stock index to trend sideways ahead of FOMC decision - NST Online,https://news.google.com/rss/articles/CBMiwAFBVV95cUxOYjlaY1NTRmdlS0M5LUstQ3RQS0p0U1ViVmxlOWVWVnh5cUVEdE1yX3Nqb3VoNDVaZXF5eVJYMUg0VjBHdHBhcFljZGVyZmdpcDdCcjZfLVNlOTNXODdOVURJYVowOWRpV1Q1emNzS1FOS0pTa3N3SXpOOTV6c3c4NmxCRDU2SGhfLXp5ZTY5cVVJbGpVMEtEbjFxeXZWQXVSdUloUHNNclRWSlVSWHNjRFJCTTBtQ00zeld6WlU2ZzY?oc=5,2024-12-15 08:00:00
downtrend,Ringgit continues downtrend amid cautious sentiment - NST Online,https://news.google.com/rss/articles/CBMiqwFBVV95cUxQeFQzUlZWVlBFVmU3LTRRVFdJZkx3UUhTZzFneF94UGtpM0psd3N4b0dLdUhvVFozZFJQdkNrN1NhRlVoNFVkZXZiUUJJRlVpS1lQWkdub2JnZjVJR0JFaUQyR1hxb3pwVF9KWVJRVlRFWThHaVJydUx4TkVqa2laSEJaYlRxWDNEdWlQTGNzSm5iTU11bXRwODVKVktEQTB1MTVZWm5WMlZZYnM?oc=5,2024-08-15 07:00:00
downtrend,"Student dropout rates in Malaysia on downtrend, thanks to early intervention, effective strategies - Twentytwo13",https://news.google.com/rss/articles/CBMivAFBVV95cUxPbVRWdGRZUDFNNnR5SjdSeURaZ21iVTJTdUJSb3duU2hhWE5LR2pEWnR5ekU3ajFpM0tsQnpfSXBNbnloSEt4QV9rQWxmejBpWnBNRlROcHJKQ0JKUVBnTUEtVTJhOVNqcVhZRjBCMmx6REtxOUtRZzlNOEdWLUZEazZ4NUdvRFRXMXN1ZDdRVmt1ZzFBXzZCNzZwRTF1RTB4LVRpQ3BKaVFMeExNX0VGM3psZVNkWWg5endvYw?oc=5,2024-05-14 07:00:00
downtrend,Bursa in red amid rising Middle East tension - NST Online,https://news.google.com/rss/articles/CBMioAFBVV95cUxNZ2VvSnZnUUZMUWRPd1BDY0ExX1M1cFVaNGFWdlBzajc3amlfQURJZUlNOXRxR0w3Q09haTVtWFZBNWpYTEF4RVctQVRTMnJFbFlVVXpsVGdJZFlQdS1aZEpRVzYzNGdGUkpCMWtTZU9tNkxmN185cG9ZVzBGRVVwSUZ0TU1CVERPbjNWQTB4WnV1RzFEN3dqSmpBTUVBeVVv?oc=5,2024-10-02 07:00:00
downtrend,Absolute poverty in urban households grew post-Covid-19 reversing previous years' downtrend - KRI report - NST Online,https://news.google.com/rss/articles/CBMiugFBVV95cUxQQXVvOXp5NUN6cklsdFZhNU1MVmRrWUxualc0YTBMUEM3aWd4RTJPelg5dEg5bVRndmRrZjU1bVVoeE9BWnd0YzRkazY0Vnc0T2JxZXdybmNUa252NkdzNUxEM0tKaS1HRWU0cEtKblNteEx3ajloeHdlUWJzdUhZVGJJV3FncHVPRWFyU1FXakRjMHFoamY0SUY5d3Noc3JwZU5VZTFEamU3NlU5RV8tUmsyV0o5dzhIaXc?oc=5,2024-09-25 07:00:00
downtrend,"Informal employment sector on a downtrend, says World Bank report - thestar.com.my",https://news.google.com/rss/articles/CBMiwwFBVV95cUxPVXZIWFZIWUtzWDJsVUtjU2hSaExrWTBMdkpvcHE0am5FUzA3TEh6Zmw3S1NyNXJQUko2d1VEc3pSaWdFQ2hIei1UUkR2UHpqdktMQzRTNHVXYnhWb0FZWDJ5dk8tNXhIWG42UC1GTjcyZ3dLbTdvMjMxSE1sQldVbWc0N3V2M0hRbno0TzZ4YXpXVzZISnM2UUxzUVoxTkZYWlVlcF9XVnNEdEdwbU5aQ3MtUGxjMS1JV1JfOWR3cmliT3M?oc=5,2024-02-27 08:00:00
downtrend,Bursa Malaysia closes lower as investors continue profit-taking - NST Online,https://news.google.com/rss/articles/CBMiugFBVV95cUxQNkhJZno4Rk5fRS1GenFqSjBTNUNnZDF5dWVFb25TNjJraVNiSmlxcUZ6QnF5TVZCeU1MMy1tVVNtQWtsamlOQ19jYVlUeklxNXlJTnpxazBCazhHZ1F0RWhJUk1MR2QxMUFvd3RYbS1VRHB3cXE5Nm9OaGVkTXJ1blZGOEZQWkMtQWw1WWQteFlCUzNOSGNxdENGX3dDOVdLNklYUTRVVnV6bmdUZ1BXaUpzNlhXMTN0RmfSAb8BQVVfeXFMTXhhVUhPODJpQVBTMFNXbkxVeW1Ddnk5MXpFb0xxTWNvemJ1dTkxRmRBRmdrTFFMdEUtX2Fsc2dZelNlOEFOTHI2M0dWWXZ0MUlfZV9yTFg5Z2tJRUx1SnFrYXUyZWJLenlvWk1hX3plVnN4RDVtUjFRcDFscUhlWjVKSU9tTjJTS0pvMnR5dFcwYkFtUEhsOGRucEgyMFkyTldjMVZFMHBlWnlUN3BqQ1RSaC0tcUlvR1c3ZFc5akE?oc=5,2024-07-25 07:00:00
downtrend,"Bursa Malaysia heads for worst day in 2024, down 2.75pct at midday on US recession fears - NST Online",https://news.google.com/rss/articles/CBMitgFBVV95cUxOQzNfQjlNZlpkZU4xMHhvOTBOVmJsZjFaUTRfM25oeDVZZUNZTHNUeVVlQ1pHTHR4N0d1XzlNTGFuVUk1ZXBURF9WNlR5Ry1WVkoyUXFmUEtFcFFGTXd1dElKTjRibmRWWVFuQ2NBQzBYeFQyN1dlMGU3SDY0VmpoYjRzakZJMndDUUhxX2p4cHlRa3doXy1Jb2Vsb0pRZjNIdzlBVTJMbDBTcU5GOEpSVjEydUZDUQ?oc=5,2024-08-04 07:00:00
downtrend,M’sians capitalising on stronger ringgit to buy gadgets - thestar.com.my,https://news.google.com/rss/articles/CBMilwJBVV95cUxORWNhZFYzM1lia2o1d20wN3ZZRVU0TWpfS0oyN01COS1XZ2VxcVhBdE5yZkp2ZkllS0txX19EMEdkUFNGck1BdkN3VnBtNkRWM3ZXYWR2OV9pcXRnb21ua0VfTkt1cVcxSnJDbFl0VEhWMi1tNmJJUEFGbmc0X2pBdlhkbW5KQ0h3eUVQZEdNb0NyQzBoV0Q2bnJNWFd0Qjh6eTBDTllTakVlTjZndUhNT1ZOWk9uV21UbWpVeHZwbUpGZDFqQU1LWXZZdWFTTFB5NzZ6WHo4Y2xSa05YcTNQYTkzUXBLX0xiS0V4bU9rcXlxZ1lTbVUtYnRGZHFWZWlCaVN0aENqbjV4TEIyeG5WTEsyT0VEQTA?oc=5,2024-10-12 07:00:00
downtrend,Ringgit continues downtrend amid uncertainty over US presidential election - thestar.com.my,https://news.google.com/rss/articles/CBMi0AFBVV95cUxQSHFJRGpTVm1FZHQtN1lBSEVOU2VyN0FSQ0ZxSUVMbWZtNExaOFFpYTdlZ1RwU0ZmcUZvZ2tCSGZuX1VFTVc2WU5sR3RXZDNlcTNmQVVudHFoUWE5SWlnNWRPLXgwVVJiQ2FmekZxdUxDTjIxZlhSZ3BaOGRrWmEtTVlMWEs3dnhtbTB5b2Y4WXJESFktQ0J6WG9KYmlqWjJmaExfRXBFMHdVSWhXN0xDLTMxRWtadXk0dm90N18waE9tNmFSMVVYOWpDY0VUcW90?oc=5,2024-10-23 07:00:00
downtrend,Ringgit continues downtrend as Covid-19 fears persist - NST Online,https://news.google.com/rss/articles/CBMingFBVV95cUxPTGJUcFNKdFJ3MUptakY3SmxLLTRNUmRGMDZPbnFERG5TUHdDdDdERndwdnpVM2VRR0l6VlpwUnFQcERmcTZXV1hmdkF6QjRCSzl3T2IyWG5yZjU3Nl90cmV5NUxpUTY0VEhaVVhhYWMwMTFVdVFiZndkMVJONngyWkxZdFJwekYwYXZRMEdpZk9IZmxNRWo1TTFBMGs4QdIBowFBVV95cUxQUlRXUEtxbVZuU2ZxYWgyeVJ0VF90MDZmcHlyY1VndE00R2NIb3lNYlBJc1FVeFRZYnI1V1JHQmNmZEg0LVNwT0FSZEVpbDJ0b1Y5ck53d1FIUEhPbTZIZUJmenFNd0xEdTk3RG5hQ0lFb0JzdkVjcUdGeUtEcmkycmItUkl5SHNLR1F4alVQbWJGS0RFQUVRYnl3TE00YjBNV2Fr?oc=5,2020-02-17 08:00:00
downtrend,"Stock Trend Prediction Using LSTM with MA, EMA, MACD and RSI Indicators - eprints.intimal.edu.my",https://news.google.com/rss/articles/CBMiX0FVX3lxTFBuZVp0c0pKaGQ2MERfVEpKVzhGdlRXQnltdUplbW5hWENzNFk3bnpTbzZrekhLSWZsVkQxQkw4UURCSUJEcFdyZEM2Vk1RanBHVmtLbmprcHZqQ3lFN2ZN?oc=5,2023-11-28 08:00:00
downtrend,Technical Watch - Mercury Securities,https://news.google.com/rss/articles/CBMilwFBVV95cUxOUTNZN3U5dFpoYzBQQktJUHRfVnhKY29NUmtyQTRQVzVoOHpYWGtQemxRWllHbUpiT0ZmNUtzdjFGU043SVhqYkJ2MFpCcGN0WFkyR2pYME0xaHQzdnAwNFB5blNLd1pWakVQM0NvaTBiWVg2Z3JoQUNPMzRWcVNWYmFCSEtxM3FIazhkc2UtUTJJTFI5QnN3?oc=5,2024-10-04 07:00:00
downtrend,Thematic-200615- Should we fear the return of short sellers (Kenanga) - Kenanga Investment Bank Berhad,https://news.google.com/rss/articles/CBMiwgFBVV95cUxOUUtxbFdfcnFjN091QXFYazI1YVpHcV9NOWYtQ3g2VHB5Si1PeVVYUmhZNFhGanMwUjluMENNRU1fOVJ2aDN0d1pFV0Z5anJfUTRQeTI2eW9nclMweWJWYUF6UmpKeGo3eEtyb2ZySnpWaG8xTUhxRGRuZ2huSDRKT3dnVzRNOTRpYTZzTlBwbGo5YnpxQkN4UUxkZjZDX2o3QTlVa3hmMzlKOHp0cGptSFRDVm03aHUydFVrRFpPd05WQQ?oc=5,2020-06-15 07:00:00
downtrend,US dollar downtrend seen - thestar.com.my,https://news.google.com/rss/articles/CBMijgFBVV95cUxOT3NCMFlpc3Y2by1MVDNndm5pLWlobzZSVWoyd1FfS04waDV6YTZUUUtUbFZIc2NfR2VoUjhieDdwbHFMWTZhT0dMYW00YkhmeG90bHR6Nlg5TEZjdUpqeFdLQURRZERESUoxVHlHbUh1LUlIcHJNbzRBSDRGYk9MSEM4eURSb05pSXVxelFB?oc=5,2020-07-18 07:00:00
downtrend,"No need for IMF loan, Malaysia is not bankrupt – Tengku Zafrul - Portal Rasmi Kementerian Kewangan",https://news.google.com/rss/articles/CBMiswFBVV95cUxPd3JDcnllcWpkVUVJZ2N3RmNtby13MWcwWU5EV3llZEE0YzVLWXUxMjJlWEFiaXFlQlJucDRQY3pFQlBBX3B0bkl3cmM2YmxzcTBsc0UyWmhLUzllRDRpTlBkMnVFMlVnc09wZnlyNGkyMXZ1NjBoOEw5eENtZkF6VmQ1c2JZY3RxRTBPdmlvMWRMakkyRkhicFc4b2ZCUDlHcGtrRXlLVTdQQkJGWEUxVGNrcw?oc=5,2022-09-14 07:00:00
downtrend,Monetary and Financial Developments in November 2024 - Bank Negara Malaysia,https://news.google.com/rss/articles/CBMigwFBVV95cUxPa0RBeWpOdGNHdmhaMncyaHpSMHR4M2ZqTzFxRHNMMWtEalJ1VE0tMXlvUUJDM3RULTAzQzA0b205cENuSVYyam1QcTh3Rm9oQWFuVFVSMlp3N01Jb3BxSXFNcXRHcTh4UEVEeUtRbjFnVERLbzZIcVAzSDBUTDgyVVRlbw?oc=5,2024-12-31 07:14:25
downtrend,Some Johor SMEs losing half of workforce to Singapore - thestar.com.my,https://news.google.com/rss/articles/CBMipgFBVV95cUxOLTVTeXFlbE5UeURNUGwyaTA3aXlJMTRaY0hSYjZfRDVoLTJIb3kzU0ZBRVFMX21UTGxwYnloOXFWZTFWb0x3bnZJUWRPXzJOUEVvUkN0cUxybWc5cU5wVVRKeWV6U3pPMURWNV81TVFSeUpkdWhLWENhU3Q0QnhjWGpTbW9KOXRWYUdUM20zU21TalZMeXM3UGRSelpPdUFzSTRMU1F3?oc=5,2024-03-29 07:00:00
downtrend,Property sector demand on the downtrend - Daily Express Malaysia,https://news.google.com/rss/articles/CBMijAFBVV95cUxNajZTSXNkZnhyNHo0YnhxUVdHR2ZjYkw3X2ZYdmM1N2V1VkFQTEtLc3pVMWF2NUVKLXhMa1ZYY3J5RmFoTnNVX0MxLVBGMXBWQkVzZk1wRzRQcnF3Sy10dWNOS3BPLXNaa2NZVVpNSVE0X01oTlZ1SkF6OTR0QkFsOWpxdml5VGRtOVoxag?oc=5,2023-05-10 07:00:00
downtrend,"FOREX TRADING PREDICTION USING LINEAR REGRESSION LINE, ARTIFICIAL NEURAL NETWORK AND DYNAMIC TIME WARPING ALGORITHMS - Universiti Utara Malaysia",https://news.google.com/rss/articles/CBMiaEFVX3lxTE45TEcycWdUYnFxd0dKS09BTlZhUGs1YlBKS2w0cHRiYnFkS2VURjR3X005U3RpcXc0bU5Tb0FDLUh4YmJzY2xST0VWNldoXzhKN3FPUE9UN0R4QmJ1VE15bGo3VE4wcTE5?oc=5,2023-01-02 14:57:57
downtrend,Technical- SCOMNET PENTA- 200325 (Kenanga) - Kenanga Investment Bank Berhad,https://news.google.com/rss/articles/CBMinAFBVV95cUxOU2MyRnhHR2tKNnJuM1RrUFpoVkJPY2NJdVlXR0V1U0ZzUHBJM19WQ2tsQjZ0WDk2SExtTHNQTkFubWMzbm5SdE5BUi15eFlYY3JiZGl1UFhGRHBUMHo5UkVuNFRZRmQzZ2VtVTFUd295bWtydnFIVU4wVGZQNXBJSjJFOGcwRWZVUG1oNG9xeUhvY2N0Zk5HRmVkd0I?oc=5,2020-03-25 07:00:00
downtrend,Ringgit falls to 4.210 against US dollar over political uncertainty - NST Online,https://news.google.com/rss/articles/CBMirwFBVV95cUxNWUI1OU1TUnl6SzVXZGJPU1R6Y05UbHlsOGowZXRiYTVNdzhuOVhPVGlPMDY1NnJnN1pVWEl3Z1V0ZjFEY0FzZ2VfTzFkN2hLUFZSZFhuRWtNT0ZXdk5sOE9FdHdjYU5PNVpLdWVhZHFRcmd2MHJHM29pVGw5OFBCSXlQQzRtSmcxaktscHlCaWhWT0FiQl9CRXpacHR4eHJ0UGNFTG53LW9YZGN0VmlJ0gG0AUFVX3lxTE1uXy1vM3FJZmdzMVg4b2s3RVNnYmtUZjFOcGF2NnJyMms3RFpJMkE2aVFyOER6U281bmFkT2RxRUNmR2I3R0ZaeFZMMVZxd01QckdzazNSaDhxVXU3eGU2emZkTzlJdlkzQ01NOExGYURUbVNSQ3BTUWlYMktFdEdIbXg3REFnRzhLV3drd2ZtRDg5TzVIZi1yWHFyYzZaNXpwNzEwQURrY2N3ZFA4SUxkX0t4UA?oc=5,2020-02-23 08:00:00
downtrend,CORPORATE - Business PowerPoint Template - intanbk.intan.my,https://news.google.com/rss/articles/CBMipwFBVV95cUxPZkJhQjZMRlA4dzFjVHduYXZrWHF4MHNYeS1iT1pJOXcybjNPUVBRWWpnWkE3WTBldEd3NzRpS05KODlXQWdycngtZDBGNERYS2ViRkpHRkRjVm9GR0pWaFB6cEVaTGtuWk9tNTI4NGQxX3ptZ2x3VWZwZzNBYjVLcEtOWVQ5OWQ5NVpGZklfQ3IwMVVqalljOUpSWkZCcXJhdFJrUGlCRQ?oc=5,2022-01-03 12:41:10
downtrend,Rising Wedge Chart Patterns Education - Multiplex Property Group,https://news.google.com/rss/articles/CBMif0FVX3lxTFBiX2lxRGxKVElGNFJnSDdUd2pfYzNidnVKeFphd041SGpvUmNkQ21TX2czOWg5OHZFZTNPOXVpWHhVWTNyRjRRdVBFMWFvS09nakFXa2FqWGlrZjBEWnZqVllDWDhXS19MNlpVWllfbE9xdU5TS21yMVFBc0k3eG8?oc=5,2022-02-04 08:00:00
downtrend,Innoprise Plantations an attractive dividend play within the plantation sector - NST Online,https://news.google.com/rss/articles/CBMiugFBVV95cUxNUVJNb3hxRDRoZUtOTFR2NnFzSGUtYjVFUlRJNlRNaGhOeWZjWUNmakJaRndXRlZHLWh6RXVGSFVkVWR1cFdsT2p3cFV5X3NDakNScGo2SWZOU0ZhXzNQR3lOZklpR1EtajUtZy1iNUJPVWg0RHR1Mm11Z1JIblRpVGR4aFhCenYyMkMzaDlhMFQxMFpoS1NIYVNMWHZvNERxMFg2MXpBU0JILVRNMDhkeXYtTHp4aWdTeEE?oc=5,2022-12-14 08:00:00
downtrend,Discover Sharlife's Crypto Screener - Sharlife,https://news.google.com/rss/articles/CBMie0FVX3lxTE9CMEk4bjhGWGc2OXFRQ2U5U3ItM1RWc1lwSmlSdXA1aXc1eEd1UWRqckdnMDdGUkw0N21LSUNCeldBUTIxb3E5d1o3RUZPUVRvOUMtS1VEbEFZUElmQXkwai1YODFKRmxheGo0NWNqZmVEUzBUaXpHYlBhRQ?oc=5,2024-10-11 07:00:00
downtrend,"Bursa Malaysia falls below 1,600, tycoon Ananda Krishnan's companies share prices drop - NST Online",https://news.google.com/rss/articles/CBMiwAFBVV95cUxNTWxpeWNyS0Nob2FmZ1l4TGU2eGNLUEM1Z3lib0xNZUJKMWNhMWJvQnhkbXd2bE4xQ1RzZkEyMHdGUHc3U1FIX3FwUWM3dy1yX1BlYXZ3QU5INmdOMmdDSEoyS3FjakVjUHpkRGRCeDMwb2o3eVl6aDZrZDBZcUdNZXh6ZzNWM1JZc1pGOU5ReGZ5aW8yWTEwS1lJT0dOZ2s1cVUwMjFpR2RmSkpWVGlsMEQ2MEZlbk52aGFrcDMxRGY?oc=5,2024-11-28 08:00:00
downtrend,Air and water quality improve during MCO - NST Online,https://news.google.com/rss/articles/CBMikwFBVV95cUxPX1BVeXh2S2JzVEdEYjZvVm5kbEtvaDl0bXNNaXJnS04xTFF6NE81eFpSX0tERlBkRWhpR2xEZmkwQlc4WXZQRWQyWExybTFCakpsTzB5Y05vWks3dTlJc25TRXBDQnJHLUVJUl9jZUpMWEFicEQ3MDFSN2RtcWhBa0dSRi1wVXlNRzdlanAwS1FZbVE?oc=5,2020-04-18 07:00:00
downtrend,Kenanga upgrades TNB to 'Outperform' as fuel costs ease - NST Online,https://news.google.com/rss/articles/CBMimgFBVV95cUxPZ0hfTmt3RVc3Znp6a3ZfcWFHV1h2empiSGVOMEVHU1VSMkhuLTNkTUdhWTVrWTM0YWNMNkt6QVYyelFlbmVHMmhqdGpmVlQ1Z2FxY0lOdkR4RE1aSy1leEZ2VHAtVmo4azBYMV9LRWhDT2VWVGs2cEY2Zl9sWWFNWUs5UnBWeUx0MnJJdVVycWlpa0FMcUNqWWZn0gGfAUFVX3lxTE1aeGJOeGFyblFWMWJ0clJ0bWdKWlUtZmRLLXpJV09TWWJKOHlhRHJxVUwzM0JKdHFsNm1xc241UHhKQ1Zfc2IxQmNtV1ROcEtCQXRBUXdQM29KZUF3RkJEc2loR2ppSXB5MFNaUWN4RTZGMV9rdnV1dkFvbUpOVHI3alhULWMyMHNOXzVqMVRIem9qUWlfRDA1RWhfNmlDWQ?oc=5,2023-05-08 07:00:00
downtrend,Targeted fuel subsidy sees decrease in diesel seizures - Armizan - NST Online,https://news.google.com/rss/articles/CBMirwFBVV95cUxNb0NVNjJGRTRGSHdtVkFYQkQ2Vk9wZnRJSVVqT2dZcHpEVmZRS0wzdFBBa2NzajRBVHYtZnQxUDZndDk2MWZkX0dabHMtTnpyazNNcHd2T2VYTEprclB1Z09EQ2FMV3h1N2c0dWlkakpuSGZzLWRWWXBUUjVvaFRyeDJ6NUdld0RwZWQ4elFDWHcxRzdPb1ByVVc2Q2pEMWdhZFFhaE9VMkNzZjViMDhJ?oc=5,2024-07-03 07:00:00
downtrend,"MGB, Solarvest Rose And Broke Out Above The Downtrend Line: CGSCIMB - BusinessToday Malaysia",https://news.google.com/rss/articles/CBMirwFBVV95cUxQeTJhekFoUFg5T2EyZU9PbVFtem5JNi14aGFTdkJPdWNmWVEzcHotZ1NTUk5KTEpGcURETVVYRjR0V2JremJoWXA5Q2dBUnp2T1F2TW11ZUVtS0p1cm9QTVJLUXNiZFZveVFHa052dHZOQV95M09VUFhvYlE5Q2tTQlZnR0RYdWtSLWgzeWxTUjZmby1GUGQyczNTSy14OFlfakwxb001ZEtxLWFiV2RB?oc=5,2024-02-13 08:00:00
downtrend,Ringgit continues slide against US dollar - NST Online,https://news.google.com/rss/articles/CBMikgFBVV95cUxNa2RSTGc3MUVCTGtHeWREOHRfbUxsTVc3YlpJdFZJblVRbk5RNk40bndGLVpvbkhsbVJ5S2RESWhJZnJ3M3F6Z05VT1FydUxJTGZjSEJpY3ktWXBNUmtWQlNNUFRtVllVZmhfSUROOHFQM2VwUmZtY2J4bTh3bWJsVW82QzhvbUZYNzRtZ1R0TThvUdIBlwFBVV95cUxOSHlrLXZobldpa0VoMTJyanZ1MDlpLUl1VkJQbjduNlMzdWxTVjRnRDNYdFRQTUtCcXNvR1cxRWRxR2taQmUwRmtFX0FaRDNONFROUzE1cXVYVWpXclI1SUJCTkc3Si05LWFEYS1SWHRTT21uV2NmN1g2emJISHZMamROLUI5dFVlNnlwSEg3ZjA4T0dRZnNB?oc=5,2020-02-09 08:00:00
downtrend,Global recession imminent after turbulent 2022 - NST Online,https://news.google.com/rss/articles/CBMimAFBVV95cUxPQnlkVGh2QWRmSXk3RGlZdkVoNlpnTC1peDZWaXFZZExaOGhZVV8tSGVOaTNhVURudTY0aU9sX3Bnc1JtSkZBVFdzSHZQbFpNM1BtclVSN2IxSXpYRVR5MjdvdnM1UEZldTlnbFczMU5ueUthRjRoTncweDctSGRnWDRPRC13TERTVnhjX1pUU2hOUEpWa1FjQdIBngFBVV95cUxOU0xvQmMycnRBRlUyMTFRMlpWaWozRDA0QzNZdkd6c190SzVUU2ZPcG84WWNiWE5JaV9qUFVCZWN2Zm8wOE5oTW5ZRFp6NDkzVTJZbk9rdzh0MEpiaTZuWDlrNXkxdGFxV3lWYl9kRVl0MGJDVFJ5Y1ZCZS1KVlNOQXhuS3Z3cU1rQi1zLTVQUW5QZHBwYnByY2lIQXJOdw?oc=5,2023-01-14 08:00:00
downtrend,EKST Technical Analysis of Malaysia Stock Performance - Penerbit UTHM,https://news.google.com/rss/articles/CBMikwFBVV95cUxOczh1bjF2V2IyMUsycU5qQmFYLS1zOHJhWncxMVdSR21ubktnRnBVZnhvdXNjVnROOE5oSWo2dW9yN0xKblQwdUtQVXFsd3pLbUluM1FFaUxMREVRNmcxbVBvdU1zMTJFNmRsQTVmSVMwbjBXX0UyVUw0OC1nYUVxSnhGVk1nc2V0bHFON3g1WE1oTUk?oc=5,2022-08-01 07:00:00
downtrend,Rising ringgit set go below 4.2 against the dollar and remain strong next week - thestar.com.my,https://news.google.com/rss/articles/CBMi1wFBVV95cUxOY0VMdUxOTmNJYlFUUWd2YkcxNzZkYzUzeFk4djA5MXJGNHRHOFdFMFVMQWt5aHowTUM4VTh1OWlucXNEOGUxNHN5X0JZdDhVZklEck82bmxsNlAwNkFYcEk0UUhvczZScU1Ic2lKUWJFMjZVWlQyclZsaGdSVTZKOXhLdlI4b3N5dHpXTHZfYXBWTzdnVzJqQ3FUYmYwbGVpRktqR0lZbFh5alVlYVB0cVFMeXpBVGZ5LTFfd2h3NlBYbjFSaGR3YjUzUEg2M3dVc25nd0FnSQ?oc=5,2024-09-22 07:00:00
downtrend,"Government debt-to-gdp ratio to remain at 64pct in 2024, 2025 - NST Online",https://news.google.com/rss/articles/CBMipwFBVV95cUxNOTM0Y0lHaWZVWVlwMDR6UXpnbkRudmNxQnQ3Uko2VmVib3JmcFBYcjVHR1lwWnQtVDhTbWpZTDdpVGtrR0dfMGhCMWhqcU05UDVOS0ZqdjBzdVZsakY4bUEyTWtaRWF2MFBlOTVHU0NZc2hvNjEtMHZiM2FTdEltUG95anpBb2NvQ0RGYzFMUmVLbjlYcDZ0d1VsUGg0aHhFNzBuUnhNNA?oc=5,2024-10-18 07:00:00
downtrend,Ringgit ends slightly higher against US dollar - thestar.com.my,https://news.google.com/rss/articles/CBMiqwFBVV95cUxPRFZxeWlwRzV3UWVSbGRPcFdNU0hDUW1ZQXJrbFJ4UGdkVGh0cmNvdDExRUFZejBhVThnemN4ck1WeHBULWl4Tm1Bc1FjaXNoN2lQbGhMUml5X0V2ZFc4ZDVJcGtxbDJWaTlFQ092T2RDOVVKa1lyTU96bFhpM01feDJjWVhHaTd1SGZJZ29CdUNDUjVaalZZVjhZdUhGRTdUcTNuTjd4OGNCSmM?oc=5,2024-01-23 08:00:00
downtrend,Future Geely cars are going to look like this and we are loving it - AutoBuzz.my,https://news.google.com/rss/articles/CBMipgFBVV95cUxPdmk4YTBXMktqenZjU0l2REh6QUpCWmFUZVhndjVqN0dKRVVQZjhBUGFZRnZaY3RheGk5WGJmZExvRlA5UmR0aUpyT19ZWTVfcG1tdGQyUmxnZnVxcGRzOEJpeWd6eGo0NlR1aUhpWUhrcnFuQkgxLVh5WXhERk9jbU1FRTBSWlVTUURKemxtcFo5TnlqUWhFWGhWaHFnNi0zN2FXRFh3?oc=5,2019-04-17 07:00:00
downtrend,Philippine inflation rate quickens to 5.3% in August - thesun.my,https://news.google.com/rss/articles/CBMijgFBVV95cUxQRksyWVlOU3B2X2JBUTZEMWtQZFFIbmpKLWhmT0RIRW5TLUQxSFh6ZFMzZi1yWXlSZWVUd2EtaF90UlJtN3pjNzdTUE9wa1Ayek84WGhSbTM1ZVhPN3lxRFNFNjFUaHZsbWpMQmJfLXNvU3BDQnh3VEpjeDNQT0RJdC1qNjU5RUoyYS1tREl3?oc=5,2023-05-09 07:00:00
downtrend,Consumer Sentiment Index - Malaysian Institute of Economic Research,https://news.google.com/rss/articles/CBMiWEFVX3lxTE9Jem1GQTQyelBRWEhOOWtSTWp6MUoxeFpnYl8ycWZrcEZzcHFUdzRlc3QwbmhmS3oycjVmaElGZXdxZE5QVUgwQ2VoczQtRUtFOXI2dHhTeWc?oc=5,2023-11-10 20:18:12
downtrend,Ringgit to trade range-bound with upside bias next week - thestar.com.my,https://news.google.com/rss/articles/CBMiugFBVV95cUxOcC1KcmZHYk9DVlZCaF9VWjBhbjRBUkR4VjZvN3QyMExkMjNkU3lLenYzVHRuRlI1aHUxWjVDa3RiYzhaY25yVENlbW0ybnlBVWJoeHVkWGVxOXRsR19saEZxckJNVjFZXzNCN3lDMW1MLXJnT2wzdWxUNTZmNGViYzVVY3lua3dRVW9yZDJvSkZvY0pwT1JyUUNsMkllcVd0Qy1RczBJYVNXN0Jhc3NFUzVqT3RFaDhHWlE?oc=5,2020-10-10 07:00:00
downtrend,"Technical Analysis: Support, Resistance And Trendline - Smart Investor Malaysia",https://news.google.com/rss/articles/CBMiiAFBVV95cUxOcEJibDc2NjF6Q3hFc1NibmliMGFNSHBsa3pZVWVRdWVwclVsM3YyVHdUYVNQd1lvOEdnOG9WTi1pOVFZZ2FwVmljYm1nR1NnWkMyQzBFTmhlT0l0NHpHR3NkdnVZYzdEbHl1em5IM3F3TVQyamdmanZkSHNNeWVNZUdnT2gxLWxr?oc=5,2023-08-12 06:36:32
downtrend,SJKCs the next melting pot? - Opinion - MySinchew,https://news.google.com/rss/articles/CBMieEFVX3lxTE1GN0ZJYlcwQ2NKYlBQR2RLVDlDUDVGQU5YcGU2cENIck9sN212VWRRdmhsWGwyYktzUGZYWGw1SXJwNE9QV2o4a050ZXdMellhLTlVeVg3TGJXQTB2V3AtN2xrVFlfYU9HNnEzNS0xR0I5Y0ZQX3Y5Qg?oc=5,2021-03-25 07:00:00
downtrend,Manual’s not dead… yet: Toyota patents “stick shift” for EVs - AutoBuzz.my,https://news.google.com/rss/articles/CBMikAFBVV95cUxPZWFySXVCNi0zNzhqYnlpSHRoVEFxTUxkTWZ5SXRLOFJ3SUlSamV3dVFBelpJMGtSb2FBcXpteDlsRGRuUk5yWlZXRXdmcHBneGlDUmsxMkxWemdwb3A0ck84bzd4anNQaGFzSW1mVFNJSkxWZ3Q2am40UGZ4NnBQWVp4NkUxZ3V6dUpacVd2ZG0?oc=5,2022-02-14 08:00:00
downtrend,iScanner - iSaham,https://news.google.com/rss/articles/CBMiUEFVX3lxTE5DZWVOVndZbHFrRVR4bGdOVFphWnJueS1LazNQOWNmSXZDbE50V0VUWjh1bUN1RFNQNFg3c2Y5SGx3UTdXNzNEcnRDWGRDVHIz?oc=5,2019-01-31 09:26:12
Bank Negara,CIMB Clicks App | CIMB - CIMB Malaysia,https://news.google.com/rss/articles/CBMieEFVX3lxTFBISmcxVkpUU3FOUU5QTnRDOTJiWXBwcWhUWVV3NUp1aWFsckg1cXhDX28tSjh6QjU1Sk9XelgxNGpFWlFLcHVJQkU1NDZ5NEpOam80SkJnc2dzWW1kcDBzVVZqLUZTYklrcG9VcVkzOFNDTTlsRzIzOQ?oc=5,2019-11-19 19:10:56
Bank Negara,Security Tips - bsn.com.my,https://news.google.com/rss/articles/CBMiU0FVX3lxTE1vTWN0RHExRGVkUDgtSll3TjcyV1pWSG5VbWl4b1dLNHRsUVVOVmhuelpWeklpeFBoYXgzd2VFWFFoLXdaRmgtbU53WXFJd05oRnNn?oc=5,2020-12-14 23:26:51
Bank Negara,TVET Madani - TVET Madani,https://news.google.com/rss/articles/CBMiPEFVX3lxTE5pLXRqRlR3SDJpSjUxRzJHQkl3Vk52RjJOeEVIMVJaYVZjYkhHa1RwYm0yeXZMRHJwMUstYg?oc=5,2023-04-18 07:12:12
Bank Negara,Who we are - Bank Negara Malaysia,https://news.google.com/rss/articles/CBMiS0FVX3lxTE9mamItbFBjLXVKcE04RTdPRFd3SEhmMDZpNDZzQmJxMm9XTV91MlZWZDZkc21oZkxQQzhhMmtkY2d1VVF1Yk4xQnNMbw?oc=5,2020-12-18 16:40:00
Bank Negara,INTELLECTUAL PROPERTY CORPORATION OF MALAYSIA (MyIPO) - MyIPO,https://news.google.com/rss/articles/CBMiPkFVX3lxTFBCRnRhQXVQN1pha3NRSDR0b2JsRHlTdnNES0prejVqZDQ0TkhzcU1CemhfdEpQcW5iOW1FeFZR?oc=5,2020-12-13 09:31:23
Bank Negara,List of Approved and Registered Intermediaries - Bank Negara Malaysia,https://news.google.com/rss/articles/CBMieEFVX3lxTFBadmNITXU5WmFVdWFySEFpOFZiYVd5SFFUV093R3ZlN092OGJ5eDFkSWxUT00yOFlUYzJMemhsZDJvdlpmTU56TFRxN2hKTjBVLUtpd2pHWkFMbG41NkVScXhOOER5Ync1b3NQMDBUb1M4ZEtmSUJjTQ?oc=5,2020-12-16 16:38:54
Bank Negara,Exchange Rates - Bank Negara Malaysia,https://news.google.com/rss/articles/CBMiW0FVX3lxTE0tUWRYd2N4cTJYS196OFhnR2JIYVV6X2F4N3lEaUdiWmVMdGFwZ2pleHRISHFSbVF3U1RBMElkaWVoQ0lneEFCbmRSMHFHOVQ1U043b2M5dF9nZXM?oc=5,2020-12-16 16:40:55
Bank Negara,Financing for Small and Medium Enterprises (SMEs) - Bank Negara Malaysia,https://news.google.com/rss/articles/CBMiQEFVX3lxTFBIZUE1VnNITklNYVppVG5WMkJTUFZLZjB5eDZCaklqZ0hRVU9CNE9BLU1hMklGdEFDNllzdWJ5bVM?oc=5,2024-09-09 02:27:23
Bank Negara,ZOO JOHOR - ZOO JOHOR,https://news.google.com/rss/articles/CBMiXEFVX3lxTE5VSkNDZHpVUEQ2ZHVwa2V1bk0yZ3VjWDRtaDMyc24za0E2cmFYalFvSUtsMUhHcEhZZDhHZkk4cWtra2p4MXFaSkVOdFRpd3RTWXE5ekxyYmhaZmJp?oc=5,2024-09-19 17:11:52
Bank Negara,THE OFFICIAL WEB OF PUBLIC INFOBANJIR - LAMAN WEB RASMI PUBLIC INFOBANJIR,https://news.google.com/rss/articles/CBMiWkFVX3lxTE1iVllLdTZIbkNTZlJ5OW5tWGc1UkFsaGZXMXpzTG11TGMtYTc5VDdjSG1sWU1CUW0tdk9KcDA3M21oS2pES092a3VqT1dNWEgtbzljaDVjTWhoUQ?oc=5,2020-10-07 14:18:48
Bank Negara,Bank Negara Malaysia Annual Report 2012 - Bank Negara Malaysia,https://news.google.com/rss/articles/CBMiRkFVX3lxTFBtOW5DbmZiV0ZUdG1ERGg0MTlOVk83M2N5ODZ5MVdRUkRGSUN0N1BpSEh0YXZtY2ZmRWhCRzVFQ3p4ZF9oeVE?oc=5,2020-12-16 18:15:41
Bank Negara,Liquidity Risk Policy Document - Bank Negara Malaysia,https://news.google.com/rss/articles/CBMiTkFVX3lxTE8tSDZyTXNnVGxLM1FUa2N2UEpSWklPMDVqQndOelBfTnFCS1lrSjdqTVo5WXIzQjFjTldvZmJHbkc5STNuNWd0cjZoYlExZw?oc=5,2024-10-15 03:14:13
Bank Negara,Sun Life Malaysia Assurance Berhad - Bank Negara Malaysia,https://news.google.com/rss/articles/CBMia0FVX3lxTE9HUWtQVWtiUkZZdzYzRzRFekRlam40T2hpLXYxUHpXajMzZ1NRMXNGanRwZTN5cXVWUk1MM1FKM0ttQ29sUDhwMmV3d2NYM0EyLU9vVkxMb3VxQzM5VE1xX3ZUd2JjNWtKSG8w?oc=5,2020-12-19 14:37:19
Bank Negara,Monetary Policy Statement - Bank Negara Malaysia,https://news.google.com/rss/articles/CBMia0FVX3lxTFA3ZnVGajVQU01EZFZ1Tm5tR205TVdxc2dvX3Bfc0Q4aHE2LVk2dUNQUFBUaXhZQk82bXg1OGo5eWw5LXM2T3lDRHdHb1dXXzRaTFFES1FhVjUzUzN0UWxhajdEZERmcjYwVmVV?oc=5,2024-01-24 08:00:00
Bank Negara,About Money Services Business - Bank Negara Malaysia,https://news.google.com/rss/articles/CBMiYkFVX3lxTE5BNWtkakh6ODJna2E0VXBIelFKTmJNRkZGSXhWRDdtNHhHSUdianJ5MC1fQmxCSlVVZFc5UzhDQlJVR212NjZpVTE4SDgtdkpJblBmTXVXaXBXQTZuR2tsanZR?oc=5,2020-12-16 16:40:01
Bank Negara,Newly published: Guidelines on Data Management and MIS Framework for Development Financial Institutions - Bank Negara Malaysia,https://news.google.com/rss/articles/CBMixgFBVV95cUxNUkFuZzlMMmlMSGFuNmtweVMtbkhVUmh2NXFZVUxsWXU1NlVOX0o1MnpiM1B5dVF4NFRYSXE3UjluM2RpdXNNX0hiT2dOM2Z1X2VNNjNMd3MteXFvMnZXczVVaDJLNHpHMTM4ek5yV3h0czVsdGdYdGprODRTTXlmc04xUkZEVFBfUmVBQlB2dmMyREFMUjNjNXpndHdpdWxaUFd1SDI3dXRWNG9ZR2FKclFaUnRrc3lNNGhoMEpBTFJXNXROeEE?oc=5,2020-12-18 21:22:52
Bank Negara,Welcome To Bank Negara Malaysia Museum and Art Gallery - BNM Museum and Art Gallery,https://news.google.com/rss/articles/CBMiP0FVX3lxTE50bmNUZ0J4RzVTcGFUSEk0UE5yVS1sNURZd2ZobFVBMWVjMjFwSzhLWTVTMGhZUGx2enpLNzNLdw?oc=5,2021-07-04 03:30:08
Bank Negara,Legal Entity Identifier (LEI) - Bank Negara Malaysia,https://news.google.com/rss/articles/CBMiYEFVX3lxTE5vYU5kOEQ1ZDJEMjdqNFZocWY1ZDMwRm1YWGwyblpBcGtqdVQ3WVUxLXdzR0FMWlN1Nnd4QmY4RlFfcTh4RXdrSDNEejZvTFAzR19CTFJzNUVTTGpjR3dHVw?oc=5,2020-12-18 17:06:43
bnm,CCRIS Report - Bank Negara Malaysia,https://news.google.com/rss/articles/CBMiQkFVX3lxTE95eHRoMmhSTnFFdlJLVDdHb19qaEVfX2dPUWhCY1YwWUduSWxITjVWY3BkVllzTXE3REZiclBqeXU4QQ?oc=5,2022-02-18 10:44:56
bnm,INVESTMENT CHECKER - Securities Commission Malaysia,https://news.google.com/rss/articles/CBMiUkFVX3lxTFBXQndYbFNMWFh3eTllbUNTWXV4YzgySjhLY2VsYlhrMWJwUk83cFAwSV9jeHVCYUNyVllfNkVhSGJEUHE3RHBuYWxuTTJZZE1rQmc?oc=5,2024-02-07 01:25:57
bnm,Malaysia Standard Industrial Classification (MSIC) Codes - Lembaga Hasil Dalam Negeri Malaysia,https://news.google.com/rss/articles/CBMiYEFVX3lxTE5rWXdCVmFqa1RCNHRRcF9lblRZZlEyV1pBaXpkaVZhR1lvSnp0aGl1LW5YVHJVbVVVbnVEd1lzVl84bmVpZWJvR2JWNVdmVF9YdHVMMnlZTjJfTDN1aFM5ZA?oc=5,2024-02-09 15:10:57
bnm,Lembaga Hasil Dalam Negeri Malaysia - hasil.gov.my,https://news.google.com/rss/articles/CBMiPkFVX3lxTFBGNktGRG93allpMzJ1LXFBSVF5MnYyNG9VWVBrM0Q1N3RrNy12V0dROTFxZkZZSFp6ZFJxZm93?oc=5,2021-10-21 13:07:27
bnm,Xpats Gateway - Xpats Gateway,https://news.google.com/rss/articles/CBMiQkFVX3lxTE0zLWNQV2dvbTYtX05JbFRoTXRCbGpZZ2JrS0hmbEdJN2Etd2xwdUxCdjJxVjlGaHRKYkoxY1hpbG94QQ?oc=5,2023-06-08 13:02:44
bnm,Security Alert - bsn.com.my,https://news.google.com/rss/articles/CBMiVEFVX3lxTE52RG10QkxESGJNczNMcmxsVE1NT19VbUdpeUxoRHFsMGk2THNTcVlyNnR0dUQxV2l5SXIyV29zWHRfZmZwQjVNN3UxZFRRSlVJQkROag?oc=5,2020-12-14 23:27:55
bnm,Security Tips - bsn.com.my,https://news.google.com/rss/articles/CBMiU0FVX3lxTE1vTWN0RHExRGVkUDgtSll3TjcyV1pWSG5VbWl4b1dLNHRsUVVOVmhuelpWeklpeFBoYXgzd2VFWFFoLXdaRmgtbU53WXFJd05oRnNn?oc=5,2020-12-14 23:26:51
bnm,BSN SSP - Sijil Simpanan Premium - bsn.com.my,https://news.google.com/rss/articles/CBMiZ0FVX3lxTE1HSHZ2Y3hNSGNYRjBud19IZUdhTlllUlRfWGktUVdmcHdIYkRyYUs0NXcyVXN3UWZzM3ZHbDRodW1iaklIOUJOMWVRd2VjcUJTaS1WYjFvZUpVV291WTd0WWFwVnFSVmc?oc=5,2020-12-31 18:14:23
bnm,Amanah Saham Nasional Berhad (ASNB) - asnb.com.my,https://news.google.com/rss/articles/CBMiPEFVX3lxTE0wdnVGUGNjMTRCMDJvRGtJQnlPRnp4anI3RHVPc3FYVUNhVW1ZZ2tXeTBsSXFmQmw4UTN0VQ?oc=5,2020-02-25 18:01:26
bnm,Customer Help Centre - CIMB Malaysia,https://news.google.com/rss/articles/CBMif0FVX3lxTFB4UFYwTUtScC1rQWUtNjlnam4tdnNURENDd1hnLVRtaXlwQ0RSNVhsNlVMeFRvS3BaSGpXZm1wRU45cTJOYTRZVkpwU0V5d21FV0h0ZzFSUTQ2TEZoNkM3UEVoSFd2OGlsNlJRNmF3YzNDVDlCcjJ4dEhWbjR2TFE?oc=5,2024-12-20 21:22:45
bnm,BizChannel@CIMB - CIMB Malaysia,https://news.google.com/rss/articles/CBMifkFVX3lxTE9QQ0x0ZUdKdXl4VjZsU3VRZ1BWOVlJaE1zMmMxSEw5MWJjT0ZiMkNUTWFNOERMNHVaNk5kdHV4NU0xeTdlVkFtUUxGS2k4ZDBlcGFoTjA1UC1IVG9UaThrV08zZzN5dlFTVTRWMlE0OVZ2YWtOd1VRS3JNSDU3UQ?oc=5,2024-12-20 23:35:07
bnm,Laman Utama | Permodalan Nasional Berhad (PNB) - pnb.com.my,https://news.google.com/rss/articles/CBMiPkFVX3lxTE1HUWd4T1B1UkhVNHV2WERPbGhMNERSaHpyNC1na2xQV0NXZzYzMVMzQVVXX0hPdmRZOEs5Ukhn?oc=5,2024-08-21 19:24:59
bnm,Public Scholarship - Students | OCBC Bank Malaysia - OCBC,https://news.google.com/rss/articles/CBMic0FVX3lxTE95eGdib21FMzNNejJ0SzNIczB5ZTR0LWJ3cFhXUlZoNnY1OF9DVnF4VEZILXdsTGpzRjlrMy1LQmRlUkF6cF81ekhrS0QzU1lIMEluZjFIN2ZJYkRLeFo3WDAyUzg5X3Jrb0ZUc2gwWE5xU0E?oc=5,2022-08-26 01:05:29
bnm,Log Masuk i-Akaun (Ahli) - KWSP Malaysia - iakaun.kwsp.gov.my,https://news.google.com/rss/articles/CBMiWkFVX3lxTFBFVndMNzF3VW82UUxkQXplWE4tRE15ZDJVc2F5YTJEdjRfLVJmZEkzb19tdzJiTGQ2MUZJLXJRTEJxZFZHYXAwaUdUbkFkdGdpcy1zMW56SllvUQ?oc=5,2024-02-01 17:43:09
bnm,The MAE app lets you bank seamlessly and manage all your lifestyle needs. - Maybank2u,https://news.google.com/rss/articles/CBMiqgFBVV95cUxOWUV5U3dVMEZRTXpfcG1TcHVNZ1pOWmRka0pvX0xKcm5DM0lhMjh5QVRpbWpYcTB5U1U2d2cwczhla3JGVllZXzlSQVo3U09RWjZFZVh5WkFPLVozdFN1NUFDNG9DZFBFTnlrQldHMGpEUklKQklrMWd6ZXFhWjlVdDhvMVFlR1Q1em1tRTZTdnlYRW9ITTFTYUZWaW9kNjNROW5mcjdYZDlyQQ?oc=5,2020-10-08 04:07:18
bnm,Hong Leong Assurance - The largest domestic life insurance in Malaysia - Hong Leong Assurance,https://news.google.com/rss/articles/CBMiS0FVX3lxTFA5eEVMZ2tWRThUcmRIX2xLWjdsc0F4SC1kb0JPSDlsM3U2MkxwTlU2V3NfUlY0RlpkS3dYbTQ3Zk4wbWY1VEhPeUozUQ?oc=5,2024-04-26 16:41:36
bnm,Get your Touch 'n Go Card refund for - customerservice.touchngo.com.my,https://news.google.com/rss/articles/CBMiXEFVX3lxTE1QVlVUeEo4MGNKa3ZGSmdaUTNwOGl6NG5IRHF3SmlwdjU3dkR4RlNzRjlBcV9HaE90T1FMQ0E5cWJscTF6dkpBNGFVTVNmYlNLN0l6RnpuWjlFTmcz?oc=5,2021-08-23 07:39:43
bnm,Portal Rasmi Kementerian Kewangan - Portal Rasmi Kementerian Kewangan,https://news.google.com/rss/articles/CBMiP0FVX3lxTE95NFp6WUZ5ZDB5dTJ6WkxmTy1PX08xRXZRMlBNYmVVNFRYQXFXUkRNNkVJTmVtbXhHX1JjTFBqYw?oc=5,2021-02-02 01:22:18
bnm,BSN MYGOLD ACCOUNT-i - bsn.com.my,https://news.google.com/rss/articles/CBMiWkFVX3lxTFBCMnNFVlppa3RLc0I0cFpoOTlyTWM4LWZSTjJxUzJDbTU4Y0ozcXFNN0F2dE14bFotaFdkVThwS1RfTHpzUS11U1kzb1cyNnlKQWRVaUJaQmY5QQ?oc=5,2023-08-28 00:23:19
bnm,Touch 'n Go eWallet Help Centre - Touch 'n Go eWallet Help Centre,https://news.google.com/rss/articles/CBMiVEFVX3lxTE9xV0R4b2ZPcmJkZ2JkMFZ4eE11TzB3ZWZGRXRrZFp6WWgtN0c2SE5QNWd4WnRpX3ZERExSTlByOEMxTmcxczNQZjVyNDUzVVhjblFJTQ?oc=5,2019-11-27 08:41:23
bnm,Financing for Small and Medium Enterprises (SMEs) - Bank Negara Malaysia,https://news.google.com/rss/articles/CBMiQEFVX3lxTFBIZUE1VnNITklNYVppVG5WMkJTUFZLZjB5eDZCaklqZ0hRVU9CNE9BLU1hMklGdEFDNllzdWJ5bVM?oc=5,2024-09-09 02:27:23
bnm,Code Tables - Lembaga Hasil Dalam Negeri Malaysia,https://news.google.com/rss/articles/CBMiUkFVX3lxTE43VUUxcGNTVVR6WmhHV1VveEhTZ1JPVkdWSWNaNnhrRHRKVzZOcXpnZVVlZ3A4NmNyaVA2UjI1a3VkSmxmVnZNSVZaSjVJUDYxSnc?oc=5,2024-02-09 10:44:23
bnm,"Malaysian Salary Calculator for EPF, SOCSO and EIS - PayrollPanda",https://news.google.com/rss/articles/CBMiWkFVX3lxTE51N19EQk43YTItdlFWSFkyUHdlcDJoWDVTaENVUTZ0STRIT3loSHl3ZGVvN2VjVU9iYWNSOXZKa21xTWRQMG11M0pFdEItRkljTnNFMW9vU1BvUQ?oc=5,2024-04-05 12:46:16
bnm,Initiatives to Strengthen Consumer Protection - Bank Negara Malaysia,https://news.google.com/rss/articles/CBMiekFVX3lxTFBSNGNGbE5SUldCdXdGQnUyaFgtVUM1V2trRjZpLU9ydG85QlVrMlQ4bWVBaUl0WWRvaDJGSGRvQ1lDZHJsSm9sUDY3S2JETmVabGh6MF9QcXVCblRzbXZSSFdwVllnbE0wdUVzclNRNmQ5eVgzQklaTzlR?oc=5,2022-03-29 01:38:22
bnm,Management of Customer Information and Permitted Disclosures - Bank Negara Malaysia,https://news.google.com/rss/articles/CBMizgFBVV95cUxQZFBVeTJLS2p2al8temdydlNBVzN1X1FiSV9fdjZ2MWlzcWtsWXJYcnJiUVd2WWxkRUtjMTZnclU5VnV6YWZ6SENRWUd2MnJPaDJDVEVBdkNpUXNsU2hKaFFRUFVmWHhsbTJmUVMzYkRqUF9yWjVnaUFzNHJQa1dHTl92a2VHbHhNbGxwNEZIQ3Mwb2RxaFJveDJPS0tIemVSeWRfREJqU3FJbnZnS2tGTzdYWlpoYjRiOVVoN2xFdXZtd2hWUTBDb3ZqbVhnQQ?oc=5,2021-10-12 07:00:00
bnm,The Shariah Advisory Council of Bank Negara Malaysia (the SAC) 194th and 195th Meeting - Bank Negara Malaysia,https://news.google.com/rss/articles/CBMiXEFVX3lxTE9Td0l4ZFdMOFFMSWR0NmlWbEFYYzk2UTZlUTRkQ29uNnZITWpLT1NGNmJGbFE2LUpDckhhV0E3SEs3c0JXeHRScjhXU1U1ZzRob3hRdmNUdzMyVW9t?oc=5,2020-12-18 21:09:28
bnm,List of Registered Adjusters - Bank Negara Malaysia,https://news.google.com/rss/articles/CBMiWEFVX3lxTE5naEFCb2pHY0pDeGY2YWhKUHJuSExqTEQ3dldPTTZRel9GT3B2OUQ5Q1ZCUGVtWERqeWphNHBJT3FKNHF4ZlJ4Vk15YzV4aGpvWS1jOVR3cnc?oc=5,2024-12-23 08:00:00
bnm,Government / BNM Schemes Financing | Business Loan Guarantee Scheme | CIMB - CIMB Malaysia,https://news.google.com/rss/articles/CBMipAFBVV95cUxPZEtVVk1fR2NXOWhGSW9YdUhxUWZQcUNlNjk4SV93Z01rVHh2SktMcEFvQ09pVkh6dkt0VWI5WDUyU3NWZGFRWEZpVEJEdjl5Q2hOanVxWGhKcC1KRlNHRHY1N2lzNFU3TTBsQ0E1QUtnZmN6NkRraGpPMF95WE9pUVZhREduYXZxVHg4UVFhanZudkxLaF9UV0ZGQVRabHE0TmlvLQ?oc=5,2024-12-20 23:35:31
bnm,Liquidity Risk Policy Document - Bank Negara Malaysia,https://news.google.com/rss/articles/CBMiTkFVX3lxTE8tSDZyTXNnVGxLM1FUa2N2UEpSWklPMDVqQndOelBfTnFCS1lrSjdqTVo5WXIzQjFjTldvZmJHbkc5STNuNWd0cjZoYlExZw?oc=5,2024-10-15 03:14:13
bnm,BNM Instructs iPay88 to Further Strengthen Cyber Security Controls - Bank Negara Malaysia,https://news.google.com/rss/articles/CBMigwFBVV95cUxNVkdRNE9CS0pURWl2R283NlE1T0tKZUpHWnBoalFnS3RPdnQ0WlA4WXBGaXdxMXdtXzkzQnhzUm5ORHRRTmhoTk03REhiQlYzS0VwNVgxajgyblRxSVVrdGtNSFF2dzRBSGJJRkNUY3JJMU1paFBhUEZEWUpZTjg1YlE0UQ?oc=5,2022-10-07 07:00:00
bnm,Monetary Policy Statement - Bank Negara Malaysia,https://news.google.com/rss/articles/CBMia0FVX3lxTFA3ZnVGajVQU01EZFZ1Tm5tR205TVdxc2dvX3Bfc0Q4aHE2LVk2dUNQUFBUaXhZQk82bXg1OGo5eWw5LXM2T3lDRHdHb1dXXzRaTFFES1FhVjUzUzN0UWxhajdEZERmcjYwVmVV?oc=5,2024-01-24 08:00:00
bnm,Measures to Assist Businesses and Households Affected by the COVID-19 Outbreak - Bank Negara Malaysia,https://news.google.com/rss/articles/CBMipgFBVV95cUxQMWpTQlJGQ3ZCTE1fYUJmc1RqVFJqQ0RORDM4MTBwUm12R0JJT2FnUzJoZE5XVm1yRzZreVZSa2JEaGxydlJ6cFJXUm5YbVREWU00TGJ3OVczTmlmbUNIRDBvb0VzeVBiWTNoS240aGM1WGt6TXRWNW0yZlJuNEgtdFFLMmg5VDRhUy1zd1JGUFpPSGZlQnFzZTFuc3pjaUQyRHFjMUZB?oc=5,2020-02-27 08:00:00
bnm,Participation Rules for Payments and Securities Services - Bank Negara Malaysia,https://news.google.com/rss/articles/CBMivAFBVV95cUxQbl9ZQTZ2X2FQS3pHS1ZYQWk0QmRqMnFSNnItWjFaeVA3bk4xaFJxajdVejcwWTZSdm94aGRkQzB1bkdod3IxR1EzVUNzWXdWTVFKVmZhX3B2bzlrZzRkeVhoRHl3aHVQUzdlMGRWcU5taV8yMEU1Qlk1WTlRZnd2Q0RacVRHNEEzM0FLVmNENE9XNGVXX043N1NkS2JzVHhRbU13b2hrZ3BCRjhCa2lfeW5jbUhOMTc2bFd3YQ?oc=5,2024-06-25 07:00:00
bnm,Quarterly Bulletin 3Q 2024 - Bank Negara Malaysia,https://news.google.com/rss/articles/CBMiYEFVX3lxTE5SVzBUSVlESTF3c1VLWmFPWWNUQVJPeEJSZGY3NE5rUUZXeHhXNjJxdGFwUXdteEwyTWZQZERwdWFJU192Z0dpaFRIaXdUeHdaOUZiZEdvTWx6eGN0aW5ycw?oc=5,2024-11-15 04:34:42
bnm,Policy Document on Registration Procedures and Requirements on Professionalism of Adjusters - Bank Negara Malaysia,https://news.google.com/rss/articles/CBMiTkFVX3lxTE5YclU3RzRKTGhOQVNsdXI4Zk0yZlNSRTh6dUxkMFJOV3NpdDhBVmc5TkV1WlJQdENRSDAxeHFXRkt6Z2dLVVBMSXB1UkxZdw?oc=5,2023-06-01 07:00:00
bnm,Financial Stability Review First Half 2021 - Bank Negara Malaysia,https://news.google.com/rss/articles/CBMiVEFVX3lxTFA4QU45M2xLNXhqZ1h1MkZ1RkpOVHpuQ2RMNVpkY3preWhLVGlDM0l3blFqZjRQQjJ2eWx5OXRfVTFGa2dGZkhhOTRPaUR5QzJLaVhfSg?oc=5,2021-09-29 07:00:00
bnm,Consumer Credit Oversight Board Task Force Invites Feedback on Proposed Enactment of Consumer Credit Act - Bank Negara Malaysia,https://news.google.com/rss/articles/CBMiYkFVX3lxTE5WV2luZXA0c3lCUnE3dG0tbVpSOEdHc21wM0h1WXlGLUZlTTJ1cDhxcklLLWZHeTQwei0yWmFrbEpqdEd4Y0I1NUxzMGVObS1fRDZUY0hGcHlROUhTcGVmRWNB?oc=5,2022-08-04 07:00:00
bnm,Exposure Draft on Product Transparency and Disclosure - Bank Negara Malaysia,https://news.google.com/rss/articles/CBMiTEFVX3lxTE4wMnEwcDVEUXpmaDlBOFd0Q25vQ2RoU3A0SlhDU0hkajRuWjZuTzcya3BaMG44NE5IdVo2SzhER3o0R3hiSy1FZ2VORUU?oc=5,2024-02-29 08:00:00
bnm,Ringgit Foreign Exchange Rates - Bank Negara Malaysia,https://news.google.com/rss/articles/CBMiyAJBVV95cUxOdnFiUEx1bTFLTkdjcnRGcUpRbzdEbGswOTRYTDB6cUZzSF94UnhDakIxcEZISFNNRGJNZkh0ZjhmMHhhVm40S09fVmtVdHZ2bDVmQjlSY3c5bGdEcUd6RVYtbUFubjFTR0hodnhSZEZDbGRIZDdKT3kycWRrR3dGRHZlUWZVVWlEdFZaWUNBZ0ctdE82dXlxaks4UTRQME13eF9xZDZGc0RmQnBvN19hYk52Y3B1UGtGVThBLUl1Y01qbmZJdlN3WnV1ck1jOEhUeWhCZWxvSzRtSnRmclF1WWpIRTZHZmJJM2RzSTFVQ0pSQkoxbHgzRDE2cFMxOW1Bamt1UnFsMEVIbnF1REo1X2l1Wm9tSFktWXdvYVRITFpxeV9UQ2ZYaUNxa21yM2lrMndRNmk5UWFQRmdGanM4UllYS1NZTjhM?oc=5,2023-10-20 07:00:00
bnm,Dynamic Hedging Programme for Institutional Investors - Bank Negara Malaysia,https://news.google.com/rss/articles/CBMihwFBVV95cUxPUE80SmJmb0I0Mnp4aXlXdy1nM3lZZmxHSUVvUF9vYnhBc1JOVnplOVlhY2FkY25BTTRfdjNEQWhiaEUzZ3hGZlhnaktxOTBxNHhYa3JtN0NpZGtoTUI3RGdJSmdzMkdWLW5taUx3NnBnSmZIenJ4aDYtckRiUVU0WjFQc3ByOGs?oc=5,2019-04-17 07:00:00
bnm,Untitled - Bank Negara Malaysia,https://news.google.com/rss/articles/CBMiPEFVX3lxTE1mZFQxVVVTWmlfU2E3RF8yQU1tT2V3T0pRbnlISF9zcmlfNkdVZmlUNG1YWlhjUGUteENnZg?oc=5,2024-09-19 15:58:34
bnm,"FMAM and BNM's Engagement with London Investors ""Malaysian Financial Market - Progressive, Stable and Dynamic"" - Bank Negara Malaysia",https://news.google.com/rss/articles/CBMiywFBVV95cUxNU0lnSEV0cHQyT2toYnpQYk53NmY2dElvSXEzNGI0QnJiQUZqZnR2R0NNRk1COUhXRk50OWd5c2p0ZjJBNVVIZjlkZEQyUFNWQmxLb2Y2eE9YZjVJcERjYVduYUxPWHdsWVZMNFdzX0hXQVhYMFBlSnZCeF9SS1RFeERCMW5TWF95Xzg0N3U5bTJZUUgyZ0lvX3VGcnEzSWVVTFo3NzBGb3hnS2RLSmxoY01Hb0pScHhsRGJONFR2QXlkRVVKb2Y3VlR0QQ?oc=5,2020-03-12 07:00:00
bnm,BNM’s Disaster Relief Facility 2022 for MSMEs Affected by the Recent Floods - Bank Negara Malaysia,https://news.google.com/rss/articles/CBMiT0FVX3lxTFA2ZTlYX0oybU5vWUQ3aGhPT3JMZU1MRG9FZ0ZSbGlLN2xEQ1FoaWM4ai1VeWFZNEZndFV5ZEF5bU5EdjNUUktURmxrTm51WHM?oc=5,2021-12-20 08:00:00
bnm,ED on MIF - Bank Negara Malaysia,https://news.google.com/rss/articles/CBMiigFBVV95cUxNcTRqdGg1LVZiaVFDR2YtSmxNTUVDUXo0UzhCYnJnbnJITjBmRXRsM3labU5zWlB6VDR3X2VxcGNRcktnOUJrclpqWmdtclZhMHNYSkotSlZGMjJYWXk3RWwtdHlrUTF6d3BZTHBaY083NEcxZFR5WlVNLXJIeElVbWEwdzk0aS01eWc?oc=5,2023-07-07 07:00:00
bnm,BNM launches Malaysia Islamic Overnight Rate (MYOR-i) to spur Islamic financial product innovation - Bank Negara Malaysia,https://news.google.com/rss/articles/CBMiT0FVX3lxTE9xSExZMkpfU2d0T3dMTmVJSnZ3Wk9OQThNZWZDNnNGREF1b0dlWmJtcU9jNjFiRWxfeVY2V0dhZlRhTTNEYmxWeXpzSEhrblU?oc=5,2022-03-25 07:00:00
bnm,Annual Report - Bank Negara Malaysia,https://news.google.com/rss/articles/CBMic0FVX3lxTE5nd2lDeUJBVUEzdGNrMW9rTnBybFdzMkc3NTk0dHg4bnVRbW4zcWd2NVVXM0dORDhoQzQwZk5zdW85MWk4bnFfVUNVbEpEV2VjdXNKZkZjR29SUFZpa0xROVlTZEVlc2tHSXV1eXh1RUdRajQ?oc=5,2020-03-31 07:00:00
bnm,Islamic Banking Window Policy Document - Bank Negara Malaysia,https://news.google.com/rss/articles/CBMiSkFVX3lxTE5hdVFPMDNOSV9CMFNXR1pURkMzZDctUTdQRWVHdG1yS3hDMWNUanpySmJUTWJOa292cC1xSFE2OFpwNHpxc0JTVGd3?oc=5,2024-11-11 08:00:00
bnm,Ruling of the BNM Shariah Advisory Council at its 214th Meeting - Bank Negara Malaysia,https://news.google.com/rss/articles/CBMiVkFVX3lxTFBoc1FoMVFrTVo5MkZaajNKZWJfcHdxQVM3NzU4amtERGRPVXlTZE51aUlRZDFlOHFwMl95TW1TZmlYYmIwRGl6SmJvZ2hFQlQ2MlFBQ25B?oc=5,2021-10-27 07:00:00
bnm,Exposure Draft on Prudent and Professional Conduct of Insurance and Takaful Brokers - Bank Negara Malaysia,https://news.google.com/rss/articles/CBMiSEFVX3lxTE9oLUVFUmsxLTNUc3Y3WDZlcXhpZEdwQkI4VHFJc2NoaGhjSXAxUFNJNU9NeFpMNnVRQVZPMW9nSUVSMXZLRXJMYg?oc=5,2024-12-19 14:27:14
bnm,BNM Annual Report 2022 - Bank Negara Malaysia,https://news.google.com/rss/articles/CBMidEFVX3lxTFBLbjBvOWQ3QzZrOXlOS29td29SdWU2ZVpUZVRwUktlaEJDSDVEdlBUaHJTaE9mNEcwTHZyaUkxREpJa2V0SWJlS2tua0ZDZU1hakRIaXByWnQ4dldHcTFzUWZVYWVIbC1reTVGS2JZTW8ycTgt?oc=5,2023-03-20 07:00:00
bnm,BNM further advancing e-payment adoption and financial inclusion - Bank Negara Malaysia,https://news.google.com/rss/articles/CBMiWEFVX3lxTFA2VFd1X3JNVk1OMUtFNzhidndvdHVvNjA0d0MyR3FwTzYwRWFWWlJ3czZrNTlFUUw1ZmpYcHdLU0lwNGNaME8yZFFZN1MwLXRKQzFZblAwMWE?oc=5,2022-10-29 07:00:00
currency,Foreign Currency | Maybank Malaysia - Maybank2u,https://news.google.com/rss/articles/CBMiswFBVV95cUxOcmdtZzQzVlRyZk5OTjZzbmFsMGF3YUEydW1aX21GTUprTFhiUE5pTERPamdPUTFyZjItMVhEZUFUUDN0eU5jQ19jWWktMno3Tmw4Rk9Mbm12cmpkMmZkdHdLU2xkTmVWdUpOQ3hzbEVrYWJ0c0FYaWpKaUZwaTV3VVJTeUdXbjRvSDFqY05NZEVSQm1pcXRhWFJVRWl0YUxmS2ZrRFJzS1QtMlN1bTdBMk14cw?oc=5,2019-05-25 19:29:34
liquidity,BizChannel@CIMB - CIMB Malaysia,https://news.google.com/rss/articles/CBMifkFVX3lxTE9QQ0x0ZUdKdXl4VjZsU3VRZ1BWOVlJaE1zMmMxSEw5MWJjT0ZiMkNUTWFNOERMNHVaNk5kdHV4NU0xeTdlVkFtUUxGS2k4ZDBlcGFoTjA1UC1IVG9UaThrV08zZzN5dlFTVTRWMlE0OVZ2YWtOd1VRS3JNSDU3UQ?oc=5,2024-12-20 23:35:07
liquidity,Sukuk Market Liquidity Determinants: A Case Study on Sovereign Sukuk in Indonesia - eJournal UM,https://news.google.com/rss/articles/CBMiggFBVV95cUxQV3hKZ2UzUFM5SHR6Q1Rva3FwZldtcUdLTVhaU2tfY183ekNfUkZSMXhJSXVMbnhZRjJoQi1mZWpMNEJvNzZnRGRKQ1lLTmhlcm9IQUQ1LXkzdE1BTFBaaGRnMjh3dzFfVHVrSjJGaExES3NUUm1VVHZ0THVEeGJLbHln?oc=5,2021-05-12 21:41:09
liquidity,Malaysia has sufficient liquidity in the market to execute initiatives - Tengku Zafrul - Portal Rasmi Kementerian Kewangan,https://news.google.com/rss/articles/CBMi1AFBVV95cUxQeHotQjVSV3RmcnV6dzBRU29ySG42anBKYmYzaVgyNkVMNHA5UU1mb21RT0FuN3c4d0J6TWJrMklKeXMyR1RkQWZWSWY4WEVBUHZEZndvYk1RSnVsS3BVYjN1eW0wSEU2Z0tiTWpscEdKT0dzVGw4dXdlNTlxQ1A4a1hCY1FyVlFySE5FaU50aVItZlFmbHdXaHdibHJPWHZONTVqSGh1OXo5NTdST2hzSHlSM1loekc4bnBDdnEzWjFkM3RIeFhiYzNLenZidEV2NHNVbA?oc=5,2020-06-11 07:00:00
liquidity,Working Paper in Islamic Economics and Finance No. 0901 Analysis of Liquidity Risk Management Practices of Islamic Banks in Indo - ukm.my,https://news.google.com/rss/articles/CBMizwFBVV95cUxQSkladXV0VUtZajYxYnpvbkZBYjFIVWdFWHdTRER3OU5ZNDZENkNESnN4TXVWUC1FU25zNWd1VTBLZlhUVTJNdGQ3ZGdRbUYyRFdDcFRYbnltdUJyZG5fTUlZcXFrbTlFc1VqZmo5eU16ZmVCOWpfWDhMNjFpR1RXM0ZmNnFYNzdxT1JPZmg2Q1VwSjdTZmVrejg1cVFBR2d3ZWtJNkZvSlJKMnQ5a3dzQ0hZRkQ3Zl9jcFI3bnRyUEg1ZjlRRGx1NFRYZU5UYlk?oc=5,2021-03-05 13:53:13
liquidity,Liquidity Risk Policy Document - Bank Negara Malaysia,https://news.google.com/rss/articles/CBMiTkFVX3lxTE8tSDZyTXNnVGxLM1FUa2N2UEpSWklPMDVqQndOelBfTnFCS1lrSjdqTVo5WXIzQjFjTldvZmJHbkc5STNuNWd0cjZoYlExZw?oc=5,2024-10-15 03:14:13
liquidity,Reduction of the 3-month Intervention Rate and the Introduction of a New Liquidity Framework - Bank Negara Malaysia,https://news.google.com/rss/articles/CBMiuAFBVV95cUxPSTZXYm1FQ2NXa3ZPR20tYko2TUhIVVpLeEtKTDYtdjBtQjI2MEJYY1BPeFFwaHZwSG1WVE1WS2ZnNmxyVmU2NnhiZmhzZjJnUEZDSVRBMlFSVHdLWFFsNHZlZEJxYzBCYkx6YXc5QWwxWDljSmhOQ2czOW84d3hxRnMyNVdLd1plYl8wc2VBRnc1VUR0Nnp6VFRfcFNCSUdWMm82TWV1Y0pzQUFYc2RIRmt1RXp4QVc3?oc=5,2022-03-29 01:30:08
liquidity,Macquarie - Malaysia Warrants,https://news.google.com/rss/articles/CBMiiwFBVV95cUxQMzBSWWllWGF2TVRqdVRxMW9jNUVqeld2dzM0NHlwb0MwZ1ZZdm1lY1BhUlFtd1BmWFNlT2VRMXNUN2xXU25EUk9rUGFjUWxJQ25oWjFwZzdQWXNNMEtLb183bW84UXZaNW93Z1hrTFdaWmxGdV9KWnYzVVlsM0UxdTRwOHMxMUlKekhj?oc=5,2023-08-08 07:00:00
liquidity,"MARKET, LIQUIDITY AND FUNDING RISK - Bank Negara Malaysia",https://news.google.com/rss/articles/CBMid0FVX3lxTE1IeEE2cE1uZ3pEX3lYZ3BhSVdTamE2emlRcl9qVEFWWWM5SUh6THNsZHNadV9fc3kyM3A0dkltWWxkekdXYU5xOGZiQ0tyWUJHSVlneXVPQTFtcURNOExrN2Q1TjZCQVRGOWVoUjJfRkRTYzhGbEpV?oc=5,2021-02-27 10:56:01
liquidity,Liquidity Risk Policy Document - Bank Negara Malaysia,https://news.google.com/rss/articles/CBMigAFBVV95cUxNMFBxODJFSVR5cjQwcHI5blpQeENtQk12LWh6OGx2T3ZtYkNXQnFjbnpyUmRSVkR2WEl5RS1mY2FYd2ZmcjRRc0VnamtVbWlwa1JrWGZSellxaTBmNFlZMW9HRF92WlJkZjk4UlVreGxpMkJGdlMxcURscXF5UzMtQw?oc=5,2024-10-15 07:00:00
liquidity,RISK MANAGEMENT PRACTICES OF ISLAMIC AND CONVENTIONAL BANKS OF PAKISTAN: A COMPARATIVE STUDY | International Journal of Banking and Finance - Universiti Utara Malaysia,https://news.google.com/rss/articles/CBMib0FVX3lxTE0xWFJ4cTBtUVJnY1haMlcwQ3l2RkVPbmQ3UU1uYXhoNlN2UEFCOEtKQjMtcUpuaXRBOUVoTC00S1YxVWx2VGxGOU1PT2xhUEVEdzNIcFozLXNWMGR6RXJVODRtVkFHbUpVVDRxNUM5bw?oc=5,2022-06-27 07:00:00
liquidity,PRoFITABILITY IN coMMERCIAL - UiTM Institutional Repository,https://news.google.com/rss/articles/CBMiYkFVX3lxTFBaazZfdHRISUh1NGZIYjZLU3RIUFVYelhSRVRrTjFVOXI3bF8tVDVyY1lhLWR6eGxPaFJnNDZuVVB6U01FSTZveHl6aEh5MjU2RHdySlRyN2h6RWZHNFFDS29B?oc=5,2024-09-25 20:34:42
liquidity,KENANGA LIQUIDITY FUND - eUnittrust,https://news.google.com/rss/articles/CBMibkFVX3lxTFBsZ0JvcTFDcXNXajhOd2pZWUczMHJ5U1FqWnFnV0pYRERoT1dZeFBtUjF0eWZkOFFELTRfZFhDUlMzMFQ1ZWNoS29BOVZYRWhOQkVnNVduUEQwTWhRZHlMc2piem9OVXFPMUEta0RR?oc=5,2020-03-31 07:00:00
liquidity,News Release - HSBC,https://news.google.com/rss/articles/CBMisAFBVV95cUxPb1g0STQtSUV6ZGZldk13d3J6LWFic1FLSENUVUlhdDVXRWM5NmdtVTVRd1ZmdDZKN0pWQ3BYeC1scWtnY2p0NFY2MmhrSGdmMEJqREx3MGNtaVRNTkFCYnhhWmU4LW9YNXlKVHZqandMOHpXSTU5ODdJaGthODBGeEFFUWxpNl91c2M0MlRMbmNIRWl5OGxqdmRLb1AyS2UtWjR1aTd3Q2RYQlJpRExxQQ?oc=5,2020-03-18 07:00:00
liquidity,Decrease in Statutory Reserve Requirement (SRR) Ratio - Bank Negara Malaysia,https://news.google.com/rss/articles/CBMiugFBVV95cUxQaGNvR3Zsc3luci1MbXBVM0FEUlZNTnNWOXNLWlJ5UFFSOUd6T2NqRWl6VFZXNExfelotcmViazBWYkJpS3dHckZ6NjNWdzh1OXlHRVc4bHJpOVhFR2JCNDNSRGkzUzJHbnhZS0hKMTJhX09ITUlUR3lubF9SUC1WdXBlUzFOWlhIZVExcENkT2MwXzlVcVc0X2kwLVBUNU1RZHlfbmE4T0JFTnc4bHJEM0p6bTJVNGY1Qmc?oc=5,2020-12-16 22:52:24
liquidity,"The Influence Of Liquidity Management On Efficiency, Performance And Risk Taking In Islamic Banking Industry - Universiti Sains Malaysia",https://news.google.com/rss/articles/CBMihAFBVV95cUxOWjk4SEhpODRKUTNKTkNKUEI1T0JHY08tSzBHeDJ5cmthMmJtdWY1RzdZb21SUnBiRXdWcmw3bFlVa0JrcUQ5dHJRb1ZjMUtVVVhpTEJlbkJjX2Myd1YtdUVZRWdUb2hTWG1MQTh4bm1vVGJEWUptbGVWMUVKZmI3WXNzVjE?oc=5,2023-09-15 14:20:59
liquidity,Money Market - Bank Negara Malaysia,https://news.google.com/rss/articles/CBMiYEFVX3lxTE12b0pPNUQtNWlNNHJDaDEtdU4zczFTQ0J0b193bElWOWppLVAtS2FKTlc5YmlfazRob09ReV83TkR4WVVZcmRucEdmNk5PRDhLTHlMYTNiRVRUWGpNRHZTUg?oc=5,2021-07-31 08:43:04
liquidity,Earnings Management and Bank Liquidity Creation in an Emerging Market - Malaysian Journal of Economic Studies,https://news.google.com/rss/articles/CBMiZ0FVX3lxTFBZRk0yT1M4STJoNFVHNlYwNnB5MXppWE5LNjU1UFA4bHBsMElwS21pd3I4Sjc0X3pjamdxakgyZ0FEM0hSa3Y2S05QVHpQQWktWFIwWFNob3h1U1lkc2h5eDBnWFVWUFE?oc=5,2023-12-25 08:00:00
liquidity,"DOES THE SHARIA-COMPLIANT STATUS REMOVAL ANNOUNCEMENT MATTER? LIQUIDITY, TRADING ACTIVITIES AND INSTITUTIONAL INVESTORS - Universiti Sains Malaysia",https://news.google.com/rss/articles/CBMihwFBVV95cUxONExwR0R1WUFjSndjOVdEZ3dRcEFfYUtiRUZzckZQR1RzLXY2R1BXRHJpNWFBakRncURoMEtiLTFmTTNwdHM1cUdkRXlwOUNXYmF1YkM2bi1sVjBKVzBOWUtrLTVwRjlmcm5yWG9WWEpBaGJGQTc1dWxKd1pRZklfbU16VHlyUDQ?oc=5,2024-06-07 07:00:00
liquidity,AD Liquidity Partners Sdn Bhd Company Overview & Details - Maukerja,https://news.google.com/rss/articles/CBMickFVX3lxTFBDN25nZjcxY3daSEZvRmQwdHdNeVpfR0Y5Z19fRFl6Q0FOWVJPelRhZmpHX3hTVmRrWDJINXBMclJ1eHpmWndtcG43TFVCLVpIaDJ0MzF6b1VocXBYOXBkSTBJLU9KQTRTcXNsRnlzM0JjUQ?oc=5,2024-06-19 00:57:47
liquidity,Effective Liquidity (Cash Flow) Management - forster.com.my,https://news.google.com/rss/articles/CBMid0FVX3lxTE95Ynl3OXVtQXloclFqc0RwejdWaEQ3R3NZUUtuakdxSGJXRThnMDRZYVRkN3VjbFp4eGpRZUc5WnlRRkxmM2cwc1gxVEFuWmotT3NLNG1kb25MaFduQ3h2YXZ5ME56RjVnQmFscnpQM01VdUxJdTBv?oc=5,2020-09-11 08:13:30
liquidity,ASB_CG FIDE Elective-Understanding Liquidity Risk_2024 - Asia School of Business,https://news.google.com/rss/articles/CBMiuAFBVV95cUxPNHE5UXRDMDhtMlE4aThSZVJRWnRpTHhXZE1ueWUxeEpZR3FHR0d0ejNYb2l6SFYzdEVIRmdqS0pON2ktM2pYenJJM1lpX1Ffc0FveW9SQm5LYzZTOHhjZktKZ0hkV2pvZnZzRHhMRy1DSDBvZVpjV0tUYkFrdW5BdEkta0JlWUFXSWJIcjE0TVpKWnYxcVMyVHIwOGJXN2dFaDlPRFBTZ04tdlh3cnY3Y0s0X2FZUVhU?oc=5,2024-06-14 07:00:00
liquidity,The Effects of Standardisation of Trading Board Lot And Bonus Issue On Stock Returns And Liquidity - UUM eThesis,https://news.google.com/rss/articles/CBMiQ0FVX3lxTE1kT29UaTdfTFBQRF84bzQzTEszemlkUWRvLVVieFNFSXVKallNYzlFLUM3aGlmQklXTUt0QUlNM3JCNEU?oc=5,2024-06-10 07:00:00
liquidity,Impact on Bank-Specific and Macroeconomic Factors on Liquidity of Domestic and Foreign Commercial Banks in Malaysia - myjms.mohe.gov.my,https://news.google.com/rss/articles/CBMiekFVX3lxTE9qbk1MU19Bd2UtQ3JuNVpWS2pIWHNWU05wdnp4VDJWdHRnOXBRajBVaTJkWkVNdVJVNmI5TFYtYlZHTGJVSl8tRkktWVZCTTY3bHdUTmJ0Mml0cC1ubW14UzZYdlpGbEVzLWh2RFduc3hRcVJCbWF4RTNR?oc=5,2023-04-30 07:00:00
liquidity,Instruments - Bank Negara Malaysia,https://news.google.com/rss/articles/CBMiSkFVX3lxTE5sVTBHQ21NVkhXUUNZMWhpWkJIUGFXYl96WTV3a3o3dVNfYXg3WjJWcks0a1pBbkl1dklDYnFCV2dMTmsxd3RYWXVR?oc=5,2020-12-16 19:00:21
liquidity,FMIP - Bank Negara Malaysia,https://news.google.com/rss/articles/CBMiiAFBVV95cUxOQnFDWkw1VnIweVJPV0VOY0oyM0x2MW53ZXN3RUstUFV4cHdfaTFMVTVHcmRUMDVQSXN1MXZ5N1Uxd29USEtUU01rczJ6WTFuWDFtZnVyQWZ3MGd5UXNVOWJYTHBRbExVVVIyWnF6R00yNjJDLXFoVnZ1RmtNa3RQQTc5eEVMbUZu?oc=5,2023-12-16 23:35:40
liquidity,New Liquidity Framework for the Discount Houses - Bank Negara Malaysia,https://news.google.com/rss/articles/CBMifEFVX3lxTE16S3BaaHJxMWRNUlotWklkMW4weTJKMjBiOXVOMTk0R2lDVmNiZmpzVFlHWGxLWGFIUEtPWEcycFNKRU12N1ByQVhGdDBYNTctVGRsaFFGNXM3YVkyQWR2bmZ1WlMzUEM1bFNVckxfNDV6OG1GXzN5cmhIVUU?oc=5,2022-03-29 01:37:52
liquidity,"“MYR – Access and Liquidity”, a joint webinar by ASIFMA, FMAM and BNM - Bank Negara Malaysia",https://news.google.com/rss/articles/CBMikwFBVV95cUxQRlpuYlM1Ykh1c3lPQ05XZlEwRXNsMkJlaDdyTXVGQ0hMOWJtN09iWG9FQjdUTlpLUncwTkRzYlZUVzJJN2R2X0xUSmgwbko4U1RiazI2WERDazlqSDQyR29ISkd5VGdiT3o0LTZmaVE5YjRiVDlYTVFYYmMwMTBXQWtJSFpQMEZzSGNCWEd6cktZWDA?oc=5,2019-08-22 07:00:00
liquidity,Untitled - UiTM Institutional Repository,https://news.google.com/rss/articles/CBMiUkFVX3lxTE5pbHJqeE9LWlBIZmJNR2Rhb2xwSnZIejVtV25mbkNXaXh3bWwxdGZObGNIc2tPaEZ1LVhFQjA5Wi0wYjhNclhyc3ZNLWo0Zk1qMGc?oc=5,2024-11-30 10:36:33
liquidity,Cypark has deferred its coupon payment due to tight liquidity - fsmone.com.my,https://news.google.com/rss/articles/CBMiywFBVV95cUxQRGdpSXE5UHZzcHVjeldVM1E3MF81U1NnR0laTTgtUjFoNWRoMGlyWlItaHJmWUVISzVNOThDalBPSThrTV9VME5NQ2l3WXNSNjdGUHc1S1otaDZMdkhlakNyUVhnYUxyS0VNS2p5YWJRNjl5VUoyYVhGTW5IS3RzN3p1SjBEWmttZldRRmViOWVncUtPMC1laHZIMFdDQ3ZTWU95Y0psTGVKdzltUmtaTzJvTW4xVW82elJrQy1kT09WUlU0N1ZRdUhycw?oc=5,2024-03-06 08:00:00
liquidity,Quarterly Bulletin Q1 2023 - Bank Negara Malaysia,https://news.google.com/rss/articles/CBMidEFVX3lxTFAzLUpHQkJaN250ODJhWi1MbEFJQnE0QnFpTUd4OTJ0eUkyZWc3QnlLaGNySlFFb3F0aTBnWmtxWjN6TkJjb2ZiRUFmaUZXRk1DbzZjZjZDSExHQmdValczNlNvbnhoNkFFejJVZnBtYVlhTmFY?oc=5,2023-06-01 06:55:48
liquidity,Page 151 - Bank-Muamalat-Annual-Report-2021 - Bank Muamalat Malaysia,https://news.google.com/rss/articles/CBMipwFBVV95cUxOUWJZY2l2ZGZ2WWNMZVhsOFg5azZNYXJlVjhITnNRbC10cXM1T09XaW9idGRUaVlienF2VWVRZnhucjVycHlUT2tZemVkZVZPazFkUVFhQm1kZjdhaGJYcmRXNFZUVURvR2M3OXhnS2dTR01Jd19ncXpuOVZLa05NRlNsZzdhZklSRS1qZWxlczd6VnZwQVk2RGE0QTZnS18wOHppUGVlRQ?oc=5,2022-10-18 19:27:54
liquidity,Liquidity Risk: An Islamic Banking Perspective - UiTM Institutional Repository,https://news.google.com/rss/articles/CBMiUkFVX3lxTE15enBoYlpTMTlzR3NWbUVYTlhYd2NSM19WelZmMEhqeEVhbkYtZ1hHYVU2c25xdVlaWnQyTnFabkVkMmNncG4tZTBUQzY5amlUY0E?oc=5,2021-08-10 08:30:49
liquidity,JEEIR manuscript template - UiTM Journal,https://news.google.com/rss/articles/CBMihwFBVV95cUxNaGxSS3FlRmo2VDFzNkhSNHpLU1ZuMDBfMk1fVXNpTGZtLTBrdXcweGstUTlzQjJkQURieXMxbm5uTll5dVlEYmNkWV92dThXNHNVcy1KZV9uMU43RGJrc3BEQWxtWlpjeXBUUHhkdnlPSnV0OUM2WDFyTlhrUUYycXJMVHhOUzA?oc=5,2020-05-31 07:00:00
liquidity,Liquidity Risk and Regulation in the Organization of the Islamic Cooperation (OIC) Banking Industry - Universiti Sains Malaysia,https://news.google.com/rss/articles/CBMidkFVX3lxTFBHNnotVl9ZM2pQUHI1V1o3d3N2Wk01bHByRUROY0lDdmUzZ1F0dDRaRTh4ZlpaUFdmTkV1N3JlQ3dLblNoaS0zclI1bW8zYmRxNjMweHl1WC12NGRFQ2lIZXFsVXpEdXRURy1TUmF0LWJjQzY0Q1E?oc=5,2021-12-10 08:00:00
liquidity,Analisis terhadap Aset Sandaran Alternatif bagi Penerbitan Sukuk Jangka Pendek oleh International Islamic Liquidity Management (IILM) - ukm.my,https://news.google.com/rss/articles/CBMihwJBVV95cUxOclRmcnowUFV3RmtVT083elVfc3Z0dnpBUzFjMm5fNnJScllaZGRBUmpHWVE3UDVmRjFpalI2SFVjaWhmYnQ3cWQ5eUpKODZieHlnZElPSlhoTHlBbkQ3aGtnOEJZc3hnY1R2YjZLVVVCR3hQeGdJZjY3T1A4SE9vT3JnOFFFcTV6dGdLb1czbmdWeENqNFVRZGtMU1BJX2x2WVc5V3BsMHVySFVJYk1sRHRjblA2WnNreENnZnBTLXhYN1NNMnJyZjRjb0s3Z29oMFN3U0lMa1NhU0dtdWhNY2xPVDk2eGVzTnExUWZ0YlVlZGFSTy13bk1tLVNTWnBsQ3pNOXdxcw?oc=5,2022-10-08 07:00:00
liquidity,LIBRA INVEST BERHAD - eUnittrust,https://news.google.com/rss/articles/CBMicEFVX3lxTE1pRlk4TWN4b3NtdHlXNExUa00xOUpPRFdqVkRFb1RnbnN0QU9Wek1fRmhVaXF4RmMwRjVDSERHeVpJTDhWU1hXd3pDSGYySUR1anZHWFQzZWYzb211VGVCenFkSDNUOTVVeE5zU1VxRGk?oc=5,2019-11-11 18:44:10
liquidity,LIQUIDITY ANALYSIS: A CASE STUDY IN CTRM AC MELAKA - UiTM Institutional Repository,https://news.google.com/rss/articles/CBMikgFBVV95cUxNMGhEeXZHZWNzaFZBSExOb2ZkVUVJb2kyS19VUHl2bE9KUWI1ZF9KakljRHpkZ0F6Zm5odlBTVWdIMnR5YVU2aFg3X1R2dEI1LTR4OXRIeE1YNi1CNEVTRUFDc1Rza1VPMTlwbVozR1FDMDlOQ213bThmcllQZmhCY09JSUFWUG9YaktmMVpxOE02QQ?oc=5,2021-07-07 23:31:04
liquidity,The Moderating Role of Corporate Social Responsibility in Determining Islamic Bank Margin - ukm.my,https://news.google.com/rss/articles/CBMivgFBVV95cUxQN0puQTVuM1dpYldtczJwbkZWeC1LN3oybmFqY1czNmEzaEZlU0JNalRnWDljZndRVzhKS3dIQm5BSTlkRlkwWXFBalZJdWhBRHluUTJfbk5zNDVvVURhVENKQ0ZKcHY4LWtneHc1ekp4aHFtdlpLdGdtbzVIcXBSUUlEaTlFaVI4VE1tNlgwNl9HeFJfYktuZTdmdlVMcERIeTlvT0dDNHBJb0RvcDRRWmZ4dWxxSk1kTXA3RlZB?oc=5,2021-07-01 14:28:56
liquidity,FMIP - Bank Negara Malaysia,https://news.google.com/rss/articles/CBMiZEFVX3lxTE83YmtmUF9hRVM0WWVYb25NaVV3X2V0WGp4T2dhZnJEVjhRR3Q1YkdxOGFpaXMyOTZOTy1Ob3FHSmpSMS16Nll1ZXhOeUcxYW1jOV9STnFaV3JSQzcwa0R3S1J2TTA?oc=5,2022-12-31 09:11:25
liquidity,a11 liquidity creation on bank's performance between single and dual banking system in southeast - UTAR Institutional Repository,https://news.google.com/rss/articles/CBMicEFVX3lxTFBPYktNT2Y3RmRUZ3NxTkdfcW9hcUhNS016Rmw3LVd6ZDZvbGR6Q2FOLTRrU3ZxVTJmc0xOLUdrNW9uUnYyMHRxRlBaZWRtajh6b2JsXzZpMS1ZWFllVHg3Z0E3UWI4QnVRWkk4Umo0ZHc?oc=5,2022-02-25 23:34:38
liquidity,Islamic Mortgage Finance & Liquidity Facility - Cagamas Berhad,https://news.google.com/rss/articles/CBMi1AFBVV95cUxOdWR2N3RCYUdlamV3SVB2MmtDTE9ZZ3FqRFVORDRUTmk0V3FrcEpwZS1wM0lMRGlyMGdzbWtmaHhUaV9jTWdqTXE5VVlycVFFMUhjak9UZUdRXy16cndJYVhwWlY0azBqX0ttT0FLX0E5Qmw4Qk55Wkd2YXVGZWhJY0l3b0RuQTQzaXdDandSUU0xajJQbi1neENlbWZnR2ZvaW5HTmdDUE9HVXROUWQxeFZaUnVOeGU2ZnRxRXVoOHNTNnIxdUhObXplS2ozQVBOUmlPSg?oc=5,2020-11-29 20:36:07
liquidity,Telekosang Hydro One making progress in boosting transaction liquidity; second plant achieves commercial operations - ram.com.my,https://news.google.com/rss/articles/CBMiX0FVX3lxTFBhcFF3em1GZENSSDF5NHdxTHE1X3BiVjU5dFRxQUNha004TWpDMWVjZTZBcEpFMnhHZHE4Q3l0Wmp5UGF0NDh6aEUxeDZsYXBLS01XVms4cHBRcml5S0s4?oc=5,2024-02-22 08:00:00
liquidity,Decrease in the Statutory Reserve Requirement (SRR) Ratio - Bank Negara Malaysia,https://news.google.com/rss/articles/CBMihwFBVV95cUxPS1Q3LXF3Nnp3OE5rWTBnNGZzNmlEWnBPVjRTUzNTYktLOXl6cHJYa1NNdlJIbVRrNC1nRXVDUXBEYlV4NktFSGlDM2NfQnNTbWtrMHZpME1EZklEZTFGUEFRZW5iZU5zMUJ6Z1VJaGpfaVdkcEpHTnNZUkEyMjVvS0ltNGZ3NnM?oc=5,2020-12-19 14:05:23
liquidity,Statement by Financial Markets Committee - Bank Negara Malaysia,https://news.google.com/rss/articles/CBMidkFVX3lxTE9GUXZ2Wl9LVklsSmU5RkpPR1RmSVhIVEJ0X3BZSURZaWs2RFY2cWgtbmVxX3p6NHAwRS1jVlo1NjlRdHBNcThKV1l0Vl9HZTNKMHFHS1NGdlZPMHdzR0t3VFdXb0UxUkJqOWxIdW9yZDVDRUtfWVE?oc=5,2020-12-16 22:49:56
liquidity,View of Islamic Bank Failure: A Case Study - INCEIF University,https://news.google.com/rss/articles/CBMicEFVX3lxTE5tY0V3RnhST2o0aHd3ck1rYVh5RDZPS1Rhc1ZuT2N4RUVPVTNnVXk1ZXExdVZWVmVEVmFQUG1KRnhqa1ZoaHNCZVZVbnN4VnNfQXNtaTdtcm8wb1FFWjZreWVEQldCQ0NxN3lvckNWMGs?oc=5,2024-02-14 21:50:22
liquidity,Assessing the impact of liquidity on the value of assets return - Universiti Utara Malaysia,https://news.google.com/rss/articles/CBMib0FVX3lxTE1xUDJyekN2QVVkN2pKWDZxaHJ3cmhrMXpTQnJxaEFldnZkeWxlY1VVN2ZaeC15eTFBdXJsTjRDYmNJUm9GWkM5Mk5GZ3RwS2hpODd6SnJzaTk5S3lCOV8xd2ROcFgtOFEtRWRfbDdIOA?oc=5,2022-07-15 07:00:00
liquidity,Earnings Management and Bank Liquidity Creation in an Emerging Market - SARE: Southeast Asian Review of English,https://news.google.com/rss/articles/CBMidEFVX3lxTE5hQlVFMnlEX1R1VEE1aDlqNjQ1enBpb2poaVZTSHVHM01LUmtsQ2xHb01PV1hUaU9meFRLTEhxbHBWeEMxMHZ4M0YwQnYzNTNvQy1mQkxaNEZ2ZFdtTXRKcDB5cmtQbmJpYjdvd1lhOWEtckhB?oc=5,2024-12-21 02:33:28
liquidity,Development of the Financial Sector - Bank Negara Malaysia,https://news.google.com/rss/articles/CBMidkFVX3lxTE9BamhnSXU2TlVCOVhaeE9iV21qVXdFRGZjSnI0LTM4UDlaNGtzY2pUbnkwcGFwN1VIRnZNMG5rb045bnQweHd0UEkwSndDZFE1aG85bU0tdlRpbDY0blE2Ym9TSl9FSm1yR210N09sMWdIQXVmNVE?oc=5,2020-12-18 20:42:34
liquidity,Effects of economic factors on the bank's liquidity risk: case of Southeast Asia / Nur Diniey Ezzati Zainorin - UiTM Institutional Repository,https://news.google.com/rss/articles/CBMiUEFVX3lxTE13OXJ5cm9CSnQxZVplV08tWlN4aXdfOW8wWFJnTFFvdkwzcHlVdkx6c1c5UDlsM0FIVmx1TVVmNlNPV1UxUFNSeHRQb0UwdkJm?oc=5,2022-07-06 01:12:37
liquidity,Liquidity Financing for Technology Start-ups (LIFTS) - Malaysia Debt Ventures Berhad,https://news.google.com/rss/articles/CBMioAFBVV95cUxPc2cxeldDVF9hNmZ5cm5XV0V1eDlES1dlemlsN0w3dEZ1d21kbHhBcElFelFYNllxakhiS1BLTUh3cHdBQ2xnWEUwdF9fYVZIMnB1LWUxb0VvZlg5WTRjUkd1Zmh5cEN0MDNnYkd4YXc3LTJRQ0hqdHZxXzV5UXNhVXd6SG8xQWwwRnFacFZOQlJBR192RTdDYWxPSjZORTdq?oc=5,2024-06-01 07:00:00
liquidity,IFSB-FIS Regional Workshop on Liquidity Risk Management and Stress Testing Standards - Labuan FSA,https://news.google.com/rss/articles/CBMizAFBVV95cUxPeVE4cFZVOGozajFpRVpPeW1BeFQ4OENVRmo0V3ZsR3ZDdVFsbmdoTDlJdUpCdEJBRm1sbTJwSWpnMjVyU0Jrb3k0R042V3ZMdDg4LXQyNXgyTlB2eVBNcUZ2M1JnYmtjc1p3a1FnMl90VmxXVDlEejFIZndnWHI0RUJDdU9TNHBjYTlaWHBsQWpIeEU5SWpuXy1WdlVYV2lDQXRrbUlfS0E1am95MzVGSkQ0ekIxYnFlV18tTjRRQVd1bWhwMDFfWEFmY0g?oc=5,2020-07-09 01:56:55
liquidity,Generating Liquidity in the Housing Market by Using Sukuk in Malaysia - Cagamas Berhad,https://news.google.com/rss/articles/CBMikgJBVV95cUxPYXJOXzhQMHNYRFItWjRtalJYRWdsNTM5RHZfckxCVjhQRlpNWTNFNWx3enR4RzdMTkRCaTlmNnVRa3FRakFiTUlXTHA2bXR4LUdQbGNxMXFaa0pnSmduSU5lTnNpeUhFcy1ydWthNU5nTWN0V21PSHF4Y3NvUTk0c2N6YzJNSld5bW5ncFducmoxRlVrVUZxUVdnaXg3VGxITk5yZkFjS1prcW4xYzBZZVpTclo4THViRFc4RUVDZHFVTXdEaUE1cEFCek1ZYW83bk1IVTh2YVBfQ2Z2MVdrM0FxSU1lbVhKTjdjTUdmYWxPTTNDT2QzQmtsRU40dW81WGdfS2ozdndnMndwdUVIdi1B?oc=5,2020-12-18 16:21:23
liquidity,"EXAMINING THE RELATIONSHIP BETWEEN OPERATIONAL RISK, CREDIT RISK AND LIQUIDITY RISK WITH PERFORMANCE OF MALAYSIA BANKS BY MAYTHA - UUM eThesis",https://news.google.com/rss/articles/CBMiU0FVX3lxTE5pRFc2bzJKellpU3p3TGNpOGdpZjJuWEJwbGpyNDRlZ3dFTmdGN1QwZm5PamxnLU11bE9fNXl0YmlENDBCN1pGSTVVWUVRRFVoZlpZ?oc=5,2021-04-08 17:14:10
liquidity,net stable funding and liquidity coverage influence on islāmic bank financial stability: evid - IIUM Journal Publication,https://news.google.com/rss/articles/CBMijgFBVV95cUxQaUJ6VGJTdmlHRUFIQ3Nva3l3Q0wtR19iUGRhdWNmZG94UlRybW53ZzRRWHRuSURndzB2MUNIYWJyeGU5MUVOUUY5S3RHVmxLSFBlZVY1ZEtGR1MxQ1JjZEVSWW9hMnFyU3F0cGUyci1yVmZLODMwS1RmQmJlVXFIYmE4MXNEM0VBajNXa1h3?oc=5,2023-06-28 07:00:00
liquidity,International Reserves and Foreign Currency Liquidity (31 December 2023) - Bank Negara Malaysia,https://news.google.com/rss/articles/CBMinAFBVV95cUxQamNKVXdEcDd2THRFRDFGYk0yRm5fSkJFVERjVTBfNnBjcHVuWEpoQTlMMTNiWE9tSG1LYVRIOHlTOE9wZE1PVXJ0V1YyVFU2TmE4XzlTX1FMNWlucnZqczVCNmpVcEh3RW1NTE5ibWNyQUU1WDJZdGhwU2h1bG45S3p4TlJTUTh2QmdJSGlJTHhVNkN1dGFsMG9QNG4?oc=5,2023-12-31 08:00:00
liquidity,Monetary and Financial Developments - Bank Negara Malaysia,https://news.google.com/rss/articles/CBMic0FVX3lxTFBpdzFqU2g5RkFISWVuQmNEM0xYbU1FSFJ5aTRhd0R2MW5vbWNiRm5iek9kdFpIdDNiRnp1R3JtdUtIZFd6ajJQamZuSjJXSGJ4YXdJVlJvNXVxbVFHYkxBbXB3blJSRElRUnJGVjJENXYwRzQ?oc=5,2024-08-16 05:06:49
liquidity,STOCK LIQUIDITY AND CASH HOLDINGS: EVIDENCE FROM MALAYSIA - Universiti Sains Malaysia,https://news.google.com/rss/articles/CBMihwFBVV95cUxPa1F6cHFIc3N4YnVaQVo5YkF0NTlKQmt2UUp1M3JZRWZLSnNUcWFUQ0R2OXpsakFPbmYwNjU1dXY3THBoSHhIam1UZ05LYmRITjBpN1RUUWszLWY5TU1aeUppZmhpRU00LTJISE5GaE1QNWd2d3YySnlYOWI3OGs0YkdHOXdhaUE?oc=5,2023-06-22 07:00:00
liquidity,Does environmental reporting improve stock market liquidity: empirical evidence from PLC in Bursa Malaysia / Muhammad Hafizuddin Selamat - UiTM Institutional Repository,https://news.google.com/rss/articles/CBMiUEFVX3lxTE5TMXFDcXdkb3FLNUxDamY1cTQzUGhRTS1nTF9TcEFEc2tjN0RiZFFCeG9mZWRoSU14VkdtVE9lZWtaMHJrNHNYT1JIUHVYbW9s?oc=5,2022-07-07 18:28:12
liquidity,"Liquidity, Liabilities and Investments - HSBC Amanah",https://news.google.com/rss/articles/CBMingFBVV95cUxQZmMzYVhVSWlrVmxFVG13dk5pR25aaDdiSWh5TzJOVE5pNmJ1VGhfMV8tQUx0eUJjR3MxZjhzbkVOMGdrTk93bG16Z2tpS2pLOTRtOUl1aFYxSXdWMl9YU3ZlNXAxNVh1YVZNVldUTm10OTlJSTJSb243WmFPR2hBY0xGaVJ6aHhfUE5leGFTMUVNZDJlaDM5TjZSNHU5dw?oc=5,2022-07-20 23:12:55
liquidity,FIDE Elective: Understanding Liquidity Risk Management in Banking (Registration Closed) - Asia School of Business,https://news.google.com/rss/articles/CBMihAFBVV95cUxPQXpiU3Y0RDBXd211MVZQN3NUdndGZ0pUSExMTTRMSEJ6c2Q1ZWxYaG13anBBc2FCOHVSTUlPaTFRbHUzbHY2YlJzbE9GQ3o5MkRGcTBacXllS3NpMHA2MkFwVFZ6QnJBX0tEQ0ZydkU3X25KTmh0Rm9YOXljUHpkOGI5MWI?oc=5,2024-03-19 11:29:35
liquidity,ICAS 2015 Template - SCHOOL OF BUSINESS AND ECONOMICS UPM,https://news.google.com/rss/articles/CBMidkFVX3lxTFB2R0J5eVdFaUZCLWo1MUFrNjZXLUg1SkVVOTRtMVRuOGUxeFU5Y1NXN0IycUE5ZS0tdV9iSnRrQjZWUE1hRDdyZXBsUU41RkViWU12T3FFRHpTNDhBbjBjSFRoRlRQZWQxaUU5dHlaZXMtTGZzSmc?oc=5,2019-08-02 15:01:11
debt,Home - AEON Credit Service - myaeoncredit.com.my,https://news.google.com/rss/articles/CBMiQkFVX3lxTE1wMUlhYXJTbnZDcGIxazFnbjQxTDFOUDJwczc3YmtPbW1nS1BHUkIzTGp1NGFrVkdKX2dsSzQ5Tkhldw?oc=5,2024-03-25 15:56:04
debt,CONTACT US - bsn.com.my,https://news.google.com/rss/articles/CBMiS0FVX3lxTE1kdmprNUJKRmZVT0lKNmlXQUR2YXZfVFYzSUtVbm02eUVXWnRkS0U0OU5Ma0p3SU05X3otd0tCWVo1UEZ6QUo1UDFhcw?oc=5,2020-12-14 23:48:06
debt,CIMB Clicks App | CIMB - CIMB Malaysia,https://news.google.com/rss/articles/CBMieEFVX3lxTFBISmcxVkpUU3FOUU5QTnRDOTJiWXBwcWhUWVV3NUp1aWFsckg1cXhDX28tSjh6QjU1Sk9XelgxNGpFWlFLcHVJQkU1NDZ5NEpOam80SkJnc2dzWW1kcDBzVVZqLUZTYklrcG9VcVkzOFNDTTlsRzIzOQ?oc=5,2019-11-19 19:10:56
debt,INVESTMENT CHECKER - Securities Commission Malaysia,https://news.google.com/rss/articles/CBMiUkFVX3lxTFBXQndYbFNMWFh3eTllbUNTWXV4YzgySjhLY2VsYlhrMWJwUk83cFAwSV9jeHVCYUNyVllfNkVhSGJEUHE3RHBuYWxuTTJZZE1rQmc?oc=5,2024-02-07 01:25:57
debt,SHDL MMU – Siti Hasmah Digital Library - Multimedia University - Siti Hasmah Digital Library,https://news.google.com/rss/articles/CBMiPEFVX3lxTFBhcjM3N3loVVhqWkJJWlFpTGtSUmFnUkpMak1fbWY2T0g5X19LRUVHZEl5N19rMFU3TWpuMA?oc=5,2023-03-04 06:48:02
debt,Contact Us - myaeoncredit.com.my,https://news.google.com/rss/articles/CBMiZ0FVX3lxTFB0V0FjOTctMHZqWXdVb2IzS2RFeFVsdkNkMmZuaTYzcVJHR1B6QUU0ekZNb2JkLWFKQWN6WU8tbjJvSTVPaHJNM1dkTzA2TkpYMnZkTFQ3bTg4bGhRNk4zR2JsZ1dxSzA?oc=5,2024-05-01 07:37:25
debt,MMDIS ANNOUNCEMENT - mmdis.marine.gov.my,https://news.google.com/rss/articles/CBMiVkFVX3lxTE1oMUJzNFRMNHQ5RG8wUzBmYWF0TlF3MFRxQi1LMHFVTlZ0SjQ3Z19QeE9IbS1jMDRfbGJFa1JlYnlRUl82ZDUzaDRpeFNkb0c4MHF1c253?oc=5,2021-01-06 08:37:14
debt,Fiscal Policy and Debt Management Office (FPDMO) - Portal Rasmi Kementerian Kewangan,https://news.google.com/rss/articles/CBMilgFBVV95cUxQNHBFUnJjb0RfV0hrdWZ5YnBOUHp0YUU5RTlNd1duUURHelBiY3BkWWtWNU92U3owU3JzMTEyMU1aa1FKV3hMLS13dXNRdnh0aHlNZXNHRmZQUEgwam5IdEZlYmFVOF9uNDBrcmxaMkdBcE0zd2gyMTM4OWE1NDdtOVVWV2F0M3NGZkNDOFdNTlFncXJDUnc?oc=5,2020-04-10 07:00:00
debt,The Effect of National Debt on Private Investment (S/O 14327) - UUM Repository,https://news.google.com/rss/articles/CBMiUkFVX3lxTE1GRXRYMHVaaTdxeEdPMEVFREpwVVhVY3VpdXREbnJUblRyUkNaQTBCdEc5bEJQMjJmNXh5eVNRN3lvakFvNjlfbEVvSi1QN1pKeEE?oc=5,2024-11-18 08:00:00
debt,AL-KAFI #1650: CLAIMING ARREAR MAINTENANCE AS DEBT FROM THE INHERITANCE LEFT BY THE DECEASED - Pejabat Mufti Wilayah Persekutuan,https://news.google.com/rss/articles/CBMi5AFBVV95cUxOMnhSVzAzdGxETFJFbkhKNUJKVDJLVUJkMDFRUVowYzBVeXFpdEFNMXU1QW1vdU9NdHktZExNVXVCRWNId015S05ILWNNSHJvU1NCZ1RIQ1hkNmx1VUk5NmxJbTN5RlVaNWVJNk00WXZDRXY3Q0ttWk9BcUVDN1JuMC1nVUJUbHRFazZFeGR1aFhPdXllVzRzWmhYNnU5bU9WTDA0eGFKUGVXUlEzS250UkRMOC0xWGNFRG8xMW9icXJrLU4yQUlHTHloYWZ5VlpTSlROemgwcTE2RjJiNWxuaGtfWlQ?oc=5,2020-03-11 07:00:00
debt,MDV: A year in review - Malaysia Debt Ventures Berhad,https://news.google.com/rss/articles/CBMiXkFVX3lxTE1fb0VPT0hzcDdJc21Eb001aUdkSlEzZjBxdFdqOW8wTlR6cjFUWmVKQTN2UUR6VThyekpiRkMyWEVtMERKVlFaeUF4Z1dqZTFUU0RDRjRtR19JSDhKcmc?oc=5,2019-01-28 08:00:00
debt,(Tax Update) Is bad debt tax deductible? - KTP & Company PLT,https://news.google.com/rss/articles/CBMickFVX3lxTE9Wa0NqSm1YVXpiVGgtZVFvcDZTcFZCWlBjai1pakJWeWJpakkydjVSSTRSNFNmTUtHWU5uYTRaOTdEUzkyMFk3dm1iTG03NkFUR011Z1ozUFpRc0twVnB6MENSdWZfdlJ3Sjh6YjA2a3A4Zw?oc=5,2024-03-20 07:00:00
debt,5 Common Questions on Debt Recovery - CHERN & CO.,https://news.google.com/rss/articles/CBMicEFVX3lxTFA5NDBmbUoybzZoMmRHSzZjWWlpV0FueEdncms5M3M3akhzX2VvT0Uxbms0RDhJUW83MXZkc3BaZV91aEJscmg2T2ZWSXpGY1JlcGRkVkY1MFpFanF5THN0Nko0Nk9BNnh0MWt0S0lmRjI?oc=5,2020-04-01 07:00:00
debt,Tax Treatment On Irrecoverable Debts - Cheng & Co Group,https://news.google.com/rss/articles/CBMif0FVX3lxTE9uakVVOXV4QXg0dmxrcDM2SXEyaEFZMWhNa1JoMVpQWnozdVVsWWc1b24tYk10RDU1aGRtaGxUSWZHbjdxbFBYek9sTXEwM3djc3BuWEt4b3V4TVNLVEMzZmhyWUhhczlBcTF2bWhPdFExZktsMVdsUGZpaVdtRWc?oc=5,2020-08-21 07:00:00
debt,Market Condition Remains Orderly Amid High Volatility; Household Debt At 84.5% Of GDP - Kementerian Komunikasi,https://news.google.com/rss/articles/CBMizwFBVV95cUxOMFdxdFJYd21WdkdBNi1MT09UeHZsdFBEamhYMHJCUl80bmtZWUNlb2s5aElzUHppQnBDVUU4cWVreWRiUlZKTktzMVdCSm10ajFoUzBIR1VlOXZmUmdSQXJyaTZBQ25SMGQzOVI4WTR0ODF3V255VHNVYl8wSkQxT0hjWDZNTm5BRU9DWVNDUkEtSTB5NG9CRnVwYUlkMUhWcjFiTjlURG1yWFN0d2NFM1BFN1RHSUV3UE40T2oyaGtLZmY3cHE0U0hZaThWTm8?oc=5,2024-10-05 07:00:00
debt,Trust account funds has a balance of RM15.76 bln to repay 1MDB's 2022 debt – Tengku Zafrul - Portal Rasmi Kementerian Kewangan,https://news.google.com/rss/articles/CBMi2gFBVV95cUxOcUs4NGl6Q3RjdFMyYWpGbktQOWI3aDNJMHpOMWEwNHcwSFdsMlA5LXhEZVRwbmVuLWk3QUZrTnpQM3pCQURBMFZQaEZuSFA1TVRFZFh3Z2tIQlVrZUdIZmQ0a2YtYTJzY3RuWlAyOUtuZy11VUQydzJYN21YMkhlLXNxZDVXQlBvS2JlLTJqYk5JU0oyQ3J1TUhFWmgtT21yZ0FXNXdTcW1FRnVNWEFaYjRwUXM1ZEpuM0hmRXVNMlQ5bVhWbjJ2RTFoNjVEU0NrODRRbmU3d21Fdw?oc=5,2022-03-17 07:00:00
debt,Judgment Debtor Summons: A Means towards Enforcing the Payment of Judgment Sums - Thomas Philip,https://news.google.com/rss/articles/CBMivAFBVV95cUxNeWhlbl9DZm9QTTh3OHd6d2NwZFZ1c0VCRHdIZ2hVelNLVzR3QUM3aDJLQ0FVN2ZvZ0hTTEJmQ09XRGpDTGprZm8tWnRDbGtmejdnTXdvbmJtNHJmcExtenFBenN2YUxRMVpXdjV6ZXVXbGg1T2tXS25iMHBqeWNVLXVuQjQwVjItV0NnLU50VnpSYW5SLTE4UGFPM0ZkbnhWV0pTRzlrQjhFbXhJU0R3VzVIdmg0OXdQS0E1cQ?oc=5,2020-12-15 08:00:00
debt,"SME Debt vs. Equity Financing: Definitions, Differences, Pros and Cons - OCBC",https://news.google.com/rss/articles/CBMie0FVX3lxTE1VMG84cDRoVklCUjhTNm5Rck9LazJlMV9ST2RhbEUwVGh2ME91S2dfeVNybUs3a2dZcllwQ3ZGRklkQ0lrWk5Uc2ppUUFGNTRoRWplNGFhdnVrTmxVSzNYdWM0b2ZnNzMtTVRGSWFDWEltN0N1WVNIclVCWQ?oc=5,2023-07-01 07:00:00
debt,"UN: Global public debt surges, driven by cascading crises - Third World Network (TWN)",https://news.google.com/rss/articles/CBMiW0FVX3lxTE9UWEZlS2Zxdy15R19sck5DVVBWUS1lVWwtUTRZTFQ5V3VUNjFoVWVLbkVlTG5uTk91b3hxcFRXd01JSkRjWFBGeVFRRGd2LTJieWdrZnFxb2k3VEk?oc=5,2024-06-06 07:00:00
debt,"High Cost Of Living, Poor Financial Planning Among Reasons People Fail To Tackle Debts - Portal Rasmi Kementerian Kewangan",https://news.google.com/rss/articles/CBMi1gFBVV95cUxNR1FJY2NpU1NZZFBNc243NzBNSjlBdUZycUtiUjhuQ3pBYWp5QVNGdzNXLU1aOFZhUFFMUUt3WUhDRnAxbFVlMkotTE1iX0dFRHg4R283ei1FSjQ3b1IyRldTTmpMQTNDY3JnTzZqSWFLSHhZTU5nc3BGTjVVbjhOdVN6QVdocm0xdklTdWRMaU9lQUtPaWdjbnAyZkxHcjZSUFpacElZVVI3cUFhTmhfQWpINXMwbE1xSkIzRk00YlZOUWNWMFZKZEN6YkgwT2J4WUk5UGxB?oc=5,2023-06-26 07:00:00
debt,INLAND REVENUE BOARD OF MALAYSIA DATE OF PUBLICATION: 16 JUNE 2020 TAX TREATMENT OF ANY SUM RECEIVED AND A DEBT OWING THAT ARISE - hasil.gov.my,https://news.google.com/rss/articles/CBMiXkFVX3lxTE9sVGxRRG9jaHVFdmFVV1ZIMUQ5OHNfLS1rc3JwNTFCbkN1UGpXWWNGVThGdkliSEpEYWIzWFlEUUpWYTVOMGZXOUUtTVYxWFNzMFVINFhaTEs3OVd6b0E?oc=5,2020-06-16 07:00:00
trade,Fully Online Trading Platforms - Rakuten Trade,https://news.google.com/rss/articles/CBMiSkFVX3lxTE9MZ25QMVFNdXV6bWdIelZkU0tVRG1wVWVuZlVmNWM4MXFrN21FMnBHdGhJSHR2d2xxcklIY2pWUDk3eVRZd2lKSmRn?oc=5,2019-03-02 01:17:33
trade,Home - MATRADE - matrade.gov.my,https://news.google.com/rss/articles/CBMiREFVX3lxTE1rOGVEZWt6TTlWcXRPTEs2dDk3cllLb2VMREF1Y3Y5bWxaRHJfcmdFMjBzRDFVdzYwQTZKLXFCZ3d0MU5L?oc=5,2021-01-01 00:30:31
trade,Home - Malaysia Gift Fair - Malaysia Gift Fair,https://news.google.com/rss/articles/CBMiTkFVX3lxTE1HYmxyWW1BREtFZTduLTFXQ0NLQjBxR1ExczEyR2pjb1RXQlpoMGtaRjBabmc0UUFtYjVyNVExUHllTmVsS3R4QXRqRko0QQ?oc=5,2020-04-20 13:45:17
trade,INTELLECTUAL PROPERTY CORPORATION OF MALAYSIA (MyIPO) - MyIPO,https://news.google.com/rss/articles/CBMiPkFVX3lxTFBCRnRhQXVQN1pha3NRSDR0b2JsRHlTdnNES0prejVqZDQ0TkhzcU1CemhfdEpQcW5iOW1FeFZR?oc=5,2020-12-13 09:31:23
trade,SISTEM i-MAQIS - MAQIS,https://news.google.com/rss/articles/CBMiQkFVX3lxTE8zRGRINlByTDhVTHZWYllIVHozMThaT0hFY2Z2MG5NZGw0M0t3SnNKdjJ3X2xlOGN3OVVub2Y2cVJqZw?oc=5,2020-09-23 09:03:20
trade,NTW Malaysia - NTW Malaysia,https://news.google.com/rss/articles/CBMiUkFVX3lxTE8tSXFhT0hMUmtVTFFhbXFpeDNpWkxHWlZ5OS1YdkFvRElQSFdIazlBVDAzUTdnczNQMUNVT2JKbmpfN3FLYzBieF9rTEJLYlhVRXc?oc=5,2023-04-17 06:51:46
capitalization,ALLOWABLE AND NON-ALLOWABLE EXPENSES - Lembaga Hasil Dalam Negeri Malaysia,https://news.google.com/rss/articles/CBMiiAFBVV95cUxQTElkNk1MRndOSlIwWS14SWxsWVZoTV9SR1hMa05Pd1RHdXloUkpaM1JhNHJuWnh2OTRmaDBJdmRjdmZZT3BqbFVLbnAtM2dPaF91T2l2emJZV3dwR0JNOWF1R0lSS3Y0OW43aExfSWpWbGhyVjEtcWdMWUdORFZpSDV2d3gzd0ha?oc=5,2022-05-11 07:00:00
capitalization,MPSAS 5 - anm.gov.my,https://news.google.com/rss/articles/CBMipAFBVV95cUxQbGQyeFpkQlBKWHpPWlRhdFBBYkluYURFUFpCZF9Dc3lhdGVKSXhzOERyN1NmMnZzem0yRGZqVFpucmZ1N2NCUVFJNnl0ODQ4MmxQMDhORTU3cmFtc0RGU3RSR1lwX1lHQXhmdExEdWhfMFcyVTdFQlQ4WXVhNVVxMVNaT2lqd2loTWVEM1Z6eWtUTlZNU3ZDaDRROWFfWDdvWHpHcA?oc=5,2021-07-13 22:37:05
capitalization,Using Capital Letters for Proper Nouns PowerPoint for K-2nd Grade - twinkl.my,https://news.google.com/rss/articles/CBMilwFBVV95cUxOS1NxbzZEOWxEYUVvNHBOZWZPRW11bzJsMTFOTGNwLTk4RFRHem1pT1hVQ2s0b1lfMXBDWjVDRmRReFdfNWlFUUxlemI0M3htMXF0VWF5SmpsRVEtWTdOQ28xT1B1TWMtWHFOZTFLN2g4YU5lSlNKNm5GMzJMZWVHNXFONjJDTGtpNGRvOEZQMmR4SnpGM2Yw?oc=5,2024-01-31 22:11:12
capitalization,Capital Markets of the Muslim world: The Paradox Within - INCEIF University,https://news.google.com/rss/articles/CBMihgFBVV95cUxQZk5ubnFiSjNnR2lNYWZvUmk1MDhvVzJqYlB1QzFwMkNUVU05cWVuVmJjNnFLVTdld0dBSmNYVXFMaFVEZTJMbElrSEppZ19pQnd1VUROWWtJanU3N2tCRmJ3R1FLQlVvTExsRldJMVM2cmNkRk94NEEzcDJYN3QteHFybkpmUQ?oc=5,2024-06-30 07:00:00
capitalization,Top 10 biggest companies listed in Shenzhen Stock Exchange - fsmone.com.my,https://news.google.com/rss/articles/CBMivwFBVV95cUxOTXBvY3ZWRTRUMW9ZUHJWNFo3aXlUY0p5SFg2ZUZZT3g5dUM2TGZQZW41Q3FVNVRlc1VqUUdWeHl5NGlmNWFwemc2QWN5NGFiaEpmamtmZmhEdGVkN0UxSXZadERSc0EzTncxOXhFODlwWWhjYnBRTFFIOVc3NkdWd2UxLXF2NktEVW5CcDY2WnpxNDFfLTRHeDlIUlBSd1hEMHVqSS1mZnNhMDNpMmliNzE1cnpqRGRFVXFJcUtoQQ?oc=5,2023-02-24 08:00:00
capitalization,Consolidation of the Banking Sector - Bank Negara Malaysia,https://news.google.com/rss/articles/CBMibEFVX3lxTE5DYWFreVEtMmVHWDJZRmhTOTZsY2QtNDZkLVgwZEtXeGlybFNNOVdRSV8tc29nUjVWTzBiWm1Va2cwRVZsbUpJc280ckllbHBkQ1RrYXlIdGpkRldqTk1JcDNwNUVCckJ0VDNraQ?oc=5,2020-12-21 17:47:03
capitalization,What you need to know listing at Bursa Malaysia Listing and the requirements - Hills & Cheryl Corporate Advisory,https://news.google.com/rss/articles/CBMisAFBVV95cUxNV1g5UXBlRWFPVXpKNnVHM192bFlmNWozUFJ4SGh4Qml1RFREdklrQzBqM1RFcUNzLVgzM25wWk9jR3U3MnA0d1RIQlV1YmZLTmE5SFVOTFNHa2VvZUZidG5vRFMyNXR3VE9UOEdiNkMtbWRPOUdMQmg1ZGllYkFLNEo3cm0zOVZPTVBTNjFVSVV3OElOVDQyb2g5UUpZYzN6TXVMcDZsZjZka2lwRVkzZA?oc=5,2020-05-04 07:00:00
capitalization,Top 10 biggest companies listed in Shanghai Stock Exchange - fsmone.com.my,https://news.google.com/rss/articles/CBMicEFVX3lxTE5ERzdCQTliR3BJeHFmbm1vUjUyYTU1Wjh1enZQbGxUUk5JZDFQVzd6SFZTUC1rT3NoRDlXbnpEOUQxV1BhUG9rTGxucHhWUnBFaDRTcXNIUDV5ZHNtV1RNdXhkM1h5X21GNVVZOHBZRVo?oc=5,2023-07-02 05:22:32
capitalization,Financial Deepening and Financial Integration East Asia - Bank Negara Malaysia,https://news.google.com/rss/articles/CBMickFVX3lxTE5pazNlZk5mSEJwWElxMFdiMUtDX0dseUFfYnZoRHJfeE5QNjhrdXRkV3lSRkpRbWphOHZZbVh6bWZDZVpqeExoaHpQbzF2dGRVcVVQUmtFSS1zSzU0Zk1JcHhGbFREZXBySG1oZkNya2dXZw?oc=5,2020-12-16 18:20:36
capitalization,Liquidity Risk: An Islamic Banking Perspective - UiTM Institutional Repository,https://news.google.com/rss/articles/CBMiUkFVX3lxTE15enBoYlpTMTlzR3NWbUVYTlhYd2NSM19WelZmMEhqeEVhbkYtZ1hHYVU2c25xdVlaWnQyTnFabkVkMmNncG4tZTBUQzY5amlUY0E?oc=5,2021-08-10 08:30:49
capitalization,Bursa Malaysia hits all-time high market capitalisation of more than RM2 trillion - thestar.com.my,https://news.google.com/rss/articles/CBMixwFBVV95cUxOZWNpN1hNdzQ2S2lGWk5jeFhhMHBUdG5keE9QaF9VeGdWa09mNHhWcHZGc01GMklJZFU0ck1ZR2I0ZjNQeG5UdnhfNmdsN2ZQdTdGaHd2MlVXLUczUGhoanhYTl81eUEtNlQ3TmN1MUk3NU9JV2xqXzIycmdZMzc4Q3VMZFBwZlh4eFBBa01tZDVEOTRwamxfZjJ1NEtfWWVrVWNmR1VyZURVbGZOTEs4Q2JIdklackU2bHN1V2JwZm4tVUhDR3Jr?oc=5,2024-05-07 07:00:00
capitalization,Capital Letters and Periods Worksheets for 1st-2nd Grade - twinkl.my,https://news.google.com/rss/articles/CBMirAFBVV95cUxONzNUSWdYSWlreEM1S2FqdGpTMUFPUXZ6S0k0dTBrcElGdVNhMm5qeklIODl0Z2lsNno5V1Jlc1VyNU9wT0gwZVhwY25tbXR5eUludlF0WkZRQmZ0RHJha2NBZVozSlF5TVJxUlRRcGNRMXdvTVNDcFpzbFZzRW56YXFXaElVbHRZX19YVHhtVDRmalp5TWhKRXJnNmhKNXhScmlUaWtSdm1KNnR6?oc=5,2024-01-26 05:17:44
capitalization,The Definitive Guide for Industrial REITs in Malaysia - Industrial Malaysia,https://news.google.com/rss/articles/CBMirAFBVV95cUxPdEk3cjRCOFJWd2xkNWg3Yk5HSXlFZW8yZVpKYlNYMXM1ZWMxc3h6YkZ2bUtZeEdwYXp5SlBHQVR0Y2VSTGg1OGpmSGNfdHVlYm9PUVpYV2RCWlcxemRPLXNxYjlJOFZZVGQtUUgxU19MOG0xTDlkb194dENwaEZIekxJbVRud29ISmtyRFNURlZORVBmVUV6aG5QeHRodjBhVUlLSWRjS1dTSTgw?oc=5,2022-04-25 21:53:47
capitalization,Kenanga Growth Opportunities Fund - Kenanga Investors Berhad,https://news.google.com/rss/articles/CBMieEFVX3lxTE9LS1owNFFYdGI5VkFWdUdHUkxNYzEwTDVXMHRfOUF4UF85VXZGbG9DMVZPMmJsRW8xV083azd5azF5SjZhN0IxOEhKN3BqQW8zTl9qXzI1UkR4NmxoUlVwbW5jZmhLNzFLV3BmY3Y0TjRJOHBuVDczeQ?oc=5,2023-10-18 10:31:40
capitalization,Does Tax Policy Change Affect Tax Avoidance Behaviour? Evidence from the Thin Capitalisation Rule in Indonesia - eJournal UM,https://news.google.com/rss/articles/CBMibEFVX3lxTFBxU3lCMUltOWlHazJDNWFlejZNdDRuUWdieUdaeXhKZW1EQlJnY2JwOEpuVGlCT0gxWjhhY0dhbTFWWER5VWZMSkJpNFZ4d0xOQm9iY2ZCQ3BWYU52T1ZiMlY4MEY5UHFtajRDVw?oc=5,2024-12-31 08:00:00
capitalization,MRMA Malaysian REIT Forum 2024 - Malaysian REIT Managers Association,https://news.google.com/rss/articles/CBMiP0FVX3lxTE10TC1CUGozTG1Qbmc5eFhjdHZCYi1fdXRGMkdhWks2RDFaLUd0U0J4SVN2MVMtcHFtYWRqVUxsZw?oc=5,2024-05-02 20:02:31
capitalization,Maybank London Residential Home Financing | Maybank Malaysia - Maybank2u,https://news.google.com/rss/articles/CBMimgFBVV95cUxQSWR4cTg1N2hyMXFZMFZzTzRKSlA3TEhKeV8wa1dKSEM0aGRqM3dEWkRwX1NVekJKR2dSU2l0VGtSaks2ODlha3QzUGtQbWdWVlltZDNCSW54ZmVuUlB2ZWJ1bXZCUEN5WExDSE5oMkhlYUFCckVLQkkwVU5FSXJGVUhBYTBfdDJweG5hWlZhRGhod0tGaS1NWmhB?oc=5,2020-06-08 09:59:01
capitalization,Eq8 Dow Jones US Titans 50 ETF - eq8.com.my,https://news.google.com/rss/articles/CBMiY0FVX3lxTE9PUHdwbXBZTC1NZEtyQ1FRalBuSjYyckhiOWZrSC0yRjNkLVZNOFFIOVFOYlhBTHdxUXVtVkU0X293ZUZtZERFU0JxLTJRMHdxSlBOSHVkUkNRN19GZkM2Nm1fQQ?oc=5,2024-03-28 01:33:34
capitalization,Untitled - UiTM Institutional Repository,https://news.google.com/rss/articles/CBMiUkFVX3lxTE0zWVNlcE1MSEtVN1RZYzVha21qalBjUE90MDhlV3FQNlJSSjlzOG5kSDdib0d3NDdUU280M3poWjNjNFZvdXdPQkx6RF9CbzJOOGc?oc=5,2024-06-13 03:03:51
capitalization,Faculty of Economics and Business - unimas ir,https://news.google.com/rss/articles/CBMiZkFVX3lxTE9JOTNTZ3h6bXNteDhITGEtblBteXY1YzZUcWhrSmFVNlJhMDJBYkZONDBXY0VlMVJ5bjQyLVhqNDZyMVJOcGVBckVMVTVjQzFQeHBaWlBnTEx1WEMzSV9vakx0anRQQQ?oc=5,2021-11-10 03:32:08
capitalization,Untitled - UiTM Institutional Repository,https://news.google.com/rss/articles/CBMiYkFVX3lxTFBLRkZwQzlCWnJITGIyb2pCZTFUTm5PT2J6Nmc1b2psblhtVWFOMnlWcDF6Qm02NXVwYTFORXk3WGwyTkZSTjBOR045d0txd2U5VHlhMUtGQkpVVmdydFFXZ2d3?oc=5,2024-10-03 00:07:52
capitalization,"Intellectual Property and Innovation Research Centre, Xiamen University Malaysia – IPIRC - Xiamen University Malaysia",https://news.google.com/rss/articles/CBMiPkFVX3lxTE1HY3VnUS0yUGs2Nmp4QlhWd3VJVVk2VTByY1Z4bUFJRWIycmpkUjc1NjVhQ3RXbmI1SWNVX0Fn?oc=5,2024-03-06 14:01:54
capitalization,"FEDERAL GOVERNMENT ACCRUAL ACCOUNTING MANUAL – PROPERTY, PLANT AND EQUIPMENT - anm.gov.my",https://news.google.com/rss/articles/CBMigwFBVV95cUxQNnAzanpkb0FaZzhKaEtQRjJoczhqUzl6UzVPRU5DYXcxWWR0Ni16eGFSSXFoR3c1TXl6VUp1MWF5WmpVZ2ZWc1hjZ0hFS3RFcXlaOWhLX3ItOHlFcEM3SHdLdTRhb2VtVVp1eTF6LWJnbDFScndCZGJsdXEzc042UURkSQ?oc=5,2022-12-12 08:00:00
capitalization,Rakuten Trade Launches Raku-Invest - Rakuten Trade,https://news.google.com/rss/articles/CBMigwFBVV95cUxNWlhzcVFKdTVEVzhIQ3RfYzlEdWU1b2thU2lQN2pleWhsUnZreUpWTmFPbTVqRnVkZEswQ19MZGJUWDQyQVR5YVgyY2x2UjkzWGhvVHlwSk5fdEJrVGo1Wkc5QlpmVTBHSTZOQnZKNVB5WW9rZzcxLW03VlFUSEpkb0NOYw?oc=5,2024-06-19 07:00:00
capitalization,PUBLIC Wealth and Personal Banking of HSBC Bank Malaysia Berhad - Terms of the Additional Deferment Programme 2 for Individual C - HSBC,https://news.google.com/rss/articles/CBMihwFBVV95cUxQOHBIVmpoTVZFMmc3RHVBZ0lXck5ORUNDbmdGd3Q4bmpramtoTmhQaGlKMzJBLTRlTGVWb3lRbnM4cG16ZG5UY0FQZFpzalBvem13VnR0bVlTbG1qWUJMczhuOXZWSjMxYlh5czJJOWt4Rkhuelp0MngxOHgwT0ZZWDdhOVRRVXc?oc=5,2021-08-17 07:00:00
capitalization,"Board Characteristics, Firms’ Specific Factors and Financial Performance: Evidences from ACE Market in Bursa Malaysia - UiTM Institutional Repository",https://news.google.com/rss/articles/CBMiUkFVX3lxTE9ZTVRwQlFKNzJvdk04dzBHOUNYNzVWdTdDMnBEbHJtZlBGSXBjVXdSbnJxZnJLbFNRTjBtM2Y1ZlRuT3dlWnBQelBDRVN3ZFdSRnc?oc=5,2022-08-04 08:03:06
capitalization,Page 1 of 6 1. Definitions Capitalized terms used in these General Terms and Conditions shall have the meaning as specified here - Shell Malaysia,https://news.google.com/rss/articles/CBMi2AFBVV95cUxOUi1JRjR3QWNibm56Rk1MN3l3N182MDVPeXE5STJ3N2RrUVRLSkUxaWFHNTdVRmFtSUdjOE1VNWd6WWZmY1RISGNIdW5qM1A4TkdXMzczRmc1eDhDdS1DU2ZMX085bWtId1djdW0za1RTcHpJaWhpaEd0cldXYW81NlFqNEJaQnphVzlHaWhDODM5aEpVR0htQ3BEWXdwNzI0dTZOM01kYUNFNnEzYXNXeE5ZNGYzNFRqeEt1X0RnN0VjVXZWb0J2SDRkeUVLd2NNSU9XVkxZYWI?oc=5,2022-07-14 07:13:10
capitalization,"MASB 15 Property, Plant and Equipment - Malaysian Accounting Standards Board",https://news.google.com/rss/articles/CBMiXkFVX3lxTE5zakN0UTF5cTlFY3JDc2g5c2tSbTFoV3piM05PcDV2NWt6aURZRmE0cWJJaHBtSlNjOTNLbzFBWlhNQk9BTDVxTnNsMTQ2VjlUYmF6X3g4Z0FRSFFVU3c?oc=5,2021-01-22 05:55:19
capitalization,HLB/HLISB Rescheduling & Restructuring Plans - Hong Leong Bank,https://news.google.com/rss/articles/CBMikwFBVV95cUxQa0FfMGtjcDk2SE5fTkRFdTVJd0JzalVvY1lvMkFLY2c3S2x5emdTNUpJM183WnpFeFZtRXRYOXdUbTFMWWYtYk40OEY5Q2xQQWZiTVlYQkZ0U2VibkFLQmtjd0h2VzJzeUlQeUszWmNNZmhjV1NKSU1haHBaMEw0UUpFamZTamNXSnFuTFdEMEIzX2s?oc=5,2022-08-30 22:37:31
capitalization,HSBC Fusion (Retail Business Banking) Financial Assistance Programme - HSBC,https://news.google.com/rss/articles/CBMizwFBVV95cUxQY2ttS1BybTVqZURBVFU4Nk04a0VvcmN1cTdTUjFUQXo5ejdwUGxENzJkQk1MQVlUMWJaNjlmdmtfRTZybnZQVXRJa19EWmdGQTczaFlhbVBibnRza0VsQVlfY0VkT0xySTJRS2FFc3ZyQzRpTTBWLWdPYlM0Sy1oaXUwRkFMblZJWExYVV9LRm03alRrRGI3THI1R2JnY0l2c2xFUDRNTTdPVGVTX3RmNGhWTEhuZlhwR2VobDhPMVdhUHBNT2VOZmpLM1NFeEU?oc=5,2021-12-06 03:40:47
capitalization,TM Lee - Star Media Group Events,https://news.google.com/rss/articles/CBMiWEFVX3lxTE5UaFhPdGN1RVQ1M1ZkenVvdnpBTXFjOFBoZmJ5ODZNM2RLR1gzWG5OTHEtVWUxNzFFemVoeVpaWGZRNXQ1V2taVGNlSUl1dTRGUEtaZXZiNVQ?oc=5,2021-05-21 10:43:47
capitalization,How Leading E-Commerce Platforms Stack Up to Amazon - Malaysia Digital Chamber of Commerce (MDCC),https://news.google.com/rss/articles/CBMifEFVX3lxTE1mU0N4OHlmVVFUSWk4LVUwT1dTZ1ZFdjVkd2pGbEk3LWtuZm1DcXdXblQ2eDA1UTZWd2ZRNC02OFZmOUljZzFlTWJycFh6TkdIUk9PSDAwTmNBSE5USHBiZk1oNWFQLTVOVjRLbkhvcnJxSWFudXBUODMtUkk?oc=5,2024-03-06 08:00:00
capitalization,Terms & Conditions - Opera Cafe & Lounge,https://news.google.com/rss/articles/CBMiVEFVX3lxTE1MbklLekdZTjJuTWFndFNrV2l5Z0d3TGF4Wl94MlZRSGEtR2JtV3Q2TXVlU0NGU281RjUzUURndnlHSHhjWnZYZUVteGN0TU1Jd3NGTw?oc=5,2022-10-20 07:00:00
capitalization,Top 10 US ETFs to consider for RSP - fsmone.com.my,https://news.google.com/rss/articles/CBMicEFVX3lxTE8wOGpLdG1BcG5VUDZ5SDN1Z1VtU1c3eGZvS2p3UVdmUEMxeUN0NC00U0J3OFotZTdZZnlyR0VIbThZcUxpOFpOSkp4U25EY0hQaFd5dGJHMExydXc3MkNUcTA2Wm96SlpYV082bnB0a0g?oc=5,2023-08-21 10:05:14
capitalization,Corporate Profile - TA Global,https://news.google.com/rss/articles/CBMiVEFVX3lxTFBQeXo0cVhMM2l1NE9lU3A1d0Z1cUFKYjRTWEF2REJyWEpiMlZMTGRKNHpqNk81V0JrYUpxQTZ2NzF1aktSdGxEYTdJX2kwMjhRdjVISg?oc=5,2023-11-04 23:39:14
capitalization,Industrial training report: Genting Malaysia Berhad / Nur Batrisyia Annuar Appandi - UiTM Institutional Repository,https://news.google.com/rss/articles/CBMiUEFVX3lxTE9BSUhGTktwOVoyTGtObTZUN2JCdWFsNnZVOHN6YVVxRTIyNmk4dzVJU2w0bzlFSktrM1lDMnVuSVB6RzNsUzE2RDUyQWs2NC1o?oc=5,2024-10-23 19:36:05
capitalization,Malaysian Citation Centre - myjurnal.mohe.gov.my,https://news.google.com/rss/articles/CBMif0FVX3lxTE9UdVBaeGRvejRhV0dmNmF6Ui1rUTlfZV8xUzdFaEdzOUgxRWZxcFVIVEc5VG1aTk5odVRPM0xEQi1YY3pzTFZSQ2l4cGtxdmJZVjVyWjNIZ3p1Z1hhLWYyYlZqZmEtLUtndUNITWlMX0NIcUVtWHJiZDd2Zzhsb1U?oc=5,2024-05-03 13:13:33
capitalization,FGV Holdings Berhad Company Overview & Details - Maukerja,https://news.google.com/rss/articles/CBMiZEFVX3lxTFBNQk1RRTJvNkhjZFZpalRSQi1iWnQzdjFpa1dzaUQxTzNFMDNNUWZIYVBxLW5qS1ZsQkxzR1Z2cGRlNFppZ1c3NDRQS3kxRXlZamtqclAtVnVNRVNOa0pBTHdzTDY?oc=5,2024-03-15 12:56:13
capitalization,Overview Investor(Group) - lottechem.my,https://news.google.com/rss/articles/CBMiXEFVX3lxTFA4cVVUQTNoaXF3dVcxMnUxX1pkRTNsUTA2TWJtMUVGbEZRSjVseXV1TnhhUEhmeXJlZXF0R2l0clMzdzZSTG1pV1U5RTRHTnVPUGRVQmVwQ3lVakZz?oc=5,2021-02-18 04:12:23
capitalization,135 FACTORS AFFECTING THE PERFORMANCE OF REAL ESTATE INVESTMENT TRUST IN MALAYSIA: A CASE OF Al-‘AQAR KPJ REIT Norazlina Ripai - uis.edu.my,https://news.google.com/rss/articles/CBMiZ0FVX3lxTE1temcxNnBSSVE4cFN2ZFNTMS10Ry1IRVFJRXZia1htOTZINmNKOEsxbnR2dFY0N3JubTZOVUlzd0FlRHNKZTctdmNPM3Y1STB5VC1GX2o5YjV4TUdtZDlUMXlObUdIYnc?oc=5,2024-04-10 20:05:43
capitalization,Maybank Malaysia Growth Fund - fsmone.com.my,https://news.google.com/rss/articles/CBMilAFBVV95cUxNcFZfQnVkWFNwOGcxaVJQNE5NMTZaZVhtR1Myelo2WmtxZm5ac3ZNa2dqQUgydVhPLVBBMXBPMF90WVVTSGs4Wkl1b0NCSDMwRkNuajU2UlhNcEVTTVRGenNOazUzQ0FRLTFvYUpFRFBwUjVLSnA2ZTNhQ1RLV1JaQkszeElnZk0tODBxOExQVjJYdXVn?oc=5,2023-01-13 12:36:35
capitalization,Borrowing Costs - Malaysian Accounting Standards Board,https://news.google.com/rss/articles/CBMiUEFVX3lxTE0zM1NkOFlWLWZMQlQ2QW91NENkc3hXUi1xMmxOVHdKQ0pGYi1vS2xyU29xVmZqbmVtTDZkZHZSQ1JwN2RRdmdSc0k1UmdTdV83?oc=5,2022-10-20 20:44:57
capitalization,Your Financial Future Starts Here - fsmone.com.my,https://news.google.com/rss/articles/CBMijgFBVV95cUxOWUt1TnB2cXJJUnBYU3d3QTVNdm5jdlV1TGJNR3BqZ2J5ME1fZWprc1VHcU1CY2hFZ3JaT29MaDFMTU14Q29rZElYMlFNMHpkZ0U4WU1oMTZlZWRQVlVMbFYzTjhYb1FWNTdib0s0RWRDT0RSSmFOVGFhdm0ybU9fSWI3OVVLT243aDQ3dHhn?oc=5,2023-01-13 11:37:36
capitalization,RATING - Labuanre,https://news.google.com/rss/articles/CBMiRkFVX3lxTE1EbmJxYkZOZjh0X25wZXlTallFTW1WMFEyY01kUnozdFpkRW5hdlYzNm42Y1FvNHNjWnRyRDQ5eXktWnVpOXc?oc=5,2020-02-12 09:18:30
capitalization,Submissions | AL-BURHĀN: JOURNAL OF QURʾĀN AND SUNNAH STUDIES - IIUM Journal Publication,https://news.google.com/rss/articles/CBMiggFBVV95cUxObmRqWmtzTDFXNUlxTncyQXJyY1lrT3RjVHRsTThsVHRQY19uWTcweFgyV2Y0T2JaQUVYekx0QTBUZ3gzd0VfNl9rd3pQU0ZiWTdCTWw2VU1JU0dTcWFYR19adVRYbGxycnVzS3hJYU5nYUJabFZaUExqUngtQ1RrSm53?oc=5,2019-03-16 10:28:51
capitalization,PRACTICE NOTE NO. 2/2020 CLAIMING CAPITAL ALLOWANCE ON THE DEVELOPMENT COST FOR CUSTOMISED COMPUTER SOFTWARE UNDER THE INCOME - Lembaga Hasil Dalam Negeri Malaysia,https://news.google.com/rss/articles/CBMiXEFVX3lxTE82amJoNFdZTmdodnYtMzdyakRXMVRNUGk0c1I2N1d4YXhKZDdvZkwxTUxBTUlCMzN0WUpjQTdwTGh6S1JXbnc3Ym85cDllc0VuQzgtcmY2MjVkNWU2?oc=5,2022-03-17 05:16:32
capitalization,Shariah Screening Methodology: Does It ‘Really’ Shariah Compliance? - Muzakarah Cendekiawan Syariah Nusantara,https://news.google.com/rss/articles/CBMinwJBVV95cUxQX25LOE9kLTI4Y2dWR3RfTjhCQkpILTZ5RldyWVVLTEpNZjI3NmRMNjlnT2NnRGFwU0o5N2JqeWRHbDVSdlhWcFRPMnlKWjAzX0t4WU1NRDBjQTE5c1R3VXZ4VVZycDdaYjFiNHlHYkRzNVZOa3A0bno1U0xGYlhvSER2MFNrRXNSYzNkSFB0MXAwZ3hndVo5eTZrdmRoYmRiVi1Tcl9adGdpT0RvWUw0MDdLYTNoSzNwUzdzRDNVcVQtSkdzU21MQlpiTHFjd3Y0MGdMek44bHE0U3dTeFNMQnpQSGp6S0NWdVNfbDhQTkd4VXc3aHkzRjh2Zmk3bmZGMzRQdDBqQUFCNC1JRC1QcXFkVmNzZHNNS1V0SmhmRQ?oc=5,2024-07-21 02:15:27
capitalization,Sunday Samuel Bako - Google Scholar,https://news.google.com/rss/articles/CBMicEFVX3lxTE5xLWVUQ3pyYU5wNEhTSjhtY29Cd0VteFFtQ1JDcUs3QXpGa2Z6bDlPQUNJQWg0Y21peEkweHpfR1BzU2xOVDM1WHB4MWxJSjlIR1BkYl84Ti0zbjFSS19PQjdyWVN1d0JGeTFkdjhOM1U?oc=5,2021-08-10 07:48:48
capitalization,About Us - KL-Kepong Rubber Products,https://news.google.com/rss/articles/CBMiREFVX3lxTE5heHBpYkNQazItQXZITEZvcGtrOW81WWRZcndvR0p1NjI1aXFxMVV0eDhjdzZseS1FM1NmajAwbXhRcU1Y?oc=5,2024-05-07 09:39:40
capitalization,Corporate governance attributes and firm value : evidence from Malaysia / Noirom Dony @ Fredolin Dony - UiTM Institutional Repository,https://news.google.com/rss/articles/CBMiUEFVX3lxTFBtdE1kdWMyWWJjMEFyd295cmRFdm5SZnJlc284N3pWMlZqZnZsaW9pdVpKUDVXTXh0bV92VS1TWmlzNVowN0QtNldFUV9XZTRQ?oc=5,2023-09-16 16:31:29
capitalization,AGB Land Sdn Bhd - AGB Land Sdn Bhd,https://news.google.com/rss/articles/CBMiTEFVX3lxTE80dTl6eDdZMUs4dnZGU0kycTlTbXhYZ1RWSTJ0bkFDdVVHQUlrX1RBcVU1MXNCT1V5dEZ1WE9aUjNOYkc2V21ZRVN1V0U?oc=5,2024-02-27 10:03:37
capitalization,Petrofac / Arif Amaluddin Abd Razak - UiTM Institutional Repository,https://news.google.com/rss/articles/CBMiUEFVX3lxTE1iVjNqRHE3VFQxYkx1WUdjUTVldFVZLXlrU0RfRGNUaU1ha0RKZFVHckctVjA2T09mUFNNaVpzYm1WV2FBMm5ob290bkpJX2FW?oc=5,2024-03-09 04:33:57
capitalization,Overview Investor(Group) - lottechem.my,https://news.google.com/rss/articles/CBMiXEFVX3lxTE1hRjBRdGtYSzdkV0FoSGZCVThodlFqNFl0Rk5zRFpVSWx2S3NrdVFoQ05PVFM5bkhVNnRneW9fVXFUS0cxRkE0TmpweWNwQUVzVDYtel91TldTTXgw?oc=5,2021-02-18 11:15:06
capitalization,Financial Ratings Performance - Malaysian Re,https://news.google.com/rss/articles/CBMiXkFVX3lxTE5xZXlUT2RYMGZ6eXA1TVdvWnhtbkplZ0xZRVdNckh3bU0tZDVSUHI0U09QOENYS3NDUlZTRmtFWHA2ME1OZVowLWJoQllEeFh3MEFqdllaeTNlc2o2aUE?oc=5,2021-12-13 07:47:10
capitalization,MASB 27 Borrowing Costs - Malaysian Accounting Standards Board,https://news.google.com/rss/articles/CBMiVEFVX3lxTE9pSFRvblIySUdLelp1TzdtSl9GeUFocllqZFhEdGpxSWI0N1d5bWdHblptVGVZMzczT2VJelhDQVZHa0pxM2hCUTlIQ2dvZmxqcUJIaA?oc=5,2021-01-22 19:57:06
capitalization,The Space Economy: Capitalize on the Greatest Business Opposite of Our Lifetime Chad Anderson - Shopee Malaysia,https://news.google.com/rss/articles/CBMi2gFBVV95cUxONjBSMjBmVVI5cHRTUk5Nb256SlFLT2hjWXJETFFuakN0d1poTHpIZzBnVHJsOHc3OEVReGpqZ1JKOHdfRllodl92TUg5MndHOWpjclM0YlEzWnJ6a3F5MFZnTS1XdUJwS2lMaHVpM3c0Yzk5VXI5VjNaNjREVzRhNk4tVFBSM3dFUmFOVlBaOHFremVVV3dES1hya3JJX2hPX2dtS09YaHljM0hadEE4dEJObDVjLTB0NGgyWUc1bk5DcjdjX1RXbEk1OXRGZl9DSHZNR3JnbUEtQQ?oc=5,2024-10-17 01:52:12
capitalization,About eni lubricant - enilubricant.com.my,https://news.google.com/rss/articles/CBMiXEFVX3lxTE5rVGxVVWJ3LXJrdU5KcGV1TndVOWR4emlGbFN0dGdEQ05NaldyNHFaSnNQcWdwcFdFVU53d2ZzSEFPQzV1NU1rWDF0emtiOFl0ZUotZFpESl9kX3J6?oc=5,2019-05-19 09:08:56
capitalization,Active vs Passive Investing - Kenanga Digital Investing,https://news.google.com/rss/articles/CBMibEFVX3lxTE05ZjFlMEdMVUVNM0ZXOXlLYzJwRm5Ub3hHY1pLbzIxX01lTDVoWXE2ZTFNelFESXhtOEZhSWZnX0tCQlBNLXd3RjdmOW1vNHpUcVl6eFlOM0RGX0ZCRm5FWWpfQ2JydUhfTkdZLQ?oc=5,2022-08-25 07:00:00
capitalization,Data envelopment analysis on the non-finanacial company listed on FTSE bursa Malaysia KLCI stock market / Muhammad Ridwan Sumiri - UiTM Institutional Repository,https://news.google.com/rss/articles/CBMiUEFVX3lxTFBFR3hjZm9qZ0pIQnkxYUxtR0Rnb296OXpyN0RNbnZZamNURGc2enJ2LVowXzJoZl9ScjVScGJ6a2pOMEpKUEZXUHZsR2ZJcG8w?oc=5,2021-03-26 07:00:00
price drop,Wrong Pricing Issue | Shopee MY Seller Education Hub - Shopee Malaysia,https://news.google.com/rss/articles/CBMiWEFVX3lxTE9lZ0xyVmVSUUw4dm5VZkhVbXFxSHZKcTFkeGtLcmtxSmVRVVVPNEpyRWJMdloxWFMyVzJhOTBhejR3a3cyN1NWZWxzQWUwYnA4Q3NtX3ZMVGo?oc=5,2021-08-27 07:00:00
palm oil,TVET Madani - TVET Madani,https://news.google.com/rss/articles/CBMiPEFVX3lxTE5pLXRqRlR3SDJpSjUxRzJHQkl3Vk52RjJOeEVIMVJaYVZjYkhHa1RwYm0yeXZMRHJwMUstYg?oc=5,2023-04-18 07:12:12
palm oil,Why Choose Palm Oil For Global Food And Non-Food Applications? - kln.gov.my,https://news.google.com/rss/articles/CBMixwFBVV95cUxQT3V4MUtxaGg3d3BURmZxWmNQc0VuR2l1ZjBveWkxTmx4dUNSY2pOWGstRHY0bUcwT19Ud1FobXVDS1A0WTk3VWxRTDAyRVZLNkt4Mnc4OXFELUo4QmEyWW4wTjJQemEyV3BtbG9pdXBqc0tmbmhLbHBBakhxV09ZSkdQSlBlRUcyQVJQdk92azZ1c3kydDRsQ0dhcGNfN0R0bE5vTXFNSFRCdkpZVWp2eFEwT0xCUlNvdDRPUWVtaEx4UlFkalM0?oc=5,2022-08-15 07:00:00
palm oil,Kema Palm Oil Mill - Green Lagoon Technology,https://news.google.com/rss/articles/CBMiW0FVX3lxTE1IUERabkpUSGMxNE5JRExmcGZJNkp0LTlERDUzZUpXR0tRY0J5TGNSVm0wWkRjby12Tm03TzRWaWU3a1NmQS1yOUctbmlHX1pfNlIwZWxRTzI2cXM?oc=5,2023-09-29 12:26:36
palm oil,Nutrient deficiencies-Oil Palm - Yara Malaysia,https://news.google.com/rss/articles/CBMigAFBVV95cUxQYUtHLTR5SnpFdGNvSVBzbTFXUXQyd2c0Q0o5bDBQMlBDMV9OaXdqTENHcFZ1c1RQNzA5MERHRzRjN3dsbWNYZ0pCXzNYek1WOXpGeEZ1SlJ4TExRX0o5dmhuSnJzaHp6TVdzeFZUNkY1TURydDVHQXR1c3JZb2l6Qw?oc=5,2019-01-23 14:27:07
palm oil,Enough Discrimination on Malaysian Palm Oil: Reflecting Vegetable Oils - MSPO,https://news.google.com/rss/articles/CBMiogFBVV95cUxOSjdPV0Q1VnpBVkZxSUZocnRSeFpTZXZHUUVKMmV6T3N3bGF6cWlybjZCbDJxUllKN0pZb3dqZnhwclBEdFUzc21VQi1sSjh4bGxhTDBabDhXdklXdTlfTUdNVFhCa0h2OUFaaGpiR0JvZGJOdFVFUmpEcTNKd1RSbExLbHhpOVlHRG9VVXZ6WURKNUJ0OTE1RUtFX1hPMkR4RVE?oc=5,2024-10-28 07:00:00
palm oil,UPTAKE OF HEAVY METALS FROM PALM OIL MILL EFFLUENT SLUDGE AMENDED SOILS IN WATER SPINACH - JSSM,https://news.google.com/rss/articles/CBMibkFVX3lxTE14U3dOTm41MDF1SHgzaUpRUTE0SFVJQ1U4S0R4YnhQUWZCREd5UkNQUGxaMnE0aWlob3ViUlJsQzRLTVM4Nzl0YlJ3bWNtMFQ4SDJQbnZLWjFyb012WlE0TldaVTZmOHRITjNscVdR?oc=5,2024-04-07 10:37:57
ban,BSN MYGOLD ACCOUNT-i - bsn.com.my,https://news.google.com/rss/articles/CBMiWkFVX3lxTFBCMnNFVlppa3RLc0I0cFpoOTlyTWM4LWZSTjJxUzJDbTU4Y0ozcXFNN0F2dE14bFotaFdkVThwS1RfTHpzUS11U1kzb1cyNnlKQWRVaUJaQmY5QQ?oc=5,2023-08-28 00:23:19
Construction,AVALAND - Avaland,https://news.google.com/rss/articles/CBMiQEFVX3lxTFBScFpraWstamhpSmI1OUQzWGJkVmFSbW11dmtUeFlBZF80bTlodTU5ZTRSV0NORldhUUNVUDl1MFc?oc=5,2023-07-07 03:37:31
Construction,Malaysian Qualifications Register (MQR) - mqa.gov.my,https://news.google.com/rss/articles/CBMiQkFVX3lxTFBta3RlV29OV19xWmhRemVIRjVyNEVhV2ZmVFJjZHk3My1sS2JMWTd1SkxrU1BUa1ItT2VpY1ZwSUl1dw?oc=5,2019-11-14 02:26:57
telecom,Malaysian Communications and Multimedia Commission - MCMC - mcmc.gov.my,https://news.google.com/rss/articles/CBMiRkFVX3lxTE5ycXFFX3FheTZzclN3RGRGU0dRcHFTOU56TEhpUHdZV1lhclZHSElTZ2lGZjZzd0Jia3RNbzVKdmhSY3JTRXc?oc=5,2019-12-18 17:00:51
telecom,Home | U Mobile - U Mobile,https://news.google.com/rss/articles/CBMiTkFVX3lxTE9UVEZfNjkyNWdWQ3Q4aXhOMmRHcU9Icm9ZbW1nS3ExbTMtdmVNVE5lTWE2eURMdFZjSFhqQ1k1LWVJMWdMY3paOXRUV0tGUQ?oc=5,2021-11-09 16:25:10
telecom,Pasti Mampu: Lowest 5G Internet Plans for Postpaid and Prepaid | Hotlink Malaysia - Hotlink,https://news.google.com/rss/articles/CBMiS0FVX3lxTFBCX0RMeWdRUVRaZEhfMG5xYnJkUzl1Wkl0VDR1bmJuOE9mMFJwSEs4SS1RZUljNWtERFpsaVN2OW4tODlXdWNZQ01fVQ?oc=5,2020-12-17 02:32:48
telecom,Malaysia Standard Industrial Classification (MSIC) Codes - Lembaga Hasil Dalam Negeri Malaysia,https://news.google.com/rss/articles/CBMiYEFVX3lxTE5rWXdCVmFqa1RCNHRRcF9lblRZZlEyV1pBaXpkaVZhR1lvSnp0aGl1LW5YVHJVbVVVbnVEd1lzVl84bmVpZWJvR2JWNVdmVF9YdHVMMnlZTjJfTDN1aFM5ZA?oc=5,2024-02-09 15:10:57
telecom,Corporate Contact - Telekom Malaysia,https://news.google.com/rss/articles/CBMiXkFVX3lxTFBLZER6S2ZobmVVYWJhNWctLWwtMG1XT1RkaEoxaEtCYVd5cWJIcjU3QTdPeWw4ZUczcUw2UGZiNFVPUVJEd1M2LTlEUy16VzE5YTRwSVlTalNxYktGNUE?oc=5,2023-01-12 04:40:12
telecom,"Roaming - Yes 5G | Uncap Yourself - No Data Cap, No Speed Cap. - Yes 5G",https://news.google.com/rss/articles/CBMiQEFVX3lxTE15dy1uTWFZMzJiZF9aYjhzZ2F3ZWdUalgySWM5bVc5RnQza2FYZUVQYklKX3ZvSnllUWZIQ1ZxN2o?oc=5,2021-04-07 09:36:29
telecom,Kaunter Service Point | SPX Express Malaysia - SPX Malaysia,https://news.google.com/rss/articles/CBMiR0FVX3lxTE0zUjRwRE84bmI5T0xlbk9xclBsZlFCdWRNNHFMVm5fS1QtMU14WTRqbEpGQ1ZNZFZmWWRoWHZnVFg2TmduMTFJ?oc=5,2023-08-25 09:58:15
telecom,"Network Maintenance - Yes 5G | Uncap Yourself - No Data Cap, No Speed Cap. - Yes 5G",https://news.google.com/rss/articles/CBMiUEFVX3lxTE5zSGtuVkFjSGxBVTNXcWNhaHdYSjZMcWNrX1VKeUI4UHlqSjRLclFHMHJjMEtRRzJQcGFXR3l5aXVCNFVzeDhwaEdOSll3NmVa?oc=5,2023-12-27 13:48:38
telecom,Security Tips - bsn.com.my,https://news.google.com/rss/articles/CBMiU0FVX3lxTE1vTWN0RHExRGVkUDgtSll3TjcyV1pWSG5VbWl4b1dLNHRsUVVOVmhuelpWeklpeFBoYXgzd2VFWFFoLXdaRmgtbU53WXFJd05oRnNn?oc=5,2020-12-14 23:26:51
telecom,U Business - U Mobile,https://news.google.com/rss/articles/CBMiTkFVX3lxTE9yWkxXTk9iLURNckdFRW9LNjNCOEt0T29OVG02WkYtSGk2UXlyOWRSSUhoakpjVVlvYmQ1eGZYUVh0bUNpM2FCRVNHTjdjdw?oc=5,2021-11-09 16:25:09
telecom,Secure Your Paid And Structured Internship | MyNext by TalentCorp Malaysia - MyNext,https://news.google.com/rss/articles/CBMiOkFVX3lxTFBGRWRxbzhuQlYxNTNVNEU0ZnlCeUlyb045QVhqY3J0ZXViWDUzQ0dSUnFfeTZoUnlUdXc?oc=5,2021-07-29 04:20:36
telecom,CelcomDigi l More Device Savings For You! - Celcom Online Shop,https://news.google.com/rss/articles/CBMiRkFVX3lxTFBZc1B1UVdsWW5XYkJwVHpjNDdLX3ZDNnZFQklRVndxSW5vR24zZlh5eHFpYnBDNzlZMGU4b2drRUhLZ3hKVUE?oc=5,2020-06-19 00:27:24
telecom,MySST - MySST,https://news.google.com/rss/articles/CBMiVkFVX3lxTE5DUUdRdlFyM1AyTFhMZjROLXJUcnNXWHZsVjJxYnlHbTBkZUs5OVhyMkg4cXhZdjUzdlVMVVpMZ24yRUwtUDllczJ3WGcwbUY3STk2X2lB?oc=5,2019-11-07 17:58:34
telecom,Unifi EasyFix | Self serve portal for Unifi broadband - easyfix.unifi.com.my,https://news.google.com/rss/articles/CBMiQ0FVX3lxTE1EUDBSUWxfM1lEd2JGTUlxUnJIOHZWcFkyY0dSdTIwXzhrNHZMUlFHOWp5YVlzZW5LVVpIcnRmNTBOMUk?oc=5,2020-02-20 04:13:50
telecom,iPhone 16 - CelcomDigi Online Shop,https://news.google.com/rss/articles/CBMigAFBVV95cUxPNUtxSGJpOGhvWER1NHZoRUd3WF9MMzZ1Y19uY1k2b0ZTQ0VDXzA4MHFaWURGTUdHbk5zbHhQaVNsaE5NYS02Y3laalVlYUNaaWVvRlBsMGJKNTVXdjFvalg0WXQ4em5GazgzeXlPWHJucFlNRG5yeU9qSUp3OEFyVw?oc=5,2024-09-13 12:25:49
telecom,Home - AEON Credit Service - myaeoncredit.com.my,https://news.google.com/rss/articles/CBMiQkFVX3lxTE1wMUlhYXJTbnZDcGIxazFnbjQxTDFOUDJwczc3YmtPbW1nS1BHUkIzTGp1NGFrVkdKX2dsSzQ5Tkhldw?oc=5,2024-03-25 15:56:04
telecom,Universiti Teknikal Malaysia Melaka - UTeM - Home - Universiti Teknikal Malaysia Melaka - UTeM,https://news.google.com/rss/articles/CBMiQEFVX3lxTE1VaUFXS3NIVnpHaWhhRUVMUGlaYllsMFBwTXgxWmh6d0dqd3ZRNDJ5b1lQSkhmd3E2d1VvX291Q3o?oc=5,2019-03-14 04:54:35
telecom,HONOR 200 Smart 5G - CelcomDigi Online Shop,https://news.google.com/rss/articles/CBMiggFBVV95cUxOR2dYMV9HSTY4dUdLNFhzNG55MnBBQS1pNWx1NjlrRXdJamthZG10dlV0Y3NjTllBZS1ndE9WQjZoYkQtbkI5dFBudW9sSnJIc2dYaWNxUzBaRV9ybzU0Q3pMNnZSM1BfYS1yLWQzTW9vRkJ0Y0JjNmJEbmtmMnhZT0tn?oc=5,2024-10-29 02:11:12
telecom,iPhone 16 Pro - CelcomDigi Online Shop,https://news.google.com/rss/articles/CBMihgFBVV95cUxQcllMbmdjMi1CNnRvNnZDV3FwREUzVHVyYXVjWW55Z3JST2VyR1kyVGRQalVNR2J1ZzFaX1RDQ01XaFFTMTZrX3d4UGJkZ2JUeF93eHFxTW0wS3cxV3AwelVKOENkUFZ4M2RwV3NSMy1IUUpleVkxS3RzUDNsM0pwV1lEZGF0QQ?oc=5,2024-09-13 12:26:59
telecom,Employer Registration - MYFutureJobs,https://news.google.com/rss/articles/CBMia0FVX3lxTE00VnZBbjNsdUg5TkFKZnR0RDJtUHpVZWk3UWlzSGZyaHpQdG1xbFozSlF3OGg1VHMyU3luZkI3RXZqQ24zVml2Q0dtMHNEeVVWQkh6cGZxM3NXd05zN1FzTS1obVh0SW5UU3Qw?oc=5,2020-06-28 10:52:30
telecom,5G International Data Roaming Plans For Prepaid Or Postpaid | Hotlink Malaysia - Hotlink,https://news.google.com/rss/articles/CBMibkFVX3lxTE9RZzRvTllfZkh3b0NkOG1kako1Z3VtcmdEU2JINUpKMVVSbE1GX2tTZl9pLTJZZlozVFRPTkhLd0hDcUl0QUdqcXQySFZzc1kzTm9scnJHYkdFS0I2VzJqQVN1WXZMbFBwYXNsQ3N3?oc=5,2021-01-14 17:18:41
telecom,LaLaport BUKIT BINTANG CITY CENTRE - Mitsui Shopping Park,https://news.google.com/rss/articles/CBMia0FVX3lxTE1ldjlMMUlOQ01RRzVrRXVnbnlYYWc5NjZsdDNKa3hNSWVfdXZfUUpKdTFtSGtfN1B4Y1N4VEo0cVluR1pkNUlXLTczR3hRaTZNTm9kNWx2akZ2YXJ1V0VrcHBrSENSSTdnb1pV?oc=5,2023-02-27 01:46:01
telecom,Contact Us - myaeoncredit.com.my,https://news.google.com/rss/articles/CBMiZ0FVX3lxTFB0V0FjOTctMHZqWXdVb2IzS2RFeFVsdkNkMmZuaTYzcVJHR1B6QUU0ekZNb2JkLWFKQWN6WU8tbjJvSTVPaHJNM1dkTzA2TkpYMnZkTFQ3bTg4bGhRNk4zR2JsZ1dxSzA?oc=5,2024-05-01 07:37:25
telecom,APPOINTED AS THE EXCLUSIVE DEVELOPER FOR TELECOMMUNICATION INFRASTRUCTURE STATEWIDE | Qhazanah Sabah Berhad - Qhazanah Sabah Berhad,https://news.google.com/rss/articles/CBMiW0FVX3lxTE1MbTNWajhjZ3gxMlpOX0ZJaWZCUGI5MVIwNWlhOWNLeXBmdmFDaUhXVWFGMDJzcDUxTW9qZ0lYaXZpMUxtbEUzb29qN2pyOWNmaWdEN3MwRk4weVk?oc=5,2023-10-30 02:50:48
telecom,Telecommunications - Suria KLCC,https://news.google.com/rss/articles/CBMiqAFBVV95cUxONHQwX0dLeE9Sc0wzWUQ4QlJHM2V4ZVdtd0RYdmVfRzFkYmtuYjkxekxjanJpcVlBQ2dZY3VzTUFKaDRCNDJsSHlXOHFkb1djMTBHR2kyZ01ybDVvM0N6RFV2VWhRY3lqcnlHNHhDLVItYmFpdnRVWFVOcmxOb19rQmpCOGF2TDNRNE1oYzRENG5rQWRtR2FOUElCdGQ3MXllclpSTXpyXzE?oc=5,2022-11-21 18:58:01
telecom,Dynamic-Telecommunication Sdn Bhd – Delivering Excellence in Infrastructure - Dynamic-Telecommunication Sdn Bhd,https://news.google.com/rss/articles/CBMiPkFVX3lxTE1qeHRVOVpTcEt6b0gwTUpvVmJxRDhMME1aVmgwOUdINFQ4NFh2YTJVdjRCOFktS0FkdFB3NGx3?oc=5,2020-05-11 17:40:19
telecom,Connecting the World with Malaysia's Leading Wholesale Service Provider - TM Global,https://news.google.com/rss/articles/CBMitgFBVV95cUxNMWlmdzdPYkU3c2E0dE9sckd2aWdhWkRjX1dfR0o2a01FdFpvYlFSUGIzbzZqV29VTTdBLTFrUlVMZjdyOVY0bENraUxBZ1NsWG5fZ1Znd1ljeU1lZjYtd3cwaUhkRmpKNk5Bd0RDOG1nSzluRGMwRUFqZzFweTJLbjlDeW1KbFRhNXZLbEh2cmlzV3hFM1drYWpBSGNCZTg0WmpiZHYtWUNIaGNDUzRfc2VyOTVrdw?oc=5,2023-01-10 00:06:07
telecom,TERENGGANU TELECOMMUNICATIONS SDN. BHD. (TCOMM) - TERENGGANU TELECOMMUNICATIONS SDN BHD,https://news.google.com/rss/articles/CBMiM0FVX3lxTFBoX2pqRmNCOGRUN3hWd1llMHNlMlRaLUJhOUJYQmNZWW1xZktzZnQtS2U3OA?oc=5,2021-10-23 06:19:25
telecom,Clientele - Telecommunications & Media - Esente Advisory Sdn Bhd,https://news.google.com/rss/articles/CBMiX0FVX3lxTFB4TndIUklHSHFlUlR6Q2pHN2VObFQ1UUU3SWhvRnpSM0lmVVpnSWxzQ0NBMDRTeGI4cUF0TFNHeWE3WHJCeHEwMHRwSXg1b25MV2YwYlFfWDc0QW5XVFRn?oc=5,2023-04-23 20:49:42
telecom,China Telecom fully supports the 1st ever China Smart Industry Trade Exhibition - Persatuan Usahawan China Di Malaysia (PUCM),https://news.google.com/rss/articles/CBMiU0FVX3lxTE9TZWxwVWtxQlFRTVIwY3NFVDV4TE9SWkEzWDRpRnpwYTVDcXJYZVhla0NEUDNHaExZZmxUNWRnT0ZZUXJXOWdJeHl4SnlrT1hSX1lZ?oc=5,2023-08-02 15:44:21
telecom,Telco Network Services - OCK Group,https://news.google.com/rss/articles/CBMiWEFVX3lxTE1fNGNhdS1BVjJLWk5FZl9WSHJZMkFKYjVIOWxMYjA0QXlseVphR1FLbEhvS3FCcTFRTU0wcU5kdTJzdk12ZGFLdDFHWjJpQnF4QmtTY3hxVFI?oc=5,2023-03-18 17:17:53
telecom,Listing Category: Mobile & Telecommunication - CITTA Mall,https://news.google.com/rss/articles/CBMiigFBVV95cUxQaFZNWGhjQ2FFYlNRVnZjX3lZNXpOT1RZYXpjdDFnSzBMR3RJRTVjZGxGUXhOSGZSX2VvanZfdFB5OU1rS1VrY3FYdnF0dlI4NWVybmlVbk9fc2U5bWVZdG9MR0laMUZ5YXVuUzJkRFpIeW5FNFdDeExvcXdpLW1NajNMTEV4WDY0blE?oc=5,2024-02-08 11:29:08
telecom,Business with TM - Telekom Malaysia,https://news.google.com/rss/articles/CBMiY0FVX3lxTE5wWE5vX2gwVzhpRndkWUhBemwxRElzTFFod2RETkJadnFtRHRhYUN3ZXJZRTNnY1pCTXNIUVBWR05vWWZJd2dua1FnU0NJTlYwcHVQN0VnQXNvTU4xa2FyWHN6bw?oc=5,2023-02-15 00:22:48
telecom,TM collaborates with Malaysia telecommunications tower providers for access to tower sites facilities - Telekom Malaysia,https://news.google.com/rss/articles/CBMiiAFBVV95cUxQaEp5NVVKMVhmajJXd2pxTElKaEpoQUVYaUF3OVhoUHppdXc0QUVyS1R4Vi1qOHVndkNDaE1VY0g1V1pvRDVqU1FPM2t1VTJLZkRJLXQ0dE9zMUxsQVhJdllGbkZGZ1R2NlVoQWEyWkxSYXNjV3A2RGlBcVVOMlZxS1FabURlZXFp?oc=5,2024-05-11 08:35:31
telecom,Master of Electronic Engineering (Telecommunication System) - Universiti Teknikal Malaysia Melaka - UTeM,https://news.google.com/rss/articles/CBMiuAFBVV95cUxQMWxpUmZoSi03Q0s2ZFZXQzlhb040cl8wNFE0bDZKeUhtc1VSa2FSTElFUk83OWt3M3dhRjVyWkpkYzZHMnhhZS1HWHVoLXhDMU1kRUg0QUY0TFRWNVZXVGk5VkNaOXBkbjZweUNDWUVWdmpTV2FDX2pEQUhBcnpMNHpNY2UyNVFXQ2NadGMxNkZhZUg3U3BPTVctcm1LYklJM2lDYzlDUHNvNWV1UUViY2Y0Q01Hd2k0?oc=5,2023-11-30 12:12:53
telecom,What happened at Aries Telecoms? - Universiti Tenaga Nasional Library,https://news.google.com/rss/articles/CBMitAFBVV95cUxNNWRxTWtTUko4ZnZOaWdLRGI3UEhMekJ4MGF1U3VxNFZtOHBKQXdhMEVqUkxFLVNldkZmN09GR05qV0JZTXNuTU1iRzdVejJYVnBSWng3V3BWamtOV2hZRFppN0x5ZTRGZnJhbUtJXzZyYUJzYTE5MXJiZmphVzcwMUVaVFEzajZfZk5ZQjVmY2NTWEVzVl9WWVNtNnFhWWQwN2UxOXk3aXgycTFXT0xCbmsxRS0?oc=5,2022-07-04 07:00:00
telecom,Customer churn prediction using machine learning: A Malaysian telecommunication industry case study - MMU Institutional Repository,https://news.google.com/rss/articles/CBMiREFVX3lxTE1LUTlzQTJaN2lXLWhVdEdxQXdMT3lkOUQ1Sk9XYWF5amt5Vy1DMHdBM092NXJpdlZ5RjdQcVd4N1N6andj?oc=5,2024-08-28 07:00:00
telecom,Telecommunication OVERWEIGHT ↔ - Kenanga Investment Bank Berhad,https://news.google.com/rss/articles/CBMioAFBVV95cUxQN1J6MnlCbXV1QWVuVmJkZ0pzdFY2eWc0SEJGallXMEpRZ0l1T0ZocW53R0VZRkNjVjNlcDdiQ2tINTNkTHdVTFdFUzNsc3FxQXBPUm5ib2ZHYlJROUhTT0RLbGh2YVIyckdPWGUxX1RQZHllWms5dHc4UzNzdHlfV0daN1I5WHhKd3FIN1BZTFREQTdILWRTWXh3QjNDWFZJ?oc=5,2024-01-29 08:00:00
telecom,TELECOMMUNICATIONS - HSS Group,https://news.google.com/rss/articles/CBMiZkFVX3lxTE1vMkpJOE1LUmk3T0F2aVViXzlpenpOcWJsTmpBRkpDRXYwbTZ2ZUZNeFFpTUJiQ0VJUGhJeDAyR2dFZGI1MXFkMFFQVkg5elpJTl81Um00aWRXYmp3SmY5UGhOTF9pdw?oc=5,2021-08-09 04:10:41
telecom,COMPANY HISTORY - Silver Ridge Holdings Bhd,https://news.google.com/rss/articles/CBMiVkFVX3lxTFB0XzhiSVpUZ1RzclgwTUtqSHg0Y1lmYmJfUVZ2X09fSFFEYkI2UnFKeW1Yb0ZQU0h5SEpmakhGdVQzWUtlMU5kTXpoRDdGQ2xlaEFEOVVR?oc=5,2021-07-02 12:08:09
telecom,Emerging Telecommunication Technology (ETT) - Universiti Tun Hussein Onn Malaysia,https://news.google.com/rss/articles/CBMigAFBVV95cUxPX1hlT1ZDdTB4anBYS0VuTkt3MWNKUmhSdS1BQUZidUdON3lVTVBKOEhxWnZBbTQ2T2liUGNwc2dIQXVxNU9jUEVUWW1fYk11SzFBTlcxOG8tSl9SSkZ4dlQ1NmN2SmJjNV9EOHl4M3Y2NFc5X1RiMjZqbE9IU2xaUQ?oc=5,2022-01-28 08:48:06
telecom,Baraka Telecoms Sdn Bhd Company Overview & Details - Maukerja,https://news.google.com/rss/articles/CBMiakFVX3lxTFBrQzM3elhjM1loRmlVSXZUSUtNRGRybkxRek5uVVdLQjJabmd5M0g0U05ROE8wUXVtSHJxMjdvZlc1RHNtdlQtYmp5eVRuVkF4emhhbk5hbXFFclpVQzEtb2l6dUhhLTRaR3c?oc=5,2024-06-20 14:23:37
downgrade,T&C: Terms and Conditions - Maxis,https://news.google.com/rss/articles/CBMiWEFVX3lxTE1uTGtUOFlFVTdhQ3gxR1pzNk00MzNWOEROeThEbVdaM25HZWxVeWg4WVR0S0g5UEl2bzBoMEJ5VGZINUZ5SktBM3hnTkhWaWo2RnY2UU12T2U?oc=5,2021-01-12 16:26:03
downgrade,eCX Portal - Login - ecx.sarawakenergy.com.my,https://news.google.com/rss/articles/CBMiWEFVX3lxTE1yT3hUbWh5czhUN3JjLXBzcHpTbWNFMDRvTkJQSl9qNGdpYzViUGVvNzFXaHFhLUNKbW9qTEI0OGxweUxCQWVDU1g3Q3pkdXdFN2g2NXIwbTM?oc=5,2020-07-13 05:00:30
downgrade,FAQ: Hotlink Postpaid General | Hotlink Malaysia - Hotlink,https://news.google.com/rss/articles/CBMibEFVX3lxTFBwdTFDVGwySGFOWUxvemFqazdVX0NuM0JscHMyYWxaNlR2QjhSUTNhOUFJczl1Tm9MVjdjZ2JTMWd5SFJObDYtdUxrR3RIaUdaT05DTnRBbU9nV18yM0E2c25tdXU2eS12ajFvMg?oc=5,2021-07-26 16:42:38
downgrade,Pakej MyKabel | Time for Home - Time Internet,https://news.google.com/rss/articles/CBMiWkFVX3lxTFBlaHNiZVBXM2x6bGkzaUFENWg5eDg2S2pJMm8wQXNyeVkxTV9wSklHaS1pSV9adVNJR3BPell6Um5DbEprYW9ORXJrLWwwdGFNc1lUVUdBelUyZw?oc=5,2023-04-14 03:11:29
downgrade,Help & Support Center - Astro One,https://news.google.com/rss/articles/CBMiY0FVX3lxTFByWkNvUXlPalFDZDNobTU1cUhjb1N0Q2s0bnVpRzg3YXl0MGE0ZUhQc3M3LUt6OTNmOEJhNGNfQzV1Y0RENWNrNzFsWUVqUjJ3MzcyYmNjWWdLOVM2ZjdNTll2WQ?oc=5,2023-10-20 03:32:14
downgrade,Policy Self-Service - Allianz Malaysia,https://news.google.com/rss/articles/CBMimgFBVV95cUxNdjJkMWpnczJxU1FROXo0VGxQWk9wRDlyT2RQRXhuc2F2b3ZkakZpU1BGR252OGdCQVBNZEswVklHa0VPZ0FnXzYyMWNJVHZwaC1BVDNGSFpRbGpoenZGLUxPSWZxcTRmbkUyMFdaaGswMzVqRzBfVjZHOEI3QkZEcGxVWERWWGpVME9DaXFPUFFfVjhxTG1tM2Z3?oc=5,2021-10-28 08:59:59
downgrade,Contact Us - myaeoncredit.com.my,https://news.google.com/rss/articles/CBMiZ0FVX3lxTFB0V0FjOTctMHZqWXdVb2IzS2RFeFVsdkNkMmZuaTYzcVJHR1B6QUU0ekZNb2JkLWFKQWN6WU8tbjJvSTVPaHJNM1dkTzA2TkpYMnZkTFQ3bTg4bGhRNk4zR2JsZ1dxSzA?oc=5,2024-05-01 07:37:25
downgrade,Can I upgrade/ downgrade my plan within the coverage period? - Touch 'n Go eWallet Help Centre,https://news.google.com/rss/articles/CBMiwwFBVV95cUxNQ25DMmNyUVR1ZHhnQkxqYWxEeFVUdXE4ZEFxQ052dmI4M3F6Tm9UN3JPRXZ6MFQ2OFk3OEtUcEtSaEFZZEFUZmJacDhHUUdDQ19DNFY2MTJUR0xFTElMZDczVUlSWmw2Nk9zcEY4YmlmakxUVFpjcDBId0c1UjJ6THppN09VTjZ0cDRHR20wM05zSFZzQmJORERGYjUzc3VjVE5mM2Iza2JkdUNCaXRWcDlvSVY0YWkxLVJPZkJpUnh2RWc?oc=5,2024-08-06 07:00:00
downgrade,"RAM Ratings downgrades Country Garden to BBB3(s), places rating on Negative Rating Watch - ram.com.my",https://news.google.com/rss/articles/CBMiX0FVX3lxTE5hTHNIdGx3cDYtZERnclhUOGhqcXFhZkFiTGUxWmp4MWdzZGE1VU1PaTlyX19TZVJWS3BOcDl3NW1hZHE3ZnlpVGVlS0wwdm1CTlRGLXdITnlNaXNoa3Jn?oc=5,2023-08-11 07:00:00
downgrade,Medical Plan: Rates/Charges/Tabarru' Revision - AIA,https://news.google.com/rss/articles/CBMinAFBVV95cUxNcS04WW9HQUF0aGhVaUtIbmdlMklnYjBZam1WX2JFSnp0ODN3RThzVWtWT3V5RFN6cGFleW9YSG0teFlNa2JKRFhscEQzX3UwZWkwdTJ1bUZ5bE1tMU1mZ0xEOE50TWIzNFhscFc4dHFkT2dWVDZYZDdFTVZaRGF0X2UxMTc3MWtxWjBIVTNxTjc4VnpINWkyV1NTaS0?oc=5,2023-06-13 05:32:07
downgrade,Top Glove Corporation Berhad Downgrade to SELL - MIDF Malaysia,https://news.google.com/rss/articles/CBMiyAFBVV95cUxORU1WaFE5N1ZpQ0hpV0VvWG1CTlNWN1BReG15Z1QzSFdxVE40S2owY3NjNVNiR1ZfVUVJNkFEVEdRZGNEbjhybkR4Y01sRDBHSTI1TG5oaDVTdlAyWlhVU3R6UEZFNDFMc3BYYVM4UWhmNHMtQi0wVzRPWU1BN0wzY25BMUdGWjl2UjB4bi1xc2pyZjJlMFdYMUVYOVc0YVhVRnJKSDRjN2VSRzhKRXdCZGVuSU1XMzBFOTkyM0dVM0J3bDJ0bnN3Qg?oc=5,2024-06-20 07:00:00
downgrade,Datasonic Group Berhad Downgrade to NEUTRAL - MIDF Malaysia,https://news.google.com/rss/articles/CBMi0wFBVV95cUxPX1NTajR2TWtvOWd6a1dWMEUwZGxDVVR2LUpkMEJNZXlQUzNTY0pteHFpX1FIeGJsV0pwbE5DdmFuM04yVkN6NDMxamFwMmhlSTlGWm5Uc2ZLR3NSY3lJUmw1MXNRcVdTd2s2eS0tMm5QV3RhSHZCai1sLUF2LUZzVnJYdlpFQkdsZXFFWHJYQkMwUWFLYkJCLVNTTVVWWGs5TGdLTlFaZlhGem8wck9iNklMam51aHNQYUtJcnNKYUoxa21qWDRVZ3BPYVoxNTE2RVFj?oc=5,2023-09-01 07:00:00
downgrade,Upgrade / Downgrade Electricity - myTNB Portal,https://news.google.com/rss/articles/CBMiigFBVV95cUxQWkhrQ01LX1lYOWJQSXdFQ3BrS2VTM2lRa3VfcFUyZV9mM0FtV0JhX1MzRHpSTjlkd2VDUW92cHY1WjgyVGhtcWlidmFhQ19lZWZjYW1ueXVlS0tTSTVsVjNFZVVFY1NmWDJaOERaeS1MMkRqM2hQdXIyLTVFRzNLX0JNVW1HUXU4Qmc?oc=5,2019-11-20 21:35:02
downgrade,FAQ: Change or Upgrade Mobile Plans - Maxis,https://news.google.com/rss/articles/CBMihAFBVV95cUxNSUZDcmNGYnNveklZeVlTTXZFTUxRQmxieGVXVDYxX3BtbTJpVzBXbFdLQU9mRWZfaExDY3dOQ1BjRGVZNEhvM3hsZl8wcHdrVGJzUTZkV0VrU2FHZ1NxTy1Wck9GV0g2ODhuLUtDb3lBanhUZkl4bU0xemdvZFlIeFQwcnU?oc=5,2021-05-06 17:10:41
downgrade,Tan Chong Motor Holdings Berhad Downgrade to SELL - MIDF Malaysia,https://news.google.com/rss/articles/CBMivAFBVV95cUxOS3FjYUFDVmRNV2JaWWE5dklTWFNrYXFPcVNPOXNYOTBkZUJSYmR4dEs1M2dXamFlQ2ptbGFRaUlnblFITENERDZqY1hvSU9nNnNWeV9ndU5GTDhTbmUxbm1mMUJ0NERCUDdULUlZUXp5R3h5eGFsbExRQ254V3RZQ3ppNFAzbzNOcE10QlNhNHNJeGdUX2R3cGJZT2ZXYWY2WmE2NkJUQVFfeW41bWRWZ1FIVXNicWFFV0NqeQ?oc=5,2024-11-27 08:00:00
downgrade,Downgrade of MEX I Capital Sukuk - fsmone.com.my,https://news.google.com/rss/articles/CBMitgFBVV95cUxNZklUbzA1UDFvUnBXbFdsdTlkY2EtY3hGQWViY2toMG9qOEtULVhNTUFaTy1EVDF6ZXFYeU1KU09qREQ4R1F5bkhaYWhuY2RsMHJKX1k5MGxzM044M0tlUV9zbkNaWVV5T3FrUlBEWDUzdEdWelQ1WGdHVkl0cXlHZHFLS3ZTcFd3TlZiNkFIQTZPc0ZlcDhpYzNSLWgzUTNxSEZ6ZDcwV190OWJlNHBrdlpoZm1aQQ?oc=5,2021-03-19 07:00:00
downgrade,Pintaras Jaya Berhad Downgrade to NEUTRAL - MIDF Malaysia,https://news.google.com/rss/articles/CBMirAFBVV95cUxPS2RrY05BZEFPZFFVcDdVdk9zdExVNFV6YktYNTB1bFF3OXlVclQ0S3gzNGxpUTFzQkFMXzBIc2V0VWx2Nnc2MGVNQm5VT05yYnotcGpWc1N5Rl9hSkwzenZQeksxbURhTTE1blp5V1l1NVAtTDVpT05hcWt1R2paaTNheGZzcVgtQVExblliVi11Zm1WMWN4QnBFUFRZMzZZQm95WmNfOGswN2N1?oc=5,2024-02-23 08:00:00
downgrade,Padini Holdings Berhad Downgrade to Neutral - MIDF Malaysia,https://news.google.com/rss/articles/CBMiugFBVV95cUxOMThKbkZpRG0wZ3daQ2NsZFEzNF9ocHdtRzNCdHBmVk94OVF3VnljR2lZR1ZiU2JSdXhqeEo2Q2QzMWxVeExpTnI5ZHRDQkJ2WVRUTmpyS016QWs4Q2ZseHc4Z0NwZTNydUxWRUQyZ3l1Z1VWYTVERDVYbGZoSi1UM0t1UklKZ210dXJ5UjZ5cUlrNVpXRDVKQXpTLUd1ZWFXZVNjdE1xcWxfOG90OVJCaEhLX0hacjBDeHc?oc=5,2023-12-01 08:00:00
downgrade,Spritzer Berhad Downgrade to Neutral - MIDF Malaysia,https://news.google.com/rss/articles/CBMizAFBVV95cUxPTVVIX3FGSURPWl9QU2lyNEkwMkNmYUJkXzRQQmstY0VKYmhWX2dTVkEzYkZSV0VsZW53YUhpQl9wd3hiQmVEN1JJa0JwR0c3ODBlVXdZTW0xa0FvUkFzX1VwRzZWRFNXU01qZ3dRaDVTV2pUajZ3YXBkM2xJUG5RY0Z2S05ETWJfLURXUm1scmxOMm1Mc2NNMWlSMXY5NkJIRWdzLTAyYWx0WWl5dHZCRTFhMWVWR1k2OWZtOVQtLVR0QUphMS15NkRtQ2E?oc=5,2024-02-29 08:00:00
downgrade,How do I change OR cancel my subscription? - sooka,https://news.google.com/rss/articles/CBMingFBVV95cUxPX1p2TWRfelpNQ2FCUW5WZ01uTy1Wb2RIck9lV0NUY0FuRlBHR0N2YU9FSTlEelRpNnlTSlNSa0ZZZzRUandVUk1WcFVNN1dwdWxJYTNiMDMwQ2Y3UFoxMXZlNF95YnRPR0ttUFBBS1FmTF9BTGlTblkxYVl1WFpvYXRaSFhjYURtekVIT0taR1dFSmRsSERrdHlEYWNZZw?oc=5,2024-01-15 14:29:21
downgrade,Fitch’s downgrade won’t stifle efforts to revive economy in 2021 – Tengku Zafrul - Portal Rasmi Kementerian Kewangan,https://news.google.com/rss/articles/CBMizAFBVV95cUxNblRSek5NakJSQjVMc0pkYUt4SXZCU0lkUUhrekxRdG1SQkI2b1JUNVpVVHdFNUxvbmNNcTVCaVNxakYydmotMXo5VVhnVnVndlRsRDhwc05zUEREYXBORTRaMDUxZVoydFlJd2toenRUTXp2c0RUYzRNbUFwSENkWEVnbWhCYTd6VHM4NHUya2FGQ0NQNjB4enNWbVBPQVlQMXdqZGoxQ1NRSjFqczFSV3diRmM2Y2I2UW5FZUxwT0F4RExVNHlaM0xTVzc?oc=5,2020-12-15 08:00:00
downgrade,Affin Bank Berhad Downgrade to SELL - MIDF Malaysia,https://news.google.com/rss/articles/CBMixgFBVV95cUxQWmU0YTJQLWdwTndMV2NuMnZiWVp1U1VRcG01T1VnckQ4NEFGc0dCWUI3bXZKaGN4NHA5bXgxN3Zpc3RXVVdUdk13WncyLXhKeldJZEhLdHFYWU04OXNyN3JWdUhyell4UEVXLWM3ckJkQU5wcVpxNlpLcGw1dnZEbC1TZEVMR09aUlFoUEh6NWhna093cmZ1cjZFSFAyeTAwLVRHdmc3TUNIdnI1NlJwQ1hHeDhxWFdzcW1aYm9ka2tMNnNjeGc?oc=5,2023-11-20 08:00:00
downgrade,Can I upgrade or downgrade my Astro pack? - Astro One,https://news.google.com/rss/articles/CBMihAFBVV95cUxNc2FEclBvMWhlS2dMMVhMbUo5dkFhSFZYS1ZMQlJWUVlwR3VvajkzM3o0b1dtUzZUb053X1B0WHN5UkYyQ0FFWVI0S3RJYkNlUUswbkZzc0RHYkRtdGRoZldjLXhzWm9pVjdha2pNUHo0TkpNMEFwZDlYSUhxT1UyN25VWlE?oc=5,2021-08-25 06:36:13
downgrade,Moody’s hands France a surprise downgrade - thestar.com.my,https://news.google.com/rss/articles/CBMiowFBVV95cUxNS3cwWFhQWW41WnFRRE43cDM1UUpfd0x0T2Z4R3FHbjlETDBtVVk4akN2YjBMd1VFUEJtRlRmZ2RmOUwtNEZSdng1QVFDVzVoYkpyUDVqcFdidGRSdnJ1aFl3WGc1OUFLQzZraWR3cGJBOFZqZC1sUWwwSWp5cHZLYmsxNmdhQ2h3a1B2YVdGdDdjQUhMMTBDLXN6SFlmS3cta1dj?oc=5,2024-12-16 08:00:00
downgrade,"How to downgrade or cancel your iCloud+ plan on your iPhone, iPad, or iPod touch？ - Touch 'n Go eWallet Help Centre",https://news.google.com/rss/articles/CBMi3AFBVV95cUxPVnNuNG4zc1MyVmQ0NS1RdXY4cm9yRUE4LV9IcWJrdVp0T1ZxUUh6WmljcmZRQ3l1UXR4LW1BeDdrZHVaeTZnNEJYZFQwaFBSTnhWYUtzTVpkcWZaTkhXYmQ2RmNlUUZvdkRUQ0hwODZTVGk4cTNhSHl4NW9LXzRWODlBanBXYWpNNjBSdHdfd0Vnb1FJekxYd2xPRFFpVHcxMFQyemx3U1hxa2J4QVM4RHY0LVJDYU5NS0gyVnRyWWdBRXRWUjlXM2xuMzRHOU14eEhhTnZjaDVKbF8w?oc=5,2024-03-08 08:00:00
downgrade,Our view on WCT?s sukuk following the one-notch downgrade by MARC - fsmone.com.my,https://news.google.com/rss/articles/CBMizwFBVV95cUxQMTNVMnE3VWFXMmJtbjVDaXNESl9NYWtXMTFlZVZESWFMdHZBaWxNZWRBeWN5c2V3Mk55ZmcyVlNsS0lLT3g0ZTNWdTdjLUpZbUswWmZ1bnZQOURjTlZXUTNkbVIxUXVCaDIwUEdYSXJZc2ZHX2V3ZmZJZ1c3LWh1T3p3ck9pRUlOREljYlNPM3hEcVZQRDNTQzc4ajRIdE5Lclp1TVhsSUJVR2k5ZjBGT0xWalpCRXJiY0YxU0w3eFpDSk1KRXZzRWZkeEZqZHM?oc=5,2024-03-09 11:06:36
downgrade, - Touch 'n Go eWallet Help Centre,https://news.google.com/rss/articles/CBMi5wFBVV95cUxPMEJkS2RQV2tBSDkyWHlERTdPeDBiRHNNeEZnUlVwcVhOeURyODNpOXRvWmgwdzB5MncxMTRnWUkzZzgwd2xCUlBjX09WUTBERGZ4SDRuQWFBREphVGxBa00yQUhoUG1YT0k3QjloQXgxcGRpTVpjaWQ1S0d1V2NCZXZmOWtsazZUSzJiN1I5WGpPaldzdENhR0lreExnRmVDOTg3YThLMWVWRkRHM1dUWFY5M3VXdVo4V0ZDNnVPNi1pcFlybUZOMXJzM2d2cGtHVENKTmxWX0R6alFXN0xLZDZWajV4Nkk?oc=5,2024-01-16 16:55:50
downgrade,EXECUTIVE SUMMARY - Malaysian Aviation Commission,https://news.google.com/rss/articles/CBMiowFBVV95cUxOSklaeW9mTEd2a0o2b2M2aXFJT3lzbk90MUZmazBYbzJoeVNNSk0yekFZNHJMcm1UbmNiYkZfSnRaTkVUZV9qMEg3ZjNBZ1d3V0FWNFplRTZUT2x6a0x6dC1TSDhiZk5RTTAwTVA2MzM3c2I4em01U0I1YXhqaHRSSEpuMXgwUFB6OEE3S2c2OU9WNmhvNnpMZUlUYVFlTWxNeHBV?oc=5,2020-02-12 19:18:49
downgrade,RAM Ratings downgrades SPR Energy’s Senior Sukuk to BBB2/Negative - ram.com.my,https://news.google.com/rss/articles/CBMiX0FVX3lxTE1vNHpIVWVzTlJGUjIzWVVBaGNxeFRMV0RPbkRTM0RvcGJkNzV3NEU4T0VvVWpJcnFVcVNrc2JkYS1DWVVQTDlqV2djdzNLbDgzRnEzSk5WeG1pVlNQS09n?oc=5,2022-06-03 07:00:00
downgrade,Am I allowed to Upgrade or Downgrade my Plans? - Touch 'n Go eWallet Help Centre,https://news.google.com/rss/articles/CBMisgFBVV95cUxPSTdtU1VoUUZnODlNT0pvWlVVZUVvdWhFZG0tSnRyY09Ud1hWSUVqQm9KcURraWtuNjEwNDFqaXFzVktrcnczRy1zelFkMnVQZFg1TndFUnUtajZGODhxU1R3RHRKVjllRV80RVlrcFNLX3pIOXNYQ3lzQm14UVRwcnp3SW9NVGZKU0V6LW1jTkNEQzdORGozOEtqRlhSRlhKV2R6NXdURG93WmR0Qk9iOGZR?oc=5,2023-10-19 07:00:00
downgrade,Business Upgrade / Downgrade Electricity - myTNB Portal,https://news.google.com/rss/articles/CBMikgFBVV95cUxQR0RVQ3FGRE9pdi1TX2x1YzdZLVEtcjg5bWtqTS10UC1MVXQwNjY4TWc4b2ZIZXphOE9pUEpfaHFFYm92Zl9ITlZMZ3pLaFRISVNwQjR3ZkdoSHhwNWluTmVDelBfTGtseVprWFRrTUo4T210SERnYk1ENjhOemx3Z2dsUTR1dmxNSTYzT0l0bmgydw?oc=5,2019-11-22 21:15:11
downgrade,Are SingPost?s bonds still a buy after the recent credit downgrade? - fsmone.com.my,https://news.google.com/rss/articles/CBMi0gFBVV95cUxQbVdPbnZNNDNaS29XUzFadlZod25tOWxRNmNFUzkwVHpmRkFyTjJGVnI3S1BTTGVBTG1pLVE4RmhHZkN1Tkk0LWxvYkM4bWZMQjhIZzlIT2p4T0tuQzVLbGdWYmxNN1VaRTJjalhxRDVTZWVBTWFTTGlFZ2pKSEpBb0w2TmlyMHRTOEw3WWhZZ240OHVrSDBVaXctaGRrdzZ0TG1NZkxtcXN1NGFmc2F4NkFna2tiR3NweEpLcGlxRlZJNjF1Z2dpTGgtb09zR1VqZ1E?oc=5,2023-06-29 07:00:00
downgrade,"FREQUENTLY ASKED QUESTIONS (FAQ) FOR UNIFI HOME NO QUESTION ANSWER GETTING TO KNOW 1. What is unifi? ▪ unifi, a premier bra - unifi.com.my",https://news.google.com/rss/articles/CBMijAFBVV95cUxQalBya1UzcDk1MXZPVUVMUEh2SEJiLXB3bmxxTDZicVdycUJyRDFRMm5IdnJqdzdxdk5qSnpGbmRDRGJ2TS1wOXpJN1hsb3BiWmtyZXdCX1o3OHFzSF9xRk9uSFhpeUdVTm1xWkx5VVpUeFdieklXNmQzSDRSZmFTd05qUEZobjltTkdkaw?oc=5,2020-04-09 21:31:10
downgrade,Loyalty Terms & Conditions - Time Internet,https://news.google.com/rss/articles/CBMicEFVX3lxTE05MkNfWUI0STBITHR0VlBqNlU3UEp1Y010YVROOWg5eEp0a3Ztbjg4ZS10VUg1U1RhY05lYjVaNnowZ3dna1QxU0VDSHpNaEVBLXFaMFFsaDl0MUhJd1FuUnlReHdjQm5BT1JCQmoxSVk?oc=5,2021-07-30 06:59:05
downgrade,Help & Support Center - Astro One,https://news.google.com/rss/articles/CBMi2AFBVV95cUxQQnhiMFMyZV8yRGMzV3dFYkdUZ2ZXYk9fMU1ENDdrNms1Sjh2a1llSkRIdzZPZ1VOMFZ5dVJsWWRJWE1rZmNlOTVfTjc3WWE0NTVBbFJfWk16YUZ5OWlHUEE3dThsa09PSkMtR0ZDLW8tNTBfQThVTVl1RUhXMmZ3bzJZLXpXb003QnFjZVJvcmM3MVJOeUtuM0RnZm94N2lqZ2FCRDdpaERuS1pMU2lsQm1mX0h2R0JJdW95NHNmal9xUk5ZWWZ5VG9HMDZ0WnBSZ0dVbVMtOTY?oc=5,2021-11-17 16:03:54
downgrade,Ta Ann Holdings Berhad Downgrade to NEUTRAL - MIDF Malaysia,https://news.google.com/rss/articles/CBMiwwFBVV95cUxNUFAxZEhabW5aTFFtU25QNDN5VEgwZVF4bjhhdjNIX1RnYnA3QXV2a0xkM2NPVWJ6R1N4SmNGSGh1VTBNaFBwemhhSmNZYVYzLWdIUnVyUk9HN1dad2kwTlB6REVyYnBQZVd5N05BYk1mbVk3NXFBTlRlSHpzb29NTGlTU1pWWDJzZkZYY1Q1VW9QQlZ2N204N0hIRXFDQ2xEMEdudklEQXl3WDU4cjd5V0V4a25mRUVzelJhc1BOUkowNUU?oc=5,2024-11-26 08:00:00
downgrade,MISC Berhad Downgrade to NEUTRAL - MIDF Malaysia,https://news.google.com/rss/articles/CBMipwFBVV95cUxPOF9LWjdQUzl4TEowd3EtSWJZaEc3aC1BX0RfbW16WlF4MXJuaW42UXN1S1dYalVsSUhTejhIQXZLa0RUT1F5N2s4ckR2eW1YTURObU8zUXkxd3B6ZXhhdG9pSUVzS2thS1FVQm5Pdm9ITEpYeWlWbGJPVUlxa1QyRGJrR1pVSUFVZGVLc2V6bG41VVdob1JTemFnaDRJTl9qNDZnZXllYw?oc=5,2022-07-18 21:56:08
downgrade,The Economic Impacts of Air Safety Rating Downgrade for Malaysia - Malaysian Journal of Economic Studies,https://news.google.com/rss/articles/CBMifEFVX3lxTE5qMWw4QWFucTNwUUtaX1RFRjUzR2ZaSzRQYTJqekpSQ3V4T0FPSTlOc1JidFNjb0tCMFM3VGFFN05fUFVZcEZnLTJHY2lnOTRnQUUtSWF0eVJNYzdaQ0JUdTZhS00zV3VINHNWUlZMOVh5NEZwZko2M0lDZG4?oc=5,2022-04-03 15:34:00
downgrade,Change Rate Plan - U Mobile,https://news.google.com/rss/articles/CBMiiwFBVV95cUxNZU1mOVRya2UzRENNWUU3b2ZVUWtkOWZiTWNxQnRvTEw1ZERQZDFiTmJjNFVOcGNXNTdKUFo1cUJiWGk0ejVjdkFENE1UaXJoendKanZyNGVEV2JvM3ZsLWNUTFlIUWdja21QdkdYVjF4Y1RvSEU4TWg0RTZrVGpfNlV3YmEyeWRzMHV3?oc=5,2021-11-10 16:52:56
downgrade,How to Downgrade Unifi Plan 2025 - LogMasuk.my,https://news.google.com/rss/articles/CBMiXEFVX3lxTE55aUlXNThZUDNKMm1zLVpvREVTU09rZ0JhSEpBczI5UER4MDBXQVdheUcwbkdqN2sxdFc1WmEzRWtsYUtvd0N3TlNVdHp4VVJVdVhRREpZcDBRV09Y?oc=5,2023-09-06 07:00:00
downgrade,Can I downgrade to an earlier Android version? - Sony Malaysia,https://news.google.com/rss/articles/CBMibkFVX3lxTFBYNGVFTjZVQV91cmJ0S3NsLVJYWWxCU1RZSXRXcHhTQ3Ewd2dEYVJ6UDR0Z2hGaTNWc0dES3gxaTJSTE1kaXdibk1uV0VfRXBCMUo3NUtDb0p1VXdDVmJoNTRkSWRWSldMYUc5RnB3?oc=5,2024-02-15 08:00:00
downgrade,IHH Healthcare Berhad Downgrade NEUTRAL Higher Earnings from Sustained Demand Revised Target Price - MIDF Malaysia,https://news.google.com/rss/articles/CBMitwFBVV95cUxNSkFJaV9USDAxMGxBVzBLV2IxNVdfUTdLbHA4Ui1kQUZaUkJnQ3lqci11MFNEMnlDS3ZuOG5HX2FDRTVVb1lLTTNzWnNMek9zSklDVzk0Ty1iQXh1YXlzZXFpWkEyVFplUlg4M0NmSXFLZTFqMWduN1c3Z0NfYmVGdUVOSS1hdGNqV254ekhfMXBwMFVFY0RrYU95WlNmVHNiY050NmRIcDY2akxhOFZRclZzb1ZTS00?oc=5,2024-11-29 08:00:00
downgrade,Can I change my plan (upgrade or downgrade) during the coverage period? - Touch 'n Go eWallet Help Centre,https://news.google.com/rss/articles/CBMi0AFBVV95cUxNc3RRVzBRRUE4b01NMzkxaXU5UVU0SlMzbFgwMUxHc3JKT2NlcXRkQnFDc3FiSkV4RVltbGt4NDRoeVV6MGlrakJfMmRkS19wSDQxRWdLZ3NxSGRXMFNQMWNlTDhpelNVSnJrTWtZTTR2eVBCVWx3M1NiYzg1cGo4RFZJU1l2Uy1RY0N2SGR0bEpqOEpYS3diT0lrblRMYV95UkxEMXB5X1pUUmxQeVFBeC0xM1RMb1ppekNPNFdrR1Z2WUJVREhEcnUtRTZ4VFA2?oc=5,2024-08-27 07:00:00
downgrade,"Can your Employer demote you? - Donovan & Ho, Advocates & Solicitors",https://news.google.com/rss/articles/CBMiXEFVX3lxTE1wNGR1X3h3UGFfMXlKOEdvbDNDUk9ER0VMcTFOa2Q5bG1mSGI4U2dLdFJIZ1hwMzZGSU9rX0JscmdrTlpyWC1vUVVTYUtmQWtmdXhFSDBmbksxUEcy?oc=5,2019-09-26 07:00:00
downgrade,Asia File Corporation Berhad Downgrade to SELL - MIDF Malaysia,https://news.google.com/rss/articles/CBMirwFBVV95cUxOTFBIZ2ZtNFdJRTlmem9uMTg1Z0x4VUxvM3ByRGY1aUJZak1PYXhTWXVYdnduOURmdU55d3BNY2ktUGF1UFNrVERERzVhOGhLMzdLOGFQVDFaM3UzT2NhVjlLMG9qTTFVS0ZqZGlTUXQxWXkzMmYtTlQ0OERVa29tcnV1cjdxemRLUW56VzhtaG1HS21CQlBFZmYtdE9HMi1NcmgzRERuM1lOQnlSOXI4?oc=5,2024-11-29 08:00:00
downgrade,Ranhill Utilities Berhad Downgrade to SELL - MIDF Malaysia,https://news.google.com/rss/articles/CBMirgFBVV95cUxQWjFrQWFTWEdMYXhCVDBOblVydnU2R3N3Z01MSTlSQnBVU0NZeEFudWluTW9oRTVrUnJyZFNCNmU4eUxIUXdrSE5KR2xCVU1CdU1fWjFLNGVTa0xzM0F3TUpWMHBlZllxVU8xZmcycVFGMWN3MktlcThZT2lRR1JSUmpnLThfMDlfZXZwWmJEa0FGM1FRdDJFM2Q2T3k5OEZUdHRadVJZRGZjOTdKakE?oc=5,2024-05-29 07:00:00
downgrade,CJ Century Logistics Holdings Berhad Downgrade to SELL - MIDF Malaysia,https://news.google.com/rss/articles/CBMitwFBVV95cUxNVHFsMkppQ2ZEYUNMa2xRZHItY28zRnZWdHJTYkMtb1RycE1QNTN5QUczaGd0Z192a3haMFJ1eFhiS3Y0VFBoeUJpUS1GTThHdWtEdm81RTJmU0J4dnpleE9JZjVHdEtUVExsRGVFQ1ZtdXR5ZHhqbW85U1dCUklhMDJtNnphVmZkb3pQam51TUlQNmw0NDNheGR2SmJveGNROG5XZFJlQ3lzTlVpT214Vm5jMi01STQ?oc=5,2024-08-23 07:00:00
downgrade,The Employer’s Guide to Handling Employee Demotions and Salary Cuts in Malaysia - altHR,https://news.google.com/rss/articles/CBMihgFBVV95cUxQVEJjaXoyNE9GQ0xPUzlDeEQ2WVBHdVJ6NG9LUTE5YlJSSnFrVkNUWGhxcVVJWkRoVGtveVdjSGt5X0xPVmlzZnAzQkU2bm5BeVR1ZWJiQnREeFlOOFNtN3ZPakJiWHhiR2p0SDJ0dUROMVRMUmcydFo0VlpmUVgzbFhGVHJ6UQ?oc=5,2021-10-01 07:00:00
downgrade,Can I upgrade or downgrade my Astro pack? - Astro One,https://news.google.com/rss/articles/CBMijAFBVV95cUxQZzJDZFF6QkR5VVFpb1FoZVMtTjluYUhsaDVOalFqNDBMWWNEekdQbkhGM0FFNktnd3ZSWWl6aFRJOGtEc09YUlJJbXlEeXZEc1NWeWJvclVldnRMNE14dWNJa0NUckd5QUZBWnVuOVVCSUg3M2d3MjNFR2d5NjlEN3NNUGQycFhzYlhoNg?oc=5,2024-01-31 12:13:18
downgrade,"Arising from this revision, what are the options available to me? - Ask Prudential",https://news.google.com/rss/articles/CBMivgFBVV95cUxQcFlvc09VYWdRRlBoWHBkRllpVU9uLUgtX284MVVZZlBidnRiUktzNmFYMjd2TE9YeWNvbm1hbXVkOFFSNzd5MEN0WXAtVzNpdjR4MG56dDE3bnFNWXBCa2JQaW4xQ2VPSUV2ZjNiQWg4Tml5b1VBbm0xREl1VXFlZnR2UVZfUThLZnRUdHQ2ZTl5RmF4STdvcGNnZlZ5VWszd2ZvaU9BczJ2N1hDTDh0R0tzSWYtUFZMTHFDWkVn?oc=5,2020-08-18 03:54:47
downgrade,Padini Holdings Berhad Downgrade to NEUTRAL Disappointing Start - MIDF Malaysia,https://news.google.com/rss/articles/CBMiowFBVV95cUxPc053RWtjbU5pcUtFN0g5Wl9XZFlsbXRoYmhaQzJSTDY0dUxoMmplaFdJa2dlN29BLWxrSkhIUkNfcFJUd3NZS0ZTOE93bXhHdmJWeU5vTFlXOXFmUTBWZ2NlbUFYRzYzZDhScFhtM09wSXpkNnJrNXdwanFtdFI2WFlQa3VWTHJWeUVSMGlsU2d0c3dyZlJkVFBETW0zTGhQanBr?oc=5,2024-12-02 08:00:00
downgrade,MSM Malaysia Holdings Berhad Downgrade to NEUTRAL - MIDF Malaysia,https://news.google.com/rss/articles/CBMiugFBVV95cUxNNmpaRFNvTTM5Mjh6QzFMek8yakF0M05KSjFBelRWTWp5cHo5Ykh0X2Frb20yWnNLMU5QZUpVNnM2R0U4V0tKMW1fcFAtMElPdHV3MjhhTF9oQ3NKRUNzREpVN0Y4MmNpdXNwRXZyMnFKVFhvYTlFY19aNk42NzZPREFqVXBOUGNPTjhQRENPRWVoS01lXzloeHB4UWNqUHl3OEluTTVIS1AzUUlNWFdIUWdPUFc0SVZpa2c?oc=5,2024-08-23 07:00:00
downgrade,2Gbps | Time for Home - Time Internet,https://news.google.com/rss/articles/CBMiT0FVX3lxTE5xcVJGT3BILW5ucERDQ3hRVjdwY2JMY1RtYlF0Rzl2YTdTbFRPdGx4ZnR0a1FVLUlXcjA5UnE1SnVCT2c0T095OXlaUXNsNDA?oc=5,2022-10-07 00:10:30
downgrade,RAM Ratings downgrades Country Garden to B3; outlook negative - ram.com.my,https://news.google.com/rss/articles/CBMiX0FVX3lxTE5icmRFM29wZExycms3RlU3Q211RHQza2NMaWE2dGd5QlBuX1dnSXZaaGIzcklLOURNcnl3Q09lUkFTU2VHZzZKR0Rnb21Pcmswanh3MEtDeEpVWUFZTE9N?oc=5,2023-10-12 07:00:00
banking,BizChannel@CIMB - CIMB Malaysia,https://news.google.com/rss/articles/CBMifkFVX3lxTE9QQ0x0ZUdKdXl4VjZsU3VRZ1BWOVlJaE1zMmMxSEw5MWJjT0ZiMkNUTWFNOERMNHVaNk5kdHV4NU0xeTdlVkFtUUxGS2k4ZDBlcGFoTjA1UC1IVG9UaThrV08zZzN5dlFTVTRWMlE0OVZ2YWtOd1VRS3JNSDU3UQ?oc=5,2024-12-20 23:35:07
banking,Islamic Banking | BSN Malaysia - bsn.com.my,https://news.google.com/rss/articles/CBMiO0FVX3lxTE9FcHVqa0dqSWtKcl9IWEU1LVJWTjBEbmVXN0xsNWJjSWFZekwtTm5GVVNLVE1QODI0cFZV?oc=5,2020-12-14 16:28:22
banking,Customer Help Centre - CIMB Malaysia,https://news.google.com/rss/articles/CBMif0FVX3lxTFB4UFYwTUtScC1rQWUtNjlnam4tdnNURENDd1hnLVRtaXlwQ0RSNVhsNlVMeFRvS3BaSGpXZm1wRU45cTJOYTRZVkpwU0V5d21FV0h0ZzFSUTQ2TEZoNkM3UEVoSFd2OGlsNlJRNmF3YzNDVDlCcjJ4dEhWbjR2TFE?oc=5,2024-12-20 21:22:45
banking,Security Tips - bsn.com.my,https://news.google.com/rss/articles/CBMiU0FVX3lxTE1vTWN0RHExRGVkUDgtSll3TjcyV1pWSG5VbWl4b1dLNHRsUVVOVmhuelpWeklpeFBoYXgzd2VFWFFoLXdaRmgtbU53WXFJd05oRnNn?oc=5,2020-12-14 23:26:51
banking,Online Banking and Mobile Banking App | HLB Connect - Hong Leong Bank,https://news.google.com/rss/articles/CBMia0FVX3lxTE1IeEJPemZnUUNFQ3BsbXBwd3RZNXFqZjNSN0dOSE45RnZDVklicXZCRmVXN2pBVzRndFB1TVQ4azFtWUozWExOaUJXel9XMUVVaV9CMndEVksyd0Z1d1FIdE4ydV9vUTJpNUxR?oc=5,2020-08-06 04:13:26
banking,The MAE app lets you bank seamlessly and manage all your lifestyle needs. - Maybank2u,https://news.google.com/rss/articles/CBMiqgFBVV95cUxOWUV5U3dVMEZRTXpfcG1TcHVNZ1pOWmRka0pvX0xKcm5DM0lhMjh5QVRpbWpYcTB5U1U2d2cwczhla3JGVllZXzlSQVo3U09RWjZFZVh5WkFPLVozdFN1NUFDNG9DZFBFTnlrQldHMGpEUklKQklrMWd6ZXFhWjlVdDhvMVFlR1Q1em1tRTZTdnlYRW9ITTFTYUZWaW9kNjNROW5mcjdYZDlyQQ?oc=5,2020-10-08 04:07:18
banking,BSN Internet Banking - myBSN - bsn.com.my,https://news.google.com/rss/articles/CBMiXEFVX3lxTFBvaW1yVDJwWHZOWHk4ZHI2Snc4VFdGNkdVOFJUYk5XeTE5TWVrZnZyeVdFWXBWQm5SVWhCdzBTY1M0VjJMcTVyeVpTcmlEXzNtNjNVSWV4LThOWEhG?oc=5,2020-12-16 11:05:29
banking,Fully Online Account Opening - Seamless Bank Account Opening | CIMB Malaysia - CIMB Malaysia,https://news.google.com/rss/articles/CBMitgFBVV95cUxQMS01TXdpQ3JVZTlIcWx6NjJseFI5OVI0MDdjeXFSaFp4Q2xPSUlybThEajlMZ1RzRFpRV0dqOGhvSk9DM2hvZFZKdExzUThzMzRCcndQWW1iQjRlTWptMHl6cnUzTllEc1ZfQ3pYODNhUTlTb2hoZlVFYTNyaWJLbG1RRXd5NUExSGd5aFpoSUJEZHkta3Y1UHltZnlSVy1NcEdpc0txWnA5OXIxQ055aGsxWl9Rdw?oc=5,2023-10-10 22:30:14
banking,FAQ | Help & Support | CIMB - CIMB Malaysia,https://news.google.com/rss/articles/CBMiaEFVX3lxTE05dkdyTGx4d2xjTHdDLTdKV3BSOWVpVl9xbDJOb1RXSFdLZk1EbWg0by1lZXJEVlMtVUJqTkp1VU1mTC1wZ1NqOFJoRWF2MV9IM0FaUEt1NzlEX01FajJHODNVSy1zUWRj?oc=5,2019-11-19 19:10:55
banking,"OCBC Bank Malaysia - Personal Banking, Business Banking, Wealth Management - OCBC",https://news.google.com/rss/articles/CBMiTkFVX3lxTFBTX2xBTEVNSl9PSVN0bGxwQlVGVjN2Qy15Wi1JTlg4aHdIVUhCOUJ4Qi1xWHZBNUdxazNhU3R5cW1oM3NjVno1QkxPaEk3Zw?oc=5,2022-08-25 18:20:59
banking,CONTACT US - bsn.com.my,https://news.google.com/rss/articles/CBMiS0FVX3lxTE1kdmprNUJKRmZVT0lKNmlXQUR2YXZfVFYzSUtVbm02eUVXWnRkS0U0OU5Ma0p3SU05X3otd0tCWVo1UEZ6QUo1UDFhcw?oc=5,2020-12-14 23:48:06
banking,Terms and Conditions Governing Transaction Banking - OCBC,https://news.google.com/rss/articles/CBMi0AFBVV95cUxNd3dBZEc5ODNLNjJZOGU5QnFtNVZtVGZsWS1WNUhheEQxanJzV085N094TWJ6T3pCNUJEbXZPX3pNZHBBakZZcXhEajh4OWdmcnYtR1FFbzNZdVZoanp1MzJjdG5CclQ4eFBTLVBJRjMtbnMtVlBIdGhXd0lmcTVzVk9jMk5hdkt6bm5CbjgxbjljZ3E4MTRfQnhUSHdnbm5fZk9TNVRxaGJldlpqeUxoYUVXUTlxWU1YTHl5M2gtOE9NUVpfWUJqNmkyR0dnZldZ?oc=5,2021-05-23 11:18:00
banking,Forgot User ID or Password - CIMB Malaysia,https://news.google.com/rss/articles/CBMisAFBVV95cUxPck5MQzVDMTRycUJjdFozeWdMSkZxanlaZF9WT3VIOTJ4UjhYaTdkUEhqcGVuZTkwSzdTclI5RS1DbThzMGI3NmRRVmttRXRDcFBpSkVwTTdSVndSbkl4dTc2cGEtVE1Eb0lfd1kxc2FWRW1lT0V6eHN4X0pfN1c2cnc0VnFsU2J1ZGliUjNuZEJPdlAxUXFNeFRxSjRQeWxBQWhUd3NRd3g5VVJLRzhoZg?oc=5,2020-05-05 18:07:44
banking,Unlock financial flexibility with our banking partners through CashLoan​ - touchngo.com.my,https://news.google.com/rss/articles/CBMiWkFVX3lxTE1OWTY0aldJZjhwOXd0WWw5eXFqV1NfeXRSMEYxV1dEWk1QVEFsZjlDUy01dURfbVd0VzAtei05dE1GTmR1T3BaYXRSTHVkTU82TDh3c1dYd3dEdw?oc=5,2024-07-15 04:22:24
banking,Loans - Overview - OCBC,https://news.google.com/rss/articles/CBMiYEFVX3lxTE1BVGNERnUwUzVjbmhaOVVWU3RJWUFXc0hGdnZseGJYQmZ4dVdIUWJNNjE1ckdkYzI3MUZPbEhXTDBtX1Z0b3JTZnJhVzliVUFrVEU4WTNDQXNKelVmeG5tSg?oc=5,2022-11-17 19:23:05
banking,Connect Scheduled Maintenance - Hong Leong Bank,https://news.google.com/rss/articles/CBMinAFBVV95cUxPMkktRTRHS2JkRDl6QXU0QnV0aEw1SnprVHpJV0ktSUFTdFFNVlJSM0MxbG1jQjBuX2dIVEp1YUVGM0JWOHV6MTdkdHNoX3UzNkRRV0xwTXVkOHZEeWRsc1REMjN4cXZNTVJ2SDE4bGlWUy1lMV9WQW44ekZhMTZoYmhDSzJnai1hcTlHS3RDSFYtM2dUZUU5blFWYXA?oc=5,2019-10-10 03:35:19
profit,"MyKasih – ""Love My Neighbourhood"" - MyKasih",https://news.google.com/rss/articles/CBMiQEFVX3lxTE1saElBeVd0eDZSVWRRaUhJYmRFNjlkWUxIUTlVNmtiZnBQQmZZeU9iejFfMm5PQi1rQ2JvbkExQ0k?oc=5,2021-07-07 13:47:54
profit,BSN MYGOLD ACCOUNT-i - bsn.com.my,https://news.google.com/rss/articles/CBMiWkFVX3lxTFBCMnNFVlppa3RLc0I0cFpoOTlyTWM4LWZSTjJxUzJDbTU4Y0ozcXFNN0F2dE14bFotaFdkVThwS1RfTHpzUS11U1kzb1cyNnlKQWRVaUJaQmY5QQ?oc=5,2023-08-28 00:23:19
profit,AVALAND - Avaland,https://news.google.com/rss/articles/CBMiQEFVX3lxTFBScFpraWstamhpSmI1OUQzWGJkVmFSbW11dmtUeFlBZF80bTlodTU5ZTRSV0NORldhUUNVUDl1MFc?oc=5,2023-07-07 03:37:31
profit,Amanah Hartanah Bumiputera Investment | Maybank Malaysia - Maybank2u,https://news.google.com/rss/articles/CBMikAFBVV95cUxQTzd4SVZVbTlELWdoNEw4SE9xQXUzTHVHY09LRXF3eHc5SXR3Uk4yc3VET1VGQm5DSHZIcWhtaS1jSnhsRDJqbjFXbVBlckdxZU5jSkstN2RrT0pWM3ZLZ0lRSC1kZ2UxcjlkOVJnTEJhTUJyQzE3bEFGTGQyMDV6d0xhaGJ0VjRIVEF3T3NWN0E?oc=5,2023-08-08 05:56:38
rise,AVALAND - Avaland,https://news.google.com/rss/articles/CBMiQEFVX3lxTFBScFpraWstamhpSmI1OUQzWGJkVmFSbW11dmtUeFlBZF80bTlodTU5ZTRSV0NORldhUUNVUDl1MFc?oc=5,2023-07-07 03:37:31
rise,"Yes 5G Wireless Broadband - Yes 5G | Uncap Yourself - No Data Cap, No Speed Cap. - Yes 5G",https://news.google.com/rss/articles/CBMiVEFVX3lxTFAwUzVDSDcxNlJ5emhaZFUzamU0ZHY3SXBfeFZwVWJJeE80V3c5d2MyQUVWTlFUeTdMSEp6a0w3TWg5R0g1VEpzTUd2eFl3ZVZCby1zbQ?oc=5,2023-08-24 16:59:37
rise,Properties for Sale in Penang 2025 - PropertyGuru,https://news.google.com/rss/articles/CBMic0FVX3lxTE84eGk4V1R6c3BCcV8wYzM2bTh2SVRrNENYemt2QzlEbUJaN01zaEw2V0hkejVhQ05iZjloLWJ3c1QwUmlCZ1JHTU94YUUxNVp2UldIU245ay1lT1NIdmRybWtNSkYwQjdrWUZ5OENTVjRENlU?oc=5,2024-08-21 22:52:11
GE14,Here’s How You Can Know Everything Important About GE14 - xtra.com.my,https://news.google.com/rss/articles/CBMihgFBVV95cUxQQnZ2aE5oNmctWVVSQ2pMVUJuLWRDS0x0TjFiMzhRa3VwUTUyUXZBNFJxRnlTSU5RYm5pS1JFdS1OdW9TYWVUYi1HZ052QnJsT0RsTklNN09VV2dMZEZldnFuajg2VTJHMWFPdlY2NjA3bWEydG5qNFFIRFhRejNSZFFieTJJUQ?oc=5,2020-04-01 16:49:20
GE14,The End of UMNO? New and Expanded Post-GE14 Edition - Shopee Malaysia,https://news.google.com/rss/articles/CBMimwFBVV95cUxQZUt4ejJqWmpMMW5SQUg3UkVXUmVNSklzUmpUTTFoZjNOckg0a192TmQyQ0k2WVJMbmt1alhCZjg0MEtkOUVzVFB6aUtJR3YxY0FNVzgyc0ZENDdCTlY4bnE2WFJBdXl3Z0JCYzFRTlF5emc5c3FFVjJXSGZBVVgxSDNTa2xKQklpcVdwZW84TTZmaUtxRHRTSmNtaw?oc=5,2020-03-20 14:14:51
GE14,Remember what happened after GE14 - umno.org.my,https://news.google.com/rss/articles/CBMid0FVX3lxTE5vR2FCLV9jbWtJVnJWVm8ySEg3T0FmUm1tcUphZllJaUxKOU44SnBlNmxxdzZVQmdJNXRZaWwtQUw4S3o1U3BPY3pHR0thaFZiWTFBWllTYzhCTmJKcFV0TEhxQTdxTU1WT1c2UWt3V2FsSEs2YU9B?oc=5,2021-10-29 07:00:00
GE14,I don’t crack under pressure since GE14 defeat - umno.org.my,https://news.google.com/rss/articles/CBMihwFBVV95cUxOeU5hdWt2cWdpcUdobElYM0U2ajdPOVloNVBEMDljRmJzamgxTmoxTmdYZUZqdENRVllXN24wRkpoc0xVWGszc1pvQmtnWS1IeExpVDRKc0NLS1hNM01SNjNDbEZFZ01nTjZRTTZ4Wnp1Zk44RFpITV94Rm45UEdVWmF5QThMZVU?oc=5,2021-08-22 07:00:00
GE14,ANANTHA RAMAN Govindasamy LAI Yew Meng Universiti Malaysia Sabah GE14: THE URBAN VOTING PATTERN IN P172 KOTA KINABALU AND P186 S - - UKM Journal Article Repository,https://news.google.com/rss/articles/CBMiaEFVX3lxTE55WjZpLWlxd2xiY2dselhxNVd0aEVMSkhuSFhkV05yTVI4clV2WnlzakNLbU1IaHZvS0M1MmtIa0dMWkU1SHQzZHF0VkJiekJJa3ZvVTMyLU1xVWU3SExUeHRnMjZvUEZH?oc=5,2022-05-18 20:17:24
GE14,14th General Election Malaysia (GE14 / PRU14) - Melaka - The Star,https://news.google.com/rss/articles/CBMiXkFVX3lxTE9kRmV2VzlQWnVxbnYxWEk0WUhXS2d2TjFObXFiUmdMWHVTNTQ1eVR0ZGhUbUVkamd6Q2xWU0dyZGJ1cWFPeEFTNlFjcnJIYXlhTHNUVnlrSTFIeUN2SGc?oc=5,2022-11-15 06:20:54
GE14,Malaysia Baharu: Five Years On From GE14 - betweenthelines.my,https://news.google.com/rss/articles/CBMidkFVX3lxTE9KdFhUaEFwR1lJZDNyMWRvT1hqSU0wU0lnS2VrVE9OV1lwNXczVUdLdjA0Q0x1ZC00Y0pWa25weWlUZG5UTFVaMzZYN3NtNVF4Z3h3MWdTVVBwQko1UERpTkl5MGthR0JJMm1aUHUwSTdOOFo5YVE?oc=5,2023-05-10 07:00:00
GE14,Post GE14 Racial Politics - The Institute for Democracy and Economic Affairs | IDEAS,https://news.google.com/rss/articles/CBMiYEFVX3lxTE1hQ1RuV0E0dkVyNlIxTWNWQ2lqOHI4RFNhWmlJQm9vNWE2aUJuZjMzQjdBQUcxTGQ5Ri1YaE5RMi1Ca1VpM051UVh4allmSDNsQ0VFM2RXNUZQT1VVakplUA?oc=5,2022-09-16 07:00:00
GE14,14th General Election Malaysia (GE14 / PRU14) - Results Overview - The Star,https://news.google.com/rss/articles/CBMiXkFVX3lxTE1aeFE0cFVnZXZQS2JkalZCYWpJRUZfUFlTaXo2YktFUVgtTlpCejZNSjJUMFBkOG1MOTBoZDRyVTkxd2xhc2pPbDVSWEN0T1UtQlliNzNreUJHS3AzbkE?oc=5,2022-11-15 02:53:57
GE14,GE14 destroys all hopes – Zahid Hamidi - umno.org.my,https://news.google.com/rss/articles/CBMie0FVX3lxTFA2ekRPMmRGWWlMeGlTX1lTSmdqamZTeTdfdzR4VGNRSjZ0aEhaVFhSbTlrVmFINUhESnNTcGl3SUMyazVob1VacWlNX1A0MWViUnpQVWI5eDRTN28xY2REUnk1Nld0OE4zU1N3VVllYmhXNm1CdE9DSDRjNA?oc=5,2022-08-09 07:00:00
GE14,"Consulate General of Malaysia, Xian - kln.gov.my",https://news.google.com/rss/articles/CBMijgJBVV95cUxNZVM3TzhKa1piTHR0WlNndUkzQUwtc2t1N0gyLURJNWhuVHRLT2NfbDZIcTBrbGh3Q2d1cTUxdmN1RkQ0clkxV3Z3WE9ObFpNaTQxVEs0LXZtZDA2S1RuQ1pBcFp1MzMzSURYRWFack9Tb2ZYOUdjd0tJR3RBbzk1Y1RpUHZUS09lNzluMFd2S3dGYWdEWXpWbURSdHdtblpuR3JtdDVYcFY2VjhRblBjenZCN1otZ0hRSTdSN2FtcUV1S2VNVERIVTFMVTJOT1E1dWVHd0RfZ21PdDdHaUhIbjNfalU2RmdSaVVZZVhCclQweS0tRjhDYlhBenc2RzlxdXVOWUE2V2MtSWRMalE?oc=5,2024-12-27 01:08:50
GE14,GE14 media monitoring report now available - University of Nottingham Malaysia,https://news.google.com/rss/articles/CBMinwFBVV95cUxQREhCeFNNWmhNblp5QWcwekc1LWVmWjU4WS0weWROdmtrY3RFZTNxeFkxN2M1OUJoNThIc1FibWthbC1Ga0V4SHpxaGlXbXdxR2hVQXhzUGFNOHRmLUhCT2ZLTm1oeE8xbENJQ01DVld1XzZ6dTEtcGhQWHZtUDFCdWduMlN4MHh1bWk1MTYwU3ZoZEdwUEhua0dSREFscm8?oc=5,2020-09-25 07:00:00
GE14,GE14: Mission impossible for PAS - ILHAM Centre,https://news.google.com/rss/articles/CBMiZkFVX3lxTE14ejZlRXVmTVo4dmdPZnFWZjVaSW5ReEpPN211Slk0cVozamhPazBHSm90ZDFiUG9VUXNTaDA4UjF1NWZpTnVWdTFHZ0E2dHRlb3lHM3c1M0FoV2p2ZVJ0eU5hYVJDUQ?oc=5,2022-04-11 23:58:42
GE14,Malaysia GE15 / PRU15 & 6 States Elections - Results Overview - The Star,https://news.google.com/rss/articles/CBMiR0FVX3lxTE55T19nNWY2UmJaU3J6QVp3QkR1MVk4OVBkUzJWbWEzOXB5NmJ3bXVTeGF4czdGcHRORU1kZ1NJR2xIZGNRQUNF?oc=5,2023-08-12 07:00:00
GE14,"Najib already paid the price in GE14, lawyer argues - NST Online",https://news.google.com/rss/articles/CBMioAFBVV95cUxOVGl3Z1ZmM3doRHg4S1NteDEzNGhHeHdNM3BzT19Da0U3czBZNVIybm1WMk1kWks0VzFJUGNGMks0amk3R25ibVluUDlUMjY3cXpGV1QyUl9yY1psVVRpNXpoakJfeFBkUFZWd0hkYk1VdDFBX3VSbGhueXVKQ0U3cG9HV3NzeDNDQzNpN2s4bXZTRHFmZk53WjJNYjZ0a1Q10gGmAUFVX3lxTE43dWZHU1JLbjRBTDl5LWkyeHRONHFkTzNhdTdoY1VCOW40Y2k1OEVRRmZ3VlU3UE9seGo5amlTeHIwZXJuSVNmX1VGbnBHSUxrdnM1ZGRhbTVXQ1UtQWsyZGxnNjZqa09IdWVmdU1obk5FVklySlVrSjNhVzZicnhrbmc5dUhXY2dkdE9PVng1MmNTRzRncVRBYUtMUTVXcHg1a05Cc0E?oc=5,2021-04-12 07:00:00
GE14,GE14 | Malaysia's 14th General Election - NST Online,https://news.google.com/rss/articles/CBMiZkFVX3lxTE8zazBza1FWaGZSa0o3WWs1dXdMT3U2S1NmMXd2aVFBNDh6dWhac2xzM1BsMXp2UFFPVkp3bTBteDRPejlCMnQ2QkhTZFZUMXllam1Jb2RselYtcHROWVlRUmlOWEVkQQ?oc=5,2024-11-23 07:32:05
GE14,Regime Change in Malaysia: GE14 and The End of UMNO-BN'S 60-Year Rule - Shopee Malaysia,https://news.google.com/rss/articles/CBMiswFBVV95cUxQdnZmeXpLV2VtTTFkQnhPbTVhY1N0RTJZcmJXYUVxQ2RvR005QzBYVE5lcWxla0NTU3U4T2NkLTVTYU5KN2pVNldfcHFWeHdMeVBMME8tTDZQcG1qX1FSVTdESW5mVG4zQ0kwZF9CVG5DNXJKNnZhSTVXU0VIQWc1YlZCalJ2QzYzTG5hQ2VLNHFIV01kYVJKVnFreFd0T3F0TDdEZ3FGbk0wMk1MSkdERjJCSQ?oc=5,2020-05-25 05:28:38
GE14,EXPRESS HIJAB NO.1 DI MALAYSIA | TUDUNG | GISELLE - GE14 (DARK BLUE) - Qairahijab,https://news.google.com/rss/articles/CBMibEFVX3lxTE1XM2lxUnI3WnhwS3JXS0dnTFBRZWo3TUQ4eDhzZERBeTlaeDBaQ2k0RGdYc3dxaFFYaUZPTG83c0JOVXNJTVVWbVhvT1hfaVprWW9BVkZoN3VQZTY3TUdFeWp5SHZ3SkdwMkttZg?oc=5,2024-11-01 19:43:27
GE14,Social Media Analytics Using Sentiment and Content Analyses on the 2018 Malaysia's General Election. - eJournal UM,https://news.google.com/rss/articles/CBMiggFBVV95cUxNTGlFeFFoaE1zckRMQkREUjJ6dmxvQ3lOMGlwVWNRWkVFcnc0WUZnZTBmR3ZxT2pIenNGS3EyOGtfckNUR1FRamN2ZHkxNW1vazU3OE1QRHdsRktlNkEwY3BSNXUtXzRmN2EzelF2NFlwWUJoejBLLWloUWxYc21iWnBR?oc=5,2021-06-01 06:27:25
GE14,Expert: MA63 will be key campaign issue if by-election is held - mca.org.my,https://news.google.com/rss/articles/CBMikwFBVV95cUxPbGlQNmxNcy1nbzVraVcwWXBINDkzMlU0RmRHTlhoRDNGMFdQVlg4eEp4UFpDUUtnYWtLaE94aHdoaEF5RnExUDVVVWg1LVdDMGkyTHZlbEYyeEtQaHNTUGxZNmFxbGlvVnNsN0tFMnNYZTZpMTIzRU0tdklzaF9ZS3g4QV9pVkdSeVotUUx4ekMybDA?oc=5,2024-07-01 14:04:37
GE14,Malaysian Citation Centre - myjurnal.mohe.gov.my,https://news.google.com/rss/articles/CBMib0FVX3lxTE4wQnRLdWZJYkpvSjhZVnNnMVB2bzhoTmxXUXRJcUM4TUxlcW9fZnFnVWRNZUFJVTI4Yy1mb1pBNHh5d05pWnEyU2w2MVJYM3pUOUZWVXQzMGxjMnlJU2VzdkdhcW1ObzdVeTFYdkZCRQ?oc=5,2022-01-04 20:33:07
GE14,Here’s How You Can Know Everything Important About GE14 - xtra.com.my,https://news.google.com/rss/articles/CBMihgFBVV95cUxQQnZ2aE5oNmctWVVSQ2pMVUJuLWRDS0x0TjFiMzhRa3VwUTUyUXZBNFJxRnlTSU5RYm5pS1JFdS1OdW9TYWVUYi1HZ052QnJsT0RsTklNN09VV2dMZEZldnFuajg2VTJHMWFPdlY2NjA3bWEydG5qNFFIRFhRejNSZFFieTJJUQ?oc=5,2020-04-01 16:49:20
GE14,The End of UMNO? New and Expanded Post-GE14 Edition - Shopee Malaysia,https://news.google.com/rss/articles/CBMimwFBVV95cUxQZUt4ejJqWmpMMW5SQUg3UkVXUmVNSklzUmpUTTFoZjNOckg0a192TmQyQ0k2WVJMbmt1alhCZjg0MEtkOUVzVFB6aUtJR3YxY0FNVzgyc0ZENDdCTlY4bnE2WFJBdXl3Z0JCYzFRTlF5emc5c3FFVjJXSGZBVVgxSDNTa2xKQklpcVdwZW84TTZmaUtxRHRTSmNtaw?oc=5,2020-03-20 14:14:51
GE14,Remember what happened after GE14 - umno.org.my,https://news.google.com/rss/articles/CBMid0FVX3lxTE5vR2FCLV9jbWtJVnJWVm8ySEg3T0FmUm1tcUphZllJaUxKOU44SnBlNmxxdzZVQmdJNXRZaWwtQUw4S3o1U3BPY3pHR0thaFZiWTFBWllTYzhCTmJKcFV0TEhxQTdxTU1WT1c2UWt3V2FsSEs2YU9B?oc=5,2021-10-29 07:00:00
GE14,I don’t crack under pressure since GE14 defeat - umno.org.my,https://news.google.com/rss/articles/CBMihwFBVV95cUxOeU5hdWt2cWdpcUdobElYM0U2ajdPOVloNVBEMDljRmJzamgxTmoxTmdYZUZqdENRVllXN24wRkpoc0xVWGszc1pvQmtnWS1IeExpVDRKc0NLS1hNM01SNjNDbEZFZ01nTjZRTTZ4Wnp1Zk44RFpITV94Rm45UEdVWmF5QThMZVU?oc=5,2021-08-22 07:00:00
GE14,ANANTHA RAMAN Govindasamy LAI Yew Meng Universiti Malaysia Sabah GE14: THE URBAN VOTING PATTERN IN P172 KOTA KINABALU AND P186 S - - UKM Journal Article Repository,https://news.google.com/rss/articles/CBMiaEFVX3lxTE55WjZpLWlxd2xiY2dselhxNVd0aEVMSkhuSFhkV05yTVI4clV2WnlzakNLbU1IaHZvS0M1MmtIa0dMWkU1SHQzZHF0VkJiekJJa3ZvVTMyLU1xVWU3SExUeHRnMjZvUEZH?oc=5,2022-05-18 20:17:24
GE14,14th General Election Malaysia (GE14 / PRU14) - Melaka - The Star,https://news.google.com/rss/articles/CBMiXkFVX3lxTE9kRmV2VzlQWnVxbnYxWEk0WUhXS2d2TjFObXFiUmdMWHVTNTQ1eVR0ZGhUbUVkamd6Q2xWU0dyZGJ1cWFPeEFTNlFjcnJIYXlhTHNUVnlrSTFIeUN2SGc?oc=5,2022-11-15 06:20:54
GE14,Malaysia Baharu: Five Years On From GE14 - betweenthelines.my,https://news.google.com/rss/articles/CBMidkFVX3lxTE9KdFhUaEFwR1lJZDNyMWRvT1hqSU0wU0lnS2VrVE9OV1lwNXczVUdLdjA0Q0x1ZC00Y0pWa25weWlUZG5UTFVaMzZYN3NtNVF4Z3h3MWdTVVBwQko1UERpTkl5MGthR0JJMm1aUHUwSTdOOFo5YVE?oc=5,2023-05-10 07:00:00
GE14,Post GE14 Racial Politics - The Institute for Democracy and Economic Affairs | IDEAS,https://news.google.com/rss/articles/CBMiYEFVX3lxTE1hQ1RuV0E0dkVyNlIxTWNWQ2lqOHI4RFNhWmlJQm9vNWE2aUJuZjMzQjdBQUcxTGQ5Ri1YaE5RMi1Ca1VpM051UVh4allmSDNsQ0VFM2RXNUZQT1VVakplUA?oc=5,2022-09-16 07:00:00
GE14,14th General Election Malaysia (GE14 / PRU14) - Results Overview - The Star,https://news.google.com/rss/articles/CBMiXkFVX3lxTE1aeFE0cFVnZXZQS2JkalZCYWpJRUZfUFlTaXo2YktFUVgtTlpCejZNSjJUMFBkOG1MOTBoZDRyVTkxd2xhc2pPbDVSWEN0T1UtQlliNzNreUJHS3AzbkE?oc=5,2022-11-15 02:53:57
GE14,GE14 destroys all hopes – Zahid Hamidi - umno.org.my,https://news.google.com/rss/articles/CBMie0FVX3lxTFA2ekRPMmRGWWlMeGlTX1lTSmdqamZTeTdfdzR4VGNRSjZ0aEhaVFhSbTlrVmFINUhESnNTcGl3SUMyazVob1VacWlNX1A0MWViUnpQVWI5eDRTN28xY2REUnk1Nld0OE4zU1N3VVllYmhXNm1CdE9DSDRjNA?oc=5,2022-08-09 07:00:00
GE14,"Consulate General of Malaysia, Xian - kln.gov.my",https://news.google.com/rss/articles/CBMijgJBVV95cUxNZVM3TzhKa1piTHR0WlNndUkzQUwtc2t1N0gyLURJNWhuVHRLT2NfbDZIcTBrbGh3Q2d1cTUxdmN1RkQ0clkxV3Z3WE9ObFpNaTQxVEs0LXZtZDA2S1RuQ1pBcFp1MzMzSURYRWFack9Tb2ZYOUdjd0tJR3RBbzk1Y1RpUHZUS09lNzluMFd2S3dGYWdEWXpWbURSdHdtblpuR3JtdDVYcFY2VjhRblBjenZCN1otZ0hRSTdSN2FtcUV1S2VNVERIVTFMVTJOT1E1dWVHd0RfZ21PdDdHaUhIbjNfalU2RmdSaVVZZVhCclQweS0tRjhDYlhBenc2RzlxdXVOWUE2V2MtSWRMalE?oc=5,2024-12-27 01:08:50
GE14,GE14 media monitoring report now available - University of Nottingham Malaysia,https://news.google.com/rss/articles/CBMinwFBVV95cUxQREhCeFNNWmhNblp5QWcwekc1LWVmWjU4WS0weWROdmtrY3RFZTNxeFkxN2M1OUJoNThIc1FibWthbC1Ga0V4SHpxaGlXbXdxR2hVQXhzUGFNOHRmLUhCT2ZLTm1oeE8xbENJQ01DVld1XzZ6dTEtcGhQWHZtUDFCdWduMlN4MHh1bWk1MTYwU3ZoZEdwUEhua0dSREFscm8?oc=5,2020-09-25 07:00:00
GE14,GE14: Mission impossible for PAS - ILHAM Centre,https://news.google.com/rss/articles/CBMiZkFVX3lxTE14ejZlRXVmTVo4dmdPZnFWZjVaSW5ReEpPN211Slk0cVozamhPazBHSm90ZDFiUG9VUXNTaDA4UjF1NWZpTnVWdTFHZ0E2dHRlb3lHM3c1M0FoV2p2ZVJ0eU5hYVJDUQ?oc=5,2022-04-11 23:58:42
GE14,Malaysia GE15 / PRU15 & 6 States Elections - Results Overview - The Star,https://news.google.com/rss/articles/CBMiR0FVX3lxTE55T19nNWY2UmJaU3J6QVp3QkR1MVk4OVBkUzJWbWEzOXB5NmJ3bXVTeGF4czdGcHRORU1kZ1NJR2xIZGNRQUNF?oc=5,2023-08-12 07:00:00
GE14,"Najib already paid the price in GE14, lawyer argues - NST Online",https://news.google.com/rss/articles/CBMioAFBVV95cUxOVGl3Z1ZmM3doRHg4S1NteDEzNGhHeHdNM3BzT19Da0U3czBZNVIybm1WMk1kWks0VzFJUGNGMks0amk3R25ibVluUDlUMjY3cXpGV1QyUl9yY1psVVRpNXpoakJfeFBkUFZWd0hkYk1VdDFBX3VSbGhueXVKQ0U3cG9HV3NzeDNDQzNpN2s4bXZTRHFmZk53WjJNYjZ0a1Q10gGmAUFVX3lxTE43dWZHU1JLbjRBTDl5LWkyeHRONHFkTzNhdTdoY1VCOW40Y2k1OEVRRmZ3VlU3UE9seGo5amlTeHIwZXJuSVNmX1VGbnBHSUxrdnM1ZGRhbTVXQ1UtQWsyZGxnNjZqa09IdWVmdU1obk5FVklySlVrSjNhVzZicnhrbmc5dUhXY2dkdE9PVng1MmNTRzRncVRBYUtMUTVXcHg1a05Cc0E?oc=5,2021-04-12 07:00:00
GE14,GE14 | Malaysia's 14th General Election - NST Online,https://news.google.com/rss/articles/CBMiZkFVX3lxTE8zazBza1FWaGZSa0o3WWs1dXdMT3U2S1NmMXd2aVFBNDh6dWhac2xzM1BsMXp2UFFPVkp3bTBteDRPejlCMnQ2QkhTZFZUMXllam1Jb2RselYtcHROWVlRUmlOWEVkQQ?oc=5,2024-11-23 07:32:05
GE14,Regime Change in Malaysia: GE14 and The End of UMNO-BN'S 60-Year Rule - Shopee Malaysia,https://news.google.com/rss/articles/CBMiswFBVV95cUxQdnZmeXpLV2VtTTFkQnhPbTVhY1N0RTJZcmJXYUVxQ2RvR005QzBYVE5lcWxla0NTU3U4T2NkLTVTYU5KN2pVNldfcHFWeHdMeVBMME8tTDZQcG1qX1FSVTdESW5mVG4zQ0kwZF9CVG5DNXJKNnZhSTVXU0VIQWc1YlZCalJ2QzYzTG5hQ2VLNHFIV01kYVJKVnFreFd0T3F0TDdEZ3FGbk0wMk1MSkdERjJCSQ?oc=5,2020-05-25 05:28:38
GE14,EXPRESS HIJAB NO.1 DI MALAYSIA | TUDUNG | GISELLE - GE14 (DARK BLUE) - Qairahijab,https://news.google.com/rss/articles/CBMibEFVX3lxTE1XM2lxUnI3WnhwS3JXS0dnTFBRZWo3TUQ4eDhzZERBeTlaeDBaQ2k0RGdYc3dxaFFYaUZPTG83c0JOVXNJTVVWbVhvT1hfaVprWW9BVkZoN3VQZTY3TUdFeWp5SHZ3SkdwMkttZg?oc=5,2024-11-01 19:43:27
GE14,Social Media Analytics Using Sentiment and Content Analyses on the 2018 Malaysia's General Election. - eJournal UM,https://news.google.com/rss/articles/CBMiggFBVV95cUxNTGlFeFFoaE1zckRMQkREUjJ6dmxvQ3lOMGlwVWNRWkVFcnc0WUZnZTBmR3ZxT2pIenNGS3EyOGtfckNUR1FRamN2ZHkxNW1vazU3OE1QRHdsRktlNkEwY3BSNXUtXzRmN2EzelF2NFlwWUJoejBLLWloUWxYc21iWnBR?oc=5,2021-06-01 06:27:25
GE14,Expert: MA63 will be key campaign issue if by-election is held - mca.org.my,https://news.google.com/rss/articles/CBMikwFBVV95cUxPbGlQNmxNcy1nbzVraVcwWXBINDkzMlU0RmRHTlhoRDNGMFdQVlg4eEp4UFpDUUtnYWtLaE94aHdoaEF5RnExUDVVVWg1LVdDMGkyTHZlbEYyeEtQaHNTUGxZNmFxbGlvVnNsN0tFMnNYZTZpMTIzRU0tdklzaF9ZS3g4QV9pVkdSeVotUUx4ekMybDA?oc=5,2024-07-01 14:04:37
GE14,Malaysian Citation Centre - myjurnal.mohe.gov.my,https://news.google.com/rss/articles/CBMib0FVX3lxTE4wQnRLdWZJYkpvSjhZVnNnMVB2bzhoTmxXUXRJcUM4TUxlcW9fZnFnVWRNZUFJVTI4Yy1mb1pBNHh5d05pWnEyU2w2MVJYM3pUOUZWVXQzMGxjMnlJU2VzdkdhcW1ObzdVeTFYdkZCRQ?oc=5,2022-01-04 20:33:07
instability,COVID-19 and Social Instability: An Evaluative Study with Special Reference to Maqasid al-Shari‘ah - IIUM Journal Publication,https://news.google.com/rss/articles/CBMihgFBVV95cUxOOGJxOTV1YmhtN3V4SENTVWVpbDlZUGdGbTJIVUdYeG1zRHdYd0RRVWQzRWhpbERSTWNpd0hJcU5vWGhPQU1Gd05SODdUV1JnMUd4cVVCaXlOd29za2hYUVdGNjFqZFdDOUhIcUtMY3pRekhkaFRxV0I3ZENTX0ZJdFdQcmxvZw?oc=5,2022-01-05 20:11:57
instability,A Modified Blatt Dorsal Capsulodesis in the Treatment of Dynamic Scapholunate Instability - UM Research Repository,https://news.google.com/rss/articles/CBMia0FVX3lxTE90aUdobDVqQW03OWxid25pU1lOVnlLbXY0NENybm9ZT1MxZ2YxUGg3VUZnaGgyWTJ3elB0RTJCbGxtUzN1anpSMGhhajhNWEpIRFZCY0VublBfdUlOMUdHaUJJUFU1Zm12dWNJ?oc=5,2022-11-13 16:37:39
instability,"TREND, GROWTH RATE AND INSTABILITY ANALYSIS OF PRODUCTION, PRODUCTIVITY, AREA AND SUPPLY OF POTATO IN KAVREPALANCHOK DISTRICT, N - FOOD AND AGRI ECONOMICS REVIEW – FAER",https://news.google.com/rss/articles/CBMiaEFVX3lxTE5PMDFlWmcwNnFPanA4TFlWcDZIRFcxQ2JRT3dWUjZ1MFlpTzAxWWd6QmlUMm9HVUNKV0NfRkdqZF9CZDNMa09SaVBheEtFYjVCc2VjMkUtdzlMNVU1NExtWW1vVHJ1R2NV?oc=5,2021-08-27 12:15:52
instability,Numerical simulation to assess floating instability of small passenger vehicle under sub-critical flow - Universiti Teknologi PETRONAS,https://news.google.com/rss/articles/CBMiUEFVX3lxTFBtVEVPMjFwS09HUW1qdDU2c2gtdml3c2pLaDlFTEw3MU9ab3JLbE1yZWdrN2l4OEVEOVpCY0Q2VHZQX25ycEtEVUtaaHpaRGlN?oc=5,2023-11-10 08:00:00
instability,"Petronas Gas impacted by geopolitical instability, inflation and ringgit in 2023 - NST Online",https://news.google.com/rss/articles/CBMiugFBVV95cUxPSTF0OTBaRlJ0MjFlZFFTd0ZsaGZXU0UtZ3hxcnVkaEFkMWt1a1NCVGFhYkp1cVdnc3BfVHBCWGhQTGpWRkdmdjhmN0dlVlROTlVDUGdnVTJxd3NuRnJRb0k0eUlTUGplT3hGT0tGc1NiZ0xNd3lhSC1WaGJyeUNCanBzekJQYXJaUWIxd2oyRmF1clZWWFQtRzFMeW5EcEFiZW05MlBpQUcxQllmR0ZHWW51MzZuc2psSmc?oc=5,2024-03-22 07:00:00
instability,Chronic Ankle Instability | Synapse Physiotherapy Near Me - Synapse Physiotherapy,https://news.google.com/rss/articles/CBMiY0FVX3lxTFBpOVcxeGJVNXF2R0I4VnFfUXBUczdxeHFTUkRRN20tcVYyQ1RlWHZSVENZRHFjNC1HU3FBaVZkam4yQzVBdVBMdUs4LVQxYW9za2JQZ05HckxXYTU1ck1wRlp0UQ?oc=5,2024-04-06 07:00:00
instability,Prominent Hardware Post Latarjet Mimicking Shoulder Instability Symptoms - Universiti Putra Malaysia,https://news.google.com/rss/articles/CBMie0FVX3lxTE1jVzdaSU5POHVaTURnd1ROTEVhTzlHVkJ2TlR2UXdHWHZGSUxOTkpKU3VRLVVpVHBBeWR1cmwtMDl0NEY1R3hfb0J5Q3VLb0xGbEFwZ1NvMmRyYnBlbUxGb29vWHFBRHQ5amg5VEp4MlhxeVVZMFROMUN2Zw?oc=5,2020-04-20 07:00:00
instability,The Influence of Boundary Roughness on Rayleigh-Taylor Instability at the Interface of Superposed Couple-Stress Fluids | Journal of Advanced Research in Fluid Mechanics and Thermal Sciences - Semarak Ilmu,https://news.google.com/rss/articles/CBMiwgFBVV95cUxOcGduU0dEZFlaM0NQQ1NheVFNSVpDbXdDZ1YzZEU5ZU56bWY5elF3LUVhbmtzanJMN0Q4TUdGMjQtSDVFXzZyQjMxaDN0SnVUUXlhd2JPSkdnOU9oOFlpb0RBWVBfb2F3b1J2Rk1xdHZuM0stZWxDYTROUHI0OUNaQUhrbTlLQW40UVo0Rm9tOVBQVUw1TzItbXBscmFQQkczdy1UZ1RkRGtsZy0tTjltUGt1V0c5NWhteF9yb3h2OW1Zdw?oc=5,2024-03-28 07:00:00
instability,Enhanced stability of cluster-based location service mechanism for urban vehicular ad hoc networks - UTM Open Science,https://news.google.com/rss/articles/CBMieEFVX3lxTE9TRnRKNkI4OVE3YWFXTWZGTUUzR093b1RGd2VpQ1NsaEVYUWJxcEJXZWZyTWE5cFJIdHdFaUljc19KY05iYkxNZkxwa3Mya2Zma0drVXNCNVktSDNKVjdGYjFiendCZ1VKUENJeTlVTGRQMjZUN0RsTA?oc=5,2024-08-14 22:57:07
instability,Turkey looks to end Kurdish PKK conflict as regional instability grows - thestar.com.my,https://news.google.com/rss/articles/CBMiuwFBVV95cUxNUnZGMl9YRFJWWlJoZUZVSjZUcjYwNVk4TmVDVzJ5LVFZYzRWZHdYdko1c0NJb2NTMWNHVERRb2FrMHBIemZpNUxJUGZlT1lqdi1rTTZiNVM3aEdwTzZZQUVlZExRc0s4S1RWT3ZHLUVMaTl6c2NKajFMOWdXX2ZEVVdRZ0Z1ODduX0xPUkJteVUzWFlLdVhvUHRqNnpvRXFsdFdDZU1zM3ZBM3FYMG5kYjV5MXR5SkNScExv?oc=5,2024-10-31 07:00:00
instability,"IIUM refutes claims of financial incapacity, instability - thestar.com.my",https://news.google.com/rss/articles/CBMiqAFBVV95cUxOdnhjLVR5YW50am5pb1o1U0YxeGgtaVkyZ2xyRTFtZGJmOUUtVVZwQXhjek55cG5FdVlLZHB1TW1DSTJRQUtsOEtTRnBtYWQxd2VhazZwWHM0RTdEVWhzU1c5dmNlYk5nMmNCSFdXYVJURDFDY21RTzhmZ2R3d2xjelJuQmludFpMajFWWXpuOWhNWTBtcmU3UkRoSG1qWTZrNkpER2RFU3c?oc=5,2024-07-06 07:00:00
instability,'Surging debt can lead to macroeconomic instability' - NST Online,https://news.google.com/rss/articles/CBMinwFBVV95cUxPSnRSRDJibUFZTmNibDktREY4aXRaYlJZcFloTVJZSTgyZVZHSUF1b0lMdE5vODMweEFLeW54ejM3VEFEZFRRU0k4YlZxQ0wxYThMTkloYVFoeTNUZUI1LTlCejE3QWlfSFlPSVRueUtMQ3d1dmV3MERMMzRGelhFMWpKeVZoVjlPRENkcFNUQTlXbTI2NmpveVlNb3ZrZmc?oc=5,2024-03-19 07:00:00
instability,"Documents Arnold, B. L., De La Motte, S., Linens, S., Ross, S. E. Ankle instability is associated with balance impairments: A me - IIUM Repository",https://news.google.com/rss/articles/CBMiqAFBVV95cUxQTWhtZVFOZHJFQmx1dHg3SDFkZGdTS1pTczdJUFpYSk5UX2gzZ3EyNk8xVVhlOGk3RV9XVUJjenc1WTRWRktkWDhhV3R2M1dzU0FpOHB3Qm1VTEtmX2NpQ3YwcUJlZThMRUVQdlVoRHUwLWdud01yQThiYnRPZzB6dDFXRjg5STFBOHNmWW5FUmJlLThrVkEya0lFbkRmU0F2SVcwVmJGTEQ?oc=5,2024-03-19 07:00:00
instability,"Warisan's plan to reinstate clause on CM appointment will trigger instability, says lawyer - thestar.com.my",https://news.google.com/rss/articles/CBMi2AFBVV95cUxOQjN4VTc3eEtzZWF0TGxFMDRQZDJJWHh3ekthQzFpV2sxQ3RCZjFWUFd4cmVvVm9ZbXhqVWd5NmI3eVBsSm0xUWZ1N0JYY1RJRDI4cmdIdXR3OWY5b2w3WFl3MG9za1B4RGNaY2FYT2hsN0xlSVdkRmpHV3dFZ2dKcVNBODZVU3pwOG54aXRycEdlXzZNYWZ4X1Zxd0tBZkZfY3ZGUU1zTXRONXFJTHg0YUxlQ0RMMENfQVc0UnNBUkFjYnpEWXBLd3ZyWVBBWlJfcVZxN3NtdDE?oc=5,2024-02-26 08:00:00
instability,'Greater clarity emerging for Malaysia under Anwar's leadership after years of political instability' - NST Online,https://news.google.com/rss/articles/CBMiuwFBVV95cUxNa0s3YktVN2lvUUFsM0FMN3pZYV9mX1Brc2h6eDNPZTFmdFM1Y2hPQmNMVWxqYUJkUDMtYWpUd0VibkJzQnZlclJObndQZHByMGhUcDd2cHZuSWZFV081RjBXQVdhMVd1NEV5VWxVT1FSNlpyNGRmNjRtbVp5YUJKMkpfWnlzdDdXWlY0c3VuTEE0Y3Vzc3RYUHJfQ0h3M19OZks2NF9OU19Ebm00U2x2VDBRelV3QVFZcjNr0gHAAUFVX3lxTE43a0VIdHpkUkk5cFpacUdhVWIwQTFHekxreFJVOWRFalVOQmoxMTFBeDlDWHZwVDF5SUJmdmVMeXhZLUNxYTJyTzIwcDRVTnBFNUdyWkJnd2RDX2pucTVxdzRMa1E2dHEwcWZZNFRpdV84ZjRGTlJ4UFU5VHB6ZmFrUFZ3elhHUVVONUFLME5xMURlMGNCQ2xvWWpfUXN0c21ELXNnWjZZTktxVHEwTC01aFAtSTVVdHRiLW42R1BVVQ?oc=5,2022-11-30 08:00:00
instability,German companies in Malaysia worry about geopolitical instability - Lumi News Malaysia,https://news.google.com/rss/articles/CBMiR0FVX3lxTE5jdnNqbnpaZW9KRnZzQlg1MDBvY3EtVkFMc2ZEOHlwYnRXc0dqVGF6YVlPX3huMW5kemdtY0xWek9vTVBoZnlJ?oc=5,2024-06-14 06:42:42
instability,Air Selangor to divert main pipes after soil instability detected near WCE - NST Online,https://news.google.com/rss/articles/CBMivgFBVV95cUxNTUlUMFFodGlRMV9HSlVfQjRvTldEWnNRdVRTYWhtVEpVc05xS1NndmE1Ykw0dnk3N0tva1dMZ01nM1ZsbWlyWDRHN0xPUVR6ZlFzbnNMWW9iRGlYMWlwWVpIQ1lscjM0TFU1UTlCVEp3c1g3dGI3WXVpM1FQS3JTdE1VUFM3SjFPeWpWdFNfblpwR05seFpqZ19iZjZlZER2ZW5ndWhaUkF1WmlWZE5qeXV0VXg5b3ZrQ1h3OE9R0gHDAUFVX3lxTFBCWDIzeDhneTdoaWRBbFRVbG01ckpaVEhObVBoZXNTdzRyZkFwcERUdlhlWWxUOEFYeG5iYndkUlBnamtXRWlCLVdsejFPX0ZvNnlMNlNMMGVwQVdzX1Y3c0JqcGczZDJRSnRWM1pra0ZhM1p1THdWVkU2X3VqYzBnaTctVy1HVEJUa0EwY2UxSkJiTi1LUkptanB4MUpGUk90V3AtZlE3TlA3MGVGbWhYWnp5clh4SVpTQmtSZnRlOXFlRQ?oc=5,2019-05-08 07:00:00
instability,Singapore PM warns of a dangerous world amid global instability and rising tensions - thestar.com.my,https://news.google.com/rss/articles/CBMi3wFBVV95cUxQQ0xNby1Oc210cFZ2X2ItWUVCZDFIWGpON2ZnSXdkaEJVbjV4ZC1qMmdjV08wUE1BMHI5OG11SlpxaXQ1Mno3NklnV3VIUndsSF90NnBDaGRXQk0wcnprbms3SU1CSUE5Ri1nM3NSSTNRakNUdGdNUXhOQ0gwZGphbkppU09UU25FdWVGXzgzSTJadk5lQXV1TU1jenRSS3U0Ump6YV9aNE9TNmxjUWRhRnRLaEtQSjF2Z1M3YVdRSWIwbkR1YnFqREE4OHV1ejVTUmw4YXpyMTREVWJQQjA4?oc=5,2024-11-24 08:00:00
instability,APPLICATION OF GEOMECHANICS IN IMPROVING BOREHOLE STABILITY DURING DRILLING - UTPedia,https://news.google.com/rss/articles/CBMib0FVX3lxTFBfY2ZyX0JBUzdIZHRtTWMtMjRub212bDFHM1p2a0Ztc0gxcmRPVzN1WWx5UGo0NEU4YzhDMllsOHJXTlYxd2FpVURvaDQ4UFEwZ0RLR2FrR3k3alJLTzlHeGFtcVdTZURvME1Kejd0WQ?oc=5,2022-02-16 00:46:30
instability,"People are tired of political instability, says Jamaliah | Sinar Daily - Sinar Daily",https://news.google.com/rss/articles/CBMisAFBVV95cUxObURNUkMwWlMzNWt2WmVuSzZuZDJ0OTN1Rk9LVVplakg2ajdQVHFsTlE4dHBiWHhCWmVVa3hrNTY4SjNXakd5aGJBU01hY3djTmFmLU1UZmtFQTRhcW5KU284T25sYTVPZldIQ24yMk1aWXkxcnNzSXNsLVl6YjJON2F0M0dGUUlyNHRXYUt1a1dINjVuSHNlVXgxTGJGaVZNdTRxYkxYX1otWVdwWFhqY9IBVkFVX3lxTE9CSy0wemYxd053d0J6bWdnN1JPekMzWF9FYWcxZFpjbzZBZ3FleXhwYlR4MXVNTTg1eXpuZ3JyMU42bklCTDRQWFVpdWVjTzNDZ3V4Smtn?oc=5,2023-08-10 07:00:00
instability,Zahid as DPM to minimise the risk of instability but expect major backlash | Sinar Daily - Sinar Daily,https://news.google.com/rss/articles/CBMiygFBVV95cUxNVm5ZTmY4MkJzdVI1TWJSYl96ajZhM2w2NDVCMm1xNU5hTVFtbVYzNHdwRm9Vejl6TTJubFNUNU5pMEJqTHN3YTVyLWZDU0RBX3c4NlV2akZXdzNWc1ZDcl9leThrY2UxTXA5dXZFLU1GTElhZlEzMW9vYVUwemt3MTlWTE1xb2hnTW5GeXNQaThaNHdCbkRmSHY4dWkzTjhkem9qQW1ZSVI2eDJaSl80M3lfRldleFRnM2FiVWREMENKQXpzVVRIcUJR0gFWQVVfeXFMT3ltUUg1QU1iaTVGRDJyRk4tNV82YlVpMnk5TWY1RVdCVURROTNBU1RuczhMTEg4RDgtbU02Q3VFMkduMzhPQV8xaUpJal80enB1RFQwM0E?oc=5,2022-12-02 08:00:00
instability,Irreparable Massive Rotator Cuff Tear in a Young Patient With Recurrent Anterior Shoulder Dislocation - Universiti Putra Malaysia,https://news.google.com/rss/articles/CBMie0FVX3lxTE9tZmpEZ3hSQktVdjZBdEIxN3pKVjQ3b2xXcjlTOTg1ZEJHQkVSR2F5VXlsZGpIei1jZzVOZXJLaXBrQzV3N3ZqVkxScTZMMWk5Wll4MlZpVERuaHVDOE5JQ280X1huU2RtRDRVMGJZYUxzWTNYQ282WUNZZw?oc=5,2020-09-08 07:00:00
instability,Dr. Arshad Puji - Pusat Perubatan Sukan Negara,https://news.google.com/rss/articles/CBMiSkFVX3lxTE5nZGc3aW5aWlVJRlA2ZVdUSHFwYmZtWXlVNDNKbHVVQnJmTmk3bFllcExmdmFWcnlyVVcwOVZVeUNZN09xY3ozS1p3?oc=5,2019-07-09 08:13:56
instability,What is an ankle sprain? - Pantai Hospitals,https://news.google.com/rss/articles/CBMiekFVX3lxTFAzM29sbFRHU2hDdENhU2g3NUo4YS1PLTlWZ3RQelFEb1N0OTlUTVVBNHFIU2dISUFBaW9fcWFCWGZ5ZkRycUxRRnJ3VXhHUVlNaHBxbkdnSURNUnQ1YTJFTUNvU2l2Nk1QM043NVVmcE5CMkZmOVFzV0RR?oc=5,2023-12-24 08:14:30
instability,Dr. Mohamad Shariff A Hamid - Pusat Perubatan Sukan Negara,https://news.google.com/rss/articles/CBMiTkFVX3lxTE9DSmNzWm12amQxbUIxeG5ZdWNQXzhsYjBYMWt1VmlSWWVZZjlBVjZVdzcxcWlkMThYa0VaUUtZVElNNHhxVFUyS1VpYklPUQ?oc=5,2019-07-09 08:14:30
instability,Neta Facing Financial Instability - Piston.my,https://news.google.com/rss/articles/CBMidkFVX3lxTE4xaUV4MnRHVGRLNFdfQTVsOXdXYmw4eWEtbGw3WUpqd3c2X1FMTThWMU1QVHoxcVEzQkJEQVpFWEViYnZ0eVRXM3JxekpfZTMwUlNrejdjZXhhd2pXMFF1ODhmSGFjbGZCekM5d2U3S1lKU0FLM0E?oc=5,2024-11-12 08:00:00
instability,"Documents Foo-Wah, L., Fakhrorazi, A., Islam, R. Consumers’ Parsimony of Mobile Internet Banking Usage in Malaysia (2019) Huma - IIUM Repository",https://news.google.com/rss/articles/CBMifEFVX3lxTE1QVFp5ZVBDUGVOYnJfNHJWZlF1VEdZMVZMUV9tQlZXLUZlVzFhTW9fVDRwdE53VjF2VHYtQ1Vxa1hpc0VvcTV6eWhWNlhPMU1iY1BHR0F4NEZyeUNJQmdOV0N2aVZPZXF4eU1YU1dWSGM4ek5HQTJIOXYyOUI?oc=5,2023-11-15 08:00:00
instability,Deformed hands and crooked fingers should not be ignored | Sinar Daily - Sinar Daily,https://news.google.com/rss/articles/CBMisgFBVV95cUxQMnUyaEZCZDUxcjF4RjFHOUppc3Z6b05DMndaRUhIUVFHZlhFX1B1RXBISGNKdnpDZmlkTURGeEVfSDNjM2VRUlJ4cW5NWno5ejBadm82MTlQdUJYZXozUVZNTGFZMk96anB4SWF6UTI5OXlLVDZ0VnNwUmpkMWFiYlBKRjhPZ3JYQjU1UTF4bnVTOWdXZWtHR3ZKTC1jbUVvWWpWYWtodnVodWtTbzNFaEtn0gFWQVVfeXFMUDdHdEZLdlc3NTEtT04wRzd4YXA4cWFvcW1PNTZXV3J2Z0hhQXBiTVB0ZFE2bVdzclVTNXVZTjYwUVZ6aUJId2ZrVG1FWFY3NW8tLUwyX3c?oc=5,2023-11-15 08:00:00
instability,ANALYTIC STUDY OF THERMOHALINE CONVECTIVE STABILITY IN A COUPLE-STRESS FLUID - eJournal UM,https://news.google.com/rss/articles/CBMic0FVX3lxTE90dHBoVDM4VnNPQWs5X0lHT0hza3NnN2ttb2otNW1SRGQ1dmRrN25WMHJIbmc2V0J0VmxEeElYN1BqbVJ4NFRwSnpGM0FLOTJ5bF8wSEJvM0NfOHh0eEpWUEFsRTZ0Wm5MdHk5N0dpZWhoMWc?oc=5,2024-09-30 14:25:02
instability,"Johor state election will all but show UMNO and BN’s true colours, says Khalid Samad | Sinar Daily - Sinar Daily",https://news.google.com/rss/articles/CBMi2wFBVV95cUxQWGpHckxTR3Q4Nl93WFZYejJuMHA2Y1d0ajltMUR2aG1lN2ZDQVhaNlMyOUpWcTVKMWg0ejhETFMtVFhwdXpya05NcjVRZ3ZhMzl2VEFvUWRXd2xHY3BoQlphdmc0XzBNMHQ2bTdhZjJMMlRaLWUxVTlCZ2F4akctbG9XR2ZZQllpTFhtYVZtVlFOUm9ST3Y3ek43NTZWdmpaa2FCRnF2UTVLNG1uVnQyOTVrMXgwdDg4MWhYQVItMno5Wi1UVFJkbTFnbmtOc3ZqVmtDb2RCZzJIb1HSAVZBVV95cUxPMWphTjdXYnRNYmZkVmRZaG5HdVkxclpDT0xlQ2w2TDNySW9kSEhic3dURk9rMDRNUDNMeUNfcWY5ZlBxemVlQzVVcGxDeE5veDFLeTNvUQ?oc=5,2022-02-06 08:00:00
instability,Understanding ankle sprain - Gleneagles Hospitals Malaysia,https://news.google.com/rss/articles/CBMijgFBVV95cUxQLWxTcXprYVoyYUt4eTJJdWd6MnZ4MkNiVGdtQmF1WEJHb09hdHNMaElic0FLejVDTGYydEg5ZHVDZjc4eGN4QnI3QndCd3c0QnNfVnV3TVlNVmJVc2RseENYWHA4SDBsX2RqWjBRaE41bkZqeF9nMTZsNnpXdUZLYmdFZHhteGJub0ZsbUx3?oc=5,2023-03-17 06:53:08
instability,Impact of Public Expenditure on Poverty: Role of Governance - ukm.my,https://news.google.com/rss/articles/CBMickFVX3lxTE9oQXJPOGJ3MktZV2twRkV5R0ZCeXpYbjBWcVBMRXFPV29pb05kbmd0MFVMdVpQUnZKUm9UQVd6RU1qWnF2Yk9ST1J3cVJFeTdoeVl2MHZvdE0wX29Cb21YZWR5QmpVc1VqWk5pLWJzdUpXdw?oc=5,2023-07-23 01:55:27
instability,UNIVERSITI TEKNOLOGI PETRONAS FYP FINAL REPORT - UTPedia,https://news.google.com/rss/articles/CBMihAFBVV95cUxQN0hQRU5KS3Axdi1uSjFHNzlMTXNmWjBpdHhFUHdKdjZsNW9RaDV1WEhmSGtSR3Jaam96VHc0ek9MVHRzY1ROa0stQ1NsdXgzVmFPdmFRMEdpRUI3TXZpVU00ZFh0ZWlFTDBTRWFnV3JCSHo0d1VxNmR5VC1DMDhmMjNhUHU?oc=5,2019-05-01 19:47:35
instability,Shoulder Dislocation: Exercises for Faster Healing - Gleneagles Hospitals Malaysia,https://news.google.com/rss/articles/CBMiekFVX3lxTFBidzE1Q2N6M09razZ6T0pUR2V1VUI5LVdCOFQta05ieS1YcmdUdXZrTkw3dVBrb0xQX0lZYUxfd2tiSFhDZFhDOUlYQURYWjJ4MnhxRF85OVphc2JTMjBLTEVva0VLdWx2eGdJZGNBRnF5MjQwYlVGck5R?oc=5,2023-05-03 07:00:00
instability,Malaysian Citation Centre - myjurnal.mohe.gov.my,https://news.google.com/rss/articles/CBMib0FVX3lxTFBDdi1fajE0RklZaW9JY2c0WmJYbFdfejZvS2ptVFUxVmd0dmtCZ2FnT3JPZXhHTU5nRlZzcE9aellUSThWRDFqaUliV01VVUMtVEl2NnJ6U2ZxQy1jajdWVFBkR3BYQ0xGdWVLdzYwZw?oc=5,2024-02-21 03:29:03
instability,SSM Waives Late Penalty Fee For Submission Under MyCoID System - Suruhanjaya Syarikat Malaysia (SSM),https://news.google.com/rss/articles/CBMifkFVX3lxTE1tNGRTMmhfUEN6bnNwMGJwV0VJOWNPZjVFWGM2YlgxaDdLVm9Ec2VDSmJPY180VkU0QnljOGxiUXQ3amdEODExbW92OVZTTjRoX2pOeGRNLWJiZ1hNVFZxbF8teFBqcmNVVEJwWnV6TmhTRnlTLV9sYnpoUG1BUQ?oc=5,2022-12-11 08:00:00
instability,"Medial Collateral Ligament (MCL) Injury: Symptoms, Diagnosis, Treatment - Gleneagles Hospitals Malaysia",https://news.google.com/rss/articles/CBMirwFBVV95cUxPQzQ4VTU4cnBsNGhuMzNJNUJzVGRLV2lMZm5oNVdnRl9WVG1BOFJWOVhsNHlHNWE1NGZsZGY2eFN4VWJqY285WlhKMHBCUjJxR2haS3BiSTB1Y2p4V3Yya3paLVh6U2xFdEp0a1Q3RjZ3NF9xb2duOVptRkR5M2YwU0ctakp2LThkMnM2d2p1RmhWd2ExcHhjR1VqdEFQX3kyQTM4UlVyaDZkNFdrSG9B?oc=5,2023-03-15 08:00:25
instability,Risk perception towards international travellers’ destination choice: A case of Sabah / Izyan Dahlia Supani and Zuliah Abd Hamid. - UiTM Institutional Repository,https://news.google.com/rss/articles/CBMiUEFVX3lxTE9kS3lTM2tFS0NBLWZnYnIwdXZWUzhMekpnbndIUWZOTHJnQm9WMkpQdk1aM3RrWVV4djJSSXdieUFkVWNtZVFKbkpEamZfNWFj?oc=5,2021-02-23 06:00:29
instability,"Financial instability, no guarantee of jobs among reasons cited for SPM grads not furthering studies | Sinar Daily - Sinar Daily",https://news.google.com/rss/articles/CBMi6wFBVV95cUxPYjBnVTVQemp2U0R0S3J3SDZtcU4zeGZCNDBLOHhCSWVJWGl5Y1dYa1NpSHlBR216MklxeWxFLXVONHdfTkVHQUZ4dXRhVUtxMjAxZGFRWnplbDF2dC1fc1FOU2dFcElxVDhqWXZLeUJpRzR0cXZfdW4td2FHMGMtNk5CMGhJaWlkVGlERVlTbzJ3NVY1bWxXSW1nN2lTSzRtaG80SDliUUtTZUZhNzZjZUJ0V2I3bmN5SF9LWExyUEFCd1dNaTExSXR2ZWVVZVh5VkNoZ1VrMlpOWmFHNFJrZXI2TGZOa3RXQXBn0gFWQVVfeXFMT0czR012Z29fUDgzX3RGYXFxUzVfb1BhdWZocjJEV0NJOVpEZ2N3TUtJRi1yTWtoZ2YyZDJyQUdNWC00ZnBUMDRySm9fSDkxb3lOSEkxMkE?oc=5,2022-08-13 07:00:00
instability,DREAMCATCHER 4th Mini Album [The End of Nightmare] Instability OFFICIAL POSTER - eBay,https://news.google.com/rss/articles/CBMiUkFVX3lxTFA4bkI2ZzZscEUwenRPelVmSTdZM09xRFRTTlVOWWVScDRvNGtyc2VFS1ZleE5DZlp3RENtU2lmRDhHXzF4a0JNTnJ4MmxVWkczSmc?oc=5,2024-01-07 05:36:37
instability,Design and Construct Slope & Soil - Rolid Setia Sdn. Bhd.,https://news.google.com/rss/articles/CBMigAFBVV95cUxPQnpubmxOQXNvTEFxYXNFNWJkRTZzVkVqZGk4RlFXTDBBdGpGaHJXbVQ1X3BmaWMxT0dINUJRcXkzWFdCLXhmaXdTdjJJSmZvT296LXdCREJvMVk5ajVpaGJhdDhCZXVhOG00c1d6V2VabjNJMlNZMk1iMFZISFdQUg?oc=5,2021-06-06 22:13:55
instability,Nepal elects new president amid political uncertainty - NST Online,https://news.google.com/rss/articles/CBMipgFBVV95cUxOck9SenF1eTQ5Z3l6aXNsZUN5SklsR2pmdkZRS1gtNU4ySUE5ZzRXVHJTeGFtSjFQdWtyX1dTb2VGeVBwQTQtVUY5eVBpZ3ctZGJqNElOUnp1Wm9LbDdZQVE2aXhwWUZ1X2EzNkNDS2RGSUJpZ2d0a2RFSndIUTRZT2RlM2tTbktSY1VkSmsyYmdRVUZXWVpSOEhVUUhJV2hwbDdxR013?oc=5,2023-03-09 08:00:00
instability,Impact Of Habitat Destruction Toward Aquaculture - INTERNATIONAL INSTITUTE OF AQUACULTURE AND AQUATIC SCIENCES,https://news.google.com/rss/articles/CBMikwFBVV95cUxPUGRaTWpaTENhTTdMb0FRSWdpeWRwR2NuY3V1VmU3cUJEWmVBeE80SHVFTlYxNG1fX0ZlWWRFQ29QRldXc1p4S0luOWk5bUpuZjJCcXdNdS1LbEdsbmRBMHJpazV2OWdfU3VkXzBjcEdtUXNWM29oamVFRmgxQlNDVWtXaFJHaXVNZ3dwb1hrSXlzbVE?oc=5,2023-09-07 07:00:00
instability,Dr. Ramlan Abd. Aziz - Pusat Perubatan Sukan Negara,https://news.google.com/rss/articles/CBMiSkFVX3lxTE5meTFGTU43Qm10SHNhbDdqZVBwM3lKWlREQ2x6Zm8zbGFkT2x1NjhxUUVCaWxPY1VkOVNwemo3Y2dMTjlJRHBBSmNB?oc=5,2020-01-21 10:08:23
instability,Aela Syamira Jamaal Shaaban - Pusat Perubatan Sukan Negara,https://news.google.com/rss/articles/CBMiQ0FVX3lxTE9QSm9ZRnpNRDZvd29nZGYxMVA4TUxEa3BWeC1tUXhJeEkyWlBKMEtqRU5lc2ZlMFJ3OFkyaDZlSTZRU1E?oc=5,2019-07-09 08:10:35
instability,Rosnah binti Mat Yatim - Pusat Perubatan Sukan Negara,https://news.google.com/rss/articles/CBMiRkFVX3lxTE5qQm04Y0d2RDZIOEljMFNmTkIzX21JUHlOQW9wbUJPQVNDbXViWlVweno4YVJQNW5nODNWeE8tMU1Fd1RZNkE?oc=5,2019-07-09 08:13:04
instability,Faezah binti Md Jais - Pusat Perubatan Sukan Negara,https://news.google.com/rss/articles/CBMiRkFVX3lxTE40UjBJaDBQU1pDNFVxMGhKOUJPd0tzWWlKUmtwQTBkNUVfNDA5Qnh6QlRDVFF0clE2T2loaWxRR0tsSlhiNWc?oc=5,2019-07-09 08:12:12
cabinet,Safety Can Storage Cabinets - proguardsafety.my,https://news.google.com/rss/articles/CBMiuAFBVV95cUxNWWVMUlhRdEtuMVd5UWhRZDBYZTJNSENnYzlKWHhTOW1RWGwtVkt6SThSVlh5SUdBanlSY2RJRUdDYXZsbm5KYzdMSmJMenpKQS1hWGFTWmRYY0kydlhDamZjdGtKMERIeTBUQkVjQlVJT1JXWnZfSjZyRVVQX1YxajZCUDZISVdwTlJDajk1WTJtSDlDVDB2ZFRiY3JZX1JPamg1am5NUTFaa2lPYnphVm5tczlJY2Zo?oc=5,2019-05-06 19:20:08
cabinet,Other Cabinets - bali maxpro kitchen cabinet plt,https://news.google.com/rss/articles/CBMiigFBVV95cUxNTVlEeUhydlhWZ1Q4UG1JcDdMdU05MjdVb2xnWjZKZmlmdmVzeFY0MElHRS1SUWpXNHhfXy12YXZ6VnZvUm5OV196T2ZRMmRUaGRGeTV3VWtoc1NPUTRIRTl2ekdoVkdmWGRxMUU5QzRuUG0yQWlhaG96TmZZU1FXWThYZ1pHQ1h3akE?oc=5,2023-03-30 11:41:25
cabinet,Tv Cabinet /Rak TV/5 Ft Tv Cabinet /ATTIC FURNITURE MODEL-196 5FT RATTAN TV CABINET - Shopee Malaysia,https://news.google.com/rss/articles/CBMixgFBVV95cUxPakdHX2QtT21lYWl1TGltT3dKSFlnanNLWkJOR1poQ0dLWXBVNU1FQTdMcTJDVEpLVWtOeWxIS1M2Q09tZmtwaF9vNHVfbHJKX0stamZIdU9zOUNhVzNxVkx2TDJ0aWFvVDdXcXFyd0M2MzcxaENFMkRyTnNfVzgwWVNDdTFieVBRQW9KRHlsV01Ha2FNVXZhQlZZZXJDTF8zUDZwX3VjUEVmNTV4QXRzREtxN29HZlVETkpaTnctV01UVHEyX2c?oc=5,2023-11-21 00:03:53
cabinet,Supra Aluminium Sdn Bhd - Supra Aluminium Sdn Bhd,https://news.google.com/rss/articles/CBMiSkFVX3lxTE9hV1NDbWRiNE05U0MtQ1Ywc0t5VU16bEdPMW01dlNzd0ZLWm9BbWlDX1d2cFJtMF9EWk4xMTJ2VTA2RXN4R0tLdjln?oc=5,2019-11-12 09:15:45
cabinet,Base Cabinet/Bottom Cabinet/Aluminum Kitchen Cabinet/Kitchen Cabinet/Kitchen Storage/Kitchen Organizer/Kabinet Dapur - Shopee Malaysia,https://news.google.com/rss/articles/CBMi9AFBVV95cUxNQ2t4M2F3R016M3lpQUpXdExjZmZxYzhabzNraFdsMmJLYWtRZnNxa0xZTGpMa2E5WEE2MVlWZFNCSDJVRjRvTjBYNzhOd3JER1VsdTdaYng3TF83djBmbXZCVTFfa1hkZnJ6MmJvT2N0a0pyMkxEYUJHakJDOFVvQzkzV1ZNdjlPdE5RdE9pQ0c1U19NVUk1V2lCenpYb2FYQkdrWnlYTjU4S1ZyQmZrY0F4Q2o3a0xEZ1F0WWJ4aTlKbGZ0MU9PMDk1NTVCRWp0YW5RcUcyeWo4T1VtWmFDZUI1SGhKcDBNU2stMC1DbU1hUnIz?oc=5,2022-05-14 03:37:13
emergency,Generali Travel Insurance Online - Generali Malaysia,https://news.google.com/rss/articles/CBMidEFVX3lxTE5xTjZjd0hXWVhSdGVIQW9nUTZMRkpNVXVkekZpRDQzeVd1X2gwOTFRVEFrZnVsWm1aNUI4NlVYcVhQUzVNVUgxdTAySlBZQTVmbTF5T0RXcVJIN3E4ZHdLSXB5WEpTcVhDb0dPNW1uSzRic2Rs?oc=5,2023-04-01 11:10:41
emergency,Management of Hypertension - Portal Rasmi Kementerian Kesihatan Malaysia,https://news.google.com/rss/articles/CBMioAFBVV95cUxPZVpKX0Y2RXc0eVg4RHB2aFFtOWtubklMRnE4ZC1NMmJOVE1SVHhqQzNhZUtXd0IyN3ZVTF81Z0lZUjVsT3hodXZ2V0xMUVFscm1mUDdfT3RLSHdmMzFuVDhUeEtzaEVDSWlQZDhRSmFVMmdBdl85SmtLREdDMXZtLXl0WnRHWGtYc1ZsR1ZnMWR5bDYxMEtIaTNiV29Kdmkz?oc=5,2020-07-01 06:34:42
emergency,Honda Civic - Honda Malaysia,https://news.google.com/rss/articles/CBMiTEFVX3lxTFB0VHVYdFQzR29kblludk5JbWhYaEhIREZGMFJlZU90VS1GendVVmlwbWtIUUVNZ2lHZ3AtT2NSZnJhT2RpM2tQa25zdUI?oc=5,2020-05-19 04:26:02
emergency,Motorcycle & Car Insurance Online Renewal within 5 minutes - Pos Malaysia,https://news.google.com/rss/articles/CBMiQ0FVX3lxTE9lcGItajNBaDhlUzZURlpDajFaMWxtS2JPT3VkWjVSbjJHa0ZrdTdhbGJJazJDMTRMbkZLTEMtN2d1TVk?oc=5,2023-08-25 01:48:26
emergency,Security Tips - bsn.com.my,https://news.google.com/rss/articles/CBMiU0FVX3lxTE1vTWN0RHExRGVkUDgtSll3TjcyV1pWSG5VbWl4b1dLNHRsUVVOVmhuelpWeklpeFBoYXgzd2VFWFFoLXdaRmgtbU53WXFJd05oRnNn?oc=5,2020-12-14 23:26:51
emergency,Laman Web Rasmi Jabatan Meteorologi Malaysia - met.gov.my,https://news.google.com/rss/articles/CBMiO0FVX3lxTE5CaGhlOEl1YW1Hak1sc2pvazVHcVNBNFBabnhfZFhtaVdSYnZXT3ltSExCYUxUUllFcVg0?oc=5,2020-09-21 08:27:52
emergency,The Triton - Mitsubishi Motors Malaysia,https://news.google.com/rss/articles/CBMiX0FVX3lxTFBBcmh1ek1hb0ZXMm11VmtGakliQWNFQkV2ajUyRFV2Ul9WbkVzZjluX0hQd1Y1d1o2QTJtUEQ2d3h3UGdOVU43VmYxT1RCaG1nWnlxUWFVLVJyVUxqN3N3?oc=5,2024-03-28 17:55:22
emergency,ESCAPE Penang - ESCAPE Penang,https://news.google.com/rss/articles/CBMiPEFVX3lxTE9vUC1SRHZOWlNIR3o4SGhOX05CdERraWpMeVlSM0xPc05WOEI0Vk5wVkZrVWZkQW9ITE5tYQ?oc=5,2020-11-03 10:04:36
emergency,My Bayar PDRM - MyBayar PDRM,https://news.google.com/rss/articles/CBMiQ0FVX3lxTE1rUHlQX19HUmc1SEVNRVFWcy1hTEk5d0oybW11X2NvNmJ0QkhQejRlU3dTcE85M0ZhSDlUY1NlYVp0RnM?oc=5,2021-03-25 02:08:33
emergency,EPF Malaysia - Safeguard Members' Retirement Savings - kwsp.gov.my,https://news.google.com/rss/articles/CBMiQEFVX3lxTE5DLTR6RlBNRk1NNGdCYUZ1T0dLc21BRW42QWNPUGQ3ZV9mbTA1R1luQUxjaEVvTHdOaGNmZTdCby0?oc=5,2019-05-26 04:08:41
emergency,THE OFFICIAL WEB OF PUBLIC INFOBANJIR - LAMAN WEB RASMI PUBLIC INFOBANJIR,https://news.google.com/rss/articles/CBMiWkFVX3lxTE1iVllLdTZIbkNTZlJ5OW5tWGc1UkFsaGZXMXpzTG11TGMtYTc5VDdjSG1sWU1CUW0tdk9KcDA3M21oS2pES092a3VqT1dNWEgtbzljaDVjTWhoUQ?oc=5,2020-10-07 14:18:48
emergency,Mega Cineplex | Perai | Riverfront - Mega Cineplex | Perai,https://news.google.com/rss/articles/CBMiR0FVX3lxTE1wTHNYSnQzUW5fWHl0a0pXUjJsc3B5ZjRFV1VpYmdCbXJhSHRSNTB3dmN4VjFGR3BYWV9PNmgxWTZ3SjloM2hB?oc=5,2021-03-15 01:19:38
emergency,MMJD 1143 EMERGENCY RESPONSE PLANNING AND COMMUNICATION - Malaysia Japan International Institute of Technology |,https://news.google.com/rss/articles/CBMiTEFVX3lxTE5SNlpXN1NlSy1OTFNGNUl5eW02OHpxc1F5azZBeVQ3dFJLYW9yR2IyMkZSOUpaQTdZZC1rQXBHUWZKbXRZNm9WNmV4LWo?oc=5,2019-12-13 01:38:26
emergency,8 must-have items in the house in case of emergencies - iProperty,https://news.google.com/rss/articles/CBMifkFVX3lxTE5PU2pCaGE3YjRBd0RCQ2E5MFBxYTBibndSa0tNdnQ4V0JZbERVaVVkOTFvbkl4b0VtT3Ixb0hZVlZCajNwMnBfOWZBTVU3amFvR2FrcEZPRWQ5cUtUVU9WcUxmMTUzbDk4TEY4cUhvSlhUSGpIWjNvS1hCaHJPUQ?oc=5,2020-04-20 07:00:00
emergency,VITALITE VECK1436 - BESTLITE ELECTRICAL SDN BHD,https://news.google.com/rss/articles/CBMihAFBVV95cUxQamZtNHdUNC1HT3pwZHdmcEFCSTh5RXJTWlQyMHdDRFZSSWxWSzlySGRfc2l5QTAyN1hoX08xd1VwTGVrWVFiS3FGdi1YRlhxbU9oMW1mUldtZEE5SmN2MFFRRkVsRzREN21ZaXJTS1JldjBhWDd1OFhWNUdJN2p5anBXbUo?oc=5,2024-04-18 05:12:10
emergency,"APPLICATION FOR EMERGENCY CERTIFICATE - Other Information - Consulate General of Malaysia, Guangzhou - kln.gov.my",https://news.google.com/rss/articles/CBMi4wFBVV95cUxQWmJlZVREbDBNOGk1ellFQVRTc3pjcUlEa21oTVBuV3RDYS1HcmxtVzlsVVhTYklDOVlXRmZXem0xQ0Y0eGdNTzExLU50cUd1dVVCZWJBRnN3b2FnX1BUTWJTZUtmMHFHZWlLWkhlaWh5WUZwVVpRWkNwOVd3NTJOdnN6cHgxR2lMR1lwTkQ4NHprWk5XcThudHlfTlkyUTdMZHFLRVdBX09MckltZVpHc09yUG5sQWFQY1FyOW5yYXJJWTdIbnZTQW8tSkFoam5KWEZPcnJTOXNZWWR0MWhUVzVVVQ?oc=5,2021-11-12 02:32:34
emergency,Safety & Security - Universiti Putra Malaysia,https://news.google.com/rss/articles/CBMiXEFVX3lxTE9pd1k1ZVdqQkg0cGZGN1JMZHlEYWtXTlhwcHhIc2lnRFh2RWdpdFB1dnZ1UTNPSllQX0xSNmhqTEoxa3pjMUFLRzhlREdzLVdLemdyanJQVk93ZVps?oc=5,2023-11-19 01:59:33
emergency,Locking/unlocking the vehicle with the emergency key | GLB SUV September 2020 X247 MBUX | Owner's Manual - Mercedes-Benz | Malaysia,https://news.google.com/rss/articles/CBMi5wFBVV95cUxQaHhtY0V2X0Y1U0tWdnhXY2hWUHREVHNrSXFydDhOMm5neE1uUEVzdHgzUGxsRmZ6V0xGdDdDMENpVF9FemxqNHhMN1ZwRWRLdnl0QTMzcHp2Z0xablN2dmsxNWpRajFzcG1KM1FZT1lfRGZEMjFqRUNMSzNWQVh4YjNFTEluVlZaM0FfUk9DU2VTUldubU1XaHlXRjFBYUZjeTcya2p5clRmcWc4cDZiMzdqcEtLLXFsTzFBMktjNGczTmoxLURQbS15NXNBakdITkh2QVVPUGItRURTS184WWFub3p0UTQ?oc=5,2024-09-08 00:54:34
emergency,ECONLITE LE 116 ENERGY CONSERVING EMERGENCY LIGHTING LUMINAIRE - E S L Lighting (M) Sdn Bhd,https://news.google.com/rss/articles/CBMi0gFBVV95cUxOUVZQX3Zac0xWMG5lUFRRM3VGUm9yc2JVY25MRVBrdloyYVhMXzlaRWpyVTV0eXA4N0htcWFyNTVES0FEdkl3eEEzYnRYcUNWdmRvWWJXUkFRTG1ESnVIbVJKOHZDRXo5N19xQlhBQTh2VlZPYms5RFY2dU5HRHNHNkwzWlNIU0ptLVFkWDZFbVR3Wlk0UzlBUnJmcU5zVGtLSmw0NW5ZSzNLTE9kTk9wS3dTMUwyQm5tT21HRG1oRzd3V25IOWI5eWVUSjROZ2xfNmc?oc=5,2023-03-04 09:28:45
declaration,Lembaga Hasil Dalam Negeri Malaysia - hasil.gov.my,https://news.google.com/rss/articles/CBMiPkFVX3lxTFBGNktGRG93allpMzJ1LXFBSVF5MnYyNG9VWVBrM0Q1N3RrNy12V0dROTFxZkZZSFp6ZFJxZm93?oc=5,2021-10-21 13:07:27
declaration,Public Scholarship - Students | OCBC Bank Malaysia - OCBC,https://news.google.com/rss/articles/CBMic0FVX3lxTE95eGdib21FMzNNejJ0SzNIczB5ZTR0LWJ3cFhXUlZoNnY1OF9DVnF4VEZILXdsTGpzRjlrMy1LQmRlUkF6cF81ekhrS0QzU1lIMEluZjFIN2ZJYkRLeFo3WDAyUzg5X3Jrb0ZUc2gwWE5xU0E?oc=5,2022-08-26 01:05:29
declaration,Generali Travel Insurance Online - Generali Malaysia,https://news.google.com/rss/articles/CBMidEFVX3lxTE5xTjZjd0hXWVhSdGVIQW9nUTZMRkpNVXVkekZpRDQzeVd1X2gwOTFRVEFrZnVsWm1aNUI4NlVYcVhQUzVNVUgxdTAySlBZQTVmbTF5T0RXcVJIN3E4ZHdLSXB5WEpTcVhDb0dPNW1uSzRic2Rs?oc=5,2023-04-01 11:10:41
declaration,Maxis ID - Hotlink,https://news.google.com/rss/articles/CBMiSEFVX3lxTFBFV25XTTZUNDBIeFUyRWxNbmJ4R2RkOW92eF9KVFNNYkhka21qVUZZZjYyRzJmaFFxdnByZElBbnZhTHBWVkhXTw?oc=5,2020-05-15 10:24:54
declaration,Undergraduate (International Students or Malaysian Students with International Qualifications) - International Islamic University Malaysia,https://news.google.com/rss/articles/CBMiVEFVX3lxTE9LMjJjWktFcmhjdHhmYjJJYmc5aG1rWm9aaWhQbXk1RzZmbS1lTzRSWEhtSVVJZ0F6OUExY2FBNEJfV1E5amxVX18xY2dGSXRteEIxSA?oc=5,2020-07-04 01:42:14
declaration,MyZurichLife - MyZurichLife,https://news.google.com/rss/articles/CBMiQkFVX3lxTE04N2ptQU9hMjE0aVA0blNBSEdNRkMtN2JiWmlFdHpDSXo0TGZnYS1VNjZoX3NkS1hkT2RyQjBNaVZPUQ?oc=5,2020-11-01 05:57:56
declaration,Home - AEON Credit Service - myaeoncredit.com.my,https://news.google.com/rss/articles/CBMiQkFVX3lxTE1wMUlhYXJTbnZDcGIxazFnbjQxTDFOUDJwczc3YmtPbW1nS1BHUkIzTGp1NGFrVkdKX2dsSzQ5Tkhldw?oc=5,2024-03-25 15:56:04
declaration,INTELLECTUAL PROPERTY CORPORATION OF MALAYSIA (MyIPO) - MyIPO,https://news.google.com/rss/articles/CBMiPkFVX3lxTFBCRnRhQXVQN1pha3NRSDR0b2JsRHlTdnNES0prejVqZDQ0TkhzcU1CemhfdEpQcW5iOW1FeFZR?oc=5,2020-12-13 09:31:23
declaration,Hong Leong Assurance - The largest domestic life insurance in Malaysia - Hong Leong Assurance,https://news.google.com/rss/articles/CBMiS0FVX3lxTFA5eEVMZ2tWRThUcmRIX2xLWjdsc0F4SC1kb0JPSDlsM3U2MkxwTlU2V3NfUlY0RlpkS3dYbTQ3Zk4wbWY1VEhPeUozUQ?oc=5,2024-04-26 16:41:36
declaration,PRUServices - Prudential,https://news.google.com/rss/articles/CBMiWEFVX3lxTFBoQVk3QmM5ZFZKb0c3TlJWWHgwQWRCZjhaUWQwd0hmaFFYRW9lS2VUMmRTRjl4Sjl3emNFZURVRXAxMlYycmZFZmt2UzFGLVNzbGNTYWh0VGQ?oc=5,2024-11-13 10:35:09
declaration,Safeguarding Patients and Guiding Doctors - Malaysian Medical Council (MMC),https://news.google.com/rss/articles/CBMiNkFVX3lxTE5kVk1CY1RzZTdGVklOQzR5M3FhckE1STZCdUhreHRJWjQ2ZGdDV3lPdzNRM1J1Zw?oc=5,2019-12-19 00:35:18
declaration,More on AGC - Jabatan Peguam Negara,https://news.google.com/rss/articles/CBMiO0FVX3lxTFBHRjA0YXpXRndLMzJWSHNBMENidnBSazVzb0ZxN3g1ZVU3UFRHQkpobXFvVFVOR0N0YkxJ?oc=5,2021-07-25 00:37:15
declaration,BSN MYGOLD ACCOUNT-i - bsn.com.my,https://news.google.com/rss/articles/CBMiWkFVX3lxTFBCMnNFVlppa3RLc0I0cFpoOTlyTWM4LWZSTjJxUzJDbTU4Y0ozcXFNN0F2dE14bFotaFdkVThwS1RfTHpzUS11U1kzb1cyNnlKQWRVaUJaQmY5QQ?oc=5,2023-08-28 00:23:19
declaration,Policy Self-Service - Allianz Malaysia,https://news.google.com/rss/articles/CBMimgFBVV95cUxNdjJkMWpnczJxU1FROXo0VGxQWk9wRDlyT2RQRXhuc2F2b3ZkakZpU1BGR252OGdCQVBNZEswVklHa0VPZ0FnXzYyMWNJVHZwaC1BVDNGSFpRbGpoenZGLUxPSWZxcTRmbkUyMFdaaGswMzVqRzBfVjZHOEI3QkZEcGxVWERWWGpVME9DaXFPUFFfVjhxTG1tM2Z3?oc=5,2021-10-28 08:59:59
declaration,myTNB B2B - myTNB B2B,https://news.google.com/rss/articles/CBMiVkFVX3lxTE1wUEVtd3o0QzFSWlIzdkVQQmwxczdRME9QWEpZYm5IMW9TVFF1RnpiRHRfYmZtbi1LM191YVVhd29KM2pBczM0WHVaUkRaQTEzYUNrT3Fn?oc=5,2022-08-04 11:59:47
declaration,Untitled - Portal Rasmi Kementerian Kesihatan Malaysia,https://news.google.com/rss/articles/CBMiogFBVV95cUxQcERUUzVobEl1T3M1OXA1SzRCNWpmNTlIdGs4YnIxRkFoUzd5bUI0d3FIMzFvZFpzOXhmaWtWM250cGduLXpJTThRb09zaFgtdV91dFVjUF81SWlSZE5JX2VfX2Z6UXZHQUx4TUpsQk1pcEZ3NVdLYkJ2SEhWLWZpT1U1aUo2WmpYcTRYNzA4MS1nQWo2WWxWd3Z6LTJSUUJUbkE?oc=5,2021-04-28 10:36:46
declaration,FAQ Rules Of Origin (ROO) - Customs.gov.my,https://news.google.com/rss/articles/CBMiX0FVX3lxTE5HdXZfcnhHa0x6Vkx3bDVOSkh6QTdaYlNZZDhaYUt5Z2RTc1dWS3gyaVo0Q01CZVM1M3BKMnZPRDZpaFk3SlJiT0VDOWRZLU9mbS1Eb0t3N2d4R1g0S2xR?oc=5,2024-01-16 04:39:02
declaration,"THIRD PARTY INTEGRITY DECLARATION I/Our company, ……………...…………………………..…………………..… Re - KUMPULAN FIMA BERHAD",https://news.google.com/rss/articles/CBMikgFBVV95cUxNYTVaRGtxRE1YXzhvR2pvc3liT2xBWG0wMDZMUnVfRWVteU45OFU2RWVDMWx0UGc2WmdrSDcyX0FzQkREbWszVTZIMFFWVnJiUHp6U0NScWo2MmhPMExUOURIUkx3S284NWIySE1HUEpMQnlBT2liOXVDUWFPLTRFRXYzT29NRmp3NWhxRW45UHA0Zw?oc=5,2020-06-10 03:00:46
declaration,s 360(2)_Statutory Declaration Verifying Memorandum.docx - Suruhanjaya Syarikat Malaysia (SSM),https://news.google.com/rss/articles/CBMiugFBVV95cUxNMmxoa1EtYzRxOWozOVlNWTFXSWR2QlE2OGRlTmc1WUxEY3BwdWNDTXZ2TlZPUks5RVlnRU5ZTW9NZUEwMTNOWWRaRkJWVHJjZkcyWjdZeWsyaGRFTk5YT2tZV1dDMS1tSWZScW9KN3lxTmZnR1BpQzJiWXFIV3RTd0sxdWVpVC1XTnVfU2w1SFRWdF9vZHNtSU1VZGJuZjZTZ0xWSldOY0hrS3FlXzVWLWpUZExZdDdKOWc?oc=5,2019-06-17 04:09:15
declaration,Explainer-What we know about South Korea's martial law declaration - thestar.com.my,https://news.google.com/rss/articles/CBMiuAFBVV95cUxNNUFiVGZTRnFvRm11WWZ3ZTNIWUdBS0FVd0xWZkhFSk9wM3Fsb1VGYi15aWZzM3p6RU9Ya2ZuZTNEVmdPX3VfN3ZYNmw5bTZlaWtBYUhtc0RQejFQMUxyVXhURXVva2dpU1pNRHF4NEJaeFNtSVdEQ3FIb0tzN2ZwZDd6ejlYelJPNWMtS0xBWTdYRDdudjBaanVNellyd3RlQVU2R3JQeFJnOGdyZEViWXJ4QlV3UDBi?oc=5,2024-12-04 08:00:00
declaration,DECLARATION OF PEACEFUL EDUCATION IN INDONESIA HIGHER EDUCATION - Universiti Malaysia Pahang Al-Sultan Abdullah (UMPSA),https://news.google.com/rss/articles/CBMiX0FVX3lxTE5WYlphZmRQa3Vvck1PTmJBanAtTWt5aENHczJXdHZ1TVRPR2RqQkI4TE9YZEI1SU9IUUJSSHdmYW1ORW92Z1VzNFhYcF9WRmR0V1ctTFRJdWZreHZrWGhz?oc=5,2021-07-19 07:00:00
declaration,STRATEGIC SESSION ON AUTOMATING CUSTOMS K3 DECLARATION BETWEEN PORT KLANG AND KUCHING PORT TO BOOST PRODUCTIVITY IN CLEARANCE OF CARGO - Malaysia Productivity Corporation (MPC),https://news.google.com/rss/articles/CBMi7gFBVV95cUxNUTVOTHJUSjJ0V2ZmWVhHSlFPSVJLUUtmYzlma0U2eVJoOU1OMXZKbk5ianhmZ1Z6bldfWGxvWDBuSlZ5dUJ3U1FMeVVOdmhiUF9LVWtQSzZELU96MHduUTF3TURUZnlCWWhIQVk1b0FrZHFhRnd6WlFrMmVCTTItYXpWMnp3SUM1RXJiYUFBVnlLMG1JZjNSdTdBOU5tNE41Zmx2eXlxWWpkX0dYanp6M0lfeWlEM0JYUEF5anNpc3lKNFNEQ1ZoYlZXMk50ZjA5YWp1UEo1cndtT19ESC0yWVBHMHlzVk83eTRMZFVn?oc=5,2024-02-08 00:24:30
declaration,Declaration of Jointly Acquired Asset - Bank Muamalat Malaysia,https://news.google.com/rss/articles/CBMiqgFBVV95cUxOV2FBQlo5S0ZVOTRJaWo0eEJXVFpxaW5MTzl0algyZks3bzY5UE9XX3NTX1JrTTlSWGNBUFgtVnhpM1prMWlucFcybTBOTlBtSENYZUZ4Uno1eXNkZjc3WFJmU3JLWEE0U2UzNVFiYm5lNzgzaGV1dUE5UERBQlZoX2pEdmlkV0RfVFBFa3F0Mjg2QlFELWVLbVFGYWdLRThqOTlkeFRYazBkZw?oc=5,2023-12-31 15:02:41
declaration,DECLARATION BY RESIDENT ON INVESTMENT ABROAD AND INVESTMENT IN FOREIGN CURRENCY ASSET ONSHORE - CGS iTrade,https://news.google.com/rss/articles/CBMic0FVX3lxTE5RNVpoNzFaYnBqaGRuc1Z0SVE1aVVpTnpuNklnYmE4d0oteGE5WElMbFU4MTl5eUk1Qm1iOEc2WjZ1Y1cwc29CTDY5ZFVPWEZra1VNZDc2REJiNm9VaDI4YjZuZU1jc1g4VExuN1JpUUtwcm8?oc=5,2024-03-11 15:19:17
declaration,DECLARATION AS PER BANK NEGARA MALAYSIA’S FOREIGN EXCHANGE ADMINISTRATION POLICY To - Inter-Pacific Securities Sdn Bhd,https://news.google.com/rss/articles/CBMiswFBVV95cUxPbDd6bDZsOWJ6UEZ2R0VvbldMeVhOeEdYSW1GLUxhNDRRNEg3WFhYd0JUUzlRV0FDTUh3bGlCZHdERkpLV2UweFkwZll6RDR2WmdVcVFXdUg5ZTRuZURCN1psZG5ZUE5vYUdlMlBKUzNuYWRDMVQ5cE16aGMtX20weEhNcU9BeXpMR3Npb2xWN3dFbTNqT1NCRlNnSy1PMU1WM3Y3T0RNS3c5Smt0Y2M5aUFERQ?oc=5,2021-12-09 09:27:13
declaration,STUDENT DECLARATION Registrar Tunku Abdul Rahman University of Management and Technology I shall abide and comply with all the r - Tunku Abdul Rahman University of Management and Technology,https://news.google.com/rss/articles/CBMijAFBVV95cUxPbjhWWjhxc3d1bFVfWEx3cUxha3FCb2pJX1Z3QUdRWmNUSHFCc1hnSUpPc09WREpuaUZEYk5iUk9NUFZGZEh6RWJYa0RfeFN0T0QwNHNmVWxhZXl0Sk9jNWljQTR4R01SV3puYTliVnI1S2JfZkZ1c0E3NG02UUJnemVsMmdGaWdaOThnRQ?oc=5,2022-11-12 12:19:06
declaration,Requirement to Perform RTK Antigen Self-Test for UTAR Convocation Health Declaration Form - Universiti Tunku Abdul Rahman,https://news.google.com/rss/articles/CBMigAFBVV95cUxNbGdQMm5Gc3J1c19lUGIxeDljWVJvR2dMN0U4VDRtZjUyaVd4aFJEaVhFOGxhRGc2YzRIQlJfYXd4Z0FwRDBVV2VOS2VDb1BCRFc2dE51dHJWbFNnbkpfemhVTFd6RnVyUjlNNjFULUY2bVZNWFhPMWZhdzFTdVFObg?oc=5,2022-06-28 05:39:16
declaration,APPLICATION FOR APPROVAL OF FIRM NAME (*) Statutory Declaration Form - Malaysian Institute of Accountants - MIA,https://news.google.com/rss/articles/CBMikwFBVV95cUxPemx5WDc5QlB3RU9VWXl4czg2X01pcWdHSTBmNThrWThRS3ZXSzNhckM4blBCQXBmNDNuRUhUb0NSRHhQQVlPOXNFR0JqY0dWa25RWDhQS2pZWlMzTXRjQm5mTC1jaWJrQUxnNUlZeFZYNnZGaFd1UUVwcWRVMmRqT2pHZDNJNXVORUtwYjF4X2R2WHc?oc=5,2024-12-30 01:30:18
declaration,Appendix 3 MANUSCRIPTS SUBMISSION & AUTHOR’S DECLARATION FORM Title of Manuscript: Name Designation Institution Correspond - Portal Rasmi Kementerian Kesihatan Malaysia,https://news.google.com/rss/articles/CBMipgFBVV95cUxOVlJsc2ZRR0gzUVVCNjg0cE5DTm1pVkIyOER0OFQ4cEY0SHpGQmQ1N1Q5eDJodU9SY1g1cHNSRmYwSjQyTmxVRi0zdFJkRkxBaDhlWXc5REpzS0phb2pFSEtSb090VE1UZi04dms0eWNUYmg4OF84Vlh0eDU0VGZRN0lFWVRybFNHNHg2cmhWdi13YU5tQUJzV2RUaWJvaVhFMWFzVDd3?oc=5,2024-07-01 01:56:58
policy,PRUServices - Prudential,https://news.google.com/rss/articles/CBMiWEFVX3lxTFBoQVk3QmM5ZFZKb0c3TlJWWHgwQWRCZjhaUWQwd0hmaFFYRW9lS2VUMmRTRjl4Sjl3emNFZURVRXAxMlYycmZFZmt2UzFGLVNzbGNTYWh0VGQ?oc=5,2024-11-13 10:35:09
policy,Motorcycle & Car Insurance Online Renewal within 5 minutes - Pos Malaysia,https://news.google.com/rss/articles/CBMiQ0FVX3lxTE9lcGItajNBaDhlUzZURlpDajFaMWxtS2JPT3VkWjVSbjJHa0ZrdTdhbGJJazJDMTRMbkZLTEMtN2d1TVk?oc=5,2023-08-25 01:48:26
policy,ESCAPE Penang - ESCAPE Penang,https://news.google.com/rss/articles/CBMiPEFVX3lxTE9vUC1SRHZOWlNIR3o4SGhOX05CdERraWpMeVlSM0xPc05WOEI0Vk5wVkZrVWZkQW9ITE5tYQ?oc=5,2020-11-03 10:04:36
policy,Generali Travel Insurance Online - Generali Malaysia,https://news.google.com/rss/articles/CBMidEFVX3lxTE5xTjZjd0hXWVhSdGVIQW9nUTZMRkpNVXVkekZpRDQzeVd1X2gwOTFRVEFrZnVsWm1aNUI4NlVYcVhQUzVNVUgxdTAySlBZQTVmbTF5T0RXcVJIN3E4ZHdLSXB5WEpTcVhDb0dPNW1uSzRic2Rs?oc=5,2023-04-01 11:10:41
policy,Buy Insurance and Takaful Products Online - Zurich Malaysia,https://news.google.com/rss/articles/CBMiU0FVX3lxTE9rT0JxS1MwNlBwZm5QSngtcS1jZE1tZVBubzBYaTY5QXRRSjQ2RnAtdE90UkV5aERvSlA4cE90bmZ0VjR5b1NiYlBaM2dPalN0WjRv?oc=5,2024-07-31 08:45:44
policy,"Yes 5G Wireless Broadband - Yes 5G | Uncap Yourself - No Data Cap, No Speed Cap. - Yes 5G",https://news.google.com/rss/articles/CBMiVEFVX3lxTFAwUzVDSDcxNlJ5emhaZFUzamU0ZHY3SXBfeFZwVWJJeE80V3c5d2MyQUVWTlFUeTdMSEp6a0w3TWg5R0g1VEpzTUd2eFl3ZVZCby1zbQ?oc=5,2023-08-24 16:59:37
policy,Universiti Teknikal Malaysia Melaka - UTeM - Home - Universiti Teknikal Malaysia Melaka - UTeM,https://news.google.com/rss/articles/CBMiQEFVX3lxTE1VaUFXS3NIVnpHaWhhRUVMUGlaYllsMFBwTXgxWmh6d0dqd3ZRNDJ5b1lQSkhmd3E2d1VvX291Q3o?oc=5,2019-03-14 04:54:35
policy,PETRONAS Dagangan Berhad Privacy Statement - Policies & Notice - MyMesra | PETRONAS Dagangan Berhad,https://news.google.com/rss/articles/CBMimgFBVV95cUxOWUdja0tjVzVuazNMVVREMEtTSWt1VllmY1doQ1NnT21CcjNZWXBwakstSEhzcy02WlNQaVNEYnF2TlVkS1dwWFlqTnhOck1qYUpLX1dkQklXbU5OenVPaUM4cTdfRGFCUVNUUXA4R25FaGVQT0JjZmdqbmhoYnFobnVPem53aXFMVzB6bzBRV3F4Ul9TNGprZEl3?oc=5,2023-11-06 08:00:00
policy,EPF Malaysia - Safeguard Members' Retirement Savings - kwsp.gov.my,https://news.google.com/rss/articles/CBMiQEFVX3lxTE5DLTR6RlBNRk1NNGdCYUZ1T0dLc21BRW42QWNPUGQ3ZV9mbTA1R1luQUxjaEVvTHdOaGNmZTdCby0?oc=5,2019-05-26 04:08:41
pandemic,Generali Travel Insurance Online - Generali Malaysia,https://news.google.com/rss/articles/CBMidEFVX3lxTE5xTjZjd0hXWVhSdGVIQW9nUTZMRkpNVXVkekZpRDQzeVd1X2gwOTFRVEFrZnVsWm1aNUI4NlVYcVhQUzVNVUgxdTAySlBZQTVmbTF5T0RXcVJIN3E4ZHdLSXB5WEpTcVhDb0dPNW1uSzRic2Rs?oc=5,2023-04-01 11:10:41
pandemic,Portal Rasmi Kementerian Kesihatan Malaysia - Portal Rasmi Kementerian Kesihatan Malaysia,https://news.google.com/rss/articles/CBMiO0FVX3lxTE10NnIzcnBtZE1tSnIwdGhHYXUwMktIWU5VdUZrV2wzc19xSzljSUZkNHFzTlNrLXNJY1JV?oc=5,2020-04-29 11:29:34
pandemic,eCX Portal - Login - ecx.sarawakenergy.com.my,https://news.google.com/rss/articles/CBMiWEFVX3lxTE1yT3hUbWh5czhUN3JjLXBzcHpTbWNFMDRvTkJQSl9qNGdpYzViUGVvNzFXaHFhLUNKbW9qTEI0OGxweUxCQWVDU1g3Q3pkdXdFN2g2NXIwbTM?oc=5,2020-07-13 05:00:30
pandemic,Untitled - Portal Rasmi Kementerian Kesihatan Malaysia,https://news.google.com/rss/articles/CBMiogFBVV95cUxQcERUUzVobEl1T3M1OXA1SzRCNWpmNTlIdGs4YnIxRkFoUzd5bUI0d3FIMzFvZFpzOXhmaWtWM250cGduLXpJTThRb09zaFgtdV91dFVjUF81SWlSZE5JX2VfX2Z6UXZHQUx4TUpsQk1pcEZ3NVdLYkJ2SEhWLWZpT1U1aUo2WmpYcTRYNzA4MS1nQWo2WWxWd3Z6LTJSUUJUbkE?oc=5,2021-04-28 10:36:46
pandemic,ASEAN’s Function in Handling the COVID-19 Pandemic - spaj.ukm.my,https://news.google.com/rss/articles/CBMiaEFVX3lxTE1KOGdvaDB1LS02d2lXZ3l6azh3cGwwaWNpQ2dXYk1pOTdERG9BT04wUzV6QkhseVV3cXZXY2ZFSWFWNjFyVnFRS0JGZFF6QTRSNXNwaW9waTJrcl9Pb01PTHZhTDlBU1lo?oc=5,2024-07-24 07:00:00
pandemic,INVESTIGATING BRAND AWARENESS DURING COVID-19 PANDEMIC IN THE MALAYSIAN HOTEL INDUSTRY - jurcon.ums.edu.my,https://news.google.com/rss/articles/CBMic0FVX3lxTE93bW04aGpWV0lNU2VUdk9NT0cxU3hnLXRqdlBFMFlBVnZXS1dxV3d0SW1iUjVLNmRhYTdRVGlSREFrMFA2bXNncFNxQ0cxQmdYdTdINTF3alFCT201eGRBSFZwdzEzbTdKY2xCUHA1UkpEWUU?oc=5,2022-08-05 07:00:00
pandemic,Physiological Response and Impact of COVID-19 Pandemic among Malaysian Citizens: A Cross-sectional Study - Universiti Putra Malaysia,https://news.google.com/rss/articles/CBMie0FVX3lxTFBrQWQ0UjVVRGlhd0V4WU4zaDFtbTkxNnZmb3o2TUJxM3lreTNOZ1A4a2RVR2FjRGJIUHhHTm1tcUJPY3ZBLUFmNFNpa3lKMjNtR2RDN01BcEJkRTc0UjUyd0dSVzNITXRiakJfalZFRng5WDdPY0RSRUlDYw?oc=5,2024-01-24 08:00:00
pandemic,GRADUATE UNEMPLOYMENT DURING THE COVID-19 PANDEMIC IN MALAYSIA - jurcon.ums.edu.my,https://news.google.com/rss/articles/CBMic0FVX3lxTE5MU1VUUV9VR3lqUDBrcHkxTjJJWklOc0tVRkVtUVJvRFptSFZaWGUzV042SnRBaHdHRktGaXpjemJCc0MzUUZuQUdtdHVPUHplMzlCMG9ENUlsVmUwUFBGTkZUbkExcE96YVROa2lLVHMxYTg?oc=5,2022-12-30 08:00:00
pandemic,Rising Fiscal Risks in the Wake of Pandemic Recovery - Portal Rasmi Kementerian Kewangan,https://news.google.com/rss/articles/CBMingFBVV95cUxOM3c1NDJ3Z0xRcnl0VTBMUHp2cEs0NDNlM2hubDZlV0dSX3FZRDlRMFVvcXVwQ1dQeFRUTFpwZ0RSM1Rvc1BXWVVta2NTaXZhcFRYT242ZmpsQXJzWHowUVVVaVlJNlJFa1Vvc2ZCWjJydV9pMm9RczYyQVNLQU5qaXZtRHZfVng3N2VXZlgtVFU0dEg4R05xai1EWjBiUQ?oc=5,2022-03-22 07:00:00
pandemic,Utilizing and Evaluating of Virtual Tours in Art Exhibition Amidst Global Pandemic - UiTM Journal,https://news.google.com/rss/articles/CBMickFVX3lxTFBxQkx1LXI1cGpXdS1GVzl2Z3ZLWGZQWXppaDNKY3hySTZ1bUxnV3h6MFlFNWY0RFNtUG13Ymg2Q2hFbks4aVRsRTgzSVk4T3p2RGpabnJlM2VFemZ6MTB1Y2NjUjhuWnBySWpSU282OXlNdw?oc=5,2021-09-21 07:00:00
pandemic,DEVELOPMENT OF PREVENTIVE COUNTERMEASURES TO COMBAT COVID-19 PANDEMIC IN SMALL AND MEDIUM-SIZED ENTERPRISES IN MALAYSIA | Journal of Energy and Safety Technology (JEST) - Journal of Energy and Safety Technology,https://news.google.com/rss/articles/CBMiYEFVX3lxTE5rbTZHczhTR2M1VXRpSklaUVlOdHBUbWc0Si1wQ3FJQ0NsLWF6cWtrYU9veXlXY0RKY2NtV3h6cUdaR1oyck9KUno5VUZncHhJdk9leUtlMnVFZHRMaFgxQw?oc=5,2023-07-02 07:00:00
pandemic,Institutional Problems of Spatial Policy during the COVID-19 Pandemic: A Polish Case - International Journal of Real Estate Studies,https://news.google.com/rss/articles/CBMiZ0FVX3lxTE1OWF9jV1JFZlhIclRhdjNzSml5aE8xRDRFTEhqandQSXZKLVc3SUNXa0dvaHd1Rk5mWng5SDBLWVBCcE9JNlRvT2l0YW9GclROb1BmMFY1N3JDWG1pZkV4dnFHUVU4U0E?oc=5,2020-11-11 08:00:00
pandemic,Pandemic Papers: Lessons from Covid-19 - Institute of Strategic & International Studies (ISIS) Malaysia,https://news.google.com/rss/articles/CBMigAFBVV95cUxNYmFwMHNrU2VZR3JJdTVqZms0RDNUbU92Vzc3YlpHaENDR29Oak9UYjFtdE9ya0dWNmJ3U1J2X0k4LVVwMWh4VFBqNzBRZzdvdnd2Q2VqdElLMW9UNTZ2LXJ1YkdYb3RHNG1FaUNlQWtpenhOTkIyakRtNk9uQzE4VA?oc=5,2022-04-20 07:00:00
pandemic,IMU Psychology Students Adapt to Online Learning During Covid-19 Pandemic - IMU University,https://news.google.com/rss/articles/CBMiowFBVV95cUxNWm5Gb3ZHUEtMaTNJczV1TV9aS0RGbE02V0JtQlVBTTZUbWtUbVZFM1B0ekNpcHBDWGEyd1RhZ2M0MENfdzhURV9fb0VTY0JPNlNRVjlJTVZDejRxbDFSaUxlR3pDS2FWTUJkTGczYVV2Q0FvUFI1V0UtNVgzWUJ0ZHhQcGxJQ29fZE0tYWQ5OFpibHBWQ3RNbXA1WFlGbjhvRVI4?oc=5,2021-09-06 07:00:00
pandemic,What we can learn from Covid19 pandemic: A zoom lens from Islamic viewpoint based on Hadith - UniSZA Journal,https://news.google.com/rss/articles/CBMidEFVX3lxTE1rcE5Ea3hkQldUTk9CUGxMTFk1MU5wTlQ4aHRrelNRSG1QOG1nSVpqTWU5alIzWm1NVDE5LXppWTlTMHRjV3dJSmUzVDd1d054N3FYVlZZSUZ1ZUFScnpLWnZIb0lXSl9PU1FhMGlmTGg5NDFq?oc=5,2022-12-20 08:00:00
pandemic,MALAYSIA’S TOURISM INDUSTRY CHALLENGES AMID THE COVID-19 PANDEMIC - Asia-Europe Institute (AEI),https://news.google.com/rss/articles/CBMijwFBVV95cUxPZ2FDZThjRUJCMkdLTUZ5VklfZXZhT2E5dHhxNGdWajJMbFZkRThYMVVYdUVlcXlvaE1GSDJMNEF6LURLdm84QllSR1hpZy1WaUNQeFRldnBqV1dhMmJCaHJPWnoyakM1LTVjOC1rTGtGcmlhUFE0ZlNlX2JPMmRqM1kxanhvQXNfUm4wSjlKcw?oc=5,2023-07-27 07:00:00
pandemic,TESL Student Darshni Sees Poems Published in Covid-19 Pandemic Poetry Selection - Quest International University,https://news.google.com/rss/articles/CBMioAFBVV95cUxOUU8tS2x2d0pVUC1fNWNrcHV0S1MtQ2xfUVM5RGtOdDFoWjY5UnQxMjNSZ1NBUThZOUgxcHF0M1M1OUZ5ZVJXUmVtNFN4OW10aTlIcjBQMk1HajRyempicjFBZFgzTVU5Yy1SbFJlY3ptXzkyWDJBa21sWkw5MVE3VGFTeGFuWHJGSzVybHRGN3lya3hyVVlFZ0dEcnFWeVNt?oc=5,2020-07-22 07:00:00
pandemic,Shining a light on a silent pandemic - National Coalition for Mental WellBeing,https://news.google.com/rss/articles/CBMiaEFVX3lxTFBvWHF6RHdWanVWMTViNjJaYVFEZXlxYTBxZnBLUXRVSXpRWFdidkpaandoVHJGZDVxNVZuSFRqaHRNZlVvLXFVX2pZdl9OVTZvNkxRZDBsSzhaaDVWT0kyaUk5YjhNTzBi?oc=5,2021-05-23 07:00:00
pandemic,MDV unveils key initiatives to support development of tech sector post-pandemic - Malaysia Debt Ventures Berhad,https://news.google.com/rss/articles/CBMiqgFBVV95cUxNRkJrd1VTUVcwYTJ6bjlPaXJRV2VHT1BSWFUzZVM5YzRIYmlLN21YejFFbjVGMVlkZU1BRlh0dlNRdGhlYWJDMFB5SGFNZ2p4N1JoWW14N0IwU1NzaG80ZzhTdlNpN205NG5MNU1CbGJ6amVzeXA3UGo2OGFWblYyNkxZV1ZtNTRidURWWlM0T2lBdlpVTkF1YXBWbEk3cG51UU01WVV6TURqQQ?oc=5,2021-10-28 07:00:00
pandemic,Commitment and Challenges of UTAR during COVID-19 Pandemic - Universiti Tunku Abdul Rahman,https://news.google.com/rss/articles/CBMiwAFBVV95cUxQU1VmQ0NoQW5fMmI1V3Bza0ZOSGtLdlplbUpadHBKcFhYTXJ2ZnhKUFpBcnVJVDJnLTNxOUE3cmF2b1ZLTXhzQlBSdHFfODhkcEZweWRoVmVveV9kbTI2UzBKMlc2d2ZzaDdScDJOYUhfeGVvVGtvOXRwTjdyZzNrTkd0clBib1o2MS1HS3JNWHJabTZzTDRDenQ5alc0czVmSktKRWNleHJNb3paczRSMVNXTkIwUm0yTFppdkptYWs?oc=5,2021-07-07 07:00:00
pandemic,AHCS Impact of Pandemic Covid-19 On Human Resources Management - Penerbit UTHM,https://news.google.com/rss/articles/CBMihwFBVV95cUxOMWhkUmg1RWlaWFhaV09SYkNwX0t5ekF0WnBhS1ltN29NNnpqY2RQRzlCRnlGVnhiN283Q2ZZRjhOdG9CWHNoZ2JPNDRWUGFMQnZybVUtVTRMdGlRd2FWWXFyci1ya1hEUGVIVWRPdzdEeFJybGQtRW5jNVFIeTdhLVRUal8tSWc?oc=5,2021-06-25 07:00:00
pandemic,Online Forum: 'Systems Thinking and Its Necessity in Managing the Pandemic Crisis' - iais.org.my,https://news.google.com/rss/articles/CBMisAFBVV95cUxQbHdwM18xRjRZZHpnNWhzZ2lOSmdGUWtWTTBMb1F2Vmt2WHd5aVo3b01LX0ExaVlvT3ZNd1FWbnVyeXhMaHJneGVNQXZWWUhmeFVtUHF6Q0p4YXRKU1RnNnN5ODhYMENJZzJTanpkLXc5cnB2di0zZVNSWkFzTE93OXNRWll5b3dqNzBMX0JtdWtQNC1LOWY2NEJ6MEt0a08xTWhFSTM3X01VUjU5dkt2Nw?oc=5,2021-10-04 07:00:00
pandemic,PROVISION OF FAMILY PLANNING SERVICES IN A PRIMARY HEALTHCARE CENTER DURING THE COVID-19 PANDEMIC - Journal of Health and Translational Medicine (JUMMEC),https://news.google.com/rss/articles/CBMia0FVX3lxTFBoLXFZQVFFNzNyYmluZXpVbEFKSHNrdThhTVFydmRRbThBbWlkamFZOFF1bklmNXFERDRTdW5XMVZqT09HdGp1Z2xjYjNiUDh6NFNYRk5qQUwxbjIybzNmUnJuN090R1JZY29r?oc=5,2024-02-09 08:00:00
COVID,Generali Travel Insurance Online - Generali Malaysia,https://news.google.com/rss/articles/CBMidEFVX3lxTE5xTjZjd0hXWVhSdGVIQW9nUTZMRkpNVXVkekZpRDQzeVd1X2gwOTFRVEFrZnVsWm1aNUI4NlVYcVhQUzVNVUgxdTAySlBZQTVmbTF5T0RXcVJIN3E4ZHdLSXB5WEpTcVhDb0dPNW1uSzRic2Rs?oc=5,2023-04-01 11:10:41
